full_county_name,2011,2012,2013,2014,2015,2016,2017,2018,2019,2020
".Autauga County, Alabama",55564,55574,55619,56062,56311,56979,57393,57747,58251,58814
".Baldwin County, Alabama",187051,191053,196205,200910,205083,210148,215475,221187,227057,231766
".Barbour County, Alabama",27416,27301,27132,27012,26600,26186,25585,25359,25187,25225
".Bibb County, Alabama",22749,22680,22543,22585,22607,22654,22607,22385,22408,22302
".Blount County, Alabama",57711,57855,58020,58045,58165,58237,58671,58760,58949,59132
".Bullock County, Alabama",10718,10679,10656,10798,10566,10589,10404,10418,10428,10357
".Butler County, Alabama",20808,20565,20204,20130,19918,19742,19566,19283,19061,19049
".Calhoun County, Alabama",118109,117843,117417,117154,116986,116746,116730,116556,116601,116441
".Chambers County, Alabama",34240,34491,34707,34725,34931,34862,35014,35047,34900,34780
".Cherokee County, Alabama",25824,25657,25583,25326,25030,24924,24842,24921,25005,24968
".Chilton County, Alabama",43756,43706,43809,44003,44004,44225,44514,44573,44861,45010
".Choctaw County, Alabama",13632,13609,13465,13405,13339,13171,13064,12971,12758,12664
".Clarke County, Alabama",25550,25091,25030,24741,24548,24147,23857,23707,23362,23086
".Clay County, Alabama",13822,13678,13759,13905,13985,14071,14142,14197,14269,14238
".Cleburne County, Alabama",14939,14907,15001,15065,14966,14923,14984,15115,15029,15059
".Coffee County, Alabama",50487,51227,50807,50820,51162,51469,52161,52346,52917,53461
".Colbert County, Alabama",54774,54990,55140,55263,55402,55629,56012,56482,56937,57236
".Conecuh County, Alabama",13153,12969,12801,12535,12504,12289,12193,11992,11751,11595
".Coosa County, Alabama",11447,11278,11158,10914,10783,10631,10513,10380,10409,10391
".Covington County, Alabama",38095,37937,38006,38008,37866,37757,37491,37464,37610,37564
".Crenshaw County, Alabama",13830,13798,13679,13631,13580,13588,13496,13428,13333,13196
".Cullman County, Alabama",80858,81083,81848,82576,83618,84633,85381,86203,86898,87863
".Dale County, Alabama",50164,50368,49887,49569,49556,49629,49645,49470,49521,49321
".Dallas County, Alabama",43508,43252,42643,42425,42015,41378,40739,39949,39065,38460
".DeKalb County, Alabama",71328,70900,70863,70939,71036,71080,71399,71383,71453,71607
".Elmore County, Alabama",80746,81546,82485,83084,84017,84966,85753,86083,87061,87981
".Escambia County, Alabama",38261,38120,37906,37920,37887,37751,37301,36846,36940,36762
".Etowah County, Alabama",104475,104486,104201,103822,103533,103527,103767,103553,103342,103436
".Fayette County, Alabama",17071,16973,16864,16818,16753,16632,16537,16518,16354,16327
".Franklin County, Alabama",31847,31828,31751,31814,31831,32030,32083,31966,32115,32112
".Geneva County, Alabama",26790,26986,26772,26715,26781,26659,26592,26510,26548,26661
".Greene County, Alabama",8865,8780,8651,8456,8349,8295,8092,7962,7823,7730
".Hale County, Alabama",15375,15393,15288,15098,15078,14919,14898,14871,14779,14792
".Henry County, Alabama",17369,17139,17109,17050,17067,17025,17063,17052,17071,17145
".Houston County, Alabama",102593,103561,103908,104501,104677,104774,104958,105495,106860,107212
".Jackson County, Alabama",53358,53318,53291,52991,52722,52645,52545,52423,52541,52581
".Jefferson County, Alabama",660446,662275,665344,667912,670261,671873,673076,674672,675357,674716
".Lamar County, Alabama",14315,14292,14275,14151,14029,14043,14021,14032,13990,13977
".Lauderdale County, Alabama",92644,92739,92814,93148,92646,92668,92871,92926,93245,93565
".Lawrence County, Alabama",34052,33829,33620,33511,33225,33326,33185,33076,33043,33070
".Lee County, Alabama",145166,150421,154472,157988,161247,164310,167450,170625,172212,174243
".Limestone County, Alabama",85812,87803,89606,91505,92687,94195,95651,97913,101057,103563
".Lowndes County, Alabama",11226,11005,10880,10776,10695,10655,10576,10510,10333,10309
".Macon County, Alabama",21498,20983,20561,20346,20166,20072,19982,19633,19537,19534
".Madison County, Alabama",340904,345133,350100,354335,358582,363402,369504,375854,382041,388161
".Marengo County, Alabama",20729,20497,20294,20215,20049,19866,19794,19528,19407,19321
".Marion County, Alabama",30610,30404,30104,30042,29924,29704,29531,29441,29451,29343
".Marshall County, Alabama",93981,94412,94572,94542,94933,95533,96065,96772,97358,97608
".Mobile County, Alabama",413337,414272,414573,415014,415539,416224,415432,415667,415076,414806
".Monroe County, Alabama",22705,22414,21931,21609,21327,21085,20751,20418,19996,19771
".Montgomery County, Alabama",229694,229782,229501,229269,229424,229783,230281,229779,229604,228948
".Morgan County, Alabama",120502,120949,120782,121008,121184,121316,121522,122153,122923,123423
".Perry County, Alabama",10422,10112,9927,9707,9524,9388,9130,8851,8718,8514
".Pickens County, Alabama",19270,19157,19083,19987,20423,19902,19719,19375,19296,19125
".Pike County, Alabama",33035,33231,33738,33229,33533,33558,33462,33414,33060,33005
".Randolph County, Alabama",22637,22334,22259,21971,22121,21941,22036,21984,21931,21963
".Russell County, Alabama",55007,57771,59539,59729,59463,58906,57848,58746,59009,59182
".St. Clair County, Alabama",84069,84919,86031,86276,86893,87728,88433,89352,90307,91106
".Shelby County, Alabama",198263,201481,204856,207351,210288,213016,215568,217827,220363,223029
".Sumter County, Alabama",13501,13461,13424,13309,13253,13022,12812,12725,12430,12341
".Talladega County, Alabama",82134,82637,82277,82431,82256,81894,81695,81930,82144,82149
".Tallapoosa County, Alabama",41554,41313,41403,41374,41217,41308,41437,41476,41375,41314
".Tuscaloosa County, Alabama",198823,202553,206489,210155,213508,216926,219667,222053,225397,227039
".Walker County, Alabama",66843,66575,66461,66232,66035,65850,65426,65405,65591,65343
".Washington County, Alabama",17273,16998,16683,16586,16484,16194,16004,15790,15667,15388
".Wilcox County, Alabama",11481,11382,11260,11097,11082,11077,10955,10878,10716,10598
".Winston County, Alabama",24360,24192,24186,24137,23923,23904,23745,23681,23690,23541
".Aleutians East Borough, Alaska",3259,3296,3345,3344,3369,3355,3445,3391,3354,3417
".Aleutians West Census Area, Alaska",5523,5570,5620,5616,5524,5417,5410,5279,5253,5233
".Anchorage Municipality, Alaska",297132,299597,302946,302141,300182,300291,297688,294298,292061,291242
".Bethel Census Area, Alaska",17440,17695,17913,18036,18064,18130,18232,18415,18659,18666
".Bristol Bay Borough, Alaska",1031,984,958,957,916,918,883,897,857,842
".Chugach Census Area, Alaska",6855,6916,7018,6895,6863,6944,6975,7017,7104,7107
".Copper River Census Area, Alaska",2957,2925,2915,2807,2731,2707,2666,2629,2603,2616
".Denali Borough, Alaska",1825,1821,1807,1745,1722,1741,1735,1638,1678,1621
".Dillingham Census Area, Alaska",4946,4945,4972,4975,4980,4960,4925,4992,4920,4854
".Fairbanks North Star Borough, Alaska",98102,100298,100916,99234,99603,100637,99631,98429,96728,95663
".Haines Borough, Alaska",2511,2465,2396,2342,2252,2213,2157,2082,2090,2080
".Hoonah-Angoon Census Area, Alaska",2105,2153,2176,2179,2235,2243,2284,2309,2335,2363
".Juneau City and Borough, Alaska",32206,32465,32712,32641,32816,32664,32347,32317,32344,32255
".Kenai Peninsula Borough, Alaska",56248,56807,56876,57380,57810,58204,58233,58198,58452,58800
".Ketchikan Gateway Borough, Alaska",13707,13778,13799,13892,13818,13858,13987,14010,14049,13951
".Kodiak Island Borough, Alaska",13813,14048,14106,13918,13783,13751,13639,13427,13251,13097
".Kusilvak Census Area, Alaska",7659,7804,7985,8114,8209,8189,8259,8362,8399,8371
".Lake and Peninsula Borough, Alaska",1648,1645,1660,1635,1582,1577,1585,1562,1556,1479
".Matanuska-Susitna Borough, Alaska",91402,93107,95057,97030,99735,102564,104461,105088,106069,107080
".Nome Census Area, Alaska",9786,9846,9882,9853,9952,10043,10107,10152,10128,10037
".North Slope Borough, Alaska",9360,9673,9942,10100,10284,10372,10652,10878,11027,11028
".Northwest Arctic Borough, Alaska",7729,7749,7784,7849,7866,7804,7916,7841,7814,7794
".Petersburg Borough, Alaska",3270,3302,3325,3304,3310,3334,3367,3350,3399,3396
".Prince of Wales-Hyder Census Area, Alaska",6326,6332,6314,6294,6301,6274,6154,6046,5846,5763
".Sitka City and Borough, Alaska",8893,9030,8992,8860,8808,8767,8668,8585,8536,8450
".Skagway Municipality, Alaska",970,1013,1048,1083,1126,1176,1223,1229,1257,1242
".Southeast Fairbanks Census Area, Alaska",7143,7159,6965,6897,6778,6795,6851,6870,6793,6813
".Wrangell City and Borough, Alaska",2351,2339,2328,2282,2256,2260,2244,2212,2168,2124
".Yakutat City and Borough, Alaska",663,677,670,678,665,649,649,645,626,663
".Yukon-Koyukuk Census Area, Alaska",5653,5667,5627,5553,5580,5560,5564,5562,5464,5343
".Apache County, Arizona",71444,70902,70414,69300,67927,67727,67258,66948,66460,66024
".Cochise County, Arizona",132866,131619,128991,126558,125508,124592,123547,124874,125334,125445
".Coconino County, Arizona",134580,136692,137493,138597,140239,141966,142873,144704,145975,145100
".Gila County, Arizona",53317,52779,52693,52638,52483,52760,52877,52989,53130,53275
".Graham County, Arizona",37053,36890,37259,37865,37570,37480,37090,37532,38330,38534
".Greenlee County, Arizona",8612,8809,8983,9441,9691,9767,9595,9589,9651,9562
".La Paz County, Arizona",19996,19424,18937,18444,17911,17615,17194,16998,16737,16556
".Maricopa County, Arizona",3857934,3916733,3973267,4035496,4101119,4170720,4227971,4290093,4363090,4420574
".Mohave County, Arizona",202479,202748,202259,202280,203173,203855,205297,207673,210821,213268
".Navajo County, Arizona",106914,106171,105483,105544,104982,105337,105397,106224,106255,106715
".Pima County, Arizona",986556,989728,992316,997906,1001320,1007353,1015829,1024904,1034864,1043436
".Pinal County, Arizona",371737,370875,368974,373858,379112,385383,394457,404387,414398,425261
".Santa Cruz County, Arizona",47746,47520,47177,46955,46936,46939,47190,47142,47507,47667
".Yavapai County, Arizona",210690,211360,213521,216551,219375,222870,226127,229883,233165,236211
".Yuma County, Arizona",201234,199550,198159,198457,198261,198914,199678,200360,201978,203877
".Arkansas County, Arkansas",18879,18941,18703,18401,18223,18023,17715,17539,17247,17146
".Ashley County, Arkansas",21626,21430,21155,20797,20638,20285,20032,19699,19358,19064
".Baxter County, Arkansas",41278,40953,40801,40644,40836,40778,40877,41162,41414,41639
".Benton County, Arkansas",228912,234477,238789,243956,250516,258016,265165,270606,277645,284331
".Boone County, Arkansas",37055,37279,37255,37021,37005,37117,37311,37294,37335,37365
".Bradley County, Arkansas",11413,11229,11072,10943,10921,10868,10706,10696,10655,10543
".Calhoun County, Arkansas",5193,5190,5066,5002,4996,4907,4917,4889,4782,4742
".Carroll County, Arkansas",27467,27622,27786,27725,27730,27674,27835,27975,28269,28265
".Chicot County, Arkansas",11731,11548,11436,11309,11092,11055,10801,10632,10375,10209
".Clark County, Arkansas",22843,22598,22356,22259,22141,22173,21689,21738,21669,21444
".Clay County, Arkansas",15893,15740,15526,15356,15278,15144,14957,14875,14620,14555
".Cleburne County, Arkansas",25853,25713,25553,25496,25237,24996,24882,24873,24759,24706
".Cleveland County, Arkansas",8622,8517,8383,8229,8073,7995,7877,7650,7555,7551
".Columbia County, Arkansas",24633,24274,24089,23799,23806,23644,23245,23092,22947,22797
".Conway County, Arkansas",21087,21070,20987,20863,20772,20678,20590,20572,20610,20710
".Craighead County, Arkansas",98333,99862,101456,102411,104145,105605,106770,108500,110130,111236
".Crawford County, Arkansas",61400,61190,60626,60440,60215,60230,60566,60732,60325,60128
".Crittenden County, Arkansas",50572,50135,49818,49663,49199,49567,49018,48722,48324,48169
".Cross County, Arkansas",17891,17844,17725,17447,17582,17421,17246,17102,16913,16831
".Dallas County, Arkansas",8010,7873,7778,7543,7349,7174,7049,6807,6616,6481
".Desha County, Arkansas",12751,12631,12562,12350,12129,12029,11907,11681,11585,11391
".Drew County, Arkansas",18651,18636,18463,18354,18258,18149,17879,17741,17463,17348
".Faulkner County, Arkansas",115907,117851,118211,119285,119652,120212,121384,122694,122866,123496
".Franklin County, Arkansas",17910,17785,17667,17501,17349,17195,17275,17146,17026,17098
".Fulton County, Arkansas",12192,12089,12059,11937,11961,11887,11887,12055,12184,12077
".Garland County, Arkansas",96932,97129,97859,98015,98132,98596,98756,99439,99828,100171
".Grant County, Arkansas",17892,17935,17897,17888,17789,17792,17784,17828,17860,17960
".Greene County, Arkansas",42789,43277,43235,43886,44416,44846,45133,45487,45482,45743
".Hempstead County, Arkansas",22337,22066,22016,21793,21420,21244,20963,20654,20379,20071
".Hot Spring County, Arkansas",33048,33338,33283,33089,33105,32968,33069,33041,33068,33043
".Howard County, Arkansas",13772,13595,13424,13336,13143,13122,13100,13001,12886,12785
".Independence County, Arkansas",36903,36989,36940,37149,37122,37200,37508,37904,37937,37941
".Izard County, Arkansas",13574,13539,13407,13549,13474,13475,13644,13541,13583,13572
".Jackson County, Arkansas",17907,17707,17764,17638,17422,17357,17083,16834,16847,16756
".Jefferson County, Arkansas",76212,74969,73681,73090,72645,71375,70350,69379,68413,67253
".Johnson County, Arkansas",25583,25742,25681,25636,25684,25660,25844,26025,25858,25755
".Lafayette County, Arkansas",7490,7376,7181,7029,6851,6706,6588,6435,6377,6308
".Lawrence County, Arkansas",17255,16993,16983,16881,16595,16531,16437,16280,16246,16222
".Lee County, Arkansas",10281,10172,9992,9822,9655,9323,9113,8953,8878,8596
".Lincoln County, Arkansas",14339,14178,14057,14018,13852,13721,13453,13177,12977,12939
".Little River County, Arkansas",12923,12880,12677,12429,12311,12308,12239,12190,12181,12024
".Logan County, Arkansas",22205,21862,21938,21742,21574,21560,21527,21463,21224,21133
".Lonoke County, Arkansas",69551,70157,70812,71457,71469,71917,72926,73655,73754,74011
".Madison County, Arkansas",15653,15581,15657,15698,15666,16073,16234,16277,16427,16520
".Marion County, Arkansas",16685,16644,16472,16458,16262,16452,16509,16689,16710,16826
".Miller County, Arkansas",43698,43544,43233,43240,43526,43380,43360,42909,42785,42595
".Mississippi County, Arkansas",46043,45600,44787,44392,43926,43142,42416,41607,41130,40690
".Monroe County, Arkansas",8121,7896,7750,7711,7546,7305,7139,7025,6885,6801
".Montgomery County, Arkansas",9339,9227,9084,8941,8756,8622,8516,8497,8565,8483
".Nevada County, Arkansas",9030,8950,8827,8720,8602,8483,8434,8424,8375,8313
".Newton County, Arkansas",8201,7960,7911,7693,7630,7596,7516,7439,7329,7224
".Ouachita County, Arkansas",25665,25274,24768,24521,24020,23658,23399,23126,22835,22652
".Perry County, Arkansas",10341,10252,10224,10215,10126,10055,10088,10088,10106,10015
".Phillips County, Arkansas",21300,20543,20156,19587,19097,18505,17985,17329,16974,16567
".Pike County, Arkansas",11176,11138,10954,10775,10570,10521,10367,10242,10240,10167
".Poinsett County, Arkansas",24398,24210,24063,23993,23809,23761,23813,23571,23159,22963
".Polk County, Arkansas",20493,20298,20168,20026,19920,19825,19768,19570,19441,19219
".Pope County, Arkansas",62580,62448,62316,62757,63163,63345,62995,62824,63300,63382
".Prairie County, Arkansas",8639,8552,8473,8475,8459,8443,8467,8332,8354,8286
".Pulaski County, Arkansas",387843,390766,393729,395804,397061,398138,398011,397220,397964,399124
".Randolph County, Arkansas",18015,17917,17739,17724,17626,17665,17971,18367,18477,18574
".St. Francis County, Arkansas",27726,27553,26902,26323,25728,25268,24754,24088,23440,23092
".Saline County, Arkansas",109527,111405,113309,114814,116315,117572,119422,120969,122350,123422
".Scott County, Arkansas",11202,10937,10806,10530,10373,10121,10133,10029,9927,9836
".Searcy County, Arkansas",8077,8004,7990,7924,7836,7957,7924,7894,7857,7833
".Sebastian County, Arkansas",127085,127678,127314,126914,127588,127669,128016,127703,127823,127796
".Sevier County, Arkansas",17104,16978,17058,17019,16778,16382,16416,16257,16118,15840
".Sharp County, Arkansas",17252,17009,17008,16778,16758,16953,17073,17139,17183,17271
".Stone County, Arkansas",12468,12486,12338,12266,12250,12340,12341,12298,12340,12359
".Union County, Arkansas",41495,41033,40857,40468,40497,40379,40031,39736,39356,39054
".Van Buren County, Arkansas",17120,16999,16748,16597,16423,16220,16021,15970,15846,15795
".Washington County, Arkansas",208531,212624,217261,221584,226464,230832,235490,239785,242676,245865
".White County, Arkansas",77853,78237,77980,77703,77970,77769,77585,76843,76887,76826
".Woodruff County, Arkansas",7171,7055,7018,6855,6697,6594,6555,6468,6400,6271
".Yell County, Arkansas",21847,21614,21514,21367,21006,20927,20856,20722,20497,20261
".Alameda County, California",1532981,1557493,1584943,1614744,1643103,1661218,1671949,1680392,1683879,1682370
".Alpine County, California",1105,1132,1160,1122,1128,1110,1183,1157,1198,1202
".Amador County, California",37593,37201,36763,36916,37263,37711,38859,39702,40089,40473
".Butte County, California",219639,220257,220755,222355,223198,224502,226704,228059,216181,211631
".Calaveras County, California",45033,44588,44328,44246,44440,44674,44923,44911,45181,45282
".Colusa County, California",21350,21338,21331,21276,21356,21653,21762,21622,21735,21830
".Contra Costa County, California",1066922,1080252,1097315,1113976,1130708,1145072,1154685,1161151,1164443,1165946
".Del Norte County, California",28418,28144,27747,27085,27078,27272,27217,27604,27691,27744
".El Dorado County, California",180727,180188,180915,182354,183635,184846,187423,189366,191309,191188
".Fresno County, California",940206,946501,953630,963323,972906,981015,990274,997611,1004925,1008653
".Glenn County, California",28203,27966,27971,28047,28025,28156,28294,28374,28977,28918
".Humboldt County, California",135405,134864,134832,135060,135800,137219,137570,137481,136936,136455
".Imperial County, California",175635,176314,176052,177459,178297,179400,180693,180428,179727,179707
".Inyo County, California",18505,18560,18659,18688,18601,18497,18515,18685,18881,19022
".Kern County, California",849631,856159,865279,873174,880669,886002,893009,900095,906160,909226
".Kings County, California",151740,150814,150135,149239,149795,149073,149314,150962,152437,152490
".Lake County, California",64713,64785,64994,65602,66176,66187,66770,67396,67829,68161
".Lassen County, California",34552,34193,32953,32744,32589,32302,32760,32753,33043,32733
".Los Angeles County, California",9879322,9941529,10001824,10052585,10100900,10123015,10125014,10098683,10053252,10014010
".Madera County, California",151517,151216,150857,152783,152739,152851,154100,155260,155469,156256
".Marin County, California",255926,257071,259862,262261,263269,263455,263145,263698,263129,262321
".Mariposa County, California",18193,17901,17825,17725,17628,17468,17426,17322,17073,17134
".Mendocino County, California",87989,88471,88772,89473,89880,90592,91487,91870,91775,91587
".Merced County, California",259532,261286,262625,265204,267322,268786,272480,275602,279209,281204
".Modoc County, California",9501,9336,9123,9037,9015,8898,8795,8738,8778,8703
".Mono County, California",14260,14033,13638,13573,13386,13436,13382,13318,13237,13201
".Monterey County, California",421275,425838,428497,431037,433948,437926,439011,439285,440023,439038
".Napa County, California",137859,138847,140017,140979,141566,141730,140922,139877,139087,138017
".Nevada County, California",99036,98741,98801,99692,100060,100539,101277,101583,102016,102235
".Orange County, California",3052224,3082360,3110533,3133414,3157464,3174414,3185916,3188957,3185850,3186989
".Placer County, California",356636,360834,366232,370308,374188,380615,387169,394807,401241,404733
".Plumas County, California",19820,19560,19161,18972,18856,19191,19260,19491,19793,19792
".Riverside County, California",2225473,2245681,2264308,2286762,2309475,2336394,2364473,2387939,2403591,2418195
".Sacramento County, California",1437021,1450783,1465896,1486089,1507458,1527967,1547198,1561413,1576171,1585057
".San Benito County, California",56144,56794,57450,58061,58486,59520,60480,61745,63173,64208
".San Bernardino County, California",2059818,2071687,2080078,2095700,2111085,2126834,2145333,2160491,2171521,2181667
".San Diego County, California",3132770,3167098,3199163,3234108,3262051,3283104,3293086,3302976,3297378,3298638
".San Francisco County, California",816119,829730,840802,852366,865025,873473,879941,882486,881976,873968
".San Joaquin County, California",695787,702187,705793,716476,728317,740281,752124,762646,772845,779240
".San Luis Obispo County, California",271038,274141,275666,278210,280062,281794,282368,283130,282594,282432
".San Mateo County, California",729410,740539,750343,759237,767435,770258,771360,771485,768257,764434
".Santa Barbara County, California",425771,430298,435461,440173,443597,445953,447134,447567,448189,448232
".Santa Clara County, California",1814769,1842795,1873543,1901084,1927838,1942556,1948968,1951006,1943736,1936253
".Santa Cruz County, California",264932,266401,268851,270882,273518,274504,274897,273749,272910,270863
".Shasta County, California",177972,178556,179383,180128,179896,180391,181490,182041,182308,182157
".Sierra County, California",3138,3136,3128,3104,3148,3144,3227,3209,3237,3234
".Siskiyou County, California",44709,44248,43776,43652,43640,43837,44152,44198,44307,44077
".Solano County, California",417085,421014,425611,431556,436571,442637,447964,450949,453060,453490
".Sonoma County, California",486997,489361,493259,497518,499611,501269,500840,495669,490579,488866
".Stanislaus County, California",517825,520895,524121,528870,534258,540539,546295,549905,552059,552876
".Sutter County, California",94845,94835,95443,96010,96815,97664,98360,98849,99714,99626
".Tehama County, California",63478,63467,63244,63276,63742,64173,64645,64835,66230,65826
".Trinity County, California",14167,14363,14681,14766,15120,15240,15526,15783,15908,16113
".Tulare County, California",447313,450715,453832,456915,459335,462017,465582,468272,470229,473116
".Tuolumne County, California",54948,54454,54339,54306,54188,54430,54767,55175,55327,55623
".Ventura County, California",830053,833548,838106,842606,846209,847646,849106,848179,845277,843853
".Yolo County, California",201480,203745,205093,206833,210102,213311,215851,217102,216678,216397
".Yuba County, California",72702,73169,73658,74280,74969,76028,77860,78881,80188,81573
".Adams County, Colorado",452232,460610,470056,480033,490546,497852,503853,511639,516748,519572
".Alamosa County, Colorado",15734,15720,15843,15872,15974,16143,16213,16361,16342,16379
".Arapahoe County, Colorado",586133,596511,608309,618660,630428,638103,643339,650414,653830,655076
".Archuleta County, Colorado",11923,11954,11955,11887,11963,12315,12710,12984,13159,13357
".Baca County, Colorado",3771,3706,3633,3556,3517,3490,3502,3529,3554,3512
".Bent County, Colorado",6453,5902,5834,5920,6013,5977,5996,5984,5793,5653
".Boulder County, Colorado",300507,305549,310739,314095,320348,324071,325698,328486,329438,330765
".Broomfield County, Colorado",57763,59473,60884,62739,66085,67991,69958,71272,72681,74110
".Chaffee County, Colorado",17892,17905,18002,17983,18032,18421,18867,19119,19256,19473
".Cheyenne County, Colorado",1857,1858,1860,1822,1798,1813,1810,1819,1774,1747
".Clear Creek County, Colorado",8987,8971,8960,9039,9140,9229,9427,9387,9412,9395
".Conejos County, Colorado",8203,8089,7970,7930,7693,7603,7629,7571,7516,7459
".Costilla County, Colorado",3584,3502,3396,3372,3344,3415,3438,3439,3463,3493
".Crowley County, Colorado",5903,5501,5400,5673,5710,5368,5926,6007,6124,5922
".Custer County, Colorado",4165,4110,4106,4138,4185,4285,4517,4571,4681,4702
".Delta County, Colorado",30410,30495,30381,30014,29976,30413,30587,30915,31111,31200
".Denver County, Colorado",618014,630936,643452,656932,673931,685082,691890,701571,708950,715522
".Dolores County, Colorado",2074,2063,2111,2078,2107,2206,2219,2255,2265,2329
".Douglas County, Colorado",292538,298666,306177,314482,321961,328237,335833,343195,351186,357982
".Eagle County, Colorado",52134,52486,53039,53571,54227,55011,55524,55658,55824,55729
".Elbert County, Colorado",23035,23023,23179,23558,24045,24429,24922,25341,25670,26065
".El Paso County, Colorado",637792,646651,656262,664386,675845,690756,703256,715498,725014,730400
".Fremont County, Colorado",47520,47302,46690,46617,46861,47683,48371,48909,48950,48939
".Garfield County, Colorado",56218,57070,57385,57749,58435,59685,60046,60838,61283,61683
".Gilpin County, Colorado",5375,5333,5393,5568,5583,5646,5706,5770,5827,5806
".Grand County, Colorado",14552,14206,14290,14529,14694,15141,15319,15480,15663,15712
".Gunnison County, Colorado",15186,15245,15387,15511,15786,16043,16428,16644,16882,16921
".Hinsdale County, Colorado",823,798,798,765,753,772,775,772,773,784
".Huerfano County, Colorado",6516,6547,6438,6363,6363,6530,6570,6807,6790,6814
".Jackson County, Colorado",1356,1323,1335,1381,1347,1349,1369,1395,1388,1380
".Jefferson County, Colorado",540520,546624,552080,558887,564978,571512,575680,579617,582340,582913
".Kiowa County, Colorado",1433,1412,1395,1386,1391,1352,1374,1392,1426,1454
".Kit Carson County, Colorado",8177,8077,8243,8008,8197,7601,7113,7125,7116,7081
".Lake County, Colorado",7273,7130,7090,7089,7154,7233,7354,7335,7542,7433
".La Plata County, Colorado",51772,52284,53135,53553,54296,54888,55055,55758,55596,55638
".Larimer County, Colorado",305229,310820,316190,323963,333256,338940,343982,350445,356569,359066
".Las Animas County, Colorado",15071,15027,14448,14113,14120,14171,14336,14573,14542,14552
".Lincoln County, Colorado",5418,5437,5428,5494,5534,5532,5511,5578,5674,5673
".Logan County, Colorado",22506,22233,21998,22206,22187,22072,21903,21818,21885,21527
".Mesa County, Colorado",147243,147429,147349,147346,148320,150073,151657,153592,154836,155703
".Mineral County, Colorado",722,739,761,741,789,812,818,847,838,864
".Moffat County, Colorado",13442,13204,13176,13002,13022,13246,13200,13268,13343,13298
".Montezuma County, Colorado",25419,25372,25394,25315,25471,25715,25784,25845,25855,25848
".Montrose County, Colorado",40916,40559,40417,40403,40339,40861,41422,41884,42314,42676
".Morgan County, Colorado",28470,28280,28269,28167,28331,28280,28393,28888,29089,29109
".Otero County, Colorado",18896,18738,18603,18536,18431,18577,18689,18747,18683,18688
".Ouray County, Colorado",4410,4482,4517,4527,4551,4722,4732,4739,4899,4880
".Park County, Colorado",15870,15711,15698,15747,15943,16424,16835,17332,17478,17398
".Phillips County, Colorado",4423,4454,4438,4465,4415,4411,4460,4481,4513,4536
".Pitkin County, Colorado",17111,17183,17301,17503,17681,17676,17640,17626,17408,17355
".Prowers County, Colorado",12489,12402,12290,12026,11891,11882,11926,11964,12023,12002
".Pueblo County, Colorado",160035,160450,160644,160845,162373,164016,165364,166430,167126,168163
".Rio Blanco County, Colorado",6774,6805,6760,6683,6585,6560,6498,6501,6522,6526
".Rio Grande County, Colorado",11946,11926,11758,11615,11490,11515,11487,11487,11516,11538
".Routt County, Colorado",23166,23121,23376,23779,24010,24287,24698,24895,24914,24829
".Saguache County, Colorado",6121,6212,6068,5970,5972,6083,6248,6401,6339,6368
".San Juan County, Colorado",685,683,678,694,668,665,683,725,684,704
".San Miguel County, Colorado",7487,7580,7620,7736,7831,8009,8023,8166,8135,8073
".Sedgwick County, Colorado",2390,2410,2387,2396,2452,2493,2422,2408,2413,2405
".Summit County, Colorado",28096,28394,28866,29496,30266,30814,31127,31089,31207,31058
".Teller County, Colorado",23284,23288,23129,23140,23029,23630,24171,24541,24716,24712
".Washington County, Colorado",4744,4678,4714,4699,4748,4793,4872,4819,4822,4816
".Weld County, Colorado",258518,263395,269196,276291,285025,294582,304543,313052,322116,328982
".Yuma County, Colorado",10131,10095,10121,10168,10016,10024,9937,9920,9971,9981
".Fairfield County, Connecticut",929832,938418,944702,950424,952611,953776,954174,956966,957231,957430
".Hartford County, Connecticut",898037,899846,900798,901488,901344,899975,899745,900280,899773,899505
".Litchfield County, Connecticut",189633,188770,188569,187606,186921,186112,185518,185474,185242,185178
".Middlesex County, Connecticut",166486,166193,166135,165832,165013,164837,164722,164946,164660,164245
".New Haven County, Connecticut",865459,867409,866901,868204,866750,865595,866468,866707,864819,864841
".New London County, Connecticut",273488,274897,274139,272960,271507,270650,270162,269744,268761,268547
".Tolland County, Connecticut",152948,151793,151524,151366,151320,150634,150453,150135,149993,149788
".Windham County, Connecticut",118298,117889,117470,116704,116425,116035,116308,116977,116654,116417
".Kent County, Delaware",164988,167056,168691,171009,172578,173906,175745,177806,180204,181852
".New Castle County, Delaware",543181,547127,551610,555040,558766,561343,563172,565586,568466,570723
".Sussex County, Delaware",200051,202471,205403,209229,213372,217897,222687,227760,232670,237376
".District of Columbia, District of Columbia",617465,630643,644203,653986,665135,673428,680670,685476,687320,689548
".Alachua County, Florida",250813,253279,255014,258783,263139,268800,271922,275358,276404,278475
".Baker County, Florida",26896,26772,26594,26582,26689,27107,27331,27330,28110,28257
".Bay County, Florida",169977,172523,175722,179765,183321,185722,187110,189137,176790,175214
".Bradford County, Florida",28398,26996,26722,26455,26627,26599,26976,27552,28115,28304
".Brevard County, Florida",544393,547029,550349,555669,565925,577132,587877,594651,600657,606611
".Broward County, Florida",1785285,1811203,1832153,1855094,1877820,1904711,1925427,1936089,1942057,1944380
".Calhoun County, Florida",14667,14568,14432,14259,14168,14056,14127,14211,13711,13643
".Charlotte County, Florida",159076,161310,162590,165317,169037,173794,177066,179593,183378,186851
".Citrus County, Florida",139957,139531,139344,139503,141133,143864,146636,149077,151450,153848
".Clay County, Florida",191965,193243,194771,197429,200999,205552,210236,213462,216277,218246
".Collier County, Florida",325693,328767,333986,340672,347977,355995,361805,365594,371271,375760
".Columbia County, Florida",66978,67276,66537,66635,66813,67556,68028,68418,69186,69700
".DeSoto County, Florida",34296,34009,33468,33457,33326,33468,33958,33486,33738,33979
".Dixie County, Florida",16368,16087,15991,15920,16202,16277,16401,16456,16622,16757
".Duval County, Florida",876225,887094,896017,909830,926836,945772,960895,975192,987572,995566
".Escambia County, Florida",299490,303577,306908,308239,309678,312032,313947,315932,319463,321909
".Flagler County, Florida",97168,97911,99051,100922,103251,106081,108544,110399,113221,115377
".Franklin County, Florida",11502,11665,11600,11761,11832,11989,11910,11898,12342,12446
".Gadsden County, Florida",47172,46210,45562,45432,45215,45066,44820,44609,44186,43818
".Gilchrist County, Florida",16881,16691,16658,16598,16888,17004,17200,17467,17679,17856
".Glades County, Florida",12589,12219,12020,12093,12049,12151,12118,12086,12035,12126
".Gulf County, Florida",15849,15918,16101,16291,16289,16493,16592,16680,14107,14189
".Hamilton County, Florida",14530,14608,14175,13849,14001,13983,14018,13858,13987,14006
".Hardee County, Florida",27491,27091,26815,26614,26370,26279,26072,25854,25403,25328
".Hendry County, Florida",38589,37180,36814,37174,37645,38196,38869,38797,39256,39621
".Hernando County, Florida",172468,172039,172656,174018,176315,180618,184522,188146,191258,194513
".Highlands County, Florida",97827,97044,96385,96371,97406,98725,99962,100054,100958,101242
".Hillsborough County, Florida",1251430,1272274,1293517,1318417,1346951,1377020,1404518,1427540,1445252,1459758
".Holmes County, Florida",19845,19711,19615,19592,19309,19447,19482,19540,19692,19654
".Indian River County, Florida",138847,140018,141242,143593,146387,149900,152658,155200,157696,159788
".Jackson County, Florida",49350,49373,49264,49232,49228,49053,49132,49050,47333,47320
".Jefferson County, Florida",14529,14222,14217,14068,14130,13995,14238,14372,14295,14509
".Lafayette County, Florida",8773,8739,8745,8764,8602,8618,8437,8461,8173,8226
".Lake County, Florida",301835,306128,311442,319878,330754,341658,353329,365598,376484,383955
".Lee County, Florida",627959,638613,651766,666687,686627,707252,722381,733759,748275,760820
".Leon County, Florida",278041,283024,281021,282634,284506,285064,288926,289403,291060,292205
".Levy County, Florida",40268,40022,39718,39670,40065,40403,40940,41523,42386,42916
".Liberty County, Florida",8217,8216,8234,8254,8208,8064,7952,8101,7982,7977
".Madison County, Florida",19044,18809,18522,18299,18105,17889,17987,18025,17929,17971
".Manatee County, Florida",326398,331764,338847,346925,357689,369426,378369,385977,393934,399712
".Marion County, Florida",332823,334842,336491,339859,344480,350449,356842,362918,369683,375905
".Martin County, Florida",147459,148231,150040,151704,153805,156199,157134,157723,157919,158431
".Miami-Dade County, Florida",2543417,2574500,2606722,2630331,2654949,2684411,2702772,2702481,2703506,2701767
".Monroe County, Florida",75103,76606,78780,80147,81444,82549,83029,81728,82155,82868
".Nassau County, Florida",74147,74512,75379,76245,77943,80074,82915,85800,88445,90353
".Okaloosa County, Florida",183097,189762,192686,194704,197853,200368,203644,207013,210607,211671
".Okeechobee County, Florida",39526,39101,38608,38431,38451,39122,39340,39429,39706,39643
".Orange County, Florida",1174059,1208772,1236507,1268465,1305967,1344595,1377229,1405854,1420258,1429916
".Osceola County, Florida",279399,290249,301223,313637,326931,341840,357548,372186,379581,388655
".Palm Beach County, Florida",1335106,1351960,1372178,1393044,1417336,1442613,1460311,1471145,1484696,1492188
".Pasco County, Florida",465934,468683,472954,481566,492631,507343,522082,535201,549629,561886
".Pinellas County, Florida",916326,917811,922904,929213,938216,949274,955834,958492,958718,959101
".Polk County, Florida",608144,612187,617908,628217,640910,656847,674860,694658,711023,725044
".Putnam County, Florida",73484,72624,71929,71397,71232,71543,72412,72824,73025,73320
".St. Johns County, Florida",195913,201711,208924,217153,225525,233933,242607,252345,263205,273425
".St. Lucie County, Florida",279746,281716,283523,287704,294379,302093,308937,315481,322615,329228
".Santa Rosa County, Florida",155790,158275,160505,162822,166428,170197,174382,179536,184546,188001
".Sarasota County, Florida",381335,384849,387646,393358,401050,408573,414481,420527,427872,434016
".Seminole County, Florida",426010,429956,434672,440317,446972,454404,460893,465738,469036,470858
".Sumter County, Florida",97001,99906,104351,108917,112983,117192,119433,122677,126290,129752
".Suwannee County, Florida",43205,43245,43162,43233,42999,43049,43197,43150,43237,43470
".Taylor County, Florida",22692,22806,22947,22679,22471,22228,21934,21696,21728,21799
".Union County, Florida",15427,15480,15474,15664,15767,15851,16145,16086,16092,16142
".Volusia County, Florida",493756,495266,498616,504322,513775,525088,534102,541822,548129,553547
".Wakulla County, Florida",30929,30774,30885,31256,31330,31656,31779,32055,33284,33765
".Walton County, Florida",55523,57052,58997,60936,62765,65036,67585,70277,73458,75305
".Washington County, Florida",24449,24627,24332,24073,24275,24135,24190,24404,25153,25320
".Appling County, Georgia",18466,18395,18385,18492,18449,18477,18487,18583,18439,18448
".Atkinson County, Georgia",8345,8230,8227,8163,8273,8224,8177,8253,8167,8290
".Bacon County, Georgia",11159,11169,11198,11210,11265,11315,11259,11158,11168,11145
".Baker County, Georgia",3295,3342,3305,3234,3126,3107,3067,2986,2931,2873
".Baldwin County, Georgia",45011,46221,45757,45352,44864,44423,44023,43897,43769,43802
".Banks County, Georgia",18081,17833,17790,17663,17688,17473,17657,17838,17964,18043
".Barrow County, Georgia",69629,69756,70697,72141,74113,76076,77889,79743,82054,83508
".Bartow County, Georgia",100086,100198,100861,101169,101963,103298,105052,106330,107580,108898
".Ben Hill County, Georgia",17659,17725,17628,17682,17640,17590,17433,17221,17190,17194
".Berrien County, Georgia",19223,18877,18651,18280,18331,18184,18161,18171,18217,18165
".Bibb County, Georgia",156842,157683,156556,156301,156358,155940,156083,156668,157227,157349
".Bleckley County, Georgia",13029,12801,12617,12543,12508,12628,12491,12517,12568,12586
".Brantley County, Georgia",18399,18251,17862,17857,17811,17673,17976,18028,18010,18020
".Brooks County, Georgia",16092,15813,15933,15896,16132,16279,16276,16213,16328,16301
".Bryan County, Georgia",31828,33244,34457,35523,37080,38560,40157,41640,43603,44739
".Bulloch County, Georgia",72701,73220,71983,72867,73384,74954,76387,77720,80153,81102
".Burke County, Georgia",23756,23491,23463,23454,23663,23852,23961,24103,24293,24599
".Butts County, Georgia",23616,23455,23251,23383,23572,23805,24141,24261,25016,25429
".Calhoun County, Georgia",6545,6424,6389,6240,6199,5958,5928,5810,5591,5578
".Camden County, Georgia",50279,51284,51307,51776,52273,52274,52830,53382,54297,54768
".Candler County, Georgia",11202,11095,10958,10863,10877,10852,10715,10833,10857,10986
".Carroll County, Georgia",110461,110936,111580,113042,113355,114815,115854,116293,118095,119143
".Catoosa County, Georgia",64760,64874,65231,65480,65797,66298,66510,67333,67508,67875
".Charlton County, Georgia",13340,13149,12812,12666,12768,12291,12131,12089,12450,12516
".Chatham County, Georgia",272345,277469,279560,284710,289097,292459,293718,294262,295220,295291
".Chattahoochee County, Georgia",11129,12039,11904,11258,10482,9358,9378,9616,9946,9566
".Chattooga County, Georgia",25701,25657,25094,24913,24970,24909,24828,24918,24938,24971
".Cherokee County, Georgia",218105,221295,225246,231381,236835,243609,249892,256494,261960,266623
".Clarke County, Georgia",118313,120067,121147,120724,123975,125295,127164,127736,128862,128671
".Clay County, Georgia",3158,3099,3005,3059,3061,2993,2945,2872,2868,2846
".Clayton County, Georgia",262680,266450,265692,268795,275392,282344,287652,293185,296840,297593
".Clinch County, Georgia",6738,6723,6806,6846,6908,6858,6769,6728,6779,6749
".Cobb County, Georgia",697033,707245,717316,729221,741126,750788,755705,759800,764050,766144
".Coffee County, Georgia",42975,43090,43025,42815,42902,42810,42739,42909,43108,43094
".Colquitt County, Georgia",45817,46099,46239,46011,45649,45665,45726,45722,45855,45899
".Columbia County, Georgia",128375,131777,135042,137667,142069,145334,149103,151379,153743,156007
".Cook County, Georgia",17027,16891,17032,17277,17040,17131,17166,17104,17176,17232
".Coweta County, Georgia",128869,129675,131624,133418,136027,137953,140193,142621,144645,146164
".Crawford County, Georgia",12555,12530,12421,12325,12265,12148,12118,12137,12193,12124
".Crisp County, Georgia",23504,23144,22656,22216,21914,21635,21228,20926,20537,20133
".Dade County, Georgia",16624,16563,16517,16366,16257,16346,16383,16367,16248,16245
".Dawson County, Georgia",22323,22491,22701,22987,23325,23609,24346,25033,26010,26801
".Decatur County, Georgia",28015,28099,28340,28410,28578,28487,28821,28995,29166,29373
".DeKalb County, Georgia",698788,711309,718784,726239,736072,748758,753372,757440,762092,764379
".Dodge County, Georgia",21531,21377,21230,20913,20820,20493,20345,20366,20119,19931
".Dooly County, Georgia",14357,13958,13714,13386,12969,12602,12223,12044,11523,11217
".Dougherty County, Georgia",94941,94467,93081,92305,90975,89673,88735,88334,86831,85792
".Douglas County, Georgia",132689,132806,134938,136589,138420,139627,141015,142360,143430,144238
".Early County, Georgia",10888,10814,10794,10778,10864,10792,10872,10891,10889,10850
".Echols County, Georgia",4028,3901,3900,3907,3875,3757,3683,3700,3701,3703
".Effingham County, Georgia",52626,53211,54240,55171,56777,58291,59641,61728,63730,64770
".Elbert County, Georgia",19861,19646,19592,19521,19465,19314,19327,19306,19489,19637
".Emanuel County, Georgia",22518,22778,22700,22573,22585,22548,22694,22771,22811,22766
".Evans County, Georgia",10997,10705,10829,10858,10750,10705,10831,10772,10768,10774
".Fannin County, Georgia",23509,23368,23476,23400,23875,24361,24548,25084,25047,25319
".Fayette County, Georgia",107619,108150,109267,110781,112095,113533,115223,116288,117958,119192
".Floyd County, Georgia",96171,95939,95894,95885,96198,96716,97444,97890,98306,98584
".Forsyth County, Georgia",182059,187264,194476,203482,212338,222011,230707,238855,246333,251285
".Franklin County, Georgia",21975,21913,22036,22161,22248,22294,22831,22988,23264,23417
".Fulton County, Georgia",946547,971598,979151,988799,1001401,1018635,1033987,1044679,1057353,1066709
".Gilmer County, Georgia",28260,28166,28541,28764,29221,29551,30069,30555,31063,31350
".Glascock County, Georgia",3091,3086,3030,2968,2971,2917,2963,2890,2872,2884
".Glynn County, Georgia",79988,80646,81181,81753,82800,83535,84051,84207,84325,84501
".Gordon County, Georgia",55387,55447,55415,55387,55762,56338,56418,56843,57043,57546
".Grady County, Georgia",25315,25665,25672,25957,25998,25957,25993,26130,26158,26239
".Greene County, Georgia",16070,16153,16295,16489,16707,16996,17345,17867,18510,18915
".Gwinnett County, Georgia",824293,840253,858404,877470,896524,914732,929631,940531,951368,957057
".Habersham County, Georgia",43051,43390,43171,43586,43815,44215,44743,45643,45613,46026
".Hall County, Georgia",181925,183462,185485,187883,190677,194304,196682,198925,201540,203134
".Hancock County, Georgia",9423,9130,9028,8670,8700,8789,8713,8536,8690,8732
".Haralson County, Georgia",28431,28248,28246,28368,28555,28648,29040,29346,29570,29922
".Harris County, Georgia",32151,32291,32138,32214,32510,32856,33065,33550,34065,34672
".Hart County, Georgia",25345,25387,25278,25132,25124,25113,25306,25621,25743,25833
".Heard County, Georgia",11663,11533,11393,11398,11280,11248,11366,11366,11338,11409
".Henry County, Georgia",207253,208623,210920,214146,217890,222639,227101,231984,237037,240716
".Houston County, Georgia",144073,146560,148694,150184,151364,153868,155751,158410,161246,163634
".Irwin County, Georgia",9711,9659,9433,9191,9278,9476,9558,9618,9692,9666
".Jackson County, Georgia",61044,60965,61439,62324,63685,65384,68021,70734,73449,75905
".Jasper County, Georgia",13853,13676,13649,13603,13768,13882,14004,14164,14365,14597
".Jeff Davis County, Georgia",15109,15100,14907,14751,14794,14696,14733,14673,14719,14780
".Jefferson County, Georgia",16824,16444,16379,16302,16143,16031,15937,15764,15725,15714
".Jenkins County, Georgia",8115,9098,9173,9010,8869,8779,8793,8732,8669,8675
".Johnson County, Georgia",9941,9896,9747,9601,9456,9367,9389,9356,9264,9194
".Jones County, Georgia",28672,28517,28429,28466,28215,28314,28160,28262,28307,28352
".Lamar County, Georgia",18065,17867,17697,17887,17860,18022,18072,18285,18350,18500
".Lanier County, Georgia",10381,10284,10147,10025,9847,9947,9881,9795,9847,9882
".Laurens County, Georgia",48094,48276,48386,48415,48556,48555,48833,48966,49443,49570
".Lee County, Georgia",28954,29383,30016,30395,30743,31051,31573,32203,32779,33160
".Liberty County, Georgia",65496,64997,63182,65190,62963,63103,63478,62775,64929,65258
".Lincoln County, Georgia",7832,7691,7630,7508,7551,7658,7627,7663,7672,7687
".Long County, Georgia",14613,15141,15250,15411,15661,15969,16012,15952,16063,16172
".Lowndes County, Georgia",111530,114162,113015,113669,113549,114516,115562,116437,117686,118247
".Lumpkin County, Georgia",30380,30554,30683,30875,30987,31058,32390,32454,33154,33482
".McDuffie County, Georgia",21669,21728,21648,21714,21699,21754,21833,21905,21720,21631
".McIntosh County, Georgia",13801,13121,12924,12621,12248,11941,11625,11436,11147,10973
".Macon County, Georgia",14367,14144,13752,13533,13332,13058,12762,12592,12305,12086
".Madison County, Georgia",28162,28037,28149,28292,28327,28710,29110,29491,29743,30122
".Marion County, Georgia",8577,8452,8263,8219,8047,7878,7727,7584,7507,7506
".Meriwether County, Georgia",21527,21208,21036,20968,20880,20710,20614,20610,20605,20618
".Miller County, Georgia",6116,6085,6016,6095,6035,6099,6075,5941,5998,5999
".Mitchell County, Georgia",23410,23106,23019,22749,22495,22498,22376,22228,21928,21764
".Monroe County, Georgia",26303,26340,26590,26644,26692,26891,27165,27537,27692,27960
".Montgomery County, Georgia",8971,8783,8810,8790,8706,8718,8710,8791,8738,8608
".Morgan County, Georgia",17976,17932,17862,18130,18239,18445,18778,19267,19754,20095
".Murray County, Georgia",39357,39301,39159,39194,39403,39295,39730,39801,39957,39972
".Muscogee County, Georgia",196648,201434,206773,205196,204422,202900,201450,203001,205759,206929
".Newton County, Georgia",100382,100849,101891,103250,104648,106206,107528,109128,111415,112477
".Oconee County, Georgia",33379,33718,34370,35451,36322,37478,38759,40225,41109,41800
".Oglethorpe County, Georgia",14635,14383,14247,14312,14451,14386,14475,14607,14743,14823
".Paulding County, Georgia",143139,143908,145559,146973,149728,153077,156931,161397,165843,168657
".Peach County, Georgia",28044,28035,27445,27434,27270,27175,27254,27659,27792,27987
".Pickens County, Georgia",29417,29307,29460,29900,30252,30789,31699,32218,32849,33215
".Pierce County, Georgia",18796,18951,19086,19097,19203,19253,19358,19578,19645,19712
".Pike County, Georgia",17767,17734,17717,17686,17827,17787,18063,18452,18762,18882
".Polk County, Georgia",41287,41115,40997,40909,41250,41632,41898,42437,42687,42856
".Pulaski County, Georgia",11690,11419,11150,10961,10718,10473,10242,9993,9943,9853
".Putnam County, Georgia",21194,21049,21157,20981,21111,21265,21401,21436,21732,22045
".Quitman County, Georgia",2449,2398,2354,2269,2255,2297,2304,2219,2261,2237
".Rabun County, Georgia",16213,16224,16070,16010,16040,16273,16306,16564,16792,16880
".Randolph County, Georgia",7534,7244,7106,7190,6998,6966,6760,6582,6533,6424
".Richmond County, Georgia",201154,202793,202851,203270,203890,204860,205075,205565,206606,206604
".Rockdale County, Georgia",85757,86056,87392,88359,89829,90668,91740,92610,93115,93574
".Schley County, Georgia",4960,4873,4878,4906,4858,4762,4753,4662,4637,4547
".Screven County, Georgia",14413,14187,14171,14034,14101,14064,14010,14024,14017,14063
".Seminole County, Georgia",8901,9113,9196,9057,9128,9101,9035,9160,9093,9148
".Spalding County, Georgia",64045,63695,63523,63706,63830,64528,65353,66098,66842,67306
".Stephens County, Georgia",25850,25879,25799,25726,25843,26118,26294,26661,26665,26777
".Stewart County, Georgia",5895,5799,5111,5303,5253,5277,5340,5309,5388,5314
".Sumter County, Georgia",32031,31577,31364,31218,30785,30524,30059,29964,29683,29622
".Talbot County, Georgia",6802,6549,6420,6357,6279,6099,5950,5935,5801,5733
".Taliaferro County, Georgia",1705,1673,1688,1692,1642,1618,1614,1612,1552,1559
".Tattnall County, Georgia",25121,24892,24815,24252,24076,23782,23599,23437,22994,22842
".Taylor County, Georgia",8481,8377,8373,8346,8183,8097,7996,7858,7816,7814
".Telfair County, Georgia",15830,15620,15550,15043,14714,13894,13516,13162,12757,12478
".Terrell County, Georgia",9470,9369,9376,9354,9353,9274,9163,9131,9166,9183
".Thomas County, Georgia",44769,44855,45245,45388,45565,45856,45654,45509,45742,45803
".Tift County, Georgia",41243,41096,40395,40738,40886,40976,40935,41109,41266,41350
".Toombs County, Georgia",27212,27194,27219,27178,27208,27209,26947,27000,26944,27032
".Towns County, Georgia",10614,10626,10881,11207,11364,11602,11772,12089,12283,12489
".Treutlen County, Georgia",6769,6690,6545,6629,6580,6449,6437,6423,6459,6404
".Troup County, Georgia",67554,68149,68607,69011,69259,69505,69560,69451,69341,69422
".Turner County, Georgia",9080,8697,8570,8542,8572,8665,8708,8835,8959,9004
".Twiggs County, Georgia",8825,8541,8495,8363,8308,8209,8206,8109,8085,8024
".Union County, Georgia",21198,21221,21265,21553,21746,22328,23016,23517,24109,24632
".Upson County, Georgia",27069,26833,26818,26679,26871,26998,27099,27245,27519,27699
".Walker County, Georgia",68528,67951,67870,67704,67356,67023,67363,67545,67570,67650
".Walton County, Georgia",84683,85063,86161,87680,88524,90066,91598,93687,95085,96677
".Ware County, Georgia",36334,35994,35887,35705,35566,35947,36021,36062,36219,36242
".Warren County, Georgia",5677,5543,5517,5455,5370,5348,5256,5219,5211,5213
".Washington County, Georgia",20945,20744,20507,20459,20623,20217,20160,20244,20156,19991
".Wayne County, Georgia",30319,30362,30054,29975,29532,30125,29944,29989,30145,30140
".Webster County, Georgia",2734,2713,2593,2511,2508,2459,2414,2380,2354,2348
".Wheeler County, Georgia",8041,7866,7838,7859,7754,7827,7743,7647,7596,7477
".White County, Georgia",27030,26957,26865,26762,26829,26935,27275,27441,27853,28000
".Whitfield County, Georgia",102772,102677,102333,102571,103042,103625,103286,103199,103246,102872
".Wilcox County, Georgia",9278,9123,9131,9030,9139,8982,8952,8979,8826,8763
".Wilkes County, Georgia",10213,10062,9885,9901,9853,9721,9767,9729,9640,9560
".Wilkinson County, Georgia",9416,9485,9368,9292,9091,9034,8968,9022,8956,8867
".Worth County, Georgia",21611,21528,21306,21334,21093,21209,21086,20937,20891,20781
".Hawaii County, Hawaii",186775,188611,190672,192702,194740,196950,198507,200108,199750,200630
".Honolulu County, Hawaii",973655,989372,1002491,1008918,1017588,1023810,1022659,1021681,1019013,1016514
".Kalawao County, Hawaii",89,87,86,85,83,82,81,79,79,81
".Kauai County, Hawaii",68057,68973,70076,70869,71736,72389,72782,73367,73395,73297
".Maui County, Hawaii",156565,158212,160020,161749,162305,163585,164132,164730,164706,164758
".Ada County, Idaho",401786,409814,417309,427252,435079,447102,459514,472028,485095,494982
".Adams County, Idaho",3977,3900,3854,3869,3873,3923,4104,4187,4233,4382
".Bannock County, Idaho",83455,83418,82968,82900,83415,83751,84399,85428,86326,87015
".Bear Lake County, Idaho",5987,5945,6023,6022,5996,6075,6185,6203,6330,6370
".Benewah County, Idaho",9189,9153,9068,9080,9055,9100,9245,9310,9401,9531
".Bingham County, Idaho",46008,45707,45708,45582,45511,45837,46496,46745,47547,47989
".Blaine County, Idaho",21201,21339,21633,21863,22144,22646,23070,23497,23866,24280
".Boise County, Idaho",6931,6693,6580,6594,6734,6825,7052,7328,7498,7610
".Bonner County, Idaho",40858,40480,40716,41544,41920,42737,44079,45123,46238,47111
".Bonneville County, Idaho",106143,107346,108212,109338,111216,113710,116404,118704,121577,123958
".Boundary County, Idaho",10754,10692,10678,10729,11021,11371,11596,11620,11832,12059
".Butte County, Idaho",2825,2746,2646,2633,2535,2537,2541,2545,2568,2579
".Camas County, Idaho",1107,1070,1025,1031,1042,1047,1056,1058,1046,1073
".Canyon County, Idaho",190847,192802,197243,200688,204666,208846,213874,219919,226235,231108
".Caribou County, Idaho",6827,6745,6752,6746,6674,6800,6899,6928,7046,7028
".Cassia County, Idaho",23161,23355,23475,23674,23707,23727,23952,24100,24423,24660
".Clark County, Idaho",949,874,863,868,859,836,843,805,793,788
".Clearwater County, Idaho",8596,8555,8534,8517,8496,8591,8571,8668,8659,8728
".Custer County, Idaho",4326,4329,4230,4138,4066,4096,4145,4224,4283,4269
".Elmore County, Idaho",26387,26585,26688,26770,26495,26932,27782,28305,28490,28667
".Franklin County, Idaho",12820,12814,12827,12949,13004,13381,13542,13765,13951,14196
".Fremont County, Idaho",13139,13015,12942,12893,12921,13048,13274,13315,13276,13385
".Gem County, Idaho",16764,16760,16758,16897,16992,17345,17745,18070,18678,19124
".Gooding County, Idaho",15359,15259,15180,15103,15210,15184,15195,15232,15340,15597
".Idaho County, Idaho",16435,16396,16180,16186,16189,16102,16223,16277,16407,16551
".Jefferson County, Idaho",26375,26749,26964,27151,27383,28125,28793,29811,30358,30898
".Jerome County, Idaho",22474,22496,22651,22776,22784,23229,23548,23802,24176,24238
".Kootenai County, Idaho",141225,142605,144643,147503,150573,154421,158986,162862,167432,171365
".Latah County, Idaho",37721,37854,37868,38055,38224,38399,39023,38996,39250,39519
".Lemhi County, Idaho",7974,7749,7688,7689,7696,7658,7771,7899,7983,7971
".Lewis County, Idaho",3767,3751,3705,3682,3631,3658,3661,3582,3561,3529
".Lincoln County, Idaho",5108,5219,5263,5244,5200,5170,5205,5182,5126,5126
".Madison County, Idaho",39516,40557,41715,43377,44754,47013,48705,49879,51896,52909
".Minidoka County, Idaho",20268,20264,20555,20545,20683,20909,21032,21064,21355,21614
".Nez Perce County, Idaho",39616,39822,40267,40459,40763,41063,41377,41546,41877,42090
".Oneida County, Idaho",4239,4236,4273,4201,4278,4336,4433,4474,4551,4567
".Owyhee County, Idaho",11361,11381,11353,11235,11224,11285,11535,11554,11699,11913
".Payette County, Idaho",22665,22884,22850,23142,23268,23446,23820,24245,24819,25389
".Power County, Idaho",7812,7885,7870,7833,7813,7799,7756,7847,7852,7874
".Shoshone County, Idaho",12702,12772,12774,12510,12606,12618,12732,13032,13150,13174
".Teton County, Idaho",10067,9958,10165,10129,10348,10707,10916,11017,11398,11632
".Twin Falls County, Idaho",78353,79006,80557,81854,83320,85075,86863,87787,88944,90048
".Valley County, Idaho",9645,9555,9602,9826,10084,10470,10736,11095,11489,11743
".Washington County, Idaho",10161,10076,9986,10047,10006,10163,10210,10247,10324,10490
".Adams County, Illinois",67305,67313,67242,67294,67233,66947,66603,66206,66078,65734
".Alexander County, Illinois",7950,7644,7130,6938,6583,6233,6027,5761,5474,5242
".Bond County, Illinois",17775,17624,17457,17239,16890,16793,16932,16985,16813,16728
".Boone County, Illinois",54185,53841,53899,53914,53832,53869,53841,53778,53740,53454
".Brown County, Illinois",6845,6822,6766,6704,6592,6441,6388,6323,6331,6250
".Bureau County, Illinois",34735,34537,34382,34211,33931,33913,33737,33624,33389,33256
".Calhoun County, Illinois",5020,4935,4935,4831,4744,4737,4690,4656,4540,4437
".Carroll County, Illinois",15406,15440,15431,15386,15383,15488,15502,15507,15650,15706
".Cass County, Illinois",13754,13660,13629,13519,13387,13325,13276,13208,13099,13037
".Champaign County, Illinois",202788,203884,205353,206533,207638,208131,208011,207226,206272,205869
".Christian County, Illinois",34935,34935,34752,34604,34443,34415,34376,34223,34124,34032
".Clark County, Illinois",16220,16292,16144,16111,15944,15935,15911,15692,15575,15455
".Clay County, Illinois",13742,13748,13606,13513,13484,13415,13382,13401,13334,13294
".Clinton County, Illinois",37955,37784,37546,37403,37368,37250,37249,37212,36931,36893
".Coles County, Illinois",53175,52510,51885,50996,50296,49532,48749,47927,47389,46855
".Cook County, Illinois",5238894,5273820,5302642,5319651,5324328,5319801,5311411,5298250,5287983,5275554
".Crawford County, Illinois",19791,19616,19472,19332,19313,19199,19049,18929,18776,18680
".Cumberland County, Illinois",11056,10903,10836,10834,10749,10741,10721,10593,10521,10453
".DeKalb County, Illinois",103926,103411,102820,102755,101968,101515,101377,101018,101131,100417
".De Witt County, Illinois",16556,16503,16391,16241,16216,16189,15952,15817,15678,15512
".Douglas County, Illinois",19892,19933,19929,19997,19949,19877,19784,19640,19664,19739
".DuPage County, Illinois",926550,931755,936685,939212,940749,939839,940349,938936,935237,932872
".Edgar County, Illinois",18386,18151,17931,17791,17580,17484,17353,17308,17090,16862
".Edwards County, Illinois",6657,6695,6647,6574,6443,6461,6357,6282,6281,6243
".Effingham County, Illinois",34341,34400,34401,34361,34504,34546,34584,34711,34645,34673
".Fayette County, Illinois",22410,22213,22267,22175,22155,21706,21685,21549,21520,21497
".Ford County, Illinois",13945,14004,13853,13779,13823,13698,13699,13679,13493,13531
".Franklin County, Illinois",39988,39781,39431,39285,39187,38839,38732,38406,38158,37800
".Fulton County, Illinois",36878,36530,36243,35892,35581,35344,34921,34541,34013,33604
".Gallatin County, Illinois",5507,5423,5433,5339,5300,5254,5177,5166,4966,4946
".Greene County, Illinois",13760,13482,13382,13085,12936,12625,12589,12409,12203,11988
".Grundy County, Illinois",50292,50502,50676,50925,51154,51273,51726,52262,52433,52539
".Hamilton County, Illinois",8412,8364,8314,8270,8194,8134,8119,8064,8038,7996
".Hancock County, Illinois",19013,18854,18581,18373,18274,18275,18039,17905,17802,17621
".Hardin County, Illinois",4270,4241,4119,4075,3977,3892,3798,3738,3693,3650
".Henderson County, Illinois",7198,7006,6907,6938,6902,6771,6688,6571,6535,6387
".Henry County, Illinois",50381,50421,50160,50139,50022,49950,49731,49661,49582,49285
".Iroquois County, Illinois",29533,29329,29027,28835,28665,28312,27968,27664,27333,27072
".Jackson County, Illinois",59905,58229,58549,57777,57262,56402,55229,54204,53343,52981
".Jasper County, Illinois",9727,9624,9537,9539,9514,9420,9345,9407,9415,9285
".Jefferson County, Illinois",38727,38616,38575,38283,38159,38080,37877,37498,37404,37107
".Jersey County, Illinois",22870,22690,22570,22447,22203,21888,21803,21637,21553,21512
".Jo Daviess County, Illinois",22737,22720,22655,22678,22483,22321,22083,22002,21956,22038
".Johnson County, Illinois",12967,13063,13167,13282,13262,13034,13077,13157,13251,13309
".Kane County, Illinois",517202,517210,517606,519048,520622,521083,521133,520358,518301,516535
".Kankakee County, Illinois",113356,112679,112308,111320,111049,110188,109513,108705,108270,107490
".Kendall County, Illinois",117015,118612,120097,122059,123724,125540,127313,128971,130366,131864
".Knox County, Illinois",52793,52466,52366,52253,51758,51385,51127,50607,50341,49975
".Lake County, Illinois",704078,706490,710574,712615,714886,716547,716912,716484,715105,714331
".LaSalle County, Illinois",113748,113313,112996,112404,111946,111286,110876,110600,110159,109640
".Lawrence County, Illinois",16874,16678,16651,16463,16342,16028,15853,15619,15445,15285
".Lee County, Illinois",35656,35298,35239,35063,34707,34722,34791,34575,34390,34140
".Livingston County, Illinois",38856,38596,37516,37189,36795,36319,36328,35913,35874,35811
".Logan County, Illinois",30211,30251,29674,29457,29036,28868,28689,28479,28191,27970
".McDonough County, Illinois",32254,32076,31555,30884,30315,29573,28837,28290,27774,27236
".McHenry County, Illinois",308997,309109,308873,309052,309604,309534,310617,311302,310979,310217
".McLean County, Illinois",170890,172673,174959,173998,173015,172910,172482,172042,170907,170952
".Macon County, Illinois",110784,110316,109818,108852,107756,106838,105969,105092,104643,103986
".Macoupin County, Illinois",47772,47112,46764,46319,46014,45859,45697,45542,45303,44959
".Madison County, Illinois",269023,268766,268268,267875,267610,267558,267586,266837,266250,265869
".Marion County, Illinois",39223,39154,38882,38831,38699,38436,38196,37953,37870,37730
".Marshall County, Illinois",12536,12349,12255,12131,12128,12129,11949,11805,11822,11740
".Mason County, Illinois",14449,14285,14090,14032,13776,13574,13552,13383,13235,13083
".Massac County, Illinois",15341,15175,15003,14961,14821,14762,14647,14435,14218,14172
".Menard County, Illinois",12725,12736,12639,12595,12467,12553,12452,12458,12378,12296
".Mercer County, Illinois",16370,16254,16206,16070,15955,15858,15905,15898,15855,15696
".Monroe County, Illinois",33299,33368,33592,33699,33922,34170,34415,34622,34935,34955
".Montgomery County, Illinois",29886,29656,29418,29517,29279,29156,28895,28836,28547,28290
".Morgan County, Illinois",35413,35194,34830,34449,34404,34309,33875,33597,33168,32917
".Moultrie County, Illinois",14878,14911,14849,14820,14829,14707,14817,14790,14608,14529
".Ogle County, Illinois",53247,53101,52730,52534,52301,52043,52029,51949,51945,51796
".Peoria County, Illinois",187230,188174,189872,189120,188465,187394,185298,183778,182729,181826
".Perry County, Illinois",22292,21895,21785,21631,21630,21536,21442,21333,21125,20941
".Piatt County, Illinois",16722,16575,16537,16546,16519,16704,16652,16631,16678,16667
".Pike County, Illinois",16274,16100,15876,15701,15482,15387,15239,15125,15025,14734
".Pope County, Illinois",4454,4378,4338,4220,4103,3952,3918,3870,3825,3768
".Pulaski County, Illinois",5986,5958,5887,5790,5647,5586,5510,5402,5283,5191
".Putnam County, Illinois",5967,5892,5826,5794,5684,5647,5633,5668,5664,5634
".Randolph County, Illinois",33213,32731,32702,32536,32073,31557,31317,31090,30525,30160
".Richland County, Illinois",16227,16201,16107,16150,16113,16011,16064,15953,15802,15812
".Rock Island County, Illinois",147909,148484,148820,148571,147991,147157,146353,145399,145001,144681
".St. Clair County, Illinois",269941,268468,266530,265532,264355,262703,261978,260604,258737,257392
".Saline County, Illinois",24967,25027,24965,24710,24760,24533,24334,24185,24007,23761
".Sangamon County, Illinois",199322,199917,199892,200170,200107,199436,198730,197585,196881,196351
".Schuyler County, Illinois",7480,7486,7437,7320,7221,7124,7082,7008,6954,6898
".Scott County, Illinois",5231,5290,5211,5170,5111,5052,4981,4950,4972,4949
".Shelby County, Illinois",22233,22119,22017,21942,21622,21499,21501,21375,21278,20994
".Stark County, Illinois",5858,5769,5748,5654,5572,5600,5548,5509,5426,5397
".Stephenson County, Illinois",47410,47043,46898,46561,46026,45924,45476,45247,44981,44629
".Tazewell County, Illinois",135898,136212,136387,135511,134497,134179,133728,132696,132107,131355
".Union County, Illinois",17778,17766,17768,17701,17651,17556,17488,17428,17338,17243
".Vermilion County, Illinois",81314,80676,80311,79423,78729,77933,77061,75950,74892,74180
".Wabash County, Illinois",11813,11720,11718,11660,11697,11600,11562,11516,11492,11361
".Warren County, Illinois",17845,17766,17695,17750,17503,17349,17210,17066,16914,16830
".Washington County, Illinois",14567,14586,14394,14366,14231,14143,13921,13965,13876,13754
".Wayne County, Illinois",16682,16694,16716,16659,16595,16645,16518,16406,16302,16176
".White County, Illinois",14650,14628,14584,14460,14445,14368,14231,14020,13998,13882
".Whiteside County, Illinois",58396,57965,57757,57402,57394,57041,56632,56240,56010,55680
".Will County, Illinois",681682,684025,685980,688078,689476,692678,695399,696672,696609,696375
".Williamson County, Illinois",66828,66943,67689,67723,67808,67921,67560,67568,67251,67147
".Winnebago County, Illinois",294116,292938,292174,290299,289125,288419,287266,286555,285791,285340
".Woodford County, Illinois",38889,38918,39144,39205,39118,39136,38910,38728,38652,38469
".Adams County, Indiana",34364,34397,34638,34750,34935,35185,35372,35523,35641,35808
".Allen County, Indiana",359489,361803,364669,366872,369506,371905,374563,378216,382527,385422
".Bartholomew County, Indiana",77360,78529,78967,79598,80344,80978,80837,81221,81999,82211
".Benton County, Indiana",8856,8818,8743,8712,8682,8640,8616,8653,8736,8717
".Blackford County, Indiana",12694,12596,12556,12473,12398,12301,12241,12188,12071,12113
".Boone County, Indiana",58144,59447,60946,62412,64006,65377,67112,68454,69546,70810
".Brown County, Indiana",15124,15134,15178,15105,15190,15241,15284,15539,15396,15476
".Carroll County, Indiana",20048,20123,20132,19978,19916,19996,20109,20246,20254,20304
".Cass County, Indiana",38961,38850,38694,38630,38263,38146,38081,38173,37933,37865
".Clark County, Indiana",111755,112331,113376,114936,115943,116917,118105,118946,120051,121094
".Clay County, Indiana",26869,26837,26728,26515,26501,26331,26306,26363,26468,26468
".Clinton County, Indiana",33147,33094,33061,32848,32850,32725,32815,32865,33140,33188
".Crawford County, Indiana",10609,10646,10588,10626,10503,10505,10458,10501,10498,10527
".Daviess County, Indiana",31932,32077,32222,32603,32735,32900,33011,33182,33291,33379
".Dearborn County, Indiana",50102,49943,50047,49827,49959,50025,50281,50295,50398,50683
".Decatur County, Indiana",25886,26017,26197,26364,26281,26501,26548,26595,26371,26470
".DeKalb County, Indiana",42449,42246,42246,42269,42298,42417,42536,42897,43185,43276
".Delaware County, Indiana",117702,116671,116315,115807,114923,114635,114038,112718,112200,111904
".Dubois County, Indiana",42289,42318,42620,42748,42876,43114,43275,43428,43541,43634
".Elkhart County, Indiana",198387,199160,200474,201770,203423,204104,204832,206218,206974,207056
".Fayette County, Indiana",24208,24050,23971,23632,23623,23524,23461,23393,23449,23392
".Floyd County, Indiana",75186,75643,76572,76817,77397,77799,78200,79187,80078,80480
".Fountain County, Indiana",17157,17116,16876,16685,16527,16445,16420,16414,16398,16475
".Franklin County, Indiana",23041,23036,22981,22994,22954,22775,22703,22753,22764,22783
".Fulton County, Indiana",20786,20734,20592,20700,20567,20413,20328,20460,20431,20479
".Gibson County, Indiana",33422,33347,33223,33383,33224,33155,33134,32944,32948,33003
".Grant County, Indiana",69790,69393,69295,68915,68203,67517,67284,67148,66999,66673
".Greene County, Indiana",32861,32636,32297,32067,31702,31366,31191,30983,30838,30810
".Hamilton County, Indiana",283984,290865,298477,304892,311057,319120,326588,334461,342245,347462
".Hancock County, Indiana",70448,70729,71194,72027,72754,74163,75473,77013,78711,79843
".Harrison County, Indiana",39057,38779,38662,38731,38988,39015,39038,39396,39585,39640
".Hendricks County, Indiana",148962,151274,154336,156873,159043,161882,165287,168637,172030,174786
".Henry County, Indiana",49329,49313,49130,49256,49118,48892,48808,48922,48829,48913
".Howard County, Indiana",82915,83051,83047,83007,82840,82945,82940,83065,83474,83660
".Huntington County, Indiana",37193,37027,36849,36707,36638,36436,36395,36411,36726,36655
".Jackson County, Indiana",43196,43489,44162,44651,45043,45362,45532,45857,46207,46425
".Jasper County, Indiana",33359,33371,33249,33284,33203,33063,33032,32893,32997,32912
".Jay County, Indiana",21342,21356,21282,21154,21158,21049,20911,20758,20487,20477
".Jefferson County, Indiana",32396,32663,32717,32828,32819,32871,32741,32978,33172,33143
".Jennings County, Indiana",28159,28158,28249,27945,27865,27704,27712,27679,27694,27614
".Johnson County, Indiana",141955,143877,145989,147837,149895,152662,155086,157675,159872,161769
".Knox County, Indiana",38442,37919,37973,37852,37628,37181,36854,36356,36327,36280
".Kosciusko County, Indiana",77487,77854,78232,78854,79141,79455,79922,80379,80459,80242
".LaGrange County, Indiana",37519,37751,38215,38602,38824,39366,39530,39746,40132,40448
".Lake County, Indiana",496431,496028,495544,496010,494064,493370,492941,494143,496586,498701
".LaPorte County, Indiana",111655,111910,112304,112887,112259,111969,111857,112295,112467,112420
".Lawrence County, Indiana",46085,46015,45746,45452,45322,45264,45251,45299,44980,45012
".Madison County, Indiana",131067,130315,130473,129959,129667,129634,129783,129872,129822,130121
".Marion County, Indiana",912678,922412,933730,940889,945971,952979,959285,968516,974082,977206
".Marshall County, Indiana",46939,46940,46906,46916,46722,46601,46402,46274,46155,46093
".Martin County, Indiana",10302,10255,10141,10118,10066,10009,9972,9958,9903,9806
".Miami County, Indiana",36731,36679,36382,36338,36332,36415,36329,36137,36032,35966
".Monroe County, Indiana",139210,139642,139401,139914,139936,140582,140630,140345,140257,139712
".Montgomery County, Indiana",38288,38087,38008,37982,38037,37981,38043,37909,37892,37937
".Morgan County, Indiana",69380,69441,69723,69994,70175,70366,70663,71050,71459,71784
".Newton County, Indiana",14074,14024,14000,14052,13927,13948,13965,13898,13881,13830
".Noble County, Indiana",47248,47103,47117,47203,47306,47184,47091,47321,47540,47462
".Ohio County, Indiana",6060,6070,6006,5983,5910,5931,5897,5915,5947,5938
".Orange County, Indiana",19971,19795,19905,19865,19750,19615,19581,19758,19871,19869
".Owen County, Indiana",21548,21475,21307,21218,21073,21196,21124,21271,21321,21321
".Parke County, Indiana",16992,16957,17002,16935,16598,16490,16383,16364,16231,16166
".Perry County, Indiana",19430,19378,19428,19348,19328,19014,19017,19108,19193,19170
".Pike County, Indiana",12578,12586,12450,12432,12334,12294,12212,12282,12268,12248
".Porter County, Indiana",165818,166253,167277,168208,168632,169037,170217,171523,172702,173221
".Posey County, Indiana",25684,25598,25537,25570,25575,25571,25499,25457,25326,25225
".Pulaski County, Indiana",13244,13039,12981,12972,12877,12703,12633,12621,12512,12516
".Putnam County, Indiana",37773,37482,37260,37139,36995,36673,36855,36863,36858,36723
".Randolph County, Indiana",26058,25907,25690,25428,25256,25231,25079,24920,24740,24504
".Ripley County, Indiana",28715,28574,28478,28579,28667,28759,28835,28985,28979,28993
".Rush County, Indiana",17300,17135,17040,16901,16778,16709,16736,16742,16725,16759
".St. Joseph County, Indiana",266884,266859,267597,268559,269228,270829,271133,272000,272860,272910
".Scott County, Indiana",23981,23853,23948,23889,23972,24060,24228,24248,24388,24380
".Shelby County, Indiana",44300,44298,44395,44436,44438,44354,44509,44684,44939,45041
".Spencer County, Indiana",20917,20688,20626,20582,20419,20229,20130,20032,19877,19806
".Starke County, Indiana",23216,23241,23256,23103,23041,23233,23191,23231,23323,23378
".Steuben County, Indiana",34027,34083,34262,34347,34293,34138,34150,34261,34412,34441
".Sullivan County, Indiana",21246,21257,21217,21097,21001,20846,20865,20872,20825,20820
".Switzerland County, Indiana",10507,10235,10270,10137,10087,10020,9958,9925,9882,9739
".Tippecanoe County, Indiana",174687,177008,178906,180440,181792,184442,184336,185742,185953,186243
".Tipton County, Indiana",15838,15697,15597,15476,15336,15263,15266,15235,15284,15351
".Union County, Indiana",7493,7347,7301,7239,7184,7142,7175,7060,7106,7085
".Vanderburgh County, Indiana",180221,180595,180940,181104,180481,180203,179485,179406,179589,180129
".Vermillion County, Indiana",16082,15941,15877,15692,15637,15634,15562,15569,15563,15443
".Vigo County, Indiana",108282,108439,108075,107759,107331,107532,107255,106991,106457,106156
".Wabash County, Indiana",32592,32428,32328,32178,31958,31659,31505,31328,31161,30979
".Warren County, Indiana",8502,8447,8448,8442,8397,8315,8376,8465,8483,8434
".Warrick County, Indiana",60303,60527,61111,61292,61941,62496,62955,63037,63517,63898
".Washington County, Indiana",28204,27923,27794,27904,27794,27731,27795,27952,28081,28184
".Wayne County, Indiana",68750,68417,68062,67731,67419,67170,66826,66722,66606,66539
".Wells County, Indiana",27746,27723,27740,27848,27892,27909,27987,28042,28199,28185
".White County, Indiana",24659,24585,24575,24660,24555,24434,24559,24602,24683,24690
".Whitley County, Indiana",33352,33326,33273,33431,33429,33452,33702,34001,33829,34196
".Adair County, Iowa",7597,7558,7519,7540,7358,7264,7346,7368,7483,7496
".Adams County, Iowa",4007,3934,3926,3920,3809,3758,3734,3718,3703,3704
".Allamakee County, Iowa",14272,14236,14198,14229,14081,14085,14088,14146,14023,14057
".Appanoose County, Iowa",12832,12676,12605,12607,12500,12411,12247,12330,12372,12316
".Audubon County, Iowa",6022,5901,5918,5844,5802,5738,5680,5631,5657,5675
".Benton County, Iowa",26091,25849,25728,25659,25656,25691,25717,25621,25629,25576
".Black Hawk County, Iowa",131622,131947,133028,133513,133864,133262,132416,131926,131264,131152
".Boone County, Iowa",26337,26228,26424,26472,26677,26684,26787,26685,26707,26719
".Bremer County, Iowa",24341,24424,24477,24537,24580,24588,24620,24747,24862,24990
".Buchanan County, Iowa",20822,20833,20795,20829,20733,20550,20612,20547,20483,20566
".Buena Vista County, Iowa",20438,20789,20983,21044,20913,20969,20899,20655,20641,20819
".Butler County, Iowa",14960,14961,14957,14937,14854,14663,14558,14476,14358,14329
".Calhoun County, Iowa",10113,10001,10026,10012,10006,10053,10015,9976,9979,9919
".Carroll County, Iowa",20956,20826,20789,20823,20825,20843,20814,20736,20831,20768
".Cass County, Iowa",13798,13761,13662,13515,13504,13376,13361,13194,13085,13125
".Cedar County, Iowa",18360,18296,18225,18271,18249,18342,18477,18496,18527,18502
".Cerro Gordo County, Iowa",44080,43901,43822,43597,43466,43655,43665,43367,43288,43124
".Cherokee County, Iowa",12082,12052,12019,11990,11718,11660,11633,11643,11637,11657
".Chickasaw County, Iowa",12424,12320,12317,12308,12224,12183,12107,12078,12070,12009
".Clarke County, Iowa",9363,9420,9360,9345,9402,9517,9655,9785,9714,9745
".Clay County, Iowa",16642,16621,16556,16635,16686,16524,16411,16462,16425,16388
".Clayton County, Iowa",17978,17872,17685,17630,17552,17451,17407,17242,17191,17048
".Clinton County, Iowa",49102,48706,48289,47910,47580,47269,46908,46486,46535,46466
".Crawford County, Iowa",17167,17209,17231,16999,16875,16876,16797,16777,16562,16524
".Dallas County, Iowa",70135,73035,76105,79244,82494,86464,89755,92884,96866,99679
".Davis County, Iowa",8779,8719,8786,8781,8806,8931,9013,9017,9062,9111
".Decatur County, Iowa",8230,8205,8170,8146,8059,7959,7838,7767,7701,7644
".Delaware County, Iowa",17694,17683,17641,17614,17663,17608,17510,17537,17530,17488
".Des Moines County, Iowa",40081,40260,40440,40151,39939,39755,39442,39306,39103,38902
".Dickinson County, Iowa",16885,16972,16945,16926,17108,17254,17305,17316,17466,17708
".Dubuque County, Iowa",94864,95558,96531,97253,97809,97861,98370,98336,98974,99268
".Emmet County, Iowa",10122,10004,9967,9935,9838,9742,9607,9480,9452,9381
".Fayette County, Iowa",20994,20808,20566,20353,20224,19954,19791,19769,19717,19515
".Floyd County, Iowa",16106,16110,16057,16046,15966,15925,15842,15857,15736,15628
".Franklin County, Iowa",10695,10509,10506,10432,10317,10172,10148,10079,10080,10012
".Fremont County, Iowa",7349,7100,7010,6953,6816,6834,6798,6809,6752,6604
".Greene County, Iowa",9323,9167,9137,9101,8914,8972,8914,8920,8823,8765
".Grundy County, Iowa",12490,12460,12373,12431,12455,12367,12370,12351,12320,12331
".Guthrie County, Iowa",10849,10740,10635,10638,10588,10584,10562,10618,10628,10622
".Hamilton County, Iowa",15504,15386,15441,15345,15372,15270,15243,15126,15064,15040
".Hancock County, Iowa",11327,11234,11213,11147,11156,11039,10938,10926,10889,10791
".Hardin County, Iowa",17405,17412,17464,17435,17376,17335,17241,17153,17020,16881
".Harrison County, Iowa",14842,14615,14562,14534,14473,14442,14569,14602,14612,14580
".Henry County, Iowa",20344,20168,20267,20157,20247,20300,20588,20619,20513,20479
".Howard County, Iowa",9585,9616,9538,9481,9475,9444,9447,9426,9416,9472
".Humboldt County, Iowa",9794,9746,9714,9683,9614,9592,9639,9602,9591,9599
".Ida County, Iowa",7067,7082,7129,7041,7054,7063,6984,6966,6976,7006
".Iowa County, Iowa",16389,16300,16455,16546,16566,16527,16516,16579,16627,16665
".Jackson County, Iowa",19761,19733,19587,19523,19478,19542,19535,19556,19578,19485
".Jasper County, Iowa",36705,36729,36949,37166,37101,37125,37465,37654,37768,37812
".Jefferson County, Iowa",16766,16680,16764,16660,16511,16357,16171,15898,15709,15661
".Johnson County, Iowa",134043,137032,140052,142595,144769,146756,149226,150460,151872,152849
".Jones County, Iowa",20744,20604,20524,20557,20439,20390,20616,20633,20642,20647
".Keokuk County, Iowa",10389,10408,10309,10246,10126,10119,10084,10152,10115,10028
".Kossuth County, Iowa",15411,15434,15364,15272,15214,15179,15023,14933,14881,14826
".Lee County, Iowa",35578,35554,35257,35086,34927,34454,34254,33946,33660,33562
".Linn County, Iowa",214554,216106,217380,219287,221706,223864,226368,228125,229557,230301
".Louisa County, Iowa",11360,11321,11290,11172,11188,11098,11063,10976,10880,10837
".Lucas County, Iowa",8891,8799,8726,8674,8660,8625,8608,8670,8650,8628
".Lyon County, Iowa",11715,11799,11755,11781,11844,11906,11914,11988,11962,11935
".Madison County, Iowa",15747,15656,15507,15654,15768,15850,16062,16205,16346,16545
".Mahaska County, Iowa",22481,22361,22366,22379,22310,22197,22274,22035,22241,22187
".Marion County, Iowa",33302,33327,33092,33375,33240,33297,33269,33435,33487,33425
".Marshall County, Iowa",41090,41171,41195,40975,40665,40509,40501,40390,40045,40106
".Mills County, Iowa",14986,14794,14791,14611,14697,14818,14801,14828,14794,14487
".Mitchell County, Iowa",10702,10701,10644,10670,10641,10615,10504,10490,10513,10569
".Monona County, Iowa",9258,9126,9082,8966,8948,8879,8837,8781,8774,8759
".Monroe County, Iowa",8035,8030,7916,7876,7826,7724,7653,7591,7517,7567
".Montgomery County, Iowa",10682,10630,10535,10554,10360,10382,10406,10302,10282,10326
".Muscatine County, Iowa",42944,43095,43269,43360,43473,43424,43384,43420,43284,43230
".O'Brien County, Iowa",14274,14257,14196,14240,14168,14209,14111,14185,14221,14181
".Osceola County, Iowa",6342,6251,6305,6322,6272,6221,6177,6195,6157,6198
".Page County, Iowa",15917,15734,15564,15542,15535,15424,15348,15334,15250,15209
".Palo Alto County, Iowa",9374,9313,9214,9186,9219,9130,9159,9040,9018,9001
".Plymouth County, Iowa",24885,24946,25096,25126,25169,25513,25407,25427,25652,25702
".Pocahontas County, Iowa",7262,7248,7264,7297,7216,7137,7169,7095,7065,7075
".Polk County, Iowa",438620,444460,452356,460515,466832,473778,480017,485146,489825,492395
".Pottawattamie County, Iowa",93555,93035,93023,93464,93819,93843,93787,93700,93691,93670
".Poweshiek County, Iowa",18934,18797,18708,18741,18525,18470,18560,18689,18714,18659
".Ringgold County, Iowa",5029,4991,4922,4897,4899,4900,4919,4796,4726,4662
".Sac County, Iowa",10250,10209,10097,10136,10072,9936,9950,9849,9870,9818
".Scott County, Iowa",166857,168741,170766,172039,172791,173216,173683,174148,174666,174670
".Shelby County, Iowa",12035,12101,12005,12016,11960,11853,11806,11816,11762,11741
".Sioux County, Iowa",34128,34481,34788,35010,35211,35488,35401,35470,35738,35874
".Story County, Iowa",91221,92147,94085,96086,96981,97294,97662,97121,97858,98532
".Tama County, Iowa",17654,17574,17539,17449,17387,17419,17280,17125,17209,17137
".Taylor County, Iowa",6272,6208,6153,6075,6123,6077,5947,6002,5977,5893
".Union County, Iowa",12556,12585,12615,12625,12431,12367,12473,12298,12225,12145
".Van Buren County, Iowa",7530,7482,7481,7453,7374,7335,7262,7129,7180,7200
".Wapello County, Iowa",35537,35526,35645,35602,35675,35537,35352,35412,35546,35435
".Warren County, Iowa",46694,46979,47474,47986,48657,49587,50322,51321,51849,52404
".Washington County, Iowa",21896,22038,22139,22282,22459,22502,22648,22565,22556,22561
".Wayne County, Iowa",6346,6345,6408,6406,6397,6483,6540,6437,6481,6493
".Webster County, Iowa",37890,37581,37698,37549,37661,37495,37441,37261,36991,37005
".Winnebago County, Iowa",10749,10699,10571,10738,10823,10851,10874,10887,10729,10680
".Winneshiek County, Iowa",21077,21087,20906,20783,20848,20542,20267,20171,20153,20061
".Woodbury County, Iowa",103094,102986,103234,103532,104013,104418,104143,104742,105741,105945
".Worth County, Iowa",7571,7513,7515,7593,7547,7522,7516,7484,7484,7444
".Wright County, Iowa",13096,13134,13148,13122,13112,13144,13129,13090,13023,12945
".Allen County, Kansas",13360,13327,13098,12931,12733,12730,12617,12582,12497,12519
".Anderson County, Kansas",8050,7897,7817,7834,7759,7748,7757,7753,7781,7841
".Atchison County, Kansas",16790,16840,16786,16649,16572,16546,16516,16427,16389,16347
".Barber County, Kansas",4903,4833,4859,4816,4744,4577,4458,4335,4317,4230
".Barton County, Kansas",27666,27461,27358,27223,27021,26733,26229,25894,25685,25489
".Bourbon County, Kansas",14928,14845,14789,14738,14660,14531,14502,14421,14369,14358
".Brown County, Kansas",9972,9866,9913,9785,9705,9633,9611,9584,9532,9511
".Butler County, Kansas",65900,65774,65824,66055,66484,66951,67181,67188,67270,67388
".Chase County, Kansas",2766,2737,2684,2646,2646,2623,2642,2553,2572,2574
".Chautauqua County, Kansas",3627,3589,3573,3513,3454,3438,3409,3390,3318,3380
".Cherokee County, Kansas",21316,21113,20781,20610,20336,20023,19853,19684,19567,19360
".Cheyenne County, Kansas",2693,2667,2671,2686,2674,2664,2680,2624,2622,2614
".Clark County, Kansas",2123,2169,2183,2120,2089,2076,2006,2005,2018,1992
".Clay County, Kansas",8533,8513,8404,8325,8324,8146,8049,8060,8068,8111
".Cloud County, Kansas",9461,9490,9461,9471,9364,9292,9159,8995,9081,9028
".Coffey County, Kansas",8511,8510,8438,8472,8386,8455,8358,8356,8303,8355
".Comanche County, Kansas",1882,1913,1922,1943,1820,1834,1751,1727,1689,1685
".Cowley County, Kansas",36234,36236,36122,35834,35670,35538,35167,34904,34601,34536
".Crawford County, Kansas",39235,39378,39330,39376,39271,39208,39087,39050,38920,38970
".Decatur County, Kansas",2924,2882,2905,2891,2917,2817,2851,2825,2798,2767
".Dickinson County, Kansas",19695,19724,19459,19341,19251,19015,18880,18679,18446,18400
".Doniphan County, Kansas",7959,7887,7869,7830,7778,7701,7641,7615,7565,7510
".Douglas County, Kansas",112031,112514,113557,114943,116291,117526,117791,118225,118792,118786
".Edwards County, Kansas",3040,3002,3019,3091,3034,2991,2981,2931,2923,2909
".Elk County, Kansas",2783,2656,2626,2685,2559,2498,2492,2450,2484,2482
".Ellis County, Kansas",28801,29152,29119,29082,29152,29091,28923,28900,28866,28927
".Ellsworth County, Kansas",6507,6541,6477,6489,6479,6501,6528,6421,6390,6374
".Finney County, Kansas",37411,37642,37842,38116,38376,38315,38410,38436,38552,38466
".Ford County, Kansas",34508,34907,35227,35387,35190,35129,34873,34524,34355,34287
".Franklin County, Kansas",25898,25903,25844,25677,25651,25732,25882,25926,25892,26003
".Geary County, Kansas",35878,38971,38336,38464,39173,38247,37235,36753,36202,36737
".Gove County, Kansas",2737,2781,2822,2784,2743,2672,2683,2679,2741,2720
".Graham County, Kansas",2636,2585,2592,2563,2598,2566,2495,2459,2453,2418
".Grant County, Kansas",7924,7889,7923,7890,7849,7815,7656,7475,7366,7352
".Gray County, Kansas",6044,5888,5871,5918,5909,5835,5778,5810,5688,5649
".Greeley County, Kansas",1265,1285,1308,1335,1342,1329,1284,1294,1283,1280
".Greenwood County, Kansas",6624,6451,6396,6335,6292,6172,6147,6097,6101,6021
".Hamilton County, Kansas",2641,2661,2635,2679,2593,2664,2651,2632,2569,2517
".Harper County, Kansas",5954,5890,5884,5883,5849,5747,5670,5602,5556,5490
".Harvey County, Kansas",34658,34695,34631,34483,34660,34574,34200,33957,34141,34024
".Haskell County, Kansas",4213,4173,4069,4028,3998,3920,3896,3853,3830,3779
".Hodgeman County, Kansas",1950,1914,1904,1857,1837,1805,1815,1750,1709,1722
".Jackson County, Kansas",13438,13418,13336,13472,13323,13319,13399,13348,13231,13226
".Jefferson County, Kansas",18854,18703,18542,18504,18426,18406,18433,18331,18525,18374
".Jewell County, Kansas",3101,3074,3087,3079,3007,2941,2918,2899,2934,2920
".Johnson County, Kansas",553461,560418,567773,574777,581955,588741,594537,601869,606114,609863
".Kearny County, Kansas",3986,4021,3981,4029,4046,4027,4091,4099,4001,3982
".Kingman County, Kansas",7949,7931,7954,7884,7881,7696,7613,7530,7484,7461
".Kiowa County, Kansas",2557,2511,2532,2529,2567,2508,2487,2490,2469,2460
".Labette County, Kansas",21450,21290,21056,21016,20933,20671,20551,20389,20220,20182
".Lane County, Kansas",1751,1695,1717,1690,1660,1631,1591,1582,1580,1573
".Leavenworth County, Kansas",77076,77635,78072,78541,79100,80221,81026,81393,81613,81879
".Lincoln County, Kansas",3226,3169,3144,3162,3117,3046,3011,2956,2921,2933
".Linn County, Kansas",9600,9462,9511,9496,9530,9551,9633,9701,9636,9592
".Logan County, Kansas",2769,2799,2782,2776,2796,2834,2827,2821,2795,2756
".Lyon County, Kansas",33534,33332,33171,32748,32648,32778,32562,32525,32352,32177
".McPherson County, Kansas",29374,29615,29985,29641,29574,29545,29973,29990,30181,30221
".Marion County, Kansas",12564,12409,12252,12247,12127,12095,12051,12000,11960,11827
".Marshall County, Kansas",10033,10113,10099,10109,10048,10044,9973,10032,10044,10041
".Meade County, Kansas",4522,4383,4291,4364,4309,4243,4241,4108,4042,4059
".Miami County, Kansas",32728,32654,32811,32838,32719,32885,33363,33616,34134,34187
".Mitchell County, Kansas",6271,6278,6275,6203,6239,6126,6055,6008,5869,5795
".Montgomery County, Kansas",34779,34462,34428,34070,33410,32792,32316,31964,31711,31484
".Morris County, Kansas",5842,5809,5661,5588,5535,5439,5340,5402,5456,5384
".Morton County, Kansas",3195,3161,3164,3105,3031,2898,2855,2789,2679,2700
".Nemaha County, Kansas",10106,10103,10145,10155,10177,10194,10170,10207,10307,10283
".Neosho County, Kansas",16451,16419,16381,16320,16277,16114,16078,15961,15873,15905
".Ness County, Kansas",3108,3058,3059,3055,2978,2913,2803,2742,2704,2686
".Norton County, Kansas",5669,5613,5652,5582,5594,5571,5510,5531,5471,5458
".Osage County, Kansas",16338,16171,16074,15960,15850,15816,15819,15895,15876,15772
".Osborne County, Kansas",3842,3826,3822,3781,3677,3641,3589,3512,3501,3501
".Ottawa County, Kansas",6065,6032,6047,6036,5943,5911,5829,5762,5733,5732
".Pawnee County, Kansas",6963,6839,6825,6774,6711,6644,6589,6458,6277,6254
".Phillips County, Kansas",5513,5472,5489,5403,5307,5268,5224,5097,5050,4979
".Pottawatomie County, Kansas",22118,22493,22808,23044,23503,24072,24433,24805,25098,25351
".Pratt County, Kansas",9650,9771,9795,9789,9720,9588,9528,9364,9157,9161
".Rawlins County, Kansas",2514,2520,2579,2563,2528,2523,2505,2522,2536,2566
".Reno County, Kansas",64438,64221,64105,63736,63638,63260,62791,62402,62007,61904
".Republic County, Kansas",4908,4854,4808,4795,4754,4739,4747,4728,4680,4671
".Rice County, Kansas",10098,9991,9980,9979,9935,9783,9571,9467,9528,9427
".Riley County, Kansas",73307,77289,76627,76087,76697,74664,73305,73889,71711,71961
".Rooks County, Kansas",5209,5235,5215,5230,5212,5157,5101,5041,4995,4917
".Rush County, Kansas",3211,3208,3176,3161,3098,3054,3050,3039,2996,2958
".Russell County, Kansas",6969,6961,6936,6954,6980,6919,6838,6782,6752,6687
".Saline County, Kansas",55827,55917,55873,55682,55639,55183,54771,54627,54448,54299
".Scott County, Kansas",4936,4935,5022,5117,5134,5196,5186,5208,5175,5150
".Sedgwick County, Kansas",501613,505185,508006,510999,513595,516141,516659,517595,520747,523844
".Seward County, Kansas",23241,23556,23603,23682,23744,23456,22876,22629,22234,21959
".Shawnee County, Kansas",179300,179612,179579,179781,180185,180076,180025,179419,179196,178911
".Sheridan County, Kansas",2492,2474,2477,2471,2437,2445,2475,2464,2452,2447
".Sherman County, Kansas",6071,6151,6136,6124,6033,6041,6029,6022,6052,5924
".Smith County, Kansas",3796,3763,3714,3748,3712,3682,3645,3616,3609,3580
".Stafford County, Kansas",4386,4356,4347,4292,4229,4208,4204,4138,4102,4074
".Stanton County, Kansas",2227,2182,2217,2193,2133,2184,2141,2123,2096,2086
".Stevens County, Kansas",5614,5707,5762,5781,5721,5571,5445,5385,5281,5249
".Sumner County, Kansas",23758,23578,23457,23280,23289,23016,22930,22785,22589,22375
".Thomas County, Kansas",7976,7993,8019,7947,8029,7981,7990,7863,7917,7928
".Trego County, Kansas",2957,2947,2955,2909,2924,2871,2869,2812,2813,2803
".Wabaunsee County, Kansas",7034,6990,7019,6930,6879,6868,6817,6871,6880,6880
".Wallace County, Kansas",1524,1520,1557,1496,1500,1492,1505,1475,1508,1513
".Washington County, Kansas",5833,5751,5661,5655,5624,5628,5553,5545,5548,5539
".Wichita County, Kansas",2269,2243,2213,2215,2200,2174,2169,2167,2179,2152
".Wilson County, Kansas",9269,9176,9173,9075,8976,8862,8885,8870,8781,8633
".Woodson County, Kansas",3333,3294,3243,3224,3189,3240,3191,3238,3179,3117
".Wyandotte County, Kansas",158505,160265,162219,163913,165738,167260,167963,168864,169466,169244
".Adair County, Kentucky",18902,18791,18914,18988,18827,18881,18834,18658,18864,18901
".Allen County, Kentucky",20068,20048,20056,20158,20255,20229,20338,20475,20614,20581
".Anderson County, Kentucky",21697,21930,22088,22312,22466,22832,23288,23452,23638,23851
".Ballard County, Kentucky",8249,8259,8221,8149,8173,8000,7953,7884,7754,7727
".Barren County, Kentucky",42342,42646,42995,43108,43641,43888,43901,44201,44330,44484
".Bath County, Kentucky",11751,11837,12056,12237,12334,12405,12566,12642,12753,12749
".Bell County, Kentucky",28462,27940,27530,27172,26563,26254,25742,25256,24593,24100
".Boone County, Kentucky",121858,123664,125383,127145,128755,130226,131821,132733,134524,135972
".Bourbon County, Kentucky",20094,20127,20134,20194,20339,20337,20335,20384,20090,20244
".Boyd County, Kentucky",49619,49603,49433,49518,49370,49189,49043,48745,48340,48263
".Boyle County, Kentucky",28837,29092,29731,29944,29953,30166,30203,30349,30271,30610
".Bracken County, Kentucky",8522,8483,8453,8398,8337,8419,8346,8343,8409,8402
".Breathitt County, Kentucky",13927,13863,13894,13843,13953,13873,13744,13697,13661,13719
".Breckinridge County, Kentucky",20260,20052,20009,19840,19923,19911,20042,20185,20357,20433
".Bullitt County, Kentucky",75203,75925,76914,78075,78743,79327,80371,81111,81882,82226
".Butler County, Kentucky",12680,12660,12591,12584,12544,12455,12518,12420,12511,12376
".Caldwell County, Kentucky",13018,12973,12860,12815,12708,12592,12610,12627,12667,12646
".Calloway County, Kentucky",37407,37574,37741,37555,37551,37398,37261,37184,37057,37100
".Campbell County, Kentucky",91510,91441,91547,91992,92104,92216,92664,93191,92946,93067
".Carlisle County, Kentucky",5049,5054,4996,5008,4910,4854,4869,4807,4828,4819
".Carroll County, Kentucky",11004,10894,10869,10780,10733,10683,10775,10774,10729,10807
".Carter County, Kentucky",27621,27633,27599,27517,27443,27313,27216,27042,26766,26627
".Casey County, Kentucky",15894,15989,15959,15714,15662,15673,15706,15803,16039,15945
".Christian County, Kentucky",73664,75240,74109,73933,73862,72703,72148,72008,72668,72747
".Clark County, Kentucky",35501,35809,35731,35859,35952,36187,36310,36629,36751,36978
".Clay County, Kentucky",21680,21671,21403,21359,21316,21019,20719,20633,20491,20347
".Clinton County, Kentucky",10060,10082,9900,9842,9732,9656,9572,9412,9382,9253
".Crittenden County, Kentucky",9266,9253,9225,9239,9246,9219,9111,9014,8935,8986
".Cumberland County, Kentucky",6781,6698,6566,6430,6377,6318,6218,6148,6002,5885
".Daviess County, Kentucky",97357,98181,98783,99074,100272,100941,101508,102022,102830,103316
".Edmonson County, Kentucky",12232,12084,12044,11981,11959,12038,12179,12169,12062,12129
".Elliott County, Kentucky",7775,7621,7532,7508,7518,7453,7451,7425,7435,7351
".Estill County, Kentucky",14665,14518,14500,14461,14394,14347,14204,14185,14166,14166
".Fayette County, Kentucky",301499,305581,309330,311084,314957,316854,320003,320833,321944,322569
".Fleming County, Kentucky",14543,14636,14697,14682,14830,14791,14790,14889,15022,15084
".Floyd County, Kentucky",39862,39325,38751,38358,37971,37511,36890,36531,36267,35943
".Franklin County, Kentucky",49366,49553,49623,49923,50318,50615,50879,51165,51289,51535
".Fulton County, Kentucky",6808,6681,6560,6493,6548,6525,6551,6503,6499,6513
".Gallatin County, Kentucky",8604,8527,8544,8588,8555,8660,8641,8653,8746,8695
".Garrard County, Kentucky",16770,16830,16738,16640,16798,16894,16879,16876,16954,16951
".Grant County, Kentucky",24719,24429,24433,24656,24530,24657,24699,24774,24738,24940
".Graves County, Kentucky",37573,37503,37318,37465,37102,37042,36957,37029,36911,36654
".Grayson County, Kentucky",25747,25784,25935,26047,26113,26069,26240,26219,26382,26422
".Green County, Kentucky",11231,11329,11217,11091,11035,11061,11141,11099,11053,11108
".Greenup County, Kentucky",36970,36919,36824,36743,36545,36465,36253,36180,36071,35956
".Hancock County, Kentucky",8634,8725,8747,8838,8835,8966,9044,9045,9045,9096
".Hardin County, Kentucky",107471,108152,108887,108371,106117,106751,107902,109966,110445,110703
".Harlan County, Kentucky",29274,28947,28872,28512,28119,27712,27530,27297,27036,26838
".Harrison County, Kentucky",18653,18563,18492,18539,18527,18453,18579,18549,18635,18695
".Hart County, Kentucky",18315,18451,18538,18608,18538,18677,18907,19061,19230,19281
".Henderson County, Kentucky",46333,46413,46330,46354,46324,46193,45843,45484,45185,44792
".Henry County, Kentucky",15321,15241,15299,15374,15346,15578,15679,15707,15680,15677
".Hickman County, Kentucky",4812,4782,4770,4755,4702,4717,4641,4550,4506,4524
".Hopkins County, Kentucky",46941,46784,46676,46482,46455,46077,45838,45587,45342,45419
".Jackson County, Kentucky",13332,13218,13261,13143,13121,13114,13142,13102,12964,12959
".Jefferson County, Kentucky",748333,755182,764307,768419,773204,777157,781270,781094,781673,782954
".Jessamine County, Kentucky",48758,49226,49773,50418,51256,51585,52492,52887,53014,52991
".Johnson County, Kentucky",23508,23560,23677,23532,23472,23286,23071,22947,22766,22678
".Kenton County, Kentucky",160712,162044,163619,164251,165257,165895,166706,167492,168444,169048
".Knott County, Kentucky",16262,16043,15976,15794,15497,15279,14989,14801,14537,14249
".Knox County, Kentucky",31766,31296,31352,31170,31006,30933,30826,30603,30340,30197
".Larue County, Kentucky",14246,14159,14176,14311,14360,14301,14531,14673,14810,14862
".Laurel County, Kentucky",59546,59870,60188,60532,60702,60992,61400,61854,62190,62614
".Lawrence County, Kentucky",16038,16074,16172,16238,16311,16379,16379,16296,16188,16288
".Lee County, Kentucky",7717,7602,7176,7107,7069,6941,6925,7112,7472,7393
".Leslie County, Kentucky",11342,11330,11260,11187,11083,10940,10914,10808,10634,10519
".Letcher County, Kentucky",24406,24065,23617,23457,23173,22920,22477,22051,21789,21548
".Lewis County, Kentucky",13814,13797,13692,13750,13565,13392,13228,13109,13130,13082
".Lincoln County, Kentucky",24702,24365,24380,24350,24242,24238,24350,24443,24328,24274
".Livingston County, Kentucky",9483,9400,9278,9257,9201,9093,9126,9082,8990,8892
".Logan County, Kentucky",26861,26749,27016,26863,26803,26747,27076,27070,27186,27430
".Lyon County, Kentucky",8501,8565,8625,8637,8755,8578,8675,8633,8743,8687
".McCracken County, Kentucky",66086,66109,66090,66300,66156,66736,67031,67224,67677,67871
".McCreary County, Kentucky",18260,18008,17861,17832,17777,17440,17249,17131,17041,16885
".McLean County, Kentucky",9503,9489,9458,9418,9411,9364,9237,9278,9208,9153
".Madison County, Kentucky",84626,85126,85549,86575,87595,88844,90321,91104,91902,92702
".Magoffin County, Kentucky",13169,12971,12808,12807,12570,12410,12219,11984,11794,11639
".Marion County, Kentucky",20049,19996,20030,19209,19375,19321,19498,19559,19511,19583
".Marshall County, Kentucky",31329,31380,31387,31217,31340,31600,31700,31674,31592,31667
".Martin County, Kentucky",12858,12780,12728,12593,12407,12090,11653,11519,11449,11287
".Mason County, Kentucky",17557,17485,17357,17180,17102,17262,17290,17184,17137,17125
".Meade County, Kentucky",29813,29572,29700,29695,28479,28843,29069,29803,29905,30010
".Menifee County, Kentucky",6369,6250,6216,6139,6167,6208,6184,6096,6125,6112
".Mercer County, Kentucky",21382,21505,21547,21688,21783,21884,22109,22303,22626,22647
".Metcalfe County, Kentucky",10089,10026,10029,10089,10041,10159,10257,10269,10303,10287
".Monroe County, Kentucky",11012,11017,10960,10996,11016,11013,11148,11375,11359,11339
".Montgomery County, Kentucky",26756,26858,27226,27359,27567,27660,27917,28137,28150,28121
".Morgan County, Kentucky",13790,13660,13548,13586,13563,13624,13655,13809,13797,13723
".Muhlenberg County, Kentucky",31580,31481,31468,31488,31476,31411,31245,31184,31066,30926
".Nelson County, Kentucky",44102,44477,44650,45004,45296,45727,45850,46058,46532,46739
".Nicholas County, Kentucky",7139,7091,7120,7192,7231,7281,7393,7449,7529,7534
".Ohio County, Kentucky",23966,23992,23934,23894,23954,24099,24018,23989,23891,23772
".Oldham County, Kentucky",60863,62264,63287,64264,64923,65889,67072,67162,67413,67604
".Owen County, Kentucky",10860,10829,10743,10785,10893,10860,11009,11112,11159,11269
".Owsley County, Kentucky",4773,4619,4507,4382,4295,4296,4192,4212,4142,4055
".Pendleton County, Kentucky",14671,14571,14592,14515,14533,14650,14662,14632,14634,14648
".Perry County, Kentucky",29065,28957,28943,28809,28922,29057,28734,28668,28517,28475
".Pike County, Kentucky",65098,64920,64335,63566,62566,61350,59974,59723,59215,58667
".Powell County, Kentucky",12730,12673,12763,12731,12698,12820,12938,13100,13138,13129
".Pulaski County, Kentucky",63466,63433,63677,63714,63675,63795,64069,64384,64850,65033
".Robertson County, Kentucky",2300,2229,2234,2210,2164,2168,2163,2188,2194,2189
".Rockcastle County, Kentucky",17025,16905,16520,16533,16569,16440,16271,16251,16086,16036
".Rowan County, Kentucky",23566,23811,24230,24274,24666,24446,24558,24502,24534,24662
".Russell County, Kentucky",17715,17654,17768,17806,17709,17787,17742,17822,17970,17991
".Scott County, Kentucky",47794,48760,49695,50827,51673,52854,54123,55190,56191,57155
".Shelby County, Kentucky",42718,43391,44055,44544,45108,45710,46207,46926,47736,48061
".Simpson County, Kentucky",17432,17775,18014,18185,18432,18613,18765,19202,19445,19597
".Spencer County, Kentucky",17433,17484,17643,17779,18039,18293,18578,18953,19296,19490
".Taylor County, Kentucky",24993,25109,25232,25471,25736,25627,25757,25756,26041,26024
".Todd County, Kentucky",12402,12577,12419,12358,12357,12255,12077,12196,12157,12243
".Trigg County, Kentucky",14131,14259,14085,13844,13866,13884,13933,14105,14037,14056
".Trimble County, Kentucky",8811,8842,8806,8724,8736,8590,8531,8496,8524,8469
".Union County, Kentucky",15168,14920,14829,14768,14574,14316,14101,13887,13789,13668
".Warren County, Kentucky",115944,117534,119782,121666,124453,127026,129549,131286,133163,134555
".Washington County, Kentucky",11667,11791,11811,11853,11949,12034,11800,11930,12007,12024
".Wayne County, Kentucky",20810,20672,20569,20342,20270,20325,20156,19871,19684,19561
".Webster County, Kentucky",13543,13485,13393,13228,13208,13245,13088,13134,13042,13019
".Whitley County, Kentucky",35902,35853,35992,35995,36304,36308,36358,36450,36647,36716
".Wolfe County, Kentucky",7297,7074,7103,7022,6959,6860,6866,6762,6643,6563
".Woodford County, Kentucky",24962,25148,25393,25647,25938,26241,26484,26611,26792,26871
".Acadia Parish, Louisiana",61315,61003,60860,60786,60354,60042,59346,58635,58081,57570
".Allen Parish, Louisiana",25395,24997,24762,24536,24180,23969,23592,23256,23039,22746
".Ascension Parish, Louisiana",109860,111835,114083,116556,118476,120526,121938,123483,125141,126499
".Assumption Parish, Louisiana",23100,22915,22976,22758,22538,22340,22084,21708,21280,21041
".Avoyelles Parish, Louisiana",41759,41502,41169,40946,40801,40741,40575,40109,39801,39688
".Beauregard Parish, Louisiana",35937,36050,35854,35705,35867,36206,35932,36406,36433,36551
".Bienville Parish, Louisiana",14254,14181,13946,13763,13796,13758,13596,13253,13177,12992
".Bossier Parish, Louisiana",120289,123479,124485,125492,126338,126785,127984,128260,128618,128742
".Caddo Parish, Louisiana",256989,257243,255068,252505,251209,248679,245777,242649,239920,237847
".Calcasieu Parish, Louisiana",195525,197478,199828,202235,205451,209009,212196,214366,216213,216789
".Caldwell Parish, Louisiana",10093,9987,9909,9852,9924,9920,9789,9782,9726,9640
".Cameron Parish, Louisiana",6498,6317,6260,6134,6092,6019,5927,5862,5696,5618
".Catahoula Parish, Louisiana",10240,10156,10128,9969,9831,9621,9532,9252,9102,8905
".Claiborne Parish, Louisiana",16765,16552,16208,15808,15532,15289,14944,14751,14416,14168
".Concordia Parish, Louisiana",20800,20424,20391,20336,20050,19752,19597,19330,18991,18685
".De Soto Parish, Louisiana",26678,26841,26825,26715,26675,26674,26678,26726,26670,26811
".East Baton Rouge Parish, Louisiana",443667,446752,449655,452277,454351,457233,456693,456198,456581,456793
".East Carroll Parish, Louisiana",7760,7761,7764,7790,7707,7739,7708,7643,7583,7461
".East Feliciana Parish, Louisiana",20150,19981,19782,19916,19836,19858,19799,19745,19634,19540
".Evangeline Parish, Louisiana",33718,33526,33508,33345,33217,33063,32949,32654,32496,32351
".Franklin Parish, Louisiana",20769,20570,20505,20423,20374,20366,20234,20134,19956,19766
".Grant Parish, Louisiana",22383,22376,22280,22327,22266,22251,22246,22335,22244,22167
".Iberia Parish, Louisiana",73306,73609,73862,73825,73926,73204,72328,71223,70305,69926
".Iberville Parish, Louisiana",33119,32890,32756,32306,32117,31636,31502,31098,30731,30241
".Jackson Parish, Louisiana",16287,16145,15955,15758,15656,15528,15492,15449,15206,15033
".Jefferson Parish, Louisiana",435095,435782,436895,437506,439398,441677,442153,440988,441216,440779
".Jefferson Davis Parish, Louisiana",31713,31666,31614,31866,31948,31993,32191,32359,32324,32248
".Lafayette Parish, Louisiana",224342,226550,230308,234105,237314,238825,238807,239815,240675,241752
".Lafourche Parish, Louisiana",97019,97109,97203,97808,98228,98432,98008,97830,97528,97562
".LaSalle Parish, Louisiana",14916,14815,14754,14788,14870,14903,14748,14735,14725,14790
".Lincoln Parish, Louisiana",47288,47435,47829,47975,48393,48620,48770,48626,48479,48402
".Livingston Parish, Louisiana",129738,131306,133414,134834,136698,139223,137212,138803,140674,142281
".Madison Parish, Louisiana",11888,12052,11677,11519,11181,11046,10825,10616,10326,10013
".Morehouse Parish, Louisiana",27638,27660,27344,27185,26963,26692,26570,26335,25995,25632
".Natchitoches Parish, Louisiana",39350,39277,39030,39011,38871,38840,38847,38391,37918,37515
".Orleans Parish, Louisiana",360053,368561,376862,381612,386863,388416,387355,386427,385478,383995
".Ouachita Parish, Louisiana",155605,156978,158549,159617,160911,161705,161431,160972,160439,160369
".Plaquemines Parish, Louisiana",23633,23918,23637,23476,23652,23586,23637,23708,23598,23515
".Pointe Coupee Parish, Louisiana",22699,22488,22153,21954,21759,21604,21565,21168,20963,20758
".Rapides Parish, Louisiana",132154,132264,132686,132686,132386,132511,132052,131291,130795,130020
".Red River Parish, Louisiana",8995,8915,8730,8463,8345,8184,8019,7922,7738,7618
".Richland Parish, Louisiana",20885,20914,20915,20758,20546,20451,20414,20206,20136,20041
".Sabine Parish, Louisiana",24217,23952,23720,23406,23335,23008,22700,22528,22347,22155
".St. Bernard Parish, Louisiana",39048,40643,42216,42842,43448,43423,43375,43601,43690,43766
".St. Charles Parish, Louisiana",52336,52324,52471,52492,52342,52517,52290,52388,52652,52547
".St. Helena Parish, Louisiana",11070,11174,11051,10880,10901,10921,10934,10858,10913,10920
".St. James Parish, Louisiana",21711,21501,21410,21259,21162,21046,20934,20627,20480,20194
".St. John the Baptist Parish, Louisiana",45051,44690,43528,43663,43467,43369,43273,43045,42718,42476
".St. Landry Parish, Louisiana",83569,83687,83737,84097,84159,84441,84227,83560,83018,82538
".St. Martin Parish, Louisiana",52638,52365,52519,52744,53193,52999,53161,52533,52268,51773
".St. Mary Parish, Louisiana",54301,53767,53874,53649,53338,52575,51266,50414,50051,49405
".St. Tammany Parish, Louisiana",237096,239508,242585,246058,249942,253659,257352,259896,262757,264572
".Tangipahoa Parish, Louisiana",122301,122946,124525,125718,127119,128788,130159,131349,131929,133159
".Tensas Parish, Louisiana",5084,4985,4915,4829,4745,4618,4532,4410,4269,4148
".Terrebonne Parish, Louisiana",111628,111649,112610,113340,113631,112758,111517,110852,110152,109585
".Union Parish, Louisiana",22636,22293,22121,22117,21942,21862,21635,21349,21104,21109
".Vermilion Parish, Louisiana",57938,58169,58610,58655,58836,58819,58428,58211,57648,57349
".Vernon Parish, Louisiana",52391,54342,53129,53221,51931,52137,50488,49302,49092,48751
".Washington Parish, Louisiana",47075,46585,46281,46150,46155,46163,46388,46270,45787,45463
".Webster Parish, Louisiana",41117,40677,40327,39846,39516,39094,38506,37913,37351,36966
".West Baton Rouge Parish, Louisiana",24182,24275,24833,25426,25839,26231,26575,26834,26979,27201
".West Carroll Parish, Louisiana",11403,11287,11145,11124,10791,10554,10282,10228,10032,9757
".West Feliciana Parish, Louisiana",15488,15430,15396,15293,15279,15207,15240,15323,15399,15307
".Winn Parish, Louisiana",15142,15081,14817,14778,14589,14471,14276,14043,13861,13752
".Androscoggin County, Maine",107774,108087,108090,108487,108518,108971,109342,110075,110702,111129
".Aroostook County, Maine",71413,70820,70150,69629,68949,68414,67749,67427,67232,67097
".Cumberland County, Maine",283417,284938,287408,290532,292494,294845,296403,298748,300968,303069
".Franklin County, Maine",30669,30521,30292,29966,29727,29642,29397,29364,29522,29455
".Hancock County, Maine",54575,54569,54696,54653,54454,54747,54824,55122,55404,55480
".Kennebec County, Maine",121901,121789,121426,121616,121482,122037,122548,122744,122979,123640
".Knox County, Maine",39756,39761,39907,40177,40143,40181,40252,40303,40401,40595
".Lincoln County, Maine",34326,34254,34235,34240,34021,34268,34549,34760,35094,35233
".Oxford County, Maine",57732,57417,57321,57218,57035,57163,57328,57525,57613,57779
".Penobscot County, Maine",153840,153499,153442,153489,152276,151714,152127,152188,152259,152202
".Piscataquis County, Maine",17345,17230,17120,16969,16849,16811,16683,16571,16720,16800
".Sagadahoc County, Maine",35208,35270,35243,35367,35478,35612,35942,36357,36659,36704
".Somerset County, Maine",51916,51782,51659,51180,50658,50453,50248,50426,50569,50485
".Waldo County, Maine",38831,38874,38954,38941,39002,39300,39596,39456,39506,39602
".Washington County, Maine",32684,32482,32165,31837,31618,31411,31142,30893,30995,31108
".York County, Maine",198673,199661,200565,202316,203064,204723,206826,208647,210900,211979
".Allegany County, Maryland",74316,73491,72916,72154,71393,70764,69833,69236,68575,68106
".Anne Arundel County, Maryland",545597,551798,557548,561917,566217,571107,575619,580488,585330,588261
".Baltimore County, Maryland",816431,824365,831303,836807,842132,846014,848758,851079,853764,854538
".Calvert County, Maryland",89315,89690,90406,90490,90412,90961,91312,91927,92431,92785
".Caroline County, Maryland",32862,32586,32580,32449,32486,32696,32962,33160,33306,33301
".Carroll County, Maryland",167545,167938,168495,168993,169189,169557,170434,171546,172278,172894
".Cecil County, Maryland",101622,101851,102042,102385,102617,102805,102736,103075,103381,103722
".Charles County, Maryland",149494,151202,153434,155395,156945,158867,161334,163718,165794,166611
".Dorchester County, Maryland",32782,32628,32773,32776,32770,32672,32562,32427,32461,32532
".Frederick County, Maryland",238270,241406,243671,246698,249111,251993,256516,261932,267598,271716
".Garrett County, Maryland",30145,29951,29945,29623,29394,29326,29196,29111,28947,28806
".Harford County, Maryland",247286,249582,250365,251251,251957,253148,255080,257447,259590,260923
".Howard County, Maryland",294151,300223,305035,308878,313751,318361,322633,326563,330064,332321
".Kent County, Maryland",20247,19968,19805,19765,19700,19655,19424,19397,19347,19197
".Montgomery County, Maryland",992522,1007469,1018651,1029139,1038404,1045323,1054194,1056707,1060001,1062056
".Prince George's County, Maryland",881633,895476,909343,924329,936346,944503,951822,957881,963706,967189
".Queen Anne's County, Maryland",48121,48243,48155,48306,48399,48404,48800,49315,49504,49876
".St. Mary's County, Maryland",107501,108688,109054,109697,110720,111444,112114,112364,113109,113781
".Somerset County, Maryland",26160,25849,25688,25215,25252,25334,25296,24925,24811,24619
".Talbot County, Maryland",38009,38098,38058,37728,37671,37456,37389,37429,37610,37518
".Washington County, Maryland",149249,149887,150206,150633,151019,151928,152815,153621,154341,154700
".Wicomico County, Maryland",100032,100496,100750,101234,101595,101978,102160,103044,103608,103589
".Worcester County, Maryland",51515,51597,51577,51616,51515,51559,51780,52008,52337,52459
".Baltimore city, Maryland",620125,622372,621634,622581,621285,614701,608717,600811,591876,585703
".Barnstable County, Massachusetts",217348,218386,219709,221066,222252,223614,225233,226724,227436,228991
".Berkshire County, Massachusetts",131092,131271,130914,130722,130165,129821,129578,129628,129121,129026
".Bristol County, Massachusetts",550925,554033,556580,560553,563701,566270,570562,575150,576722,579197
".Dukes County, Massachusetts",17096,17540,18187,18638,18928,19300,19684,20033,20347,20595
".Essex County, Massachusetts",753857,761561,770681,779643,786913,791755,798533,804044,806790,809801
".Franklin County, Massachusetts",71800,71876,71633,71649,71289,71155,71196,71315,70941,71042
".Hampden County, Massachusetts",466329,467258,468188,470032,469832,468567,468355,468989,466774,465831
".Hampshire County, Massachusetts",160290,160673,161223,161392,161295,162102,161637,161772,162319,162300
".Middlesex County, Massachusetts",1527626,1547904,1567471,1584471,1597164,1608748,1620034,1625887,1630745,1632025
".Nantucket County, Massachusetts",10494,10966,11506,12065,12454,12892,13257,13508,14010,14251
".Norfolk County, Massachusetts",679906,686739,693939,699528,703530,707880,713142,717390,722594,726003
".Plymouth County, Massachusetts",499125,501192,505272,509742,513253,517108,521288,524923,528608,530819
".Suffolk County, Massachusetts",736625,750181,761145,771868,780403,789716,797437,799663,801027,797943
".Worcester County, Massachusetts",808160,814352,821543,829500,835482,840736,849178,855420,859347,862113
".Alcona County, Michigan",10699,10494,10438,10300,10146,10139,10055,10079,10134,10165
".Alger County, Michigan",9490,9408,9376,9280,9153,9005,8997,8929,8881,8837
".Allegan County, Michigan",111383,111894,112581,114094,115028,116097,117645,118561,119642,120506
".Alpena County, Michigan",29418,29305,29161,29147,29048,29050,28876,28924,28954,28915
".Antrim County, Michigan",23321,23245,23120,23136,23022,23074,23248,23317,23334,23435
".Arenac County, Michigan",15638,15504,15418,15326,15315,15139,15024,15050,14964,15010
".Baraga County, Michigan",8829,8713,8699,8627,8555,8499,8395,8270,8196,8152
".Barry County, Michigan",58976,59125,59237,59493,59666,60078,61009,61560,61890,62414
".Bay County, Michigan",107582,107267,107231,106615,105941,105219,105010,104727,104144,103872
".Benzie County, Michigan",17395,17346,17379,17516,17448,17597,17710,17845,17876,17970
".Berrien County, Michigan",157046,156913,156557,156534,155705,155128,155049,154786,154355,154310
".Branch County, Michigan",44093,44101,44032,44321,44361,44315,44347,44615,44723,44862
".Calhoun County, Michigan",135183,134886,134971,135092,134683,134706,134549,134338,134344,134315
".Cass County, Michigan",52198,51793,51569,51543,51319,51265,51463,51692,51756,51590
".Charlevoix County, Michigan",26094,26170,26226,26179,26166,26151,26145,26164,26109,26058
".Cheboygan County, Michigan",25909,25791,25638,25720,25504,25577,25593,25739,25516,25581
".Chippewa County, Michigan",38869,38944,38497,38156,37852,37550,37498,37194,37030,36786
".Clare County, Michigan",31004,30800,30603,30734,30619,30392,30564,30698,30899,30856
".Clinton County, Michigan",75821,76025,76610,76696,76695,77232,78078,78692,79013,79126
".Crawford County, Michigan",13914,13725,13550,13311,13325,13124,13163,13048,13079,12991
".Delta County, Michigan",37101,37119,37209,37120,37083,36993,36811,36912,36893,36917
".Dickinson County, Michigan",26164,26348,26272,26235,26077,26009,26008,26062,26043,25954
".Eaton County, Michigan",107801,107784,107959,108237,108169,108586,108744,108847,109181,109180
".Emmet County, Michigan",32842,32980,33196,33295,33320,33374,33640,33780,34023,34110
".Genesee County, Michigan",422183,418460,416028,413362,411082,409659,408374,407424,406597,406210
".Gladwin County, Michigan",25866,25530,25544,25474,25197,25111,25196,25280,25378,25384
".Gogebic County, Michigan",16174,16147,16063,15964,15794,15637,15691,15498,14424,14379
".Grand Traverse County, Michigan",88577,89626,90709,91640,92514,93153,93163,94008,94626,95238
".Gratiot County, Michigan",42290,42279,42376,42042,42042,41782,41957,41696,41930,41766
".Hillsdale County, Michigan",46613,46291,46167,45976,45941,45846,45897,45784,45633,45755
".Houghton County, Michigan",37039,37218,37364,37368,37336,37649,37772,37702,37625,37357
".Huron County, Michigan",32851,32605,32478,32330,32126,31906,31809,31767,31547,31417
".Ingham County, Michigan",282067,282220,282245,283169,284055,285821,287258,286237,285787,284888
".Ionia County, Michigan",64139,64385,64716,65182,65229,65591,65889,66106,66690,66802
".Iosco County, Michigan",25604,25465,25447,25463,25383,25335,25212,25232,25285,25229
".Iron County, Michigan",11836,11694,11688,11589,11620,11517,11516,11554,11569,11632
".Isabella County, Michigan",69977,69514,68556,67915,68080,68009,67279,66119,64844,64400
".Jackson County, Michigan",160042,160666,160652,160744,160907,160228,160838,161080,161144,160373
".Kalamazoo County, Michigan",252092,254436,255989,257219,257538,258871,260240,261539,261517,261664
".Kalkaska County, Michigan",17167,17088,17273,17344,17217,17238,17530,17716,17918,17939
".Kent County, Michigan",608475,615749,624233,631233,637047,643879,649328,653187,656297,657986
".Keweenaw County, Michigan",2172,2154,2123,2148,2089,2102,2040,2023,2025,2045
".Lake County, Michigan",11515,11569,11549,11601,11941,12159,12322,12243,12193,12100
".Lapeer County, Michigan",88205,88398,88585,88576,88837,88777,88856,88713,88622,88606
".Leelanau County, Michigan",21500,21508,21661,21839,21932,21865,22052,22133,22220,22303
".Lenawee County, Michigan",99543,99352,99298,99360,99155,99456,99511,99255,99794,99420
".Livingston County, Michigan",182242,183148,184732,186214,188020,189537,191027,192515,193466,193861
".Luce County, Michigan",6422,6296,6242,6069,6005,5825,5783,5666,5515,5337
".Mackinac County, Michigan",11011,11065,11000,10988,10811,10710,10754,10786,10802,10827
".Macomb County, Michigan",845357,851921,860263,866990,870066,874325,877822,880003,881262,881216
".Manistee County, Michigan",24817,24749,24591,24555,24635,24657,24644,24751,24923,25024
".Marquette County, Michigan",67455,67827,67773,67774,67327,66527,66481,66358,66635,66009
".Mason County, Michigan",28634,28640,28640,28696,28690,28769,28937,29020,29041,29048
".Mecosta County, Michigan",42938,42573,41924,41452,40847,40594,40279,40066,39765,39713
".Menominee County, Michigan",23976,23928,24011,23897,23941,23750,23621,23611,23560,23497
".Midland County, Michigan",83827,83747,83689,83542,83716,83498,83457,83464,83431,83490
".Missaukee County, Michigan",14892,14987,15027,14937,14832,14967,14949,15013,14989,15043
".Monroe County, Michigan",152039,151788,151568,151718,151660,151924,152591,153710,154326,154810
".Montcalm County, Michigan",63646,63789,63797,64115,64385,64902,65773,66381,66541,66611
".Montmorency County, Michigan",9603,9476,9324,9250,9200,9101,9111,9115,9142,9152
".Muskegon County, Michigan",170296,170623,172936,173120,173513,174542,175196,175302,175420,175817
".Newaygo County, Michigan",48414,48045,48111,48100,48272,48256,48847,49499,49684,49977
".Oakland County, Michigan",1215105,1228027,1241871,1251202,1254932,1263517,1270343,1273248,1275413,1274388
".Oceana County, Michigan",26440,26277,26261,26300,26260,26260,26360,26488,26462,26654
".Ogemaw County, Michigan",21469,21323,21111,20892,20798,20765,20779,20754,20796,20773
".Ontonagon County, Michigan",6646,6444,6366,6249,6108,6019,5985,5927,5837,5806
".Osceola County, Michigan",23407,23206,23148,22989,22896,22840,22875,22864,22894,22891
".Oscoda County, Michigan",8597,8544,8325,8253,8203,8152,8137,8136,8191,8217
".Otsego County, Michigan",24162,24128,24205,24275,24407,24655,24813,24985,25011,25095
".Ottawa County, Michigan",267195,271367,275114,278830,282071,285072,288059,291406,293510,296187
".Presque Isle County, Michigan",13191,13156,13115,13096,12968,12918,12972,12976,12898,12973
".Roscommon County, Michigan",24262,24066,23850,23800,23634,23453,23358,23389,23501,23453
".Saginaw County, Michigan",198932,198414,196866,195326,193396,192650,192018,190859,190505,190125
".St. Clair County, Michigan",161715,160868,160646,160539,160296,160119,159875,160033,160288,160376
".St. Joseph County, Michigan",61078,61003,61011,61046,60848,60807,60757,60869,60894,60946
".Sanilac County, Michigan",42674,42251,41824,41560,41336,41287,41081,41034,40996,40615
".Schoolcraft County, Michigan",8471,8339,8246,8115,8098,7928,7982,7975,8045,8048
".Shiawassee County, Michigan",70042,69410,69022,68964,68690,68770,68632,68303,68333,68099
".Tuscola County, Michigan",55525,54930,54539,54347,54249,53886,53544,53518,53281,53315
".Van Buren County, Michigan",75949,75326,75356,75278,75121,75323,75342,75487,75653,75588
".Washtenaw County, Michigan",350715,353845,358147,362711,366258,370179,373437,374797,373006,372259
".Wayne County, Michigan",1809178,1806930,1796207,1792645,1790828,1791753,1793735,1796673,1795841,1793543
".Wexford County, Michigan",32633,32511,32467,32835,32869,33067,33207,33426,33625,33671
".Aitkin County, Minnesota",16148,15998,15815,15776,15763,15642,15667,15738,15675,15697
".Anoka County, Minnesota",333469,337106,340545,343786,346545,349554,353776,357621,361593,363889
".Becker County, Minnesota",32851,33147,33409,33555,33811,34151,34581,34962,35088,35193
".Beltrami County, Minnesota",44907,44890,45115,45144,44998,45303,45625,45732,46094,46236
".Benton County, Minnesota",38786,38765,39110,39310,39635,39939,40499,40886,41294,41384
".Big Stone County, Minnesota",5233,5183,5140,5180,5108,5140,5162,5153,5170,5160
".Blue Earth County, Minnesota",64476,65180,65039,65701,66171,66957,67580,68135,68702,69115
".Brown County, Minnesota",25786,25639,25594,25702,25774,25907,25902,25948,25896,25916
".Carlton County, Minnesota",35484,35349,35389,35519,35600,35788,35774,36131,36265,36207
".Carver County, Minnesota",92838,93958,95784,97611,98969,100816,102615,104169,105760,106933
".Cass County, Minnesota",28405,28452,28546,28635,28798,29142,29454,29552,29788,30071
".Chippewa County, Minnesota",12410,12294,12324,12386,12495,12543,12537,12550,12508,12594
".Chisago County, Minnesota",53744,53436,53618,53746,54068,54549,55156,55861,56408,56618
".Clay County, Minnesota",60019,60376,60779,61574,62577,63497,64316,64616,65044,65320
".Clearwater County, Minnesota",8666,8576,8635,8593,8553,8552,8510,8437,8420,8522
".Cook County, Minnesota",5232,5220,5245,5320,5340,5455,5539,5556,5576,5603
".Cottonwood County, Minnesota",11746,11631,11634,11613,11554,11529,11433,11468,11449,11512
".Crow Wing County, Minnesota",62747,62936,63186,63353,63541,64098,64720,65408,65696,66119
".Dakota County, Minnesota",402859,406570,410720,415411,418680,423064,427966,432442,437268,439888
".Dodge County, Minnesota",20186,20241,20294,20329,20342,20468,20604,20685,20842,20863
".Douglas County, Minnesota",36272,36454,36577,36876,37162,37599,38053,38563,38715,38998
".Faribault County, Minnesota",14494,14235,14186,14218,14120,14034,13964,13957,13922,13921
".Fillmore County, Minnesota",20847,20854,20784,20809,20786,20971,21044,21131,21168,21232
".Freeborn County, Minnesota",31131,31136,31084,30951,30777,30747,30940,30957,30839,30899
".Goodhue County, Minnesota",46272,46438,46526,46558,46724,46998,47214,47341,47504,47574
".Grant County, Minnesota",5998,5938,5970,5943,5893,5955,5956,6015,6027,6076
".Hennepin County, Minnesota",1171240,1187536,1202850,1217282,1229843,1244490,1258341,1268983,1277450,1281569
".Houston County, Minnesota",18903,18811,18846,18793,18801,18867,18852,18776,18854,18848
".Hubbard County, Minnesota",20464,20360,20559,20455,20428,20450,20688,21008,21221,21341
".Isanti County, Minnesota",38189,38130,38037,38236,38236,38709,39474,39774,40367,41134
".Itasca County, Minnesota",45071,45091,45249,45216,45131,45008,44906,44923,44983,45013
".Jackson County, Minnesota",10223,10356,10349,10359,10203,10087,10113,10031,9984,9989
".Kanabec County, Minnesota",16180,15893,15893,15819,15699,15662,15798,15979,16011,16035
".Kandiyohi County, Minnesota",42276,42509,42649,42745,42939,43030,43163,43323,43667,43727
".Kittson County, Minnesota",4537,4492,4490,4444,4397,4307,4243,4255,4262,4206
".Koochiching County, Minnesota",13233,13157,13079,12833,12777,12583,12477,12372,12166,12068
".Lac qui Parle County, Minnesota",7240,7158,7057,6967,6958,6842,6796,6773,6773,6713
".Lake County, Minnesota",10811,10851,10790,10712,10677,10664,10671,10824,10866,10912
".Lake of the Woods County, Minnesota",4013,3950,3916,3897,3878,3799,3740,3733,3749,3770
".Le Sueur County, Minnesota",27770,27638,27670,27766,27697,27674,28103,28481,28741,28667
".Lincoln County, Minnesota",5815,5768,5773,5788,5737,5737,5702,5700,5670,5643
".Lyon County, Minnesota",25821,25615,25693,25734,25775,25930,25898,25569,25482,25269
".McLeod County, Minnesota",36471,36161,36226,36203,36341,36380,36596,36635,36765,36773
".Mahnomen County, Minnesota",5465,5490,5448,5470,5397,5434,5520,5442,5484,5415
".Marshall County, Minnesota",9423,9407,9336,9297,9260,9191,9152,9137,9080,9046
".Martin County, Minnesota",20688,20572,20583,20455,20298,20226,20222,20177,20095,20028
".Meeker County, Minnesota",23211,23064,23124,23173,23102,23145,23111,23206,23261,23416
".Mille Lacs County, Minnesota",25882,25702,25757,25690,25652,25798,26080,26329,26466,26463
".Morrison County, Minnesota",33357,33277,33116,33143,33181,33397,33643,33744,34053,34012
".Mower County, Minnesota",39336,39374,39294,39370,39442,39490,39713,40035,39943,40030
".Murray County, Minnesota",8632,8576,8513,8443,8401,8316,8338,8258,8209,8180
".Nicollet County, Minnesota",32970,33028,32994,33390,33542,33762,34076,34229,34306,34452
".Nobles County, Minnesota",21717,21916,22058,22040,22173,22394,22238,22396,22384,22287
".Norman County, Minnesota",6819,6625,6631,6626,6676,6602,6663,6561,6481,6446
".Olmsted County, Minnesota",146313,147781,150120,151708,153445,155770,157579,159481,161628,162844
".Otter Tail County, Minnesota",57449,57526,57935,58060,58236,58670,59176,59698,59912,60066
".Pennington County, Minnesota",14084,14147,14179,14160,14296,14287,14245,14235,14136,13990
".Pine County, Minnesota",29556,29080,28908,28861,28778,28548,28781,29020,28948,28869
".Pipestone County, Minnesota",9566,9466,9405,9456,9462,9439,9388,9378,9433,9422
".Polk County, Minnesota",31571,31570,31719,31598,31627,31820,31785,31534,31521,31200
".Pope County, Minnesota",10912,10896,10891,10941,10954,10999,11018,11126,11259,11310
".Ramsey County, Minnesota",516306,521903,528433,534499,538731,543890,547534,551876,552968,552358
".Red Lake County, Minnesota",4070,4035,3995,3949,3972,3918,3926,3875,3935,3929
".Redwood County, Minnesota",16068,15891,15791,15667,15594,15421,15481,15516,15453,15417
".Renville County, Minnesota",15464,15348,15163,15055,14948,14777,14889,14865,14817,14723
".Rice County, Minnesota",64459,64440,64648,65006,65341,65868,66205,66591,67024,67098
".Rock County, Minnesota",9650,9572,9558,9554,9663,9652,9768,9737,9699,9700
".Roseau County, Minnesota",15545,15564,15571,15772,15738,15696,15468,15335,15386,15332
".St. Louis County, Minnesota",200621,200727,200980,201344,201154,200941,200937,201062,200571,200230
".Scott County, Minnesota",132658,135279,137481,139461,141696,143780,146029,147849,149575,150925
".Sherburne County, Minnesota",89120,89185,89670,90364,90769,92447,93599,95011,96241,97189
".Sibley County, Minnesota",15176,15098,15081,14965,14932,14878,14969,15085,14937,14836
".Stearns County, Minnesota",150927,151118,151454,152512,154199,155053,155930,157096,157782,158298
".Steele County, Minnesota",36672,36497,36628,36830,37031,37151,37370,37415,37396,37402
".Stevens County, Minnesota",9698,9717,9728,9830,9846,9757,9655,9688,9752,9671
".Swift County, Minnesota",9764,9787,9773,9773,9728,9878,9887,9868,9909,9845
".Todd County, Minnesota",24946,24758,24644,24559,24589,24731,24914,25040,25203,25255
".Traverse County, Minnesota",3508,3438,3452,3446,3454,3423,3416,3412,3398,3357
".Wabasha County, Minnesota",21581,21491,21495,21369,21274,21305,21433,21407,21341,21384
".Wadena County, Minnesota",13689,13676,13739,13719,13827,13747,13869,13996,13951,14064
".Waseca County, Minnesota",19238,19269,19173,19110,19148,19064,19020,18992,18938,18959
".Washington County, Minnesota",241768,244333,246887,249736,251910,254356,257690,261215,265058,267556
".Watonwan County, Minnesota",11225,11216,11194,11171,11252,11286,11241,11338,11266,11260
".Wilkin County, Minnesota",6620,6671,6611,6616,6550,6552,6592,6539,6542,6515
".Winona County, Minnesota",51251,51158,51066,50715,50402,50368,50156,50159,49855,49667
".Wright County, Minnesota",126424,127608,128720,130479,131811,133323,135360,137700,139919,141330
".Yellow Medicine County, Minnesota",10284,10148,10067,9963,9811,9861,9799,9750,9673,9533
".Adams County, Mississippi",32323,32004,31832,31696,31098,31038,30996,30501,29898,29540
".Alcorn County, Mississippi",37012,36720,36572,36325,36127,35867,35593,35031,34973,34743
".Amite County, Mississippi",13200,13043,13010,12806,12802,12738,12794,12713,12724,12724
".Attala County, Mississippi",19362,19105,19054,18747,18574,18437,18340,18172,17996,17886
".Benton County, Mississippi",8633,8494,8276,8008,7797,7810,7760,7658,7632,7648
".Bolivar County, Mississippi",33888,34148,34197,34101,33575,32939,32194,31691,31316,30986
".Calhoun County, Mississippi",14774,14596,14371,14256,14095,13907,13758,13568,13411,13260
".Carroll County, Mississippi",10463,10450,10394,10328,10319,10329,10251,10075,10121,9999
".Chickasaw County, Mississippi",17512,17522,17418,17448,17449,17280,17184,17108,17132,17107
".Choctaw County, Mississippi",8467,8459,8506,8448,8446,8385,8345,8354,8323,8241
".Claiborne County, Mississippi",9804,9396,9207,9251,9312,9294,9173,9256,9177,9138
".Clarke County, Mississippi",16722,16580,16493,16376,16148,16048,15973,15758,15730,15613
".Clay County, Mississippi",20411,20239,20124,19842,19631,19391,19097,18777,18665,18635
".Coahoma County, Mississippi",25820,25553,25087,24718,24350,23668,22994,22376,21786,21389
".Copiah County, Mississippi",29323,29125,29053,29122,29049,28881,28786,28743,28417,28373
".Covington County, Mississippi",19460,19397,19142,19067,19137,19033,18855,18599,18357,18339
".DeSoto County, Mississippi",163838,165989,167735,169919,172230,174474,177552,180457,183200,185315
".Forrest County, Mississippi",76180,77125,77613,77168,77255,77515,77419,77519,77879,78158
".Franklin County, Mississippi",7982,7899,7876,7778,7738,7727,7766,7751,7701,7678
".George County, Mississippi",22849,22897,23193,23292,23342,23593,23869,23963,24348,24352
".Greene County, Mississippi",14322,14336,14294,14347,13557,13562,13544,13995,13591,13531
".Grenada County, Mississippi",21729,21837,21853,22018,21964,21824,21745,21806,21618,21631
".Hancock County, Mississippi",44528,44864,44939,45215,45354,45510,45631,45714,45900,46049
".Harrison County, Mississippi",191121,193617,196233,198472,200843,202696,205045,206294,207795,208626
".Hinds County, Mississippi",248048,247723,245861,244779,243592,241394,239000,234720,230634,227740
".Holmes County, Mississippi",19105,18965,18863,18590,18464,18122,17986,17617,17214,17001
".Humphreys County, Mississippi",9301,9187,8927,8745,8645,8496,8242,8116,7948,7791
".Issaquena County, Mississippi",1397,1414,1432,1422,1382,1374,1400,1372,1402,1337
".Itawamba County, Mississippi",23341,23427,23559,23638,23839,23775,23913,23894,23867,23858
".Jackson County, Mississippi",139993,139883,140223,141290,141169,141354,141976,142707,142904,143254
".Jasper County, Mississippi",16858,16560,16493,16535,16554,16593,16577,16419,16377,16364
".Jefferson County, Mississippi",7631,7741,7741,7693,7642,7462,7417,7303,7258,7256
".Jefferson Davis County, Mississippi",12209,12148,12064,11972,11826,11685,11552,11492,11430,11320
".Jones County, Mississippi",67836,68245,68698,68057,68205,67970,67789,67599,67474,67244
".Kemper County, Mississippi",10217,10257,10100,9967,9792,9665,9653,9218,9225,8983
".Lafayette County, Mississippi",48603,50582,52080,52713,53578,54491,55336,54875,55538,55815
".Lamar County, Mississippi",57414,58210,59271,60292,61133,61580,61787,62901,63623,64222
".Lauderdale County, Mississippi",80531,80042,79932,78881,77867,76836,75649,74630,73640,72978
".Lawrence County, Mississippi",12685,12577,12436,12412,12432,12501,12271,12029,12145,12015
".Leake County, Mississippi",23063,22850,22771,22536,21983,21839,21731,21539,21438,21273
".Lee County, Mississippi",83756,84305,84264,83843,83604,83479,83523,83574,83632,83347
".Leflore County, Mississippi",32121,30892,30883,30883,30460,30035,29593,28966,28555,28338
".Lincoln County, Mississippi",34982,35050,35020,35119,34998,34946,35003,34944,34943,34910
".Lowndes County, Mississippi",59684,59724,59978,60027,59970,59844,59511,59211,59053,58880
".Madison County, Mississippi",97272,98623,100299,101906,103756,105397,106347,107599,108518,109146
".Marion County, Mississippi",26667,26328,26058,25676,25419,25107,25108,24719,24484,24441
".Marshall County, Mississippi",36574,36212,35966,35527,35091,34809,34479,34191,33844,33747
".Monroe County, Mississippi",36476,36186,35829,35637,35307,35281,35139,34790,34367,34178
".Montgomery County, Mississippi",10787,10629,10616,10412,10257,10310,10231,10092,9885,9822
".Neshoba County, Mississippi",29766,29762,29561,29498,29525,29515,29494,29242,29208,29092
".Newton County, Mississippi",21472,21586,21652,21879,21782,21747,21684,21636,21347,21290
".Noxubee County, Mississippi",11294,11154,11058,11066,10945,10888,10714,10557,10420,10281
".Oktibbeha County, Mississippi",48029,49310,49811,49985,50654,50879,51245,50921,51418,51788
".Panola County, Mississippi",34390,34265,34164,34147,33826,33788,33591,33498,33436,33199
".Pearl River County, Mississippi",55479,55072,54948,55280,55140,55302,55552,55746,56037,56153
".Perry County, Mississippi",12107,11916,11896,11901,11881,11837,11753,11621,11643,11513
".Pike County, Mississippi",40592,40372,40350,40491,40563,40418,40441,40401,40439,40324
".Pontotoc County, Mississippi",29627,30027,30278,30276,30235,30743,30879,30925,31135,31189
".Prentiss County, Mississippi",25365,25361,25472,25410,25444,25389,25205,25041,25051,25006
".Quitman County, Mississippi",7976,7661,7619,7434,7198,6987,6772,6558,6253,6174
".Rankin County, Mississippi",144356,146099,147745,148966,150128,152832,153758,155252,156435,157034
".Scott County, Mississippi",28372,28335,28299,28504,28385,28307,28370,28250,28098,27990
".Sharkey County, Mississippi",4826,4695,4548,4440,4353,4256,4121,4004,3933,3799
".Simpson County, Mississippi",27317,27263,27299,27209,26798,26549,26393,26142,26135,25949
".Smith County, Mississippi",16326,15980,15714,15537,15246,14959,14926,14668,14384,14209
".Stone County, Mississippi",17900,18052,17967,18101,18284,18190,18610,17967,18291,18341
".Sunflower County, Mississippi",28661,28672,28280,27893,27482,27232,26976,27195,26186,25972
".Tallahatchie County, Mississippi",15197,14808,14634,14276,14065,13723,13389,13157,12954,12713
".Tate County, Mississippi",28684,28429,28212,28075,28255,28060,28306,28016,27935,28064
".Tippah County, Mississippi",22039,21916,22001,21978,22028,22082,21966,22075,22026,21817
".Tishomingo County, Mississippi",19580,19519,19363,19244,19256,19182,19204,19001,18964,18852
".Tunica County, Mississippi",10634,10519,10571,10649,10452,10363,10249,10213,9934,9782
".Union County, Mississippi",27174,27103,27421,27705,27757,27640,27715,27668,27738,27777
".Walthall County, Mississippi",15321,14976,14720,14669,14389,14311,14217,14081,13936,13884
".Warren County, Mississippi",48290,48163,48209,47831,47348,46841,46513,45863,45216,44722
".Washington County, Mississippi",50689,50439,50264,49796,48934,48338,47541,46580,45635,44923
".Wayne County, Mississippi",20568,20518,20316,20265,20257,20170,20094,19884,19732,19777
".Webster County, Mississippi",10224,10145,10030,10103,10009,9920,9920,9949,9927,9928
".Wilkinson County, Mississippi",9603,9497,9393,9254,9175,9134,8973,8903,8779,8586
".Winston County, Mississippi",19025,18946,18714,18543,18370,18260,18119,18025,17849,17708
".Yalobusha County, Mississippi",12579,12502,12536,12512,12714,12775,12805,12780,12557,12483
".Yazoo County, Mississippi",28166,28139,27718,27439,26965,27456,28076,28442,28889,26744
".Adair County, Missouri",25657,25662,25679,25487,25316,25218,25412,25468,25370,25318
".Andrew County, Missouri",17261,17423,17468,17496,17577,17662,17834,18072,18160,18135
".Atchison County, Missouri",5596,5556,5482,5437,5395,5415,5385,5323,5291,5302
".Audrain County, Missouri",25542,25551,25584,25865,26006,25899,25650,25458,25014,24968
".Barry County, Missouri",35178,35027,34893,34748,34586,34353,34590,34564,34531,34532
".Barton County, Missouri",12347,12301,12185,11993,11837,11838,11803,11762,11687,11639
".Bates County, Missouri",16936,16564,16351,16417,16242,16200,16130,16133,16003,16039
".Benton County, Missouri",19017,18954,18885,18803,18695,18804,18931,19188,19266,19395
".Bollinger County, Missouri",12185,12092,11975,11749,11494,11220,11140,10868,10686,10567
".Boone County, Missouri",166407,169083,171371,173327,175066,177178,178991,180359,181970,183601
".Buchanan County, Missouri",89501,89517,89228,88809,88098,87835,87224,86414,85382,84792
".Butler County, Missouri",42970,42954,42911,42781,42747,42673,42499,42468,42380,42128
".Caldwell County, Missouri",9245,9029,8956,8888,8867,8889,8877,8870,8812,8815
".Callaway County, Missouri",44238,44281,44354,44401,44413,44714,44575,44501,44217,44290
".Camden County, Missouri",43392,43405,43138,43038,42863,42680,42888,42922,42810,42742
".Cape Girardeau County, Missouri",76911,77587,78233,78916,79490,79960,79984,80684,81072,81714
".Carroll County, Missouri",9238,9050,9016,8909,8822,8777,8706,8629,8591,8487
".Carter County, Missouri",6231,6092,6084,5948,5863,5712,5600,5411,5245,5199
".Cass County, Missouri",100168,100730,101104,101385,102022,103400,104377,105749,106847,107825
".Cedar County, Missouri",13895,13875,13725,13722,13709,13788,13973,13998,14158,14186
".Chariton County, Missouri",7746,7683,7644,7681,7588,7520,7471,7459,7474,7412
".Christian County, Missouri",78484,79370,80206,81274,82397,83369,84487,86058,87578,88836
".Clark County, Missouri",7004,6925,6838,6806,6709,6612,6579,6667,6625,6637
".Clay County, Missouri",225329,227740,230552,233339,235588,239128,243117,247182,250952,253344
".Clinton County, Missouri",20760,20705,20779,20545,20931,20939,21027,20969,21032,21188
".Cole County, Missouri",76600,76678,77017,77029,77298,77296,77338,77457,77585,77275
".Cooper County, Missouri",17532,17505,17564,17501,17537,17605,17535,17482,17426,17107
".Crawford County, Missouri",24726,24621,24295,24325,24131,23817,23584,23351,23187,23057
".Dade County, Missouri",7766,7559,7535,7602,7583,7606,7592,7570,7559,7571
".Dallas County, Missouri",16676,16679,16433,16304,16306,16351,16677,16740,16885,17069
".Daviess County, Missouri",8305,8324,8338,8373,8350,8310,8451,8439,8395,8423
".DeKalb County, Missouri",12831,12809,12675,12606,12620,12592,12645,12629,10910,11035
".Dent County, Missouri",15483,15413,15390,15177,15088,14774,14717,14691,14537,14419
".Douglas County, Missouri",13416,13184,12875,12783,12447,12265,12021,11959,11615,11574
".Dunklin County, Missouri",31932,31692,31512,31026,30504,30188,29643,28891,28531,28280
".Franklin County, Missouri",101657,101401,101819,102055,102429,102953,103567,103973,104149,104686
".Gasconade County, Missouri",15098,14954,14875,14891,14847,14864,14825,14828,14838,14797
".Gentry County, Missouri",6778,6689,6621,6607,6469,6408,6380,6295,6246,6162
".Greene County, Missouri",278025,281478,285091,287180,289709,290694,292821,294834,297315,298903
".Grundy County, Missouri",10274,10369,10397,10250,10117,10207,10106,10080,9927,9808
".Harrison County, Missouri",8865,8691,8659,8563,8538,8476,8391,8216,8182,8157
".Henry County, Missouri",22238,22200,22076,21996,21661,21554,21612,21779,21853,21941
".Hickory County, Missouri",9453,9154,8930,8745,8592,8561,8462,8353,8304,8278
".Holt County, Missouri",4833,4670,4575,4511,4460,4437,4375,4347,4347,4227
".Howard County, Missouri",10238,10233,10290,10197,10217,10129,10179,10155,10126,10156
".Howell County, Missouri",40516,40422,40074,39913,39813,39824,39713,39698,39630,39747
".Iron County, Missouri",10545,10413,10270,10112,9894,9763,9755,9712,9613,9540
".Jackson County, Missouri",677055,680113,683736,688135,693113,699875,706960,711131,714801,717209
".Jasper County, Missouri",115459,116076,117194,118298,119236,120034,120960,121313,122309,122754
".Jefferson County, Missouri",219654,219974,221050,222232,223391,223684,224127,224979,225765,226742
".Johnson County, Missouri",53389,54285,54259,54127,53600,53583,53732,53535,53982,54006
".Knox County, Missouri",4101,4046,3995,3908,3801,3803,3824,3776,3771,3741
".Laclede County, Missouri",35685,35520,35717,35616,35578,35572,35566,35797,35996,36039
".Lafayette County, Missouri",33213,33062,32828,32627,32634,32532,32605,32568,32775,32978
".Lawrence County, Missouri",38476,38336,38039,37825,37885,38066,38115,38093,38088,38004
".Lewis County, Missouri",10246,10167,10185,10195,10261,10234,10123,10033,9998,10038
".Lincoln County, Missouri",53014,53200,53687,54040,54413,54959,55824,57358,58765,59573
".Linn County, Missouri",12605,12494,12336,12326,12300,12135,12173,12017,11923,11876
".Livingston County, Missouri",15123,15002,14883,15016,14952,15130,15174,15183,14998,14562
".McDonald County, Missouri",22946,23066,22780,23020,22930,23022,23084,23359,23280,23302
".Macon County, Missouri",15486,15574,15496,15479,15325,15209,15328,15252,15206,15212
".Madison County, Missouri",12322,12494,12442,12417,12457,12536,12615,12636,12601,12625
".Maries County, Missouri",9125,8939,8915,8846,8745,8599,8531,8499,8419,8430
".Marion County, Missouri",28793,28766,28801,28810,28751,28759,28650,28613,28598,28525
".Mercer County, Missouri",3771,3701,3654,3669,3644,3634,3637,3599,3591,3542
".Miller County, Missouri",24578,24344,24475,24393,24332,24346,24462,24431,24668,24728
".Mississippi County, Missouri",14209,14231,14107,14089,13850,13596,13430,13159,12972,12575
".Moniteau County, Missouri",15689,15634,15691,15740,15786,15880,15901,15973,15654,15471
".Monroe County, Missouri",8685,8692,8770,8737,8638,8632,8597,8634,8632,8667
".Montgomery County, Missouri",12204,11967,11846,11716,11568,11447,11374,11442,11453,11313
".Morgan County, Missouri",20408,20139,20209,20193,20211,20271,20373,20685,20965,20994
".New Madrid County, Missouri",18713,18388,18200,18080,17884,17630,17285,16942,16725,16432
".Newton County, Missouri",58591,58699,58467,58240,58278,58356,58363,58411,58528,58659
".Nodaway County, Missouri",23367,23207,22979,22760,22349,22129,22017,21773,21561,21247
".Oregon County, Missouri",10824,10567,10350,10067,9917,9625,9259,9067,8847,8634
".Osage County, Missouri",13873,13782,13584,13515,13386,13429,13447,13398,13350,13270
".Ozark County, Missouri",9582,9479,9338,9219,9090,8868,8846,8568,8657,8553
".Pemiscot County, Missouri",18186,18079,17780,17571,17424,17089,16805,16276,15859,15664
".Perry County, Missouri",18972,18941,18975,19022,18949,19085,19105,19100,18958,18957
".Pettis County, Missouri",42210,42412,42360,42415,42567,42588,42842,42864,42882,42978
".Phelps County, Missouri",45279,45283,45081,45024,44884,44870,44720,44679,44739,44638
".Pike County, Missouri",18666,18556,18610,18496,18408,18513,18562,18502,17685,17587
".Platte County, Missouri",90988,92341,93635,95208,96874,99154,101700,103459,105293,106720
".Polk County, Missouri",31088,30880,30826,30737,30786,30837,31106,31481,31372,31513
".Pulaski County, Missouri",53479,53803,54558,54181,53981,53337,52826,53015,53793,53956
".Putnam County, Missouri",4975,4944,4882,4838,4857,4816,4771,4736,4674,4671
".Ralls County, Missouri",10287,10245,10190,10309,10206,10282,10277,10289,10354,10352
".Randolph County, Missouri",25308,25383,25019,25150,25171,25120,25058,24866,25029,24709
".Ray County, Missouri",23373,23131,23138,23034,22917,22881,23058,23110,23232,23152
".Reynolds County, Missouri",6550,6523,6419,6354,6234,6288,6178,6173,6183,6097
".Ripley County, Missouri",13816,13441,13143,12826,12419,12133,11673,11263,10916,10679
".St. Charles County, Missouri",365620,369185,374393,379974,385131,390751,395185,398693,401665,405254
".St. Clair County, Missouri",9652,9457,9390,9303,9251,9100,9151,9154,9139,9282
".Ste. Genevieve County, Missouri",18265,17993,18133,18173,18098,18216,18202,18351,18474,18481
".St. Francois County, Missouri",65634,65880,66216,65930,66412,66585,66922,66990,67222,66911
".St. Louis County, Missouri",1001292,1003039,1003726,1004799,1006398,1004125,1003764,1003465,1003948,1004141
".Saline County, Missouri",23470,23658,23522,23617,23499,23433,23297,23313,23281,23333
".Schuyler County, Missouri",4324,4274,4205,4174,4232,4169,4134,4146,4148,4032
".Scotland County, Missouri",4818,4834,4846,4778,4743,4807,4833,4795,4777,4713
".Scott County, Missouri",39126,39116,39140,38783,38898,38612,38415,38374,38166,38052
".Shannon County, Missouri",8268,8070,7910,7799,7662,7495,7392,7229,7097,7028
".Shelby County, Missouri",6256,6257,6212,6171,6200,6156,6132,6163,6101,6107
".Stoddard County, Missouri",29809,29741,29694,29652,29576,29295,29142,29013,28787,28675
".Stone County, Missouri",31971,31621,31256,30919,30664,30704,30750,30675,30820,31079
".Sullivan County, Missouri",6660,6548,6486,6459,6348,6303,6174,6156,6024,6000
".Taney County, Missouri",52660,52918,53284,53843,54260,54636,55145,55782,56017,56063
".Texas County, Missouri",25852,25649,25483,25398,25343,25429,25207,25012,24769,24483
".Vernon County, Missouri",21001,20777,20758,20695,20403,20247,20014,19960,20000,19715
".Warren County, Missouri",32512,32559,32716,32832,33103,33356,33858,34115,34947,35531
".Washington County, Missouri",24968,24840,24787,24609,24216,24157,24200,23990,23722,23515
".Wayne County, Missouri",13197,13000,12886,12711,12482,12094,11992,11581,11225,10976
".Webster County, Missouri",36365,36295,36406,36751,37248,37726,38266,38635,39005,39089
".Worth County, Missouri",2120,2083,2082,2059,2048,2015,2048,2020,1999,1970
".Wright County, Missouri",18555,18532,18299,18153,18089,18111,18135,18139,18226,18185
".St. Louis city, Missouri",319791,320207,319597,318870,317839,314796,310594,306129,303655,301580
".Beaverhead County, Montana",9197,9329,9260,9280,9228,9372,9332,9295,9342,9372
".Big Horn County, Montana",13057,12994,13111,13337,13304,13431,13446,13296,13238,13129
".Blaine County, Montana",6628,6778,6775,6889,6904,6979,7045,7110,7092,7043
".Broadwater County, Montana",5771,5843,5799,5815,5912,6020,6192,6350,6548,6776
".Carbon County, Montana",10037,10047,10202,10259,10184,10218,10382,10308,10314,10479
".Carter County, Montana",1157,1195,1207,1221,1235,1280,1344,1362,1400,1412
".Cascade County, Montana",82109,82332,83217,83394,83535,83532,83905,84232,84170,84415
".Chouteau County, Montana",5835,5975,5916,5982,5876,5898,5875,5915,5856,5899
".Custer County, Montana",11823,11920,12051,12241,12368,12166,12114,12001,11837,11865
".Daniels County, Montana",1762,1777,1781,1802,1756,1736,1727,1714,1655,1658
".Dawson County, Montana",9075,9318,9506,9668,9776,9500,9221,8974,8964,8940
".Deer Lodge County, Montana",9307,9266,9329,9210,9221,9196,9268,9325,9393,9423
".Fallon County, Montana",2955,3070,3112,3196,3277,3222,3157,3090,3063,3045
".Fergus County, Montana",11506,11471,11581,11482,11495,11547,11529,11371,11349,11444
".Flathead County, Montana",91149,91390,92641,94189,95380,97235,99500,101221,102894,104356
".Gallatin County, Montana",91748,93231,95758,98770,102452,106677,110796,114092,116955,118959
".Garfield County, Montana",1241,1222,1222,1232,1231,1233,1207,1181,1181,1170
".Glacier County, Montana",13595,13700,13835,13766,13715,13788,13823,13904,13820,13767
".Golden Valley County, Montana",830,826,845,839,816,808,814,822,824,825
".Granite County, Montana",3073,3033,3058,3132,3144,3258,3322,3331,3308,3307
".Hill County, Montana",16380,16375,16505,16462,16388,16384,16403,16278,16411,16309
".Jefferson County, Montana",11340,11260,11371,11393,11437,11610,11728,11867,11968,12083
".Judith Basin County, Montana",2013,2010,2008,1992,1942,1955,1957,1964,2027,2020
".Lake County, Montana",29012,29072,29213,29333,29602,29865,30443,30535,30798,31131
".Lewis and Clark County, Montana",64392,64954,65558,66131,66761,67541,68614,69488,70377,70971
".Liberty County, Montana",2329,2301,2227,2173,2174,2151,2110,2094,1998,1954
".Lincoln County, Montana",19552,19356,19237,18947,18763,18948,19144,19356,19531,19674
".McCone County, Montana",1718,1716,1737,1742,1735,1772,1746,1713,1713,1727
".Madison County, Montana",7608,7600,7586,7711,7883,7896,8073,8351,8485,8623
".Meagher County, Montana",1889,1907,1935,1896,1871,1909,1923,1923,1926,1926
".Mineral County, Montana",4223,4134,4236,4203,4204,4140,4253,4329,4438,4529
".Missoula County, Montana",109851,110349,110898,111499,112521,114490,115636,116192,116963,117922
".Musselshell County, Montana",4758,4713,4712,4685,4677,4695,4687,4695,4708,4733
".Park County, Montana",15568,15699,15852,16118,16250,16420,16720,17035,17029,17195
".Petroleum County, Montana",491,505,505,489,476,492,513,518,498,496
".Phillips County, Montana",4223,4190,4260,4301,4307,4308,4334,4293,4232,4220
".Pondera County, Montana",6207,6174,6250,6182,6152,6085,6025,6017,5949,5903
".Powder River County, Montana",1742,1760,1761,1787,1781,1762,1765,1748,1710,1697
".Powell County, Montana",7099,7105,6992,6928,6856,6912,6873,7020,6966,6947
".Prairie County, Montana",1144,1145,1170,1133,1151,1172,1111,1073,1082,1093
".Ravalli County, Montana",40310,40457,40497,40523,40874,41589,42168,42866,43577,44177
".Richland County, Montana",10213,10903,11334,11765,12191,11751,11460,11363,11400,11499
".Roosevelt County, Montana",10476,10818,11034,11214,11331,11122,11039,10950,10877,10798
".Rosebud County, Montana",9262,9230,9133,9104,9079,8935,8844,8614,8470,8329
".Sanders County, Montana",11441,11450,11416,11449,11462,11668,11929,12003,12236,12402
".Sheridan County, Montana",3453,3611,3715,3778,3817,3780,3659,3605,3571,3540
".Silver Bow County, Montana",34425,34505,34622,34818,34766,34792,34888,34800,34937,35129
".Stillwater County, Montana",9045,8967,8969,8863,8966,8809,8782,8783,8872,8961
".Sweet Grass County, Montana",3584,3579,3657,3637,3618,3610,3668,3701,3717,3680
".Teton County, Montana",6062,6062,6059,6043,6074,6029,6113,6137,6168,6226
".Toole County, Montana",5194,5284,5221,5246,5238,5146,5086,5073,4982,4971
".Treasure County, Montana",716,730,707,709,711,715,711,716,752,759
".Valley County, Montana",7491,7558,7711,7735,7751,7692,7581,7599,7604,7576
".Wheatland County, Montana",2123,2074,2099,2061,2075,2082,2094,2107,2040,2067
".Wibaux County, Montana",982,1034,1101,1084,1071,1043,1019,1029,954,939
".Yellowstone County, Montana",150072,152171,154552,156288,157780,159402,160975,161881,163326,164725
".Adams County, Nebraska",31185,31310,31478,31323,31482,31610,31707,31364,31143,31191
".Antelope County, Nebraska",6623,6554,6478,6428,6424,6357,6354,6318,6332,6298
".Arthur County, Nebraska",463,470,442,435,431,443,428,432,433,433
".Banner County, Nebraska",645,662,645,625,655,651,649,634,652,675
".Blaine County, Nebraska",471,491,459,475,459,448,456,449,425,427
".Boone County, Nebraska",5437,5484,5477,5461,5438,5496,5498,5417,5406,5375
".Box Butte County, Nebraska",11309,11290,11331,11341,11374,11224,10906,10808,10868,10838
".Boyd County, Nebraska",2073,2048,1997,1994,1973,1943,1913,1896,1838,1811
".Brown County, Nebraska",3086,3032,2936,2935,2932,2953,2955,2899,2877,2901
".Buffalo County, Nebraska",46821,47634,48002,48205,48587,49149,49375,49432,49792,50086
".Burt County, Nebraska",6810,6734,6646,6644,6659,6668,6694,6669,6703,6722
".Butler County, Nebraska",8301,8333,8347,8331,8246,8215,8294,8326,8330,8359
".Cass County, Nebraska",25279,25199,25399,25542,25593,25835,26167,26410,26492,26599
".Cedar County, Nebraska",8746,8689,8615,8529,8501,8575,8493,8425,8382,8383
".Chase County, Nebraska",3990,4027,3995,3998,3984,3931,3946,3932,3932,3893
".Cherry County, Nebraska",5689,5658,5649,5605,5653,5634,5571,5521,5443,5454
".Cheyenne County, Nebraska",10038,10156,10192,10276,10338,10293,9913,9591,9342,9473
".Clay County, Nebraska",6439,6358,6320,6264,6225,6058,6101,6108,6106,6106
".Colfax County, Nebraska",10554,10535,10429,10633,10677,10684,10650,10658,10614,10578
".Cuming County, Nebraska",9142,9130,9076,9104,9179,9065,9086,9079,9004,9021
".Custer County, Nebraska",10888,10815,10784,10713,10757,10740,10772,10702,10667,10540
".Dakota County, Nebraska",20994,21043,21241,21172,21323,21218,21145,21298,21465,21587
".Dawes County, Nebraska",9181,9096,9003,8940,8863,8789,8743,8513,8361,8198
".Dawson County, Nebraska",24274,24094,24186,24203,24165,24093,24047,24189,24090,24105
".Deuel County, Nebraska",1961,1965,1929,1938,1925,1882,1881,1852,1846,1836
".Dixon County, Nebraska",5994,5885,5808,5752,5762,5733,5734,5680,5623,5593
".Dodge County, Nebraska",37033,36777,36766,36965,37008,37229,37390,37375,37225,37165
".Douglas County, Nebraska",525608,533323,540420,547811,554965,562603,568901,575401,580818,584532
".Dundy County, Nebraska",1974,1975,1949,1857,1762,1796,1773,1728,1670,1658
".Fillmore County, Nebraska",5830,5719,5648,5619,5574,5644,5588,5564,5522,5562
".Franklin County, Nebraska",3197,3170,3046,3023,2946,2960,2934,2943,2891,2895
".Frontier County, Nebraska",2704,2701,2689,2688,2588,2602,2566,2533,2559,2523
".Furnas County, Nebraska",4910,4877,4822,4840,4814,4734,4745,4671,4664,4638
".Gage County, Nebraska",21938,21706,21839,21654,21834,21760,21803,21680,21746,21708
".Garden County, Nebraska",2067,1991,1933,1922,1933,1922,1914,1915,1850,1876
".Garfield County, Nebraska",1990,1963,1975,1939,1939,1902,1883,1853,1839,1815
".Gosper County, Nebraska",1979,2058,1989,1967,1979,1971,1963,1915,1897,1891
".Grant County, Nebraska",633,622,629,620,638,654,637,654,613,612
".Greeley County, Nebraska",2516,2430,2433,2419,2357,2307,2254,2234,2230,2190
".Hall County, Nebraska",59723,60494,61059,61837,62042,62482,62546,62935,63051,62891
".Hamilton County, Nebraska",9100,9080,9178,9173,9228,9273,9316,9353,9442,9424
".Harlan County, Nebraska",3405,3355,3405,3362,3308,3284,3233,3156,3140,3074
".Hayes County, Nebraska",944,904,926,882,881,855,847,858,850,851
".Hitchcock County, Nebraska",2836,2834,2798,2807,2791,2716,2684,2649,2605,2613
".Holt County, Nebraska",10459,10406,10423,10414,10331,10307,10286,10256,10199,10119
".Hooker County, Nebraska",750,731,750,746,744,720,707,717,721,710
".Howard County, Nebraska",6295,6296,6335,6349,6378,6393,6391,6445,6422,6469
".Jefferson County, Nebraska",7572,7570,7562,7365,7306,7264,7273,7190,7163,7243
".Johnson County, Nebraska",5247,5240,5242,5322,5363,5352,5340,5298,5267,5289
".Kearney County, Nebraska",6554,6520,6503,6610,6585,6598,6562,6627,6652,6692
".Keith County, Nebraska",8288,8311,8284,8340,8339,8336,8346,8303,8338,8332
".Keya Paha County, Nebraska",819,797,790,795,797,791,791,795,785,769
".Kimball County, Nebraska",3796,3783,3666,3689,3669,3618,3505,3478,3518,3433
".Knox County, Nebraska",8585,8595,8580,8510,8511,8548,8502,8472,8406,8387
".Lancaster County, Nebraska",290260,294051,298003,303787,307544,312040,315613,318332,320605,322609
".Lincoln County, Nebraska",36059,36021,36007,35741,35617,35644,35434,35336,35029,34676
".Logan County, Nebraska",776,779,769,756,777,781,749,730,726,718
".Loup County, Nebraska",613,597,575,581,587,593,578,590,626,605
".McPherson County, Nebraska",542,492,503,478,449,455,438,431,423,399
".Madison County, Nebraska",35102,35250,35390,35394,35380,35403,35652,35762,35727,35586
".Merrick County, Nebraska",7743,7813,7784,7726,7724,7755,7764,7646,7675,7662
".Morrill County, Nebraska",4977,4920,4906,4892,4891,4814,4743,4595,4560,4557
".Nance County, Nebraska",3714,3643,3512,3467,3497,3471,3453,3372,3348,3376
".Nemaha County, Nebraska",7250,7170,7174,7160,7043,7021,7011,7018,7005,7081
".Nuckolls County, Nebraska",4445,4424,4376,4336,4308,4254,4248,4165,4125,4099
".Otoe County, Nebraska",15733,15678,15669,15760,15817,15899,15909,15950,15946,15913
".Pawnee County, Nebraska",2783,2778,2730,2699,2657,2661,2575,2576,2576,2549
".Perkins County, Nebraska",2942,2926,2884,2867,2924,2888,2873,2897,2868,2857
".Phelps County, Nebraska",9136,9198,9165,9144,9197,9173,9022,8969,8953,8965
".Pierce County, Nebraska",7211,7217,7226,7264,7268,7229,7201,7242,7277,7315
".Platte County, Nebraska",32633,32878,32895,33132,33349,33557,33888,34013,34259,34301
".Polk County, Nebraska",5339,5270,5248,5277,5181,5196,5315,5218,5175,5212
".Red Willow County, Nebraska",11056,11057,11071,10928,10919,10810,10798,10769,10762,10698
".Richardson County, Nebraska",8348,8298,8152,8136,8055,8049,8022,7974,7907,7870
".Rock County, Nebraska",1466,1401,1404,1402,1359,1336,1339,1263,1268,1263
".Saline County, Nebraska",14358,14473,14382,14406,14335,14397,14565,14550,14445,14291
".Sarpy County, Nebraska",162870,166203,169775,172873,176444,179825,183056,185913,188919,190600
".Saunders County, Nebraska",20893,20897,21018,21047,21180,21246,21348,21637,21961,22268
".Scotts Bluff County, Nebraska",37058,37089,37119,36782,36663,36902,36712,36535,36269,36088
".Seward County, Nebraska",16759,16994,17134,17195,17219,17357,17508,17627,17706,17614
".Sheridan County, Nebraska",5357,5323,5203,5240,5203,5218,5257,5149,5200,5127
".Sherman County, Nebraska",3100,3074,3054,3024,3023,2991,3055,3009,2962,2959
".Sioux County, Nebraska",1308,1308,1310,1297,1247,1226,1159,1141,1114,1136
".Stanton County, Nebraska",6171,6084,6077,6082,5926,5948,5951,5938,5896,5846
".Thayer County, Nebraska",5186,5173,5222,5268,5198,5169,5131,5127,5099,5034
".Thomas County, Nebraska",691,689,688,679,666,689,685,670,677,670
".Thurston County, Nebraska",6854,6833,6737,6783,6850,6870,6886,6938,6832,6779
".Valley County, Nebraska",4222,4207,4169,4201,4147,4167,4186,4144,4082,4062
".Washington County, Nebraska",19925,19961,19868,19953,19948,20243,20361,20634,20723,20869
".Wayne County, Nebraska",9484,9557,9521,9507,9492,9567,9422,9530,9620,9694
".Webster County, Nebraska",3752,3726,3633,3630,3575,3553,3482,3488,3432,3391
".Wheeler County, Nebraska",813,794,774,780,772,794,804,783,767,770
".York County, Nebraska",13863,13974,14051,14177,14120,14117,14200,14222,14169,14120
".Churchill County, Nevada",24629,24308,24015,23942,24101,24070,24220,24724,25217,25516
".Clark County, Nevada",1956909,1980175,2004126,2036053,2075751,2113943,2152772,2194265,2236975,2265463
".Douglas County, Nevada",47025,47009,47069,47554,47605,48022,48267,48814,49320,49483
".Elko County, Nevada",49551,51158,52607,52916,52127,52464,52820,53053,53534,53704
".Esmeralda County, Nevada",752,758,799,771,769,747,751,705,733,730
".Eureka County, Nevada",1948,1938,1974,1895,1917,1796,1788,1825,1861,1850
".Humboldt County, Nevada",16681,17151,17471,17368,17204,17018,16970,17047,17186,17282
".Lander County, Nevada",5866,5968,6131,6068,5994,5829,5734,5683,5707,5730
".Lincoln County, Nevada",5187,5220,5054,4920,4789,4731,4700,4681,4568,4503
".Lyon County, Nevada",51530,51227,51470,51823,52573,53453,54738,56702,58511,59236
".Mineral County, Nevada",4639,4671,4573,4488,4442,4404,4484,4590,4549,4556
".Nye County, Nevada",44455,44458,44139,44491,45001,45669,46799,48461,50358,51590
".Pershing County, Nevada",6618,6769,6869,6734,6658,6628,6528,6757,6695,6650
".Storey County, Nevada",3892,3814,3761,3757,3826,3938,3925,3940,4095,4098
".Washoe County, Nevada",425352,429809,434604,440894,448025,456431,464335,473093,481911,486484
".White Pine County, Nevada",10080,9935,9926,9876,9672,9504,9347,9211,9119,9077
".Carson City, Nevada",55015,54922,54600,55229,55532,55967,56590,57456,58326,58642
".Belknap County, New Hampshire",60605,60930,60951,61220,61528,62108,62454,63003,63371,63706
".Carroll County, New Hampshire",47815,47940,47872,47893,47964,48150,48899,49511,49666,50109
".Cheshire County, New Hampshire",76997,77014,76868,76621,76523,76261,76245,76133,76114,76446
".Coos County, New Hampshire",32514,31984,31957,32794,32359,31933,31429,31503,31436,31266
".Grafton County, New Hampshire",89360,89776,90123,90235,89805,90497,90506,90582,90790,91111
".Hillsborough County, New Hampshire",403357,405384,406782,409239,411433,414216,416589,418382,421622,422934
".Merrimack County, New Hampshire",147067,147461,148005,148841,149497,150112,151059,152124,152888,153812
".Rockingham County, New Hampshire",296642,298972,300647,302960,304660,306755,309298,311025,312617,314181
".Strafford County, New Hampshire",124098,124717,124955,126451,126926,128185,129691,129652,130278,130883
".Sullivan County, New Hampshire",43484,43194,43003,43090,43069,42961,42906,43026,43075,43060
".Atlantic County, New Jersey",276033,277178,278000,277393,276085,274213,273567,273233,274011,274541
".Bergen County, New Jersey",915029,921715,927843,933701,939112,943424,949897,952751,954514,955719
".Burlington County, New Jersey",452132,454059,453890,456210,455816,456513,457156,457862,460099,461858
".Camden County, New Jersey",514660,515332,515320,515387,516378,517383,518394,520231,521690,523494
".Cape May County, New Jersey",96956,97050,96671,96441,96157,96001,95807,95476,95467,95259
".Cumberland County, New Jersey",157847,158339,158045,158675,158025,157105,155906,155688,155065,154163
".Essex County, New Jersey",793348,799101,806915,815247,823217,831982,842351,851880,859732,863731
".Gloucester County, New Jersey",290855,291915,292933,294662,295864,296561,297775,299363,300373,302297
".Hudson County, New Jersey",652145,664066,673986,682389,691865,701148,710526,715250,722083,724839
".Hunterdon County, New Jersey",127844,127552,127734,127590,127654,127459,127955,128541,128874,128951
".Mercer County, New Jersey",369858,373046,375914,377373,378569,380199,382721,384914,386203,387336
".Middlesex County, New Jersey",820152,828221,834565,841006,846068,849828,855423,858050,860690,863156
".Monmouth County, New Jersey",632214,633215,634954,636028,637085,638423,639948,641142,642427,643623
".Morris County, New Jersey",497017,499619,501819,502474,503687,504927,506865,507729,507995,509270
".Ocean County, New Jersey",581956,585484,590065,594892,599996,606336,613186,621701,629979,637224
".Passaic County, New Jersey",506133,508715,511301,514271,516646,518399,521102,522194,523141,524117
".Salem County, New Jersey",66177,65962,65574,65354,65003,64744,64669,64739,64542,64832
".Somerset County, New Jersey",328228,330978,334130,336017,337882,339769,341978,343661,344449,345358
".Sussex County, New Jersey",148683,147900,146968,146333,145152,144497,144158,144284,144398,144223
".Union County, New Jersey",542323,547312,552311,556237,560065,564854,568661,572366,574479,575346
".Warren County, New Jersey",108655,108489,108237,108726,108892,108609,108668,109017,109165,109632
".Bernalillo County, New Mexico",669712,672565,674792,673931,673735,674662,674544,673678,674659,676444
".Catron County, New Mexico",3712,3626,3575,3535,3462,3505,3533,3496,3477,3580
".Chaves County, New Mexico",65769,65867,66159,66004,66060,65926,65372,64808,64945,65155
".Cibola County, New Mexico",27580,27580,27642,27455,27415,27500,27431,27377,27331,27165
".Colfax County, New Mexico",13670,13335,13196,12872,12642,12509,12466,12424,12435,12391
".Curry County, New Mexico",49774,50720,50652,50945,50088,50028,49534,49010,48630,48428
".De Baca County, New Mexico",2001,1959,1933,1867,1880,1842,1814,1786,1746,1701
".Doña Ana County, New Mexico",212963,214163,213868,213393,213355,213862,215288,216411,217678,219562
".Eddy County, New Mexico",54562,55302,56943,58354,59774,60071,59915,60889,61950,62314
".Grant County, New Mexico",29493,29518,29482,29364,28971,28778,28503,28220,28002,28186
".Guadalupe County, New Mexico",4647,4630,4589,4515,4440,4488,4535,4456,4427,4450
".Harding County, New Mexico",714,704,694,698,725,695,693,662,651,654
".Hidalgo County, New Mexico",4850,4793,4640,4569,4463,4353,4333,4268,4241,4176
".Lea County, New Mexico",65478,66992,69524,71345,72922,71993,71023,71804,73664,74458
".Lincoln County, New Mexico",20456,20283,20104,19763,19555,19649,19764,19906,20064,20267
".Los Alamos County, New Mexico",18230,18235,17951,17805,17817,18205,18735,18969,19328,19418
".Luna County, New Mexico",25297,25267,25097,25080,25173,25329,25263,25167,25191,25427
".McKinley County, New Mexico",72575,72803,73295,73616,74475,74219,73831,73531,73223,72906
".Mora County, New Mexico",4744,4616,4596,4484,4452,4343,4313,4225,4212,4186
".Otero County, New Mexico",65652,66228,66329,65371,64810,65689,66119,66555,67522,67839
".Quay County, New Mexico",9108,8921,8841,8684,8717,8710,8662,8624,8715,8746
".Rio Arriba County, New Mexico",40457,40580,40621,40460,40265,40305,40457,40405,40481,40358
".Roosevelt County, New Mexico",20531,20505,20297,20004,19583,19671,19478,19382,19252,19193
".Sandoval County, New Mexico",134384,135482,136453,137203,138742,140769,143048,145653,147321,148831
".San Juan County, New Mexico",129498,129369,128899,128346,127340,126839,125679,124104,122292,121661
".San Miguel County, New Mexico",29354,29096,28829,28506,28229,28007,27745,27522,27349,27203
".Santa Fe County, New Mexico",146256,147458,148533,149167,149794,150784,151890,152636,153762,154825
".Sierra County, New Mexico",12116,12018,11762,11580,11626,11574,11610,11550,11544,11575
".Socorro County, New Mexico",17784,17484,17525,17279,17178,17024,16866,16696,16666,16597
".Taos County, New Mexico",33126,33183,33562,33752,33777,34081,34151,34234,34462,34489
".Torrance County, New Mexico",16397,16062,15690,15490,15380,15213,15217,15147,15068,15048
".Union County, New Mexico",4422,4419,4370,4280,4199,4197,4230,4139,4088,4083
".Valencia County, New Mexico",76818,76519,76095,75364,75012,74862,75069,75427,75804,76206
".Albany County, New York",305961,308179,310132,311784,313127,314486,315662,315501,314630,314833
".Allegany County, New York",48902,48391,48163,47992,47749,47535,47216,46908,46613,46457
".Bronx County, New York",1405193,1425939,1442945,1458516,1474117,1484928,1487801,1486756,1479222,1472659
".Broome County, New York",200464,200667,200808,201029,200593,200068,199626,199471,198864,198686
".Cattaraugus County, New York",79948,79587,79338,79128,78482,78356,77947,77599,77184,77044
".Cayuga County, New York",79713,79535,79129,78803,78349,77728,77532,77164,76497,76244
".Chautauqua County, New York",134400,133644,133333,132379,131307,130173,129425,128655,127913,127650
".Chemung County, New York",89074,89448,88643,87779,87438,86486,85747,85081,84580,84149
".Chenango County, New York",50239,49975,49600,49484,48973,48538,48089,47784,47549,47214
".Clinton County, New York",81726,81715,81521,81468,80724,80478,80546,80619,79968,79839
".Columbia County, New York",62779,62895,62795,62796,62488,62037,61746,61482,61410,61573
".Cortland County, New York",49322,48922,48759,48546,48050,47654,47491,47330,46972,46813
".Delaware County, New York",47614,47270,46883,46668,46020,45547,45234,44820,44576,44312
".Dutchess County, New York",298424,297539,297030,296127,295297,294484,295158,295687,296034,295917
".Erie County, New York",924403,928112,932734,937256,939783,941531,945520,949686,952161,954245
".Essex County, New York",39329,38979,38746,38511,38193,37957,37825,37656,37376,37370
".Franklin County, New York",51237,51238,50423,50066,49262,49536,48696,48298,47830,47559
".Fulton County, New York",55156,54923,54458,54077,53982,53845,54049,53921,53634,53317
".Genesee County, New York",60051,59967,59536,59279,59148,58809,58739,58546,58576,58386
".Greene County, New York",48948,48750,48540,48266,47997,47928,47921,47991,47872,47935
".Hamilton County, New York",4919,4969,5007,5015,5088,5020,5012,5063,5122,5109
".Herkimer County, New York",64273,64025,63591,63004,62178,61862,61529,61004,60509,60140
".Jefferson County, New York",118816,122150,121238,121548,120772,118321,119335,118919,117602,116716
".Kings County, New York",2564525,2611093,2649210,2681874,2708040,2726337,2731444,2736071,2737209,2736074
".Lewis County, New York",27065,27268,27205,27233,27006,26874,26858,26790,26651,26587
".Livingston County, New York",64743,64617,64375,64264,63954,63558,62976,62681,62219,61833
".Madison County, New York",72577,71859,71655,71160,70430,69820,69130,69060,68498,68019
".Monroe County, New York",749027,751444,754196,755089,755118,755191,756333,758810,758941,759436
".Montgomery County, New York",49957,49905,49853,49819,49737,49433,49425,49754,49638,49534
".Nassau County, New York",1351478,1359255,1366077,1372792,1377148,1382459,1387871,1392254,1395123,1395773
".New York County, New York",1618186,1641641,1653028,1663961,1677134,1684128,1687323,1694959,1702471,1694249
".Niagara County, New York",216209,215596,215384,214977,214424,213976,213719,213495,213145,212655
".Oneida County, New York",234778,234772,234805,234511,233632,233132,233181,233073,232323,232129
".Onondaga County, New York",469756,470883,473710,474543,475053,474540,473907,475617,476259,476525
".Ontario County, New York",108909,109169,109843,110374,110555,110814,111351,111896,112153,112468
".Orange County, New York",376163,377386,379602,381725,384285,387868,391464,395573,399706,401310
".Orleans County, New York",42683,42450,42313,41968,41610,41422,40991,40910,40577,40341
".Oswego County, New York",122109,121689,121504,121026,120276,119517,119152,118325,117837,117531
".Otsego County, New York",61933,61681,61519,60818,60333,59907,59690,59527,59010,58518
".Putnam County, New York",99692,99395,99250,99020,98681,98185,98241,98120,97669,97677
".Queens County, New York",2276504,2310213,2342084,2370533,2394554,2412601,2418581,2415645,2411304,2405471
".Rensselaer County, New York",159948,160083,160480,160884,160851,161024,161201,161713,161516,161135
".Richmond County, New York",473499,475075,478250,480354,482745,486598,490246,492946,494545,495747
".Rockland County, New York",316930,319873,323148,326165,329169,330652,333207,335450,337332,338320
".St. Lawrence County, New York",112432,112645,112339,111962,110999,110221,109597,109477,108824,108506
".Saratoga County, New York",221795,223715,225867,226849,228953,230489,233142,234483,234518,235505
".Schenectady County, New York",155205,155626,155819,156148,156130,156089,156591,157467,157939,158066
".Schoharie County, New York",32444,31724,31447,31173,30674,30443,30246,30028,29758,29717
".Schuyler County, New York",18446,18549,18455,18267,18140,18098,18052,18003,17993,17897
".Seneca County, New York",35294,35299,35165,34788,34687,34575,34119,34078,33966,33803
".Steuben County, New York",98960,98620,98417,97618,96889,96189,95467,94839,94165,93583
".Suffolk County, New York",1505124,1508218,1513565,1516702,1518120,1517810,1519947,1523333,1524358,1525916
".Sullivan County, New York",77416,77579,77879,76858,76341,76688,77059,77723,78177,78615
".Tioga County, New York",50946,50399,50276,50048,49629,49142,48989,48891,48641,48452
".Tompkins County, New York",102410,103790,105097,105399,105495,105790,105919,106009,106038,105734
".Ulster County, New York",182959,182458,182025,182140,181801,181552,181558,181819,181643,181851
".Warren County, New York",65989,65870,65735,65709,65457,65725,65798,65853,65755,65732
".Washington County, New York",63167,63137,62960,62732,62559,62148,61989,61777,61665,61289
".Wayne County, New York",93484,93444,92946,92585,92262,91950,91736,91597,91483,91282
".Westchester County, New York",961082,968129,976839,983034,988474,993783,997084,999708,1002976,1004459
".Wyoming County, New York",41971,41916,41678,41549,41437,41044,40985,40851,40737,40528
".Yates County, New York",25448,25332,25206,25145,25124,25055,24992,24926,24865,24771
".Alamance County, North Carolina",152771,153405,154362,155639,157351,160652,163668,166904,169609,171416
".Alexander County, North Carolina",36898,36690,36676,36548,36410,36465,36346,36408,36449,36442
".Alleghany County, North Carolina",10977,10874,10802,10758,10691,10732,10777,10907,10844,10889
".Anson County, North Carolina",26273,25878,25336,25151,24597,23960,23449,22886,21743,22058
".Ashe County, North Carolina",26905,26780,26633,26494,26296,26203,26341,26605,26635,26579
".Avery County, North Carolina",17799,17668,17736,17753,17612,17590,17685,17695,17704,17802
".Beaufort County, North Carolina",47373,46879,46582,46287,46091,45845,45285,45065,44784,44652
".Bertie County, North Carolina",20748,20297,20046,19953,19716,18878,18624,18364,18168,17929
".Bladen County, North Carolina",34461,34056,33539,32951,32343,31576,31033,30423,29786,29610
".Brunswick County, North Carolina",108826,109569,111410,113719,116562,119562,123040,128018,132837,136693
".Buncombe County, North Carolina",241999,245154,248964,251896,255409,259092,261897,264833,267774,269446
".Burke County, North Carolina",90166,89304,88393,88044,87796,87608,88013,87886,87707,87570
".Cabarrus County, North Carolina",181867,185585,189038,194054,199345,205146,210941,215981,221383,225804
".Caldwell County, North Carolina",82263,81738,81553,81026,80724,80840,80814,80811,80812,80648
".Camden County, North Carolina",9952,9873,9928,10029,9974,10017,10089,10126,10224,10359
".Carteret County, North Carolina",67192,67359,67791,67852,67756,67672,67619,67959,67733,67686
".Caswell County, North Carolina",23482,23096,23171,22906,22934,22893,22790,22882,22804,22738
".Catawba County, North Carolina",154551,154828,155154,155326,155817,156766,158111,158850,159732,160606
".Chatham County, North Carolina",64220,64732,65538,67050,68730,70183,71832,73835,75163,76283
".Cherokee County, North Carolina",27156,26990,27061,26991,27000,27711,27826,28227,28486,28774
".Chowan County, North Carolina",14786,14660,14618,14437,14169,14111,13901,13890,13772,13708
".Clay County, North Carolina",10637,10576,10483,10418,10446,10549,10760,10838,10929,11085
".Cleveland County, North Carolina",97534,97482,97109,97312,97229,97451,97680,98141,98578,99521
".Columbus County, North Carolina",57166,56566,55683,55056,54413,53602,52843,52171,51425,50623
".Craven County, North Carolina",104768,105205,104113,103834,102575,102293,102170,102015,101304,100716
".Cumberland County, North Carolina",330392,329741,332647,331888,330620,332558,330351,332958,334800,334725
".Currituck County, North Carolina",23821,23872,24032,24535,24759,25228,25819,26503,27265,28100
".Dare County, North Carolina",34090,34261,34639,34673,35201,35551,35846,36242,36547,36912
".Davidson County, North Carolina",162916,163032,163291,163376,163473,164408,165386,166608,168105,168934
".Davie County, North Carolina",41276,41181,41293,41066,41410,41639,41962,42123,42272,42715
".Duplin County, North Carolina",57950,57170,56032,55124,53565,52954,51601,50648,49438,48729
".Durham County, North Carolina",276411,282399,288340,294650,300182,307113,311316,316169,321502,324834
".Edgecombe County, North Carolina",55774,55190,54730,53960,52621,51956,51256,50266,49469,48903
".Forsyth County, North Carolina",354412,357403,360331,364102,366956,370771,375128,378316,381131,382591
".Franklin County, North Carolina",60596,60777,61170,61507,62201,62935,64150,65342,67191,68572
".Gaston County, North Carolina",207111,208306,209806,211336,213908,217811,221046,224293,226257,227944
".Gates County, North Carolina",11915,11658,11368,11197,10993,10931,10760,10680,10590,10479
".Graham County, North Carolina",8753,8602,8567,8426,8352,8260,8204,8120,8056,8033
".Granville County, North Carolina",57574,57685,57954,58237,58461,59029,59812,60509,60816,60990
".Greene County, North Carolina",21457,21087,20857,20807,20694,20779,20608,20635,20459,20449
".Guilford County, North Carolina",495161,500868,506899,512886,517865,525215,529429,534162,538901,541301
".Halifax County, North Carolina",53992,53505,52855,52398,51644,51164,50574,49838,49111,48619
".Harnett County, North Carolina",118784,121498,124008,125351,126393,128735,130163,131895,133085,133563
".Haywood County, North Carolina",58631,58487,58747,58853,59305,59994,60589,61512,61772,62091
".Henderson County, North Carolina",107144,107367,108301,109500,110907,112477,114001,114930,115522,116279
".Hertford County, North Carolina",24518,24233,24046,23886,23504,23139,22674,22467,22056,21549
".Hoke County, North Carolina",49020,49682,50010,50090,50899,50817,51575,51666,51808,52077
".Hyde County, North Carolina",5763,5627,5563,5481,5279,5261,5030,4777,4676,4588
".Iredell County, North Carolina",161304,163137,165249,167368,170543,173733,176986,179852,183542,186686
".Jackson County, North Carolina",40148,40467,40753,40593,40898,42104,42593,42827,42936,43108
".Johnston County, North Carolina",172615,174672,177651,181270,185795,191729,197459,204076,210957,215997
".Jones County, North Carolina",10042,10038,9957,9791,9708,9497,9464,9460,9230,9171
".Lee County, North Carolina",58666,59489,60120,59865,59946,60300,61168,62073,62729,63283
".Lenoir County, North Carolina",59336,58972,58522,57972,57638,56818,56127,55461,55414,55126
".Lincoln County, North Carolina",78183,78529,78831,79075,80146,80640,81918,83548,85746,86813
".McDowell County, North Carolina",44903,44729,44630,44497,44340,44111,44201,44472,44652,44582
".Macon County, North Carolina",34023,34058,34105,34306,34682,34972,35390,36114,36724,37020
".Madison County, North Carolina",20806,20793,21004,20990,20894,21068,21215,21218,21143,21195
".Martin County, North Carolina",24159,23801,23571,23347,23150,22982,22612,22513,22246,22031
".Mecklenburg County, North Carolina",942744,965126,987872,1006551,1028704,1051691,1072273,1087510,1103865,1115481
".Mitchell County, North Carolina",15354,15326,15277,15165,15061,15001,14990,14986,14925,14901
".Montgomery County, North Carolina",27512,27175,26950,26641,26642,26348,26184,25864,25818,25752
".Moore County, North Carolina",88872,89496,90368,91511,92405,93490,95093,96364,98255,99730
".Nash County, North Carolina",95806,95277,94537,94351,93975,94203,94261,94350,94469,94980
".New Hanover County, North Carolina",204706,206773,209647,211685,214151,218410,221310,223971,224640,225701
".Northampton County, North Carolina",21702,20898,20299,19925,19633,19057,18647,18317,17902,17472
".Onslow County, North Carolina",185176,191008,192804,192430,193858,193288,195961,197785,203598,204586
".Orange County, North Carolina",134825,137822,139400,140340,141335,142713,143467,147850,147992,148704
".Pamlico County, North Carolina",13189,12919,12739,12688,12513,12503,12320,12246,12253,12273
".Pasquotank County, North Carolina",40325,40474,39678,39597,39579,39592,39622,39923,40228,40565
".Pender County, North Carolina",52670,52812,53478,54198,55322,56279,57829,58756,59274,60200
".Perquimans County, North Carolina",13421,13450,13435,13275,13147,13035,13011,12912,13001,13008
".Person County, North Carolina",39428,39014,39002,38802,38809,38833,38853,38897,38908,39094
".Pitt County, North Carolina",169274,170247,170436,169814,169708,169586,169724,169504,169857,170252
".Polk County, North Carolina",20085,19882,19858,19675,19556,19393,19378,19321,19207,19328
".Randolph County, North Carolina",141837,142231,142250,142385,142459,142950,142860,143017,143317,144167
".Richmond County, North Carolina",46468,46028,45650,45137,44644,44102,43705,43652,43385,42955
".Robeson County, North Carolina",133468,132394,130710,129134,127299,124833,122734,120658,117847,116534
".Rockingham County, North Carolina",93284,92676,91864,91738,91591,91199,90697,90512,90930,91095
".Rowan County, North Carolina",138382,138518,139152,140004,140885,142232,143554,144586,145983,146878
".Rutherford County, North Carolina",67096,66636,66013,65472,65030,64677,64654,64555,64603,64446
".Sampson County, North Carolina",62970,62728,62486,61953,61273,60474,60026,59680,59339,59037
".Scotland County, North Carolina",36213,35984,35757,35454,35077,35009,34824,34297,34324,34170
".Stanly County, North Carolina",60456,60329,60440,60365,60309,60453,61023,61581,62090,62503
".Stokes County, North Carolina",46978,46445,46109,45797,45510,45142,44836,44466,44520,44524
".Surry County, North Carolina",73455,73213,72522,72331,71805,71804,71859,71666,71416,71364
".Swain County, North Carolina",13993,14033,13945,14197,14276,14130,14199,14181,14224,14113
".Transylvania County, North Carolina",32630,32521,32372,32351,32419,32521,32754,32977,32920,32986
".Tyrrell County, North Carolina",4269,4001,3929,3892,3857,3683,3784,3673,3319,3245
".Union County, North Carolina",204262,206927,210558,215541,219302,223227,227727,231896,235184,238265
".Vance County, North Carolina",45029,44628,43819,43634,43366,43234,42851,42988,42711,42578
".Wake County, North Carolina",929083,952587,974971,998828,1023620,1049825,1073497,1093379,1114114,1129416
".Warren County, North Carolina",20874,20549,20293,19985,19721,19316,19181,19078,18865,18648
".Washington County, North Carolina",12838,12543,12496,12253,11971,11749,11562,11354,11143,11000
".Watauga County, North Carolina",51349,51563,51575,51447,51925,52743,53588,54314,54151,54088
".Wayne County, North Carolina",123224,123089,122462,121806,120907,120208,118376,117993,117749,117334
".Wilkes County, North Carolina",68680,68427,67912,67505,67175,67231,66904,66709,66310,65968
".Wilson County, North Carolina",80756,80677,80153,79645,79559,79310,79141,78773,78834,78782
".Yadkin County, North Carolina",38292,38055,37934,37674,37410,37388,37296,37110,37229,37211
".Yancey County, North Carolina",17740,17714,17679,17711,17758,17837,17996,18220,18425,18474
".Adams County, North Dakota",2309,2330,2385,2379,2386,2327,2316,2256,2209,2200
".Barnes County, North Dakota",11167,11104,11252,11247,11237,11172,10998,10887,10802,10857
".Benson County, North Dakota",6584,6582,6628,6532,6383,6325,6313,6243,6063,5957
".Billings County, North Dakota",851,932,930,944,977,982,961,965,984,948
".Bottineau County, North Dakota",6509,6622,6767,6719,6779,6626,6582,6455,6356,6386
".Bowman County, North Dakota",3138,3204,3204,3224,3262,3205,3130,3038,3011,2982
".Burke County, North Dakota",2073,2202,2331,2295,2386,2274,2192,2162,2201,2207
".Burleigh County, North Dakota",83597,86296,89208,91532,94471,96056,96984,97396,97909,98453
".Cass County, North Dakota",153479,157744,163331,167189,171519,175147,178799,181632,183103,184519
".Cavalier County, North Dakota",3941,3917,3847,3834,3813,3802,3772,3780,3715,3698
".Dickey County, North Dakota",5283,5274,5273,5204,5180,5148,5010,5100,5076,4991
".Divide County, North Dakota",2132,2228,2298,2391,2413,2337,2226,2180,2167,2199
".Dunn County, North Dakota",3676,3872,4017,4211,4378,4128,3995,3991,4063,4092
".Eddy County, North Dakota",2366,2385,2415,2395,2384,2394,2425,2400,2381,2347
".Emmons County, North Dakota",3517,3491,3505,3449,3443,3384,3360,3333,3315,3300
".Foster County, North Dakota",3369,3427,3423,3426,3435,3439,3403,3385,3411,3387
".Golden Valley County, North Dakota",1756,1803,1820,1848,1874,1854,1770,1754,1749,1733
".Grand Forks County, North Dakota",67103,68466,70375,71404,72348,72929,73347,73661,73019,73161
".Grant County, North Dakota",2366,2363,2416,2403,2432,2426,2410,2409,2335,2300
".Griggs County, North Dakota",2381,2365,2313,2330,2335,2307,2307,2287,2300,2302
".Hettinger County, North Dakota",2509,2551,2656,2643,2678,2624,2508,2548,2556,2494
".Kidder County, North Dakota",2434,2432,2423,2420,2415,2429,2428,2397,2418,2402
".LaMoure County, North Dakota",4101,4096,4118,4118,4162,4148,4143,4121,4096,4097
".Logan County, North Dakota",1972,1939,1929,1938,1923,1918,1906,1880,1844,1875
".McHenry County, North Dakota",5454,5712,5783,5815,5776,5745,5620,5490,5404,5343
".McIntosh County, North Dakota",2768,2767,2762,2777,2757,2649,2664,2621,2545,2525
".McKenzie County, North Dakota",6955,7873,9129,10779,12548,12283,12343,13158,14563,14699
".McLean County, North Dakota",9126,9467,9579,9702,9848,9868,9892,9799,9763,9777
".Mercer County, North Dakota",8443,8508,8638,8775,8869,8728,8579,8415,8367,8353
".Morton County, North Dakota",27952,28502,29532,30567,31230,31914,32292,32545,32987,33290
".Mountrail County, North Dakota",8017,8586,9121,9466,9954,9814,9780,9656,9879,9819
".Nelson County, North Dakota",3086,3103,3124,3109,3028,3021,3061,3059,3055,3020
".Oliver County, North Dakota",1842,1837,1874,1847,1839,1864,1895,1907,1903,1875
".Pembina County, North Dakota",7373,7254,7148,7131,7111,7136,7044,6980,6892,6846
".Pierce County, North Dakota",4374,4454,4428,4377,4290,4234,4128,4106,4035,3987
".Ramsey County, North Dakota",11550,11634,11650,11706,11775,11690,11743,11744,11679,11613
".Ransom County, North Dakota",5497,5590,5668,5668,5729,5705,5680,5649,5700,5708
".Renville County, North Dakota",2496,2552,2607,2564,2540,2514,2441,2334,2307,2276
".Richland County, North Dakota",16313,16310,16416,16513,16491,16537,16579,16536,16514,16528
".Rolette County, North Dakota",13945,13956,14033,13888,13657,13481,13171,12746,12421,12182
".Sargent County, North Dakota",3784,3882,3863,3899,3841,3856,3828,3824,3896,3856
".Sheridan County, North Dakota",1314,1281,1323,1329,1304,1336,1343,1325,1283,1267
".Sioux County, North Dakota",4203,4269,4352,4350,4240,4282,4226,4155,4004,3902
".Slope County, North Dakota",724,761,762,767,765,763,744,738,722,708
".Stark County, North Dakota",25404,27301,28896,31069,32803,32003,31597,32340,33060,33644
".Steele County, North Dakota",1959,1930,1886,1871,1864,1852,1835,1819,1806,1794
".Stutsman County, North Dakota",21162,21236,21456,21613,21658,21800,21962,21788,21695,21605
".Towner County, North Dakota",2267,2302,2281,2297,2279,2284,2287,2230,2217,2169
".Traill County, North Dakota",8071,8078,8200,8056,8005,8027,8014,8015,8061,8001
".Walsh County, North Dakota",11038,11045,11114,10954,10909,10881,10865,10692,10675,10560
".Ward County, North Dakota",64571,65927,68507,70214,72183,71086,70295,69721,69813,69921
".Wells County, North Dakota",4229,4291,4229,4229,4225,4208,4174,4100,4024,3979
".Williams County, North Dakota",24727,27314,30430,33221,36683,35839,35440,37747,40195,40957
".Adams County, Ohio",28441,28265,28052,28017,27865,27754,27673,27601,27546,27478
".Allen County, Ohio",105984,105258,105081,104899,104156,103710,103195,102771,102477,102214
".Ashland County, Ohio",53133,53024,52844,52752,52802,52874,52962,52917,52511,52445
".Ashtabula County, Ohio",101203,100460,100048,99415,98877,98688,98373,98218,97853,97578
".Athens County, Ohio",64701,63929,63611,63502,64306,64446,64317,63090,62687,62426
".Auglaize County, Ohio",45847,45948,46053,46061,46131,46220,46276,46320,46273,46426
".Belmont County, Ohio",70166,69788,69679,69516,69157,68808,68267,67712,67225,66499
".Brown County, Ohio",44655,44332,44186,44030,43815,43777,43695,43778,43647,43670
".Butler County, Ohio",370789,371755,373125,376005,378802,381658,384382,386245,388235,390357
".Carroll County, Ohio",28807,28506,28206,28058,27623,27503,27182,26967,26796,26734
".Champaign County, Ohio",39795,39518,39380,38975,38834,38592,38661,38576,38681,38714
".Clark County, Ohio",138086,137673,137368,137260,136917,136123,136165,136437,136265,135997
".Clermont County, Ohio",199038,199800,200899,202033,202716,204093,205338,206807,207977,208609
".Clinton County, Ohio",41925,41838,41893,41842,41886,41950,42066,42155,42041,42023
".Columbiana County, Ohio",107503,106772,106182,105909,105070,104261,103587,102977,102290,101887
".Coshocton County, Ohio",36944,36846,36758,36579,36639,36722,36617,36701,36655,36614
".Crawford County, Ohio",43390,42917,42923,42677,42661,42495,42195,41980,41986,42023
".Cuyahoga County, Ohio",1274697,1273974,1276821,1278041,1277072,1275717,1272622,1270022,1267228,1264841
".Darke County, Ohio",52739,52671,52534,52481,52345,52062,52049,51863,51786,51894
".Defiance County, Ohio",39068,38941,38724,38727,38571,38426,38465,38395,38369,38282
".Delaware County, Ohio",178759,181549,186000,190243,194358,198317,202171,206501,211062,214121
".Erie County, Ohio",76907,76830,76634,76568,76297,76086,76033,75840,75780,75619
".Fairfield County, Ohio",147132,147227,148695,150237,151109,152590,154441,155747,157349,158916
".Fayette County, Ohio",28916,28853,28810,28809,28811,28927,28938,28919,28828,28943
".Franklin County, Ohio",1180911,1199247,1219172,1238740,1257869,1275185,1296343,1308564,1318727,1323813
".Fulton County, Ohio",42454,42493,42435,42709,42680,42790,42800,42854,42846,42710
".Gallia County, Ohio",30947,30745,30487,30209,29940,29834,29716,29455,29289,29219
".Geauga County, Ohio",93539,94224,94503,94839,94958,95120,95354,95435,95361,95388
".Greene County, Ohio",163345,163943,163339,163927,163348,164215,165237,165955,167462,167962
".Guernsey County, Ohio",39868,39801,39593,39538,39204,39000,38802,38698,38525,38437
".Hamilton County, Ohio",802245,805265,809308,813021,816202,819268,823394,825754,829754,830625
".Hancock County, Ohio",74852,75345,75420,75073,75416,75460,75556,75426,75143,74928
".Hardin County, Ohio",31710,31459,31495,31456,31215,30897,30785,30789,30665,30698
".Harrison County, Ohio",15716,15556,15420,15285,15109,14895,14807,14701,14548,14484
".Henry County, Ohio",28091,27993,28071,27920,27878,27730,27726,27649,27626,27665
".Highland County, Ohio",43380,42973,43210,43115,42989,43030,42953,43058,43152,43313
".Hocking County, Ohio",29459,29288,28629,28707,28451,28342,28369,28272,28150,28053
".Holmes County, Ohio",42822,43179,43677,43883,43998,44001,44065,44151,44221,44232
".Huron County, Ohio",59489,59331,58999,58835,58584,58693,58760,58721,58724,58556
".Jackson County, Ohio",33148,32908,32864,32846,32666,32675,32525,32515,32534,32651
".Jefferson County, Ohio",69062,68586,68242,67971,67613,67073,66491,65995,65612,65249
".Knox County, Ohio",61331,60854,60988,61173,61216,61157,61581,62190,62541,62727
".Lake County, Ohio",230347,230214,231012,231077,231340,231282,232182,232209,232377,232598
".Lawrence County, Ohio",62310,61958,61590,61184,60477,60206,59468,59058,58653,58237
".Licking County, Ohio",167266,167765,168717,169748,171021,172522,174203,176286,177701,178515
".Logan County, Ohio",45716,45575,45635,45786,45636,45599,45743,45890,46265,46145
".Lorain County, Ohio",302045,302021,303540,305049,306148,307408,308348,310188,311184,312969
".Lucas County, Ohio",439735,437433,437117,435845,435196,434744,433204,432143,431302,431276
".Madison County, Ohio",43019,42814,43000,43644,43724,42895,43491,43726,44064,43825
".Mahoning County, Ohio",237563,236156,235105,234353,233077,231560,230941,230686,229428,228625
".Marion County, Ohio",66669,66401,66139,66009,65701,65757,65433,65789,65465,65352
".Medina County, Ohio",173724,174027,175220,176614,177069,178054,179560,180595,181679,182477
".Meigs County, Ohio",23585,23458,23278,23063,22918,22862,22704,22620,22385,22206
".Mercer County, Ohio",40878,40995,41035,41278,41400,41560,41808,42031,42426,42539
".Miami County, Ohio",102910,103249,103665,104447,104806,105394,106190,107201,108238,108773
".Monroe County, Ohio",14587,14454,14433,14262,14137,13940,13767,13593,13478,13377
".Montgomery County, Ohio",535298,535653,536165,534953,534832,535576,535794,536312,537026,537306
".Morgan County, Ohio",14967,14805,14714,14497,14448,14402,14246,14132,13997,13797
".Morrow County, Ohio",34757,34739,34707,34753,34721,34652,34607,34767,34933,34949
".Muskingum County, Ohio",86297,85884,85777,86071,86402,86183,86360,86345,86375,86418
".Noble County, Ohio",14721,14616,14591,14418,14328,14292,14212,14147,14203,14121
".Ottawa County, Ohio",41326,41250,41047,40914,40771,40543,40666,40834,40550,40361
".Paulding County, Ohio",19387,19277,19185,19031,19028,18917,18919,18865,18805,18802
".Perry County, Ohio",36132,35808,35747,35595,35561,35528,35410,35404,35407,35422
".Pickaway County, Ohio",55934,56214,56322,56664,56942,57455,57702,58022,58435,58543
".Pike County, Ohio",28391,28221,28058,27905,27780,27702,27621,27381,27193,27091
".Portage County, Ohio",161794,161239,161487,162182,162249,162067,161864,161711,161690,161802
".Preble County, Ohio",42008,41855,41734,41574,41392,41242,41228,41147,40988,40999
".Putnam County, Ohio",34479,34374,34363,34509,34409,34467,34407,34420,34528,34452
".Richland County, Ohio",123634,123516,123597,123674,123751,123742,123306,124309,124962,124935
".Ross County, Ohio",77669,77495,77496,77373,77385,77266,77738,77359,77173,77091
".Sandusky County, Ohio",60670,60577,60211,60038,59733,59617,59452,59130,58972,58898
".Scioto County, Ohio",79358,78687,78158,77281,76742,76116,75629,74895,74554,74006
".Seneca County, Ohio",56533,56130,55878,55843,55702,55552,55363,55303,55272,55072
".Shelby County, Ohio",49233,49117,49142,48922,48939,48644,48597,48480,48420,48218
".Stark County, Ohio",375096,375966,376671,377594,377251,376474,375508,375265,375045,374847
".Summit County, Ohio",541466,540984,542289,542908,542355,541720,542269,542104,541545,540429
".Trumbull County, Ohio",209462,208318,207956,207099,205947,204836,203883,202510,202481,201966
".Tuscarawas County, Ohio",92667,92744,93084,93282,93524,93486,93402,93241,93301,93267
".Union County, Ohio",53481,53482,54429,55075,55990,57502,59047,60345,61867,62796
".Van Wert County, Ohio",28722,28811,28601,28662,28723,28679,28833,28795,28925,28929
".Vinton County, Ohio",13358,13182,13245,13132,12987,12901,12947,12981,12859,12804
".Warren County, Ohio",215947,218321,220783,223370,226416,229713,232604,236307,239826,242338
".Washington County, Ohio",61622,61479,61413,61219,61093,60695,60582,60211,60050,59781
".Wayne County, Ohio",114813,115316,115811,116445,116864,117374,117059,116858,116886,116895
".Williams County, Ohio",37649,37641,37606,37431,37294,37271,37110,37158,37219,37102
".Wood County, Ohio",127292,128727,129443,129894,129973,130600,131419,131567,132143,132251
".Wyandot County, Ohio",22667,22588,22527,22371,22284,22193,22199,22063,21977,21908
".Adair County, Oklahoma",22350,21893,21635,21309,20929,20708,20275,20149,19868,19503
".Alfalfa County, Oklahoma",5643,5662,5848,5811,5905,5917,5895,5732,5652,5706
".Atoka County, Oklahoma",14202,14087,13984,14030,14019,14037,13951,13976,13968,14148
".Beaver County, Oklahoma",5611,5548,5503,5451,5357,5315,5221,5152,5126,5052
".Beckham County, Oklahoma",22412,23259,23743,23952,23986,22969,22375,22402,22578,22407
".Blaine County, Oklahoma",9597,9644,9552,9530,9384,9187,9023,8880,8772,8734
".Bryan County, Oklahoma",42787,42855,43259,43361,43642,43968,44586,45031,45556,46065
".Caddo County, Oklahoma",29385,29328,28994,28670,28477,28550,28091,27654,27232,26944
".Canadian County, Oklahoma",119696,123034,126725,130344,134426,137919,141782,146433,150723,154413
".Carter County, Oklahoma",48017,47937,48342,48429,48375,48249,48080,48011,47955,48003
".Cherokee County, Oklahoma",47463,47558,47246,47424,47368,47648,47542,47083,47015,47077
".Choctaw County, Oklahoma",15222,15072,14902,14916,14743,14583,14470,14282,14212,14208
".Cimarron County, Oklahoma",2494,2427,2369,2350,2293,2262,2249,2273,2268,2291
".Cleveland County, Oklahoma",263213,268234,272869,273669,278728,283644,286198,288926,292797,295520
".Coal County, Oklahoma",5886,5828,5654,5588,5435,5447,5396,5260,5221,5267
".Comanche County, Oklahoma",126108,126416,124630,124598,123659,121518,121952,120953,121170,121124
".Cotton County, Oklahoma",6159,6122,6112,6066,5925,5825,5750,5667,5503,5524
".Craig County, Oklahoma",14974,14745,14671,14601,14666,14419,14272,14209,14038,14115
".Creek County, Oklahoma",70678,70813,70650,70656,70918,71304,71988,71881,71573,71752
".Custer County, Oklahoma",27769,28538,29239,29414,29441,29072,28752,28730,28689,28515
".Delaware County, Oklahoma",41322,41116,40826,40628,40300,40255,40706,40637,40478,40398
".Dewey County, Oklahoma",4740,4733,4737,4811,4795,4668,4628,4631,4561,4485
".Ellis County, Oklahoma",4029,4059,4103,4078,4170,4025,3894,3866,3780,3751
".Garfield County, Oklahoma",60993,61770,62954,63567,64192,63712,63027,62757,63000,62847
".Garvin County, Oklahoma",27208,26882,26762,26745,26841,26667,26394,26062,25798,25654
".Grady County, Oklahoma",52607,52773,53275,53408,53976,53979,54008,54489,54730,54793
".Grant County, Oklahoma",4538,4488,4454,4385,4394,4332,4234,4154,4146,4165
".Greer County, Oklahoma",6116,6002,6065,6024,5911,5815,5629,5608,5487,5493
".Harmon County, Oklahoma",2925,2896,2865,2767,2735,2656,2650,2614,2563,2491
".Harper County, Oklahoma",3667,3627,3748,3736,3629,3554,3529,3439,3362,3263
".Haskell County, Oklahoma",12621,12570,12557,12358,12170,12016,11934,11763,11648,11563
".Hughes County, Oklahoma",13777,13705,13706,13768,13699,13547,13418,13449,13433,13363
".Jackson County, Oklahoma",26476,26323,26282,26018,25691,25759,25435,25052,24831,24796
".Jefferson County, Oklahoma",6371,6195,6150,6021,5929,5846,5702,5569,5406,5338
".Johnston County, Oklahoma",10997,10833,10796,10847,10652,10738,10685,10493,10483,10271
".Kay County, Oklahoma",45886,45756,45646,45596,45410,45114,44651,44281,43931,43694
".Kingfisher County, Oklahoma",15090,14891,15100,15240,15257,15258,15306,15385,15304,15188
".Kiowa County, Oklahoma",9395,9303,9265,9179,8988,8877,8668,8521,8493,8506
".Latimer County, Oklahoma",11097,10858,10579,10494,10270,10134,9826,9603,9424,9443
".Le Flore County, Oklahoma",50281,49942,49725,49462,49087,49032,48721,48598,48143,48129
".Lincoln County, Oklahoma",34068,33818,33740,33876,34118,33930,33834,33535,33494,33465
".Logan County, Oklahoma",42682,43241,44124,45069,45834,46603,47467,48057,48928,49551
".Love County, Oklahoma",9379,9560,9683,9717,9786,10000,10049,10064,10127,10146
".McClain County, Oklahoma",35263,35697,36624,37463,38247,38941,39677,40272,40934,41665
".McCurtain County, Oklahoma",33067,32909,32595,32360,32146,31875,31604,31305,30937,30814
".McIntosh County, Oklahoma",20180,20041,19888,19671,19457,19340,19203,19145,18971,18945
".Major County, Oklahoma",7668,7750,7780,7876,7878,7885,7839,7774,7815,7782
".Marshall County, Oklahoma",15732,15625,15491,15411,15343,15165,15095,15294,15318,15309
".Mayes County, Oklahoma",41062,40684,40287,40033,39789,39707,39458,39426,39176,39043
".Murray County, Oklahoma",13588,13604,13658,13731,13819,13874,13872,13915,14010,13906
".Muskogee County, Oklahoma",70591,70218,69731,69147,68604,68140,68059,67260,66784,66340
".Noble County, Oklahoma",11562,11496,11368,11479,11465,11307,11180,11155,11001,10929
".Nowata County, Oklahoma",10529,10440,10315,10188,10128,9942,9785,9678,9438,9316
".Okfuskee County, Oklahoma",12271,12222,12137,11958,11849,11778,11717,11636,11496,11315
".Oklahoma County, Oklahoma",730073,742004,754160,764148,773971,780594,781382,785527,791511,796302
".Okmulgee County, Oklahoma",39589,39198,38888,38412,38239,38069,37681,36914,36950,36704
".Osage County, Oklahoma",47662,47251,47095,47108,46861,46802,46697,46333,46111,45814
".Ottawa County, Oklahoma",31793,32047,31973,31674,31543,31203,30927,30786,30568,30293
".Pawnee County, Oklahoma",16628,16259,16186,16002,16007,15949,15824,15696,15622,15558
".Payne County, Oklahoma",78238,78726,79704,80530,81378,81846,81908,82096,81568,81645
".Pittsburg County, Oklahoma",45733,45563,45296,44891,44773,44454,44248,43917,43757,43767
".Pontotoc County, Oklahoma",37712,37994,38059,38158,38177,38302,38120,38068,38061,38066
".Pottawatomie County, Oklahoma",70008,70411,70757,71347,71245,71736,71866,72153,72237,72451
".Pushmataha County, Oklahoma",11398,11223,11157,11052,11082,10959,10988,11024,10900,10813
".Roger Mills County, Oklahoma",3747,3744,3700,3718,3722,3612,3590,3562,3486,3442
".Rogers County, Oklahoma",87840,88609,89463,90323,91261,92429,93058,93762,94639,95237
".Seminole County, Oklahoma",25355,25230,25216,25062,25041,24717,24354,23948,23670,23554
".Sequoyah County, Oklahoma",42142,41550,41096,40908,40612,40459,40105,39766,39486,39272
".Stephens County, Oklahoma",45078,44835,44904,44465,44450,43860,43161,42988,42986,42847
".Texas County, Oklahoma",21426,21902,22491,22316,22162,22087,22032,21774,21467,21378
".Tillman County, Oklahoma",7966,7764,7637,7552,7421,7349,7200,7099,7006,6963
".Tulsa County, Oklahoma",610911,618240,628113,636648,647529,654282,656099,658993,663934,669274
".Wagoner County, Oklahoma",73843,74632,75145,74991,75922,76698,77873,78911,80001,80984
".Washington County, Oklahoma",51423,51736,51800,52196,52332,52323,52367,52176,51996,52452
".Washita County, Oklahoma",11559,11603,11731,11599,11736,11475,11115,11125,11012,10920
".Woods County, Oklahoma",8782,8836,8978,9220,9266,9104,9013,8808,8718,8621
".Woodward County, Oklahoma",20186,20812,21444,21800,21935,21367,20976,20774,20695,20471
".Baker County, Oregon",16120,16093,16160,16204,16114,16226,16345,16361,16501,16669
".Benton County, Oregon",86517,87134,86843,88101,89437,91236,93296,94073,94866,95186
".Clackamas County, Oregon",379692,383254,387708,393723,400073,407318,413287,415933,418588,421397
".Clatsop County, Oregon",37322,37582,37355,37769,38191,39140,39659,40269,40812,41072
".Columbia County, Oregon",49374,49160,49184,49400,49531,50773,51556,52189,52368,52598
".Coos County, Oregon",62809,62733,62461,62471,62780,63486,63880,64470,64825,64928
".Crook County, Oregon",20614,20563,20635,20877,21356,22180,22922,23619,24197,24732
".Curry County, Oregon",22521,22316,22316,22251,22432,22752,22824,23012,23163,23449
".Deschutes County, Oregon",159365,160836,164558,168551,173057,179229,185127,189671,195065,198254
".Douglas County, Oregon",107242,106928,106606,106717,107196,108168,109289,110063,110813,111200
".Gilliam County, Oregon",1955,1958,1953,1944,1887,1877,1889,1916,1947,1996
".Grant County, Oregon",7415,7337,7288,7213,7237,7200,7229,7212,7215,7239
".Harney County, Oregon",7378,7282,7204,7181,7214,7323,7352,7372,7479,7501
".Hood River County, Oregon",22521,22693,22787,22950,23270,23501,23881,23770,23954,23979
".Jackson County, Oregon",204991,206287,207816,210009,212399,215567,218152,220893,222246,223254
".Jefferson County, Oregon",21710,21758,21759,22056,22362,22811,23383,23805,24333,24502
".Josephine County, Oregon",82731,82804,83197,83463,84642,85641,86781,87473,87741,88087
".Klamath County, Oregon",66413,66100,65954,65641,66122,66740,67379,68408,69013,69413
".Lake County, Oregon",7934,7835,7867,7915,7897,7965,8041,8031,8130,8161
".Lane County, Oregon",354120,355220,355658,358278,362262,369207,375696,378816,382074,382968
".Lincoln County, Oregon",45863,46154,46313,46334,46986,47783,48711,49225,50018,50391
".Linn County, Oregon",117911,117817,117752,118196,119193,121549,123565,125709,127641,128615
".Malheur County, Oregon",31045,30900,30851,30628,30566,30801,30917,31165,31295,31566
".Marion County, Oregon",317670,319173,320492,323167,327492,333670,338617,342976,344713,345918
".Morrow County, Oregon",11291,11343,11367,11316,11404,11571,11603,11779,12089,12182
".Multnomah County, Oregon",749956,760559,767055,779103,790848,803780,808365,809645,812660,815433
".Polk County, Oregon",75961,76260,76616,77765,79089,81588,83815,84976,85988,87427
".Sherman County, Oregon",1758,1762,1749,1742,1725,1752,1786,1755,1849,1869
".Tillamook County, Oregon",25398,25286,25345,25331,25575,26141,26540,26743,27169,27388
".Umatilla County, Oregon",77097,77527,77638,77686,77695,78134,78732,79225,79867,80077
".Union County, Oregon",25858,25715,25406,25482,25520,25843,26132,26417,26378,26197
".Wallowa County, Oregon",7005,6847,6836,6867,6920,7043,7169,7215,7363,7386
".Wasco County, Oregon",25245,25424,25401,25369,25584,25929,26455,26527,26736,26666
".Washington County, Oregon",540687,548014,554523,561350,571469,583590,589917,594696,598316,600365
".Wheeler County, Oregon",1426,1426,1401,1378,1361,1365,1400,1410,1408,1448
".Yamhill County, Oregon",99736,99984,100001,100947,101567,104286,105479,106579,107139,107725
".Adams County, Pennsylvania",101603,101493,101485,101806,102379,102585,103363,103871,103712,103848
".Allegheny County, Pennsylvania",1233108,1239548,1246157,1249314,1248977,1250277,1247545,1248369,1250316,1250570
".Armstrong County, Pennsylvania",68812,68495,68408,68145,67547,67220,66918,66409,65817,65557
".Beaver County, Pennsylvania",170977,171256,171453,171234,171029,170164,169533,168941,168746,168221
".Bedford County, Pennsylvania",49587,49523,49217,49000,48586,48398,48135,47835,47627,47571
".Berks County, Pennsylvania",413989,415286,416481,417908,419264,420730,423190,426766,427505,428841
".Blair County, Pennsylvania",127179,126909,126360,125951,125429,124724,124268,123813,123339,122821
".Bradford County, Pennsylvania",63066,62923,62402,61804,61467,60877,60734,60560,60095,59970
".Bucks County, Pennsylvania",628418,629665,631192,633289,635145,637653,640390,643075,645193,646529
".Butler County, Pennsylvania",185358,186084,186728,187891,188538,189394,190525,191947,192703,193777
".Cambria County, Pennsylvania",143136,142548,140280,139446,138379,137251,136207,135087,134153,133483
".Cameron County, Pennsylvania",5035,5015,4987,4907,4869,4817,4744,4645,4595,4545
".Carbon County, Pennsylvania",65161,64938,64745,64526,64089,63945,64332,64677,64695,64748
".Centre County, Pennsylvania",154660,155099,157178,158276,158761,160049,159952,159940,158783,158172
".Chester County, Pennsylvania",504458,507797,511625,516077,519174,521623,524688,528663,532243,534409
".Clarion County, Pennsylvania",39761,39215,38715,38437,38288,37892,38191,37792,37441,37231
".Clearfield County, Pennsylvania",81658,81804,82017,81768,81661,81293,81083,80998,80816,80554
".Clinton County, Pennsylvania",39434,39601,39637,39230,39081,38626,38387,38142,37736,37450
".Columbia County, Pennsylvania",67059,66997,67134,67046,66594,66039,65485,65104,64825,64718
".Crawford County, Pennsylvania",88176,87746,87533,87182,86542,86356,85793,85115,84424,83939
".Cumberland County, Pennsylvania",237673,240257,242512,245177,248086,250247,252361,254936,257001,259480
".Dauphin County, Pennsylvania",270112,271560,273670,275149,276700,278478,280636,282459,284602,286395
".Delaware County, Pennsylvania",560561,563070,564819,567032,568577,569985,571119,573590,575569,576840
".Elk County, Pennsylvania",31959,31909,31881,31734,31574,31321,31207,31158,31085,30990
".Erie County, Pennsylvania",281499,281875,281568,280527,279523,277916,275335,273464,271417,270873
".Fayette County, Pennsylvania",136045,135351,134708,134136,133430,132559,131558,130700,129700,128806
".Forest County, Pennsylvania",7671,7585,7528,7455,7381,7328,7321,7285,7020,6977
".Franklin County, Pennsylvania",150982,151578,152090,152796,153269,154102,154921,155160,155765,155943
".Fulton County, Pennsylvania",14744,14711,14637,14556,14534,14531,14502,14524,14545,14559
".Greene County, Pennsylvania",38403,38095,37947,37869,37541,37352,37026,36811,36254,35956
".Huntingdon County, Pennsylvania",45936,45810,45646,45487,45191,45025,45000,44876,44323,44092
".Indiana County, Pennsylvania",88570,88118,87997,87222,86508,84896,84406,84120,83508,83245
".Jefferson County, Pennsylvania",45083,45104,45311,45140,45048,44872,44793,44670,44529,44507
".Juniata County, Pennsylvania",24566,24347,24100,23990,23832,23827,23785,23763,23685,23503
".Lackawanna County, Pennsylvania",215223,215715,215939,215723,215434,215229,215382,215739,215904,215894
".Lancaster County, Pennsylvania",524831,528454,532282,536256,539470,542484,546201,549477,551627,552986
".Lawrence County, Pennsylvania",90628,90080,89540,89016,88584,87891,87202,86840,86261,86052
".Lebanon County, Pennsylvania",134730,135892,136325,137221,138335,139486,140638,142441,142804,143252
".Lehigh County, Pennsylvania",353806,355555,356546,359256,361746,364807,368613,371685,372932,374571
".Luzerne County, Pennsylvania",322117,323114,322454,322822,322591,322417,324091,324989,325169,325592
".Lycoming County, Pennsylvania",116851,117426,116899,116687,116084,115482,114753,114866,114356,114180
".McKean County, Pennsylvania",43146,43156,42825,42671,42435,41714,41441,41028,40649,40431
".Mercer County, Pennsylvania",116405,116085,115775,115526,114675,113831,112895,112132,111042,110658
".Mifflin County, Pennsylvania",46752,46768,46654,46523,46465,46325,46311,46228,46143,46146
".Monroe County, Pennsylvania",169684,168249,166820,166583,165608,165140,166660,167962,168332,168333
".Montgomery County, Pennsylvania",808211,813970,820242,825762,829530,834515,841246,846010,851716,856560
".Montour County, Pennsylvania",18367,18436,18409,18432,18315,18262,18279,18200,18212,18130
".Northampton County, Pennsylvania",299177,300671,301336,302716,303930,305995,308242,310711,311975,312951
".Northumberland County, Pennsylvania",94548,94694,94290,94134,93550,93115,92671,92154,91838,91641
".Perry County, Pennsylvania",45873,45714,45516,45485,45632,45678,45743,45805,45944,45845
".Philadelphia County, Pennsylvania",1543445,1557188,1566081,1575581,1583576,1590773,1598134,1605122,1605405,1603796
".Pike County, Pennsylvania",57417,56897,56940,56781,56724,56605,57307,57933,58141,58540
".Potter County, Pennsylvania",17436,17536,17416,17143,17030,16895,16773,16550,16460,16394
".Schuylkill County, Pennsylvania",147810,147625,147387,146337,145288,144864,144140,143568,143195,143059
".Snyder County, Pennsylvania",39711,39753,39940,39993,40217,40085,40190,39983,39843,39744
".Somerset County, Pennsylvania",77419,77265,76950,76615,75958,75549,75038,74821,74418,74125
".Sullivan County, Pennsylvania",6406,6386,6275,6243,6220,6069,6073,5986,5878,5840
".Susquehanna County, Pennsylvania",43019,42556,41869,41396,40922,40248,39756,39219,38732,38440
".Tioga County, Pennsylvania",42351,42617,42442,42188,41869,41660,41153,41207,41205,41048
".Union County, Pennsylvania",44920,44815,44226,44301,44689,44473,43523,43700,42940,42678
".Venango County, Pennsylvania",54676,54181,53809,53344,52953,52476,51788,51269,50859,50453
".Warren County, Pennsylvania",41462,41178,40833,40497,40136,39789,39392,39198,38801,38581
".Washington County, Pennsylvania",208396,208904,208916,209095,209115,209006,208935,209143,209141,209354
".Wayne County, Pennsylvania",52726,52234,52189,52045,51804,51322,51160,51327,51229,51152
".Westmoreland County, Pennsylvania",365319,364392,362983,361889,360660,359115,357200,356344,355381,354685
".Wyoming County, Pennsylvania",28251,28268,27965,27942,27533,27213,27011,26617,26282,26065
".York County, Pennsylvania",437507,438917,441015,443197,445098,447808,450327,453427,454958,456448
".Bristol County, Rhode Island",49532,49811,50032,50101,50397,50340,50497,50641,50707,50793
".Kent County, Rhode Island",166000,165929,166242,166952,166797,167410,167796,168939,169512,170366
".Newport County, Rhode Island",83707,84051,84745,84985,85383,85701,85705,85761,85798,85642
".Providence County, Rhode Island",632452,636730,639537,643065,646584,650196,651705,656846,658969,660744
".Washington County, Rhode Island",127055,127235,127802,128142,128394,128784,129402,129637,129594,129846
".Abbeville County, South Carolina",25070,24992,24853,24734,24718,24575,24467,24487,24416,24294
".Aiken County, South Carolina",161149,162117,162540,162700,163810,164926,165724,166532,167746,168808
".Allendale County, South Carolina",10189,9896,9705,9542,9235,8833,8733,8592,8275,8045
".Anderson County, South Carolina",188148,188796,189978,191752,193657,195495,198050,199975,202162,203721
".Bamberg County, South Carolina",15726,15535,15175,14868,14330,14067,13925,13745,13498,13314
".Barnwell County, South Carolina",22430,22302,22131,21920,21652,21444,21170,20931,20679,20593
".Beaufort County, South Carolina",162871,165633,168512,171940,175897,178838,181229,183004,185285,187117
".Berkeley County, South Carolina",183268,188677,192700,196562,200937,205968,211657,218107,224765,229865
".Calhoun County, South Carolina",15043,14772,14845,14655,14524,14476,14366,14163,14102,14127
".Charleston County, South Carolina",356379,362961,369247,376555,385334,392013,396439,399806,404596,408229
".Cherokee County, South Carolina",55563,55572,55693,55875,55933,56015,56144,56254,56272,56222
".Chester County, South Carolina",32886,32712,32750,32457,32430,32310,32313,32297,32204,32293
".Chesterfield County, South Carolina",46197,45534,45347,45135,44892,44623,44234,43813,43395,43268
".Clarendon County, South Carolina",34409,33785,33481,33194,32768,32771,32300,31777,31566,31145
".Colleton County, South Carolina",38578,38343,38006,37974,37994,38258,38359,38596,38675,38606
".Darlington County, South Carolina",67701,67222,66609,66092,65602,65002,64346,63748,63242,62895
".Dillon County, South Carolina",31489,31056,30724,30397,30035,29382,28918,28775,28408,28291
".Dorchester County, South Carolina",139689,141806,144402,147269,150988,154086,156829,158262,160067,161546
".Edgefield County, South Carolina",26702,26217,26073,26002,25982,25675,25730,25882,25926,25649
".Fairfield County, South Carolina",23443,23159,22830,22546,22277,21909,21748,21414,21225,20956
".Florence County, South Carolina",137575,137861,137984,138516,138384,138192,137961,137670,137428,137063
".Georgetown County, South Carolina",60202,60272,60530,60901,61550,61661,61954,62531,63101,63400
".Greenville County, South Carolina",458315,464988,471486,479502,488457,496307,503670,511232,519882,525545
".Greenwood County, South Carolina",69629,69575,69272,68949,69082,69092,69258,69203,69359,69351
".Hampton County, South Carolina",20822,20781,20450,20514,20069,19923,19665,19573,19493,18560
".Horry County, South Carolina",274064,278770,285149,293000,303122,314125,324644,334892,343444,351030
".Jasper County, South Carolina",24992,25184,25541,25656,26187,26570,26756,27179,27997,28797
".Kershaw County, South Carolina",61884,61862,61976,62383,62667,63134,63824,64268,64968,65405
".Lancaster County, South Carolina",77337,78385,79304,81677,84095,87273,89408,91675,94314,96017
".Laurens County, South Carolina",66427,66177,66087,66373,66315,66480,66659,66628,67194,67541
".Lee County, South Carolina",18859,18583,18308,18244,17695,17368,17223,17085,16649,16530
".Lexington County, South Carolina",265290,267850,270449,273758,277150,280917,284011,287370,291129,293986
".McCormick County, South Carolina",10029,9946,9910,9854,9719,9654,9633,9491,9545,9526
".Marion County, South Carolina",32638,32153,31720,31484,31197,31091,30498,30090,29557,29184
".Marlboro County, South Carolina",28706,28475,28375,28448,28087,27610,27390,27189,27026,26663
".Newberry County, South Carolina",37418,37380,37241,37370,37410,37508,37856,37867,37743,37723
".Oconee County, South Carolina",74104,74283,74541,74704,75229,75699,76444,77148,78254,78608
".Orangeburg County, South Carolina",91533,91160,90232,89469,88447,87555,86660,85964,84951,84224
".Pickens County, South Carolina",120190,120684,120518,122200,123551,125459,126233,128184,130347,131403
".Richland County, South Carolina",389007,392617,396166,399577,405083,407936,410597,413003,414610,416153
".Saluda County, South Carolina",19615,19529,19578,19440,19387,19257,19202,19127,19029,18858
".Spartanburg County, South Carolina",286575,288995,291573,294491,298402,303005,309272,317099,323180,327989
".Sumter County, South Carolina",107202,107738,107543,107395,106866,106685,105941,105763,105788,105555
".Union County, South Carolina",28679,28238,28056,27998,27836,27776,27579,27493,27407,27240
".Williamsburg County, South Carolina",34237,33799,33422,33190,33086,32556,31973,31804,31262,31024
".York County, South Carolina",229485,232986,237055,242461,248068,254905,262750,269919,276713,282097
".Aurora County, South Dakota",2717,2765,2719,2747,2750,2778,2766,2783,2757,2752
".Beadle County, South Dakota",17786,18136,18409,18325,18456,18524,18825,18727,18935,19144
".Bennett County, South Dakota",3445,3443,3455,3425,3388,3436,3421,3452,3330,3378
".Bon Homme County, South Dakota",7032,7056,7022,7029,7007,7016,7044,7021,7024,6998
".Brookings County, South Dakota",31996,32520,32656,32776,33209,33595,33970,34241,34315,34372
".Brown County, South Dakota",36867,37461,37981,38057,38162,38559,38956,38674,38403,38301
".Brule County, South Dakota",5293,5288,5351,5270,5230,5191,5288,5171,5206,5252
".Buffalo County, South Dakota",1976,2011,2018,2078,2086,2021,1998,2021,1961,1946
".Butte County, South Dakota",10275,10156,10192,10129,10064,9946,9915,10017,10147,10241
".Campbell County, South Dakota",1424,1404,1366,1398,1409,1381,1366,1369,1371,1376
".Charles Mix County, South Dakota",9198,9212,9214,9276,9406,9419,9467,9384,9369,9377
".Clark County, South Dakota",3603,3607,3642,3670,3676,3663,3710,3759,3783,3837
".Clay County, South Dakota",14084,14241,14151,14217,14181,14436,14603,14587,14770,14968
".Codington County, South Dakota",27446,27657,27903,28010,27971,28145,28307,28199,28205,28320
".Corson County, South Dakota",4015,4032,4155,4104,4090,4001,4074,4008,3932,3901
".Custer County, South Dakota",8258,8159,8180,8138,8088,8177,8239,8244,8281,8320
".Davison County, South Dakota",19735,19979,19981,20014,19972,20093,19962,19926,19953,19957
".Day County, South Dakota",5750,5612,5602,5534,5534,5550,5540,5534,5467,5443
".Deuel County, South Dakota",4361,4363,4294,4299,4297,4209,4262,4271,4282,4295
".Dewey County, South Dakota",5323,5401,5394,5417,5395,5421,5430,5421,5331,5239
".Douglas County, South Dakota",2961,2928,2946,2894,2910,2867,2862,2860,2846,2834
".Edmunds County, South Dakota",4061,4047,4074,4036,4077,4031,4024,3976,3996,3980
".Fall River County, South Dakota",6992,7032,6894,6958,6944,6939,6884,6942,6926,6975
".Faulk County, South Dakota",2332,2313,2290,2243,2213,2203,2190,2167,2136,2122
".Grant County, South Dakota",7425,7522,7564,7543,7503,7559,7569,7566,7598,7557
".Gregory County, South Dakota",4197,4199,4165,4137,4084,4023,4052,4021,3986,3997
".Haakon County, South Dakota",1918,1922,1881,1846,1850,1886,1921,1889,1868,1872
".Hamlin County, South Dakota",5956,5931,5906,5924,5942,5875,5984,6059,6163,6163
".Hand County, South Dakota",3438,3382,3382,3349,3316,3287,3287,3250,3188,3155
".Hanson County, South Dakota",3372,3376,3395,3412,3374,3369,3393,3348,3440,3461
".Harding County, South Dakota",1274,1302,1256,1242,1265,1261,1237,1246,1300,1308
".Hughes County, South Dakota",17365,17532,17569,17810,17781,17855,17975,17979,17842,17768
".Hutchinson County, South Dakota",7265,7287,7234,7286,7339,7413,7442,7401,7410,7429
".Hyde County, South Dakota",1395,1423,1371,1382,1374,1314,1280,1243,1271,1260
".Jackson County, South Dakota",3093,3056,3065,3050,3005,2943,2896,2844,2850,2805
".Jerauld County, South Dakota",2035,1983,1967,1905,1851,1804,1786,1750,1714,1667
".Jones County, South Dakota",1002,987,967,949,909,919,906,911,896,920
".Kingsbury County, South Dakota",5192,5275,5130,5138,5058,5097,5069,5063,5095,5179
".Lake County, South Dakota",11377,11421,11436,11468,11568,11690,11733,11815,11390,11054
".Lawrence County, South Dakota",24287,24331,24836,24594,24658,25147,25455,25456,25549,25771
".Lincoln County, South Dakota",47129,48992,50753,52692,54345,56174,58594,61000,63611,65163
".Lyman County, South Dakota",3799,3758,3818,3819,3834,3856,3813,3732,3715,3718
".McCook County, South Dakota",5557,5596,5641,5608,5559,5600,5651,5687,5690,5673
".McPherson County, South Dakota",2456,2438,2440,2439,2423,2443,2437,2443,2431,2411
".Marshall County, South Dakota",4555,4565,4616,4491,4530,4478,4484,4402,4385,4312
".Meade County, South Dakota",25668,26146,26842,27294,27482,28193,28956,29386,29680,29846
".Mellette County, South Dakota",2052,2015,1994,1998,1940,1968,1946,1896,1915,1918
".Miner County, South Dakota",2337,2320,2344,2322,2260,2294,2271,2292,2311,2298
".Minnehaha County, South Dakota",171624,175082,178434,181411,184163,187277,190616,192194,195212,197223
".Moody County, South Dakota",6475,6448,6389,6353,6352,6378,6342,6319,6375,6340
".Oglala Lakota County, South Dakota",13847,13951,14001,14048,14155,14178,14104,13996,13804,13673
".Pennington County, South Dakota",101653,102866,103945,104922,104888,105281,106094,107036,108550,109235
".Perkins County, South Dakota",3017,3032,3025,3023,2984,2960,2964,2902,2835,2838
".Potter County, South Dakota",2409,2410,2460,2440,2462,2457,2444,2464,2440,2472
".Roberts County, South Dakota",10284,10311,10220,10256,10181,10157,10228,10312,10347,10278
".Sanborn County, South Dakota",2357,2322,2330,2337,2356,2380,2448,2399,2359,2334
".Spink County, South Dakota",6565,6742,6671,6667,6569,6500,6536,6491,6426,6360
".Stanley County, South Dakota",2963,2950,2941,2931,2912,2938,2896,2932,3013,2980
".Sully County, South Dakota",1381,1441,1454,1429,1431,1443,1440,1418,1428,1448
".Todd County, South Dakota",9728,9696,9686,9548,9543,9649,9632,9544,9410,9318
".Tripp County, South Dakota",5667,5577,5609,5623,5559,5664,5637,5699,5670,5629
".Turner County, South Dakota",8396,8374,8413,8329,8302,8459,8524,8658,8613,8661
".Union County, South Dakota",14729,14959,14988,15294,15301,15612,15819,16193,16651,16813
".Walworth County, South Dakota",5560,5449,5488,5507,5411,5468,5478,5449,5419,5320
".Yankton County, South Dakota",22578,22721,22839,22936,23000,23008,23103,23275,23362,23300
".Ziebach County, South Dakota",2806,2817,2766,2742,2695,2699,2549,2533,2548,2414
".Anderson County, Tennessee",75166,75157,75204,75035,75308,75338,75847,76035,76652,77125
".Bedford County, Tennessee",45261,45277,45598,46298,47005,47515,48285,49233,49774,50234
".Benton County, Tennessee",16492,16377,16263,16069,16061,15901,15764,15997,15912,15863
".Bledsoe County, Tennessee",12967,12873,13827,14395,14465,14567,14706,14617,14828,14916
".Blount County, Tennessee",123786,124237,125190,126263,127455,128842,130670,132237,134115,135283
".Bradley County, Tennessee",99774,101006,101716,102695,103679,104271,105345,107010,107940,108621
".Campbell County, Tennessee",40624,40414,40074,39672,39500,39467,39404,39341,39242,39275
".Cannon County, Tennessee",13688,13726,13609,13456,13592,13700,13949,14152,14311,14508
".Carroll County, Tennessee",28627,28812,28820,28686,28318,28351,28283,28460,28295,28439
".Carter County, Tennessee",57373,57329,56948,56285,56324,56409,56442,56341,56289,56355
".Cheatham County, Tennessee",38977,39225,39333,39609,39593,39789,40432,40534,40823,41072
".Chester County, Tennessee",17142,17064,17097,17111,17093,17088,17102,17222,17241,17342
".Claiborne County, Tennessee",32116,31781,31654,31610,31600,31690,31721,31847,31946,32041
".Clay County, Tennessee",7739,7697,7680,7610,7647,7636,7632,7622,7561,7582
".Cocke County, Tennessee",35407,35487,35339,35188,35044,35109,35409,35759,35818,35999
".Coffee County, Tennessee",52983,53263,53465,53739,54357,54864,55442,56406,57118,57887
".Crockett County, Tennessee",14527,14547,14520,14532,14438,14284,14235,14039,13924,13915
".Cumberland County, Tennessee",56498,56936,57358,57815,58090,58399,58845,59706,60535,61149
".Davidson County, Tennessee",638783,654487,667590,679294,691750,699940,703490,709142,713004,715877
".Decatur County, Tennessee",11659,11593,11638,11610,11508,11624,11589,11530,11453,11439
".DeKalb County, Tennessee",18669,18713,18928,18931,18926,18992,19327,19487,19784,20075
".Dickson County, Tennessee",49998,50233,50188,50491,51367,51947,52824,53481,53873,54310
".Dyer County, Tennessee",38116,38185,38096,37814,37758,37558,37333,37193,37077,36799
".Fayette County, Tennessee",38632,38794,38970,39329,39536,40004,40494,40914,41476,41994
".Fentress County, Tennessee",17966,17861,17824,17745,17837,17906,18051,18147,18326,18490
".Franklin County, Tennessee",40905,40775,41342,41451,41547,41772,41886,42271,42541,42774
".Gibson County, Tennessee",50053,49951,49791,49973,49989,50040,50172,50221,50280,50434
".Giles County, Tennessee",29392,29158,29070,29169,29403,29668,29981,30095,30222,30338
".Grainger County, Tennessee",22745,22677,22727,22849,22837,23080,23105,23144,23389,23529
".Greene County, Tennessee",69256,68921,68566,68770,68966,68993,69343,69780,69735,70161
".Grundy County, Tennessee",13592,13591,13460,13356,13358,13307,13362,13373,13442,13525
".Hamblen County, Tennessee",62822,62635,62866,62762,63053,63285,63633,64141,64298,64499
".Hamilton County, Tennessee",340590,344768,347703,348970,351511,355219,357945,360738,363417,366199
".Hancock County, Tennessee",6723,6687,6666,6677,6649,6682,6692,6665,6731,6662
".Hardeman County, Tennessee",26941,26735,26538,26222,26107,25928,25883,25716,25549,25463
".Hardin County, Tennessee",26024,26241,26328,26327,26401,26509,26593,26666,26756,26827
".Hawkins County, Tennessee",56622,56556,56693,56471,56355,56549,56612,56707,56780,56720
".Haywood County, Tennessee",18650,18463,18501,18583,18460,18321,18187,17942,17985,17862
".Henderson County, Tennessee",28017,28040,27978,28003,27965,27708,27692,27723,27826,27847
".Henry County, Tennessee",32449,32391,32265,32271,32162,32248,32428,32336,32360,32197
".Hickman County, Tennessee",24315,24103,24079,24297,24169,24386,24559,24661,24756,24924
".Houston County, Tennessee",8347,8427,8279,8226,8132,8116,8167,8242,8214,8282
".Humphreys County, Tennessee",18452,18373,18370,18311,18357,18621,18801,18881,18957,18989
".Jackson County, Tennessee",11535,11546,11489,11427,11412,11467,11530,11599,11611,11620
".Jefferson County, Tennessee",51862,52215,52009,52246,52811,52910,53432,53616,54144,54680
".Johnson County, Tennessee",18242,18191,18058,17993,17913,17857,17697,17857,17883,17951
".Knox County, Tennessee",437387,441903,445926,450037,453929,459242,465261,470524,474327,478976
".Lake County, Tennessee",7797,7723,7719,7689,7615,7543,7466,7406,7031,7007
".Lauderdale County, Tennessee",27657,27615,27459,27202,26714,25089,25821,25676,25268,25138
".Lawrence County, Tennessee",42136,42110,41961,42215,42485,42942,43237,43623,43948,44158
".Lewis County, Tennessee",12179,12000,12075,11989,12003,12035,12192,12291,12476,12578
".Lincoln County, Tennessee",33484,33563,33771,33800,34047,34107,34511,34906,35164,35323
".Loudon County, Tennessee",49221,49880,50462,50684,51038,51532,52441,53291,54194,54891
".McMinn County, Tennessee",52226,52246,52156,52320,52066,52157,52292,52616,53011,53277
".McNairy County, Tennessee",26100,26185,26094,26109,25961,25948,26151,25974,25816,25867
".Macon County, Tennessee",22504,22580,22769,23092,23293,23623,24232,24636,25007,25215
".Madison County, Tennessee",98156,98643,98920,98382,97872,97843,97900,98113,98502,98822
".Marion County, Tennessee",28097,28219,28311,28382,28365,28325,28366,28526,28803,28837
".Marshall County, Tennessee",30783,30850,30960,31049,31295,31716,32660,33391,33975,34318
".Maury County, Tennessee",81857,82609,84389,86370,88624,91002,93881,96271,98694,100974
".Meigs County, Tennessee",11723,11733,11754,11826,11952,12140,12246,12485,12603,12757
".Monroe County, Tennessee",44813,44930,44988,45075,45235,45416,45465,45658,45927,46261
".Montgomery County, Tennessee",177459,186489,186708,192207,196347,199109,205199,211504,216148,220068
".Moore County, Tennessee",6371,6296,6284,6297,6274,6303,6405,6452,6462,6464
".Morgan County, Tennessee",21962,21822,21567,21551,21314,21522,21297,21226,21031,21030
".Obion County, Tennessee",31755,31458,31231,31105,30902,30955,30853,30858,30815,30795
".Overton County, Tennessee",22164,22164,21974,21957,22078,21969,22016,22095,22298,22513
".Perry County, Tennessee",7899,7913,7965,7929,7987,8046,8147,8274,8318,8362
".Pickett County, Tennessee",5116,5034,4993,5052,5107,5051,5020,4994,5005,4998
".Polk County, Tennessee",16863,16791,16874,17000,17162,17245,17300,17484,17441,17545
".Putnam County, Tennessee",72966,73350,73832,74588,74649,75457,76635,77901,79177,79853
".Rhea County, Tennessee",32024,32263,32380,32431,32134,32212,32339,32512,32735,32873
".Roane County, Tennessee",53952,53548,53060,52719,52612,52767,52782,53020,53148,53406
".Robertson County, Tennessee",66859,66961,67643,68350,69064,69862,70832,71717,72319,72804
".Rutherford County, Tennessee",269693,275359,282545,290671,300448,310161,319604,328026,335732,341482
".Scott County, Tennessee",22077,22122,21990,21892,21770,21749,21797,21838,21880,21854
".Sequatchie County, Tennessee",14357,14502,14759,14925,14999,15174,15261,15481,15702,15831
".Sevier County, Tennessee",91114,92228,93287,94419,95125,96175,97036,97654,97755,98382
".Shelby County, Tennessee",932436,937825,936409,934936,933876,932284,930871,931389,930511,929738
".Smith County, Tennessee",19168,19108,19012,18959,19136,19327,19494,19663,19798,19907
".Stewart County, Tennessee",13204,13275,13227,13146,13112,13094,13312,13467,13557,13656
".Sullivan County, Tennessee",156826,156242,156078,156274,156045,156026,156752,157328,157957,158164
".Sumner County, Tennessee",163927,166411,169394,173107,176365,180542,185255,189265,193078,196286
".Tipton County, Tennessee",61204,61345,61309,61253,61110,60694,60700,60878,60903,60972
".Trousdale County, Tennessee",7839,7843,7883,8092,8165,10088,10988,11206,11474,11612
".Unicoi County, Tennessee",18320,18285,18144,18013,17898,17817,17927,17974,18035,17923
".Union County, Tennessee",19155,19038,18965,18863,18999,19031,19173,19400,19654,19802
".Van Buren County, Tennessee",5586,5708,5654,5802,5828,5876,5927,5983,6104,6167
".Warren County, Tennessee",39841,39632,39702,39757,39979,40076,40295,40401,40755,40950
".Washington County, Tennessee",124258,125541,126359,127004,127701,129180,129889,131323,132246,133003
".Wayne County, Tennessee",16959,16903,16818,16727,16604,16562,16414,16380,16361,16228
".Weakley County, Tennessee",34809,34465,34023,33832,33664,33339,33031,33036,32896,32900
".White County, Tennessee",26027,25986,26123,26170,26229,26314,26595,26888,27141,27353
".Williamson County, Tennessee",188966,194111,200482,207101,213821,221615,229284,235829,242269,247727
".Wilson County, Tennessee",116877,119285,122195,125466,128873,132962,137187,141322,144971,147738
".Anderson County, Texas",58411,58088,58001,57871,57696,57632,58275,58187,57871,57922
".Andrews County, Texas",15351,16036,16679,17300,17905,17593,17387,17822,18551,18610
".Angelina County, Texas",87240,87404,87161,87372,87586,87362,87176,86460,86319,86396
".Aransas County, Texas",23231,23482,23917,24604,24850,25263,25475,23344,23433,23827
".Archer County, Texas",8819,8776,8743,8769,8672,8672,8664,8636,8533,8559
".Armstrong County, Texas",1934,1947,1932,1904,1889,1823,1848,1839,1831,1849
".Atascosa County, Texas",45173,45844,46163,46598,46983,47023,47162,48127,48676,48979
".Austin County, Texas",28625,28595,28724,29020,29532,29715,29805,30087,30204,30163
".Bailey County, Texas",7194,7173,7171,7025,7297,7231,7095,7024,6997,6905
".Bandera County, Texas",20166,19930,19605,19575,19613,19875,20221,20436,20514,20847
".Bastrop County, Texas",75836,76147,77834,80374,83379,86536,89140,91729,94499,97217
".Baylor County, Texas",3688,3578,3559,3540,3575,3594,3505,3510,3463,3464
".Bee County, Texas",32125,32142,32314,32197,31817,31867,31490,31233,31204,31050
".Bell County, Texas",316173,325603,327927,331315,337520,342770,349182,357429,365606,370651
".Bexar County, Texas",1753756,1785877,1817180,1852519,1888070,1919382,1947083,1970467,1990567,2009315
".Blanco County, Texas",10464,10429,10365,10449,10588,10764,10862,10966,11191,11374
".Borden County, Texas",623,597,623,635,618,614,618,591,590,629
".Bosque County, Texas",18209,18035,17732,17542,17647,17782,18015,18263,18219,18229
".Bowie County, Texas",92747,92915,93204,93048,92789,93150,93133,93362,92877,92892
".Brazoria County, Texas",318304,322655,327593,334535,341470,348806,356978,363458,367958,372028
".Brazos County, Texas",197719,200733,204785,209850,217340,221074,225369,227585,231184,233848
".Brewster County, Texas",9387,9329,9384,9274,9295,9398,9538,9480,9417,9544
".Briscoe County, Texas",1649,1560,1540,1522,1477,1436,1463,1452,1475,1433
".Brooks County, Texas",7230,7216,7287,7264,7236,7259,7183,7135,7150,7081
".Brown County, Texas",38044,37892,37790,37710,37934,38301,38100,38073,38132,38096
".Burleson County, Texas",17220,17239,16987,17015,17151,17314,17419,17605,17614,17641
".Burnet County, Texas",43190,43328,43501,43853,44610,45684,46415,47175,48055,49128
".Caldwell County, Texas",38676,39087,39801,40499,41410,42315,43718,44740,45385,45883
".Calhoun County, Texas",21229,21340,21396,21376,21351,21317,20995,20634,20317,20104
".Callahan County, Texas",13465,13402,13378,13345,13394,13550,13689,13671,13587,13706
".Cameron County, Texas",412722,415018,416102,417355,417403,418918,419214,418839,419726,421013
".Camp County, Texas",12345,12348,12263,12392,12368,12367,12383,12467,12509,12463
".Carson County, Texas",6231,6075,5967,6007,5980,6052,5955,5912,5806,5800
".Cass County, Texas",30091,29693,29745,29478,29346,29106,28865,28881,28607,28448
".Castro County, Texas",8081,8239,8087,7885,7741,7689,7621,7476,7425,7373
".Chambers County, Texas",35868,36812,37815,38883,39760,41035,42264,43283,45021,46573
".Cherokee County, Texas",50778,50723,50298,50153,50289,50349,50335,50291,50311,50410
".Childress County, Texas",6965,6988,6896,6985,6909,6886,6891,6845,6751,6666
".Clay County, Texas",10627,10450,10351,10240,10190,10061,10257,10167,10160,10215
".Cochran County, Texas",3041,2953,2905,2806,2804,2704,2605,2540,2516,2548
".Coke County, Texas",3257,3186,3157,3188,3191,3221,3239,3271,3265,3281
".Coleman County, Texas",8694,8576,8392,8239,8090,8145,8089,8007,7726,7686
".Collin County, Texas",812200,835050,856368,884809,915507,944901,973406,1006788,1035942,1064464
".Collingsworth County, Texas",3055,2968,3020,2911,2880,2858,2782,2729,2697,2651
".Colorado County, Texas",20672,20488,20376,20249,20395,20435,20540,20451,20496,20557
".Comal County, Texas",111964,114601,118236,122709,128180,133587,139768,147145,155219,161490
".Comanche County, Texas",13851,13688,13501,13405,13312,13458,13420,13392,13487,13593
".Concho County, Texas",4181,4191,4276,4287,4320,4438,3053,3080,3199,3300
".Cooke County, Texas",38495,38807,38579,38920,39362,39552,40156,40722,41396,41667
".Coryell County, Texas",77451,79947,78895,78949,79583,78902,79500,80041,82428,83094
".Cottle County, Texas",1508,1486,1444,1430,1440,1402,1377,1380,1391,1378
".Crane County, Texas",4343,4497,4680,4847,4933,4707,4595,4627,4657,4677
".Crockett County, Texas",3603,3614,3631,3615,3518,3393,3228,3107,3086,3095
".Crosby County, Texas",5980,5924,5766,5620,5664,5603,5499,5344,5254,5129
".Culberson County, Texas",2397,2325,2317,2297,2272,2239,2254,2207,2180,2187
".Dallam County, Texas",6866,7021,7058,7144,7215,7219,7129,7127,7103,7116
".Dallas County, Texas",2406239,2450855,2476818,2509134,2544926,2576376,2602897,2609820,2613243,2613562
".Dawson County, Texas",13683,13493,13049,13223,12718,12664,12345,12108,12489,12457
".Deaf Smith County, Texas",19545,19416,19243,19207,18931,18956,18896,18862,18756,18584
".Delta County, Texas",5130,5211,5076,5084,5088,5052,5176,5207,5211,5228
".Denton County, Texas",684125,705736,725910,749915,775786,803978,830488,853413,883456,906434
".DeWitt County, Texas",20164,20283,20269,20373,20451,20383,19914,19758,19786,19829
".Dickens County, Texas",2354,2238,2174,2050,2001,1950,1913,1883,1828,1769
".Dimmit County, Texas",9938,10164,10453,10411,10196,9820,9289,9047,8838,8612
".Donley County, Texas",3681,3635,3547,3465,3368,3360,3304,3257,3224,3263
".Duval County, Texas",11620,11279,11152,10949,10648,10619,10320,10079,9967,9829
".Eastland County, Texas",18502,18316,18069,17985,17812,17830,17810,17745,17669,17726
".Ector County, Texas",139348,143963,148894,153592,158672,156334,155183,159994,164112,165169
".Edwards County, Texas",1916,1877,1736,1690,1647,1601,1567,1489,1451,1425
".Ellis County, Texas",152711,154306,156732,160233,164559,169829,175131,181024,186929,192461
".El Paso County, Texas",822872,837663,838593,843841,844314,849514,853951,855916,860290,865659
".Erath County, Texas",38858,39286,39717,40294,40915,41036,41351,41803,42034,42546
".Falls County, Texas",17812,17499,17137,17072,17043,17075,17105,16955,16980,16966
".Fannin County, Texas",33859,33556,33445,33522,33397,33813,34427,35095,35371,35654
".Fayette County, Texas",24599,24402,24354,24303,24356,24324,24327,24381,24310,24430
".Fisher County, Texas",3931,3808,3815,3819,3808,3793,3775,3691,3691,3674
".Floyd County, Texas",6334,6285,6150,5823,5688,5662,5615,5554,5478,5398
".Foard County, Texas",1354,1301,1273,1257,1203,1172,1169,1151,1121,1094
".Fort Bend County, Texas",604621,622289,648234,679354,709550,737688,760370,780293,802674,822792
".Franklin County, Texas",10506,10533,10468,10372,10367,10408,10479,10409,10338,10360
".Freestone County, Texas",19548,19386,19458,19494,19517,19387,19336,19428,19352,19442
".Frio County, Texas",17242,17477,17751,18086,18305,18304,18377,18481,18361,18380
".Gaines County, Texas",17869,18235,18697,19188,20041,20283,20350,20544,21253,21596
".Galveston County, Texas",296416,302512,308692,316119,324369,332962,339243,342818,347347,350687
".Garza County, Texas",6504,6319,6228,6231,6164,5936,6177,5882,5851,5821
".Gillespie County, Texas",25008,25117,25278,25363,25774,26060,26328,26488,26682,26725
".Glasscock County, Texas",1198,1208,1168,1191,1212,1166,1136,1135,1136,1115
".Goliad County, Texas",7131,7190,7255,7248,7195,7132,7113,7077,7039,7017
".Gonzales County, Texas",19589,19627,19707,19771,19800,19961,19788,19681,19680,19659
".Gray County, Texas",22601,22811,22833,23215,23002,22403,21730,21598,21391,21230
".Grayson County, Texas",121140,121347,121635,122647,124461,126866,129411,131876,134008,135554
".Gregg County, Texas",122712,123142,123296,123203,123860,123460,122947,123319,124050,124238
".Grimes County, Texas",26639,26642,26733,26916,27200,27358,27783,28120,28761,29274
".Guadalupe County, Texas",136177,140308,143834,148060,152125,156317,161762,165782,169643,172712
".Hale County, Texas",36340,36170,35548,34288,33829,33846,33650,33216,32778,32515
".Hall County, Texas",3296,3240,3121,3017,3025,3031,2950,2932,2872,2820
".Hamilton County, Texas",8353,8177,8138,8024,7911,8041,8175,8222,8161,8224
".Hansford County, Texas",5578,5529,5538,5554,5644,5563,5459,5444,5366,5282
".Hardeman County, Texas",4104,3997,3922,3802,3687,3702,3632,3545,3514,3548
".Hardin County, Texas",54825,54681,54663,54669,54721,55064,55749,55531,55953,56231
".Harris County, Texas",4178872,4261816,4351360,4453567,4554850,4620800,4653436,4674226,4706231,4731134
".Harrison County, Texas",66648,66811,67064,67620,67964,68151,68248,68664,68694,68835
".Hartley County, Texas",6024,6073,5985,6024,5662,5682,5642,5488,5431,5377
".Haskell County, Texas",5919,5815,5801,5682,5660,5560,5477,5439,5385,5423
".Hays County, Texas",163447,168922,176678,185738,195791,206013,216524,224819,232520,241061
".Hemphill County, Texas",3911,4007,4027,4000,4072,3852,3652,3518,3458,3385
".Henderson County, Texas",78645,78656,78199,78704,78735,79176,79906,80937,81457,82146
".Hidalgo County, Texas",794911,807220,817021,827724,837085,845787,852451,858162,864302,870784
".Hill County, Texas",35080,34931,34520,34336,34295,34450,34967,35319,35574,35878
".Hockley County, Texas",22729,22731,22921,22837,22539,22156,21936,21748,21731,21542
".Hood County, Texas",51371,51785,52370,53171,54436,55631,56876,58977,60335,61599
".Hopkins County, Texas",35212,35220,35169,35518,35764,35917,36171,36365,36699,36787
".Houston County, Texas",23332,23029,22542,22462,22317,22385,22484,22363,22127,22061
".Howard County, Texas",34749,35091,35602,35770,36196,35109,34510,34370,35114,34858
".Hudspeth County, Texas",3195,2967,2777,2573,2635,3188,3373,3370,3291,3202
".Hunt County, Texas",86737,87081,87576,88833,89917,92168,94346,96994,98926,99967
".Hutchinson County, Texas",22009,22000,21889,21872,21742,21473,21262,20979,20800,20621
".Irion County, Texas",1593,1569,1602,1561,1524,1538,1480,1493,1511,1513
".Jack County, Texas",8962,8867,8770,8646,8596,8439,8428,8370,8433,8474
".Jackson County, Texas",14069,14304,14657,14785,14884,14962,14904,14946,14895,14991
".Jasper County, Texas",35891,35297,34810,34372,33967,33894,33784,33758,33319,32984
".Jeff Davis County, Texas",2253,2243,2156,2117,2074,2084,2088,2051,2060,1997
".Jefferson County, Texas",254242,252954,255021,255421,258233,259409,260195,257555,256808,256525
".Jim Hogg County, Texas",5244,5198,5150,5183,5115,5031,4937,4877,4844,4832
".Jim Wells County, Texas",41044,41310,41183,40840,40694,40199,39783,39469,39083,38892
".Johnson County, Texas",152228,153665,154906,157224,159951,163536,167949,172244,177062,179924
".Jones County, Texas",20244,19824,19970,19758,19851,19831,19670,19652,19664,19660
".Karnes County, Texas",14852,14672,14462,14558,14976,15000,14995,15038,14597,14710
".Kaufman County, Texas",105677,107408,109479,112477,116038,120368,125454,131584,139903,145310
".Kendall County, Texas",33926,34665,35855,36683,37865,39422,41092,42322,43728,44277
".Kenedy County, Texas",434,439,427,423,423,406,383,391,354,348
".Kent County, Texas",810,819,773,736,732,731,738,701,733,752
".Kerr County, Texas",49610,49667,49716,50247,50764,51316,51738,52193,52237,52594
".Kimble County, Texas",4579,4499,4424,4416,4334,4341,4306,4248,4267,4282
".King County, Texas",256,265,266,255,271,278,275,261,251,265
".Kinney County, Texas",3546,3525,3465,3334,3316,3297,3318,3245,3170,3133
".Kleberg County, Texas",32113,32236,32217,32152,31738,31704,31214,31239,31086,31040
".Knox County, Texas",3681,3656,3614,3660,3621,3527,3435,3384,3365,3356
".Lamar County, Texas",49891,49713,49170,49509,49492,49665,49738,49817,49943,50079
".Lamb County, Texas",14099,13934,13763,13612,13416,13383,13392,13322,13167,13046
".Lampasas County, Texas",19913,20036,20119,20080,20331,20494,20824,21094,21374,21625
".La Salle County, Texas",6894,6962,7165,7119,7187,7067,6918,6803,6756,6663
".Lavaca County, Texas",19333,19562,19673,19833,19990,19969,20111,20194,20278,20337
".Lee County, Texas",16566,16523,16570,16651,16904,17015,17166,17184,17374,17482
".Leon County, Texas",16608,16343,16045,15980,16103,16096,15943,15832,15787,15714
".Liberty County, Texas",76105,76559,77108,78388,79958,81882,84230,86496,89195,91627
".Limestone County, Texas",23434,23402,23033,22997,22786,22697,22483,22235,22250,22149
".Lipscomb County, Texas",3323,3429,3461,3515,3512,3448,3299,3245,3136,3057
".Live Oak County, Texas",11382,11452,11515,11650,11665,11429,11451,11317,11336,11335
".Llano County, Texas",18986,19108,19280,19367,19711,20181,20688,21090,21159,21243
".Loving County, Texas",82,62,71,43,62,49,55,60,65,64
".Lubbock County, Texas",283053,285300,288544,293151,296730,300208,303233,305289,307953,310645
".Lynn County, Texas",5830,5698,5588,5617,5523,5509,5520,5495,5563,5592
".McCulloch County, Texas",8225,8185,8164,8047,8122,7966,7754,7756,7782,7629
".McLennan County, Texas",238018,239678,241893,243765,246192,248432,252634,255337,258351,260577
".McMullen County, Texas",681,702,720,746,763,729,673,621,614,600
".Madison County, Texas",13628,13525,13503,13453,13454,13531,13601,13631,13501,13461
".Marion County, Texas",10460,10342,10229,10084,10049,10011,9933,9753,9666,9725
".Martin County, Texas",4816,4851,5088,5221,5347,5281,5124,5210,5229,5238
".Mason County, Texas",3987,3972,4000,3942,3866,3925,3914,3953,3940,3948
".Matagorda County, Texas",36615,36426,36327,36259,36495,36843,36500,36187,36211,36254
".Maverick County, Texas",55167,55604,56303,56819,57364,57570,57499,57533,57867,57887
".Medina County, Texas",46341,46487,46788,47238,47662,48338,49159,49743,50274,50750
".Menard County, Texas",2196,2170,2087,2064,2054,2001,2003,1976,1957,1962
".Midland County, Texas",139297,145652,149913,153533,158387,159171,159899,166259,169405,169983
".Milam County, Texas",24614,24123,24105,24159,24379,24695,24927,24993,24746,24754
".Mills County, Texas",4835,4745,4747,4706,4684,4644,4641,4545,4513,4453
".Mitchell County, Texas",9497,9513,9262,9416,9284,8982,8815,8862,8903,8990
".Montague County, Texas",19764,19485,19397,19381,19272,19408,19433,19625,19881,19969
".Montgomery County, Texas",471268,484288,497998,516621,535122,554396,570449,588883,606189,620445
".Moore County, Texas",22156,22578,22352,22252,22052,22046,22044,21592,21535,21360
".Morris County, Texas",12717,12606,12540,12425,12144,12163,12062,11930,11963,11973
".Motley County, Texas",1184,1168,1151,1095,1079,1090,1134,1129,1083,1062
".Nacogdoches County, Texas",65636,65832,65136,65168,65373,65433,65117,64909,64700,64644
".Navarro County, Texas",48331,48624,48710,48789,49257,49701,50249,51269,51899,52616
".Newton County, Texas",14403,14147,13929,13753,13494,13367,12987,12735,12497,12216
".Nolan County, Texas",15137,14920,15049,15105,15085,15031,14852,14777,14758,14737
".Nueces County, Texas",342027,345710,349730,352458,355326,355488,354061,353908,353076,353171
".Ochiltree County, Texas",10489,10694,10821,10864,10882,10488,10270,10164,10154,10015
".Oldham County, Texas",2026,1964,1967,1912,1872,1841,1840,1820,1775,1759
".Orange County, Texas",82582,83327,83456,84090,85001,85813,86403,84739,84804,84811
".Palo Pinto County, Texas",27950,27667,27596,27664,27507,27587,27924,28126,28310,28411
".Panola County, Texas",23923,23846,23569,23460,23303,22981,22670,22506,22473,22488
".Parker County, Texas",118481,119773,120209,122712,126342,129791,134515,139276,144295,148227
".Parmer County, Texas",10323,10267,10103,10103,9976,9983,9942,9956,9880,9876
".Pecos County, Texas",15572,15444,15484,15593,15744,15521,15242,15236,15267,15195
".Polk County, Texas",45278,44969,44735,44780,45338,46131,47172,47923,49000,50123
".Potter County, Texas",122550,123213,122823,122975,122396,121847,121640,120202,118901,118523
".Presidio County, Texas",7705,7526,7254,7021,6841,6866,6758,6438,6246,6133
".Rains County, Texas",10946,10847,10905,10850,10934,11060,11455,11762,12072,12165
".Randall County, Texas",123646,125346,127266,129389,131161,133297,135113,136843,139000,140761
".Reagan County, Texas",3339,3376,3485,3594,3569,3441,3382,3359,3429,3385
".Real County, Texas",3348,3203,3101,3062,2945,2967,2927,2921,2839,2756
".Red River County, Texas",12627,12623,12343,12259,12116,11904,11852,11783,11694,11589
".Reeves County, Texas",13946,13988,14090,14597,14930,14458,14277,14503,14849,14748
".Refugio County, Texas",7309,7233,7246,7316,7270,7203,7094,6826,6716,6744
".Roberts County, Texas",923,940,919,915,912,917,945,898,847,828
".Robertson County, Texas",16603,16359,16292,16290,16482,16575,16867,16913,16740,16755
".Rockwall County, Texas",80995,82578,84452,86772,89805,93039,96330,99880,104064,107817
".Runnels County, Texas",10444,10231,10044,10097,10139,9995,9933,9778,9829,9899
".Rusk County, Texas",53375,53250,52569,52228,51767,51490,52586,52468,52393,52213
".Sabine County, Texas",10651,10389,10230,10176,10131,10008,9979,10038,9926,9896
".San Augustine County, Texas",8758,8717,8558,8344,8178,8080,8071,7988,7925,7918
".San Jacinto County, Texas",26565,26551,26160,26301,26431,26617,26927,27239,27202,27396
".San Patricio County, Texas",64678,65664,66714,67414,68060,68444,68519,68052,68311,68759
".San Saba County, Texas",6008,5922,5860,5731,5766,5730,5774,5805,5727,5724
".Schleicher County, Texas",3270,3187,3086,3027,3027,2860,2761,2625,2512,2451
".Scurry County, Texas",16896,17183,17348,17485,17712,17591,17222,17069,16913,16933
".Shackelford County, Texas",3310,3318,3311,3231,3228,3215,3147,3098,3091,3103
".Shelby County, Texas",25610,25833,25648,25173,24834,24949,24483,24463,24359,24020
".Sherman County, Texas",2982,2982,2987,2957,2925,2901,2861,2893,2791,2781
".Smith County, Texas",212554,214434,215935,218941,221540,224097,225902,228430,231313,233483
".Somervell County, Texas",8439,8573,8594,8594,8662,8714,8910,9084,9199,9209
".Starr County, Texas",61841,62313,62869,63584,64250,64702,65052,65343,65781,65921
".Stephens County, Texas",9506,9556,9291,9237,9256,9238,9120,9228,9150,9103
".Sterling County, Texas",1179,1205,1249,1367,1365,1379,1334,1361,1357,1373
".Stonewall County, Texas",1450,1428,1384,1342,1344,1337,1297,1257,1237,1245
".Sutton County, Texas",3938,3829,3860,3809,3717,3662,3517,3432,3424,3374
".Swisher County, Texas",7760,7768,7607,7400,7288,7211,7178,7102,7065,6970
".Tarrant County, Texas",1847539,1881041,1910783,1943302,1981211,2018639,2050045,2073999,2093435,2110648
".Taylor County, Texas",133393,135070,135341,136839,138421,138963,139670,140795,142037,143212
".Terrell County, Texas",950,926,901,924,885,841,840,827,791,759
".Terry County, Texas",12608,12542,12588,12629,12555,12520,12141,11986,11989,11831
".Throckmorton County, Texas",1632,1602,1593,1596,1539,1520,1484,1455,1440,1439
".Titus County, Texas",32242,32236,32042,31787,31744,31430,31464,31414,31227,31246
".Tom Green County, Texas",111772,113343,114736,116402,117619,117796,117807,118370,119509,120005
".Travis County, Texas",1061125,1095951,1120950,1150585,1177747,1203597,1224257,1243148,1269593,1290185
".Trinity County, Texas",14534,14099,14051,13782,13897,13768,13791,13660,13540,13601
".Tyler County, Texas",21456,21107,20935,20718,20446,20313,20218,20136,19890,19796
".Upshur County, Texas",39584,39661,39394,39813,39738,40086,40266,40198,40638,40885
".Upton County, Texas",3245,3195,3287,3353,3494,3503,3431,3373,3354,3309
".Uvalde County, Texas",26314,26252,26194,26087,25799,25714,25487,25000,24769,24564
".Val Verde County, Texas",48782,48643,48557,48208,48102,47998,48025,47857,47705,47587
".Van Zandt County, Texas",52766,52710,53048,53723,54594,55792,56747,57853,58793,59543
".Victoria County, Texas",87478,88976,89862,90759,91786,92013,91537,91288,91415,91320
".Walker County, Texas",68947,69578,70810,71906,73100,74521,75907,76614,75709,76397
".Waller County, Texas",44121,44336,45392,46736,48593,49979,51640,53459,55188,56796
".Ward County, Texas",10621,10735,11077,11401,11420,11324,11088,11362,11617,11649
".Washington County, Texas",33960,33930,34207,34410,34852,34726,34848,35535,35682,35802
".Webb County, Texas",254571,258134,260882,262815,264110,265518,265798,266109,266718,267111
".Wharton County, Texas",41273,41106,41081,41037,41313,41553,41792,41428,41573,41578
".Wheeler County, Texas",5451,5601,5732,5716,5684,5548,5327,5166,5059,4988
".Wichita County, Texas",130365,130913,131057,131155,129116,129083,129136,129006,128920,129351
".Wilbarger County, Texas",13493,13363,13309,13123,13221,13086,12917,13008,12981,12888
".Willacy County, Texas",22040,21972,21684,21492,21315,21110,20748,20570,20334,20163
".Williamson County, Texas",442034,455546,469630,487317,506333,526546,544910,565272,589365,609024
".Wilson County, Texas",43419,43907,44574,45298,46132,46953,47777,48502,49101,49754
".Winkler County, Texas",7148,7345,7601,7778,7979,7859,7527,7666,7884,7795
".Wise County, Texas",59670,59911,60292,60754,61683,63083,64221,66475,67886,68633
".Wood County, Texas",41953,42121,41960,42262,42488,43011,43421,44214,44468,44848
".Yoakum County, Texas",7848,7831,7899,7975,8120,8012,7815,7710,7778,7697
".Young County, Texas",18349,18263,18339,18248,18131,18067,17884,17916,17896,17860
".Zapata County, Texas",14186,14200,14278,14232,14319,14235,14036,13906,13946,13889
".Zavala County, Texas",11605,11532,11506,11343,11197,10785,10391,10165,9823,9668
".Beaver County, Utah",6598,6569,6553,6558,6512,6654,6624,6872,7008,7072
".Box Elder County, Utah",50349,50397,51007,51671,52287,53528,54617,55511,56745,57658
".Cache County, Utah",115235,116710,118205,119439,121609,124528,126978,129453,131536,133146
".Carbon County, Utah",21269,21156,20807,20510,20236,20155,19945,19992,20188,20414
".Daggett County, Utah",1153,1079,1116,1093,1067,1028,957,921,894,937
".Davis County, Utah",312439,316987,323761,330713,337064,343935,349967,354690,359269,362673
".Duchesne County, Utah",18662,18930,19859,20065,20580,20032,19627,19646,19590,19600
".Emery County, Utah",10948,10873,10663,10512,10202,10033,9808,9790,9782,9825
".Garfield County, Utah",5156,5074,5048,5029,4989,4984,5055,5008,5041,5087
".Grand County, Utah",9270,9314,9319,9410,9463,9536,9498,9610,9655,9675
".Iron County, Utah",46733,46843,46823,47424,48590,50261,51530,53627,56017,57290
".Juab County, Utah",10275,10225,10162,10278,10387,10839,11069,11366,11696,11778
".Kane County, Utah",7268,7125,7053,7074,6924,7162,7367,7472,7660,7668
".Millard County, Utah",12534,12400,12459,12413,12464,12454,12588,12694,12824,12981
".Morgan County, Utah",9645,9794,10189,10575,11006,11318,11778,11905,12041,12297
".Piute County, Utah",1492,1488,1475,1451,1472,1436,1382,1406,1442,1439
".Rich County, Utah",2301,2270,2280,2296,2327,2342,2425,2497,2515,2509
".Salt Lake County, Utah",1050315,1068851,1086463,1099234,1113675,1133833,1152447,1166214,1177942,1185234
".San Juan County, Utah",14755,14881,14757,14752,14857,14873,14738,14712,14528,14517
".Sanpete County, Utah",27643,27313,27200,27083,27160,27455,27877,28168,28339,28438
".Sevier County, Utah",20842,20608,20679,20643,20745,20994,21124,21316,21412,21513
".Summit County, Utah",37434,37880,38438,39132,39661,40547,41356,41856,42056,42362
".Tooele County, Utah",59046,59536,60260,60956,62038,63882,66607,68942,70985,72703
".Uintah County, Utah",33209,34581,35598,36806,37657,36073,35017,35159,35528,35621
".Utah County, Utah",532339,542665,555580,566260,579574,598592,616294,631955,646750,659389
".Wasatch County, Utah",24376,25289,26504,27718,29012,30291,31881,33091,34000,34783
".Washington County, Utah",140918,143548,146135,149970,153282,157683,164045,169604,175195,180285
".Wayne County, Utah",2711,2648,2631,2589,2559,2516,2519,2453,2474,2488
".Weber County, Utah",233883,236326,238166,240294,243050,247313,251659,255665,259916,262219
".Addison County, Vermont",37026,37006,37087,37131,37179,37238,37255,37320,37387,37362
".Bennington County, Vermont",37060,37062,37188,37014,37195,37165,37142,37203,37290,37347
".Caledonia County, Vermont",31173,31138,31205,31079,30901,30465,30507,30603,30289,30236
".Chittenden County, Vermont",158583,159678,160880,161836,163637,164343,166158,167059,167622,168329
".Essex County, Vermont",6295,6172,6121,6061,6079,6089,6026,6031,5945,5916
".Franklin County, Vermont",48271,48392,48514,48902,49160,49186,49212,49560,49662,49948
".Grand Isle County, Vermont",6989,6998,7026,7016,6931,6990,7056,7191,7310,7289
".Lamoille County, Vermont",24789,25087,25315,25396,25569,25723,25847,25808,25956,25944
".Orange County, Vermont",29075,29022,29001,29075,29131,29185,29295,29189,29215,29274
".Orleans County, Vermont",27259,27280,27301,27241,27301,27055,27179,27232,27389,27393
".Rutland County, Vermont",61577,61422,61388,61217,60997,60830,60966,60814,60617,60575
".Washington County, Vermont",59788,59756,59721,59617,59462,59334,59374,59317,59789,59803
".Windham County, Vermont",44740,44892,45175,45337,45322,45648,45736,45853,45774,45900
".Windsor County, Vermont",56975,56788,56937,56950,57048,57146,57334,57500,57602,57756
".Accomack County, Virginia",33366,33525,33342,33462,33511,33595,33531,33516,33348,33422
".Albemarle County, Virginia",100462,101920,102929,104596,106190,107817,109446,110355,111551,112396
".Alleghany County, Virginia",16220,16138,16075,15807,15672,15679,15474,15393,15320,15224
".Amelia County, Virginia",12773,12788,12724,12802,12894,12936,13126,13171,13252,13257
".Amherst County, Virginia",32110,32549,32199,32003,31643,31650,31600,31438,31304,31310
".Appomattox County, Virginia",15114,15258,15341,15377,15527,15585,15773,15940,15976,16113
".Arlington County, Virginia",215927,221343,224729,225762,228255,231052,234320,235668,237278,238645
".Augusta County, Virginia",73776,73815,74173,74315,74827,75474,76018,76696,77006,77480
".Bath County, Virginia",4664,4658,4614,4566,4500,4452,4322,4334,4234,4208
".Bedford County, Virginia",75513,75679,76081,76912,77477,77815,78202,78839,79121,79465
".Bland County, Virginia",6777,6695,6677,6589,6541,6488,6367,6301,6300,6269
".Botetourt County, Virginia",32994,33109,32979,33065,33364,33266,33318,33370,33453,33595
".Brunswick County, Virginia",17089,16969,16899,16714,16714,16459,16400,16094,15957,15847
".Buchanan County, Virginia",23788,23751,23516,23008,22570,21995,21351,21064,20685,20352
".Buckingham County, Virginia",17173,16993,17041,16788,16840,16827,16795,16756,16813,16827
".Campbell County, Virginia",54837,54912,55193,55417,55536,55583,55663,55780,55656,55699
".Caroline County, Virginia",28674,28954,29259,29756,29918,30103,30455,30782,30764,30886
".Carroll County, Virginia",29976,29710,29611,29324,29391,29204,29167,29053,29157,29157
".Charles City County, Virginia",7187,7100,7034,6931,6988,6961,6949,6897,6873,6772
".Charlotte County, Virginia",12456,12326,12175,12038,12010,11908,11840,11637,11547,11528
".Chesterfield County, Virginia",321256,325585,330094,335324,338926,343242,348795,354729,360131,364546
".Clarke County, Virginia",14218,14293,14318,14400,14339,14413,14589,14655,14731,14780
".Craig County, Virginia",5145,5094,5072,5091,5034,5011,4923,4939,4941,4892
".Culpeper County, Virginia",47242,47660,48336,48886,49117,49812,50651,51091,51945,52549
".Cumberland County, Virginia",9953,9784,9764,9728,9616,9573,9643,9640,9716,9677
".Dickenson County, Virginia",15776,15704,15521,15337,15191,15008,14715,14488,14279,14123
".Dinwiddie County, Virginia",28014,28042,27826,27749,27725,27956,28097,28139,28063,27945
".Essex County, Virginia",11123,11053,11041,10913,10903,10849,10700,10593,10604,10598
".Fairfax County, Virginia",1103343,1120242,1131592,1136017,1140080,1143814,1148020,1148179,1150668,1150309
".Fauquier County, Virginia",66228,66919,67660,68801,69271,69811,70691,72015,72746,72975
".Floyd County, Virginia",15363,15365,15387,15400,15395,15482,15548,15520,15495,15472
".Fluvanna County, Virginia",25938,25851,25779,25909,26056,26123,26396,26793,27112,27250
".Franklin County, Virginia",56119,55895,55697,55513,55306,55062,55059,54839,54550,54474
".Frederick County, Virginia",79597,80389,81699,83003,83856,85116,87026,88898,90067,91415
".Giles County, Virginia",17166,17049,17028,16900,16827,16925,16839,16920,16796,16792
".Gloucester County, Virginia",37048,37122,37175,37554,37669,37880,38212,38399,38621,38715
".Goochland County, Virginia",21584,21523,21854,22180,22541,22900,23166,23733,24297,24729
".Grayson County, Virginia",15344,15103,15068,15843,15860,15750,15561,15464,15398,15339
".Greene County, Virginia",18750,18931,19018,19319,19438,19590,19929,20084,20310,20555
".Greensville County, Virginia",12012,11767,11720,11608,11841,11573,11619,11457,11375,11389
".Halifax County, Virginia",36030,35800,35475,35317,35243,35168,34784,34430,34279,34025
".Hanover County, Virginia",100126,100750,101666,102513,104050,105482,107049,108322,109218,109978
".Henrico County, Virginia",310485,315727,318866,322150,324780,326601,328499,330475,333139,334392
".Henry County, Virginia",53589,53206,52893,52438,52195,51953,51716,51495,51166,50950
".Highland County, Virginia",2264,2241,2215,2252,2213,2233,2238,2232,2206,2232
".Isle of Wight County, Virginia",35418,35562,35846,36283,36675,37034,37435,37974,38263,38607
".James City County, Virginia",68434,69631,70922,72469,73320,74551,75981,76835,77543,78254
".King and Queen County, Virginia",6942,6928,6914,6933,6903,6837,6753,6740,6683,6606
".King George County, Virginia",24206,24487,24725,25043,25144,25627,25968,26205,26456,26726
".King William County, Virginia",16047,16038,16182,16266,16427,16583,16900,17182,17445,17812
".Lancaster County, Virginia",11312,11188,11052,10983,10976,10952,10929,10925,10880,10918
".Lee County, Virginia",25402,25172,24719,24253,24016,23475,23095,22748,22471,22170
".Loudoun County, Virginia",326342,337876,349963,362280,374115,385677,397107,405868,414764,420958
".Louisa County, Virginia",33278,33272,33727,34012,34276,34966,35529,36343,37126,37595
".Lunenburg County, Virginia",12865,12563,12425,12337,12171,12129,12109,11979,11939,11934
".Madison County, Virginia",13208,13254,13264,13258,13331,13427,13601,13634,13701,13836
".Mathews County, Virginia",8913,8855,8817,8706,8701,8624,8522,8558,8549,8534
".Mecklenburg County, Virginia",32518,31610,31121,30950,30727,30569,30419,30382,30359,30316
".Middlesex County, Virginia",10862,10862,10798,10675,10709,10782,10651,10760,10608,10626
".Montgomery County, Virginia",94906,95959,97036,97687,98037,99028,99072,99640,99947,99722
".Nelson County, Virginia",15016,14796,14792,14858,14752,14788,14783,14817,14846,14774
".New Kent County, Virginia",18694,19023,19336,19786,20091,20669,21227,21818,22472,22946
".Northampton County, Virginia",12475,12333,12209,12269,12362,12348,12267,12244,12311,12282
".Northumberland County, Virginia",12422,12367,12220,12154,12117,12024,12096,11974,11847,11837
".Nottoway County, Virginia",15949,15862,15793,15712,15857,15793,15776,15765,15636,15644
".Orange County, Virginia",33822,33975,34190,34367,34500,34567,34952,35561,35754,36252
".Page County, Virginia",23926,23788,23647,23686,23542,23485,23629,23810,23717,23708
".Patrick County, Virginia",18349,18357,18282,18219,18013,17880,17784,17725,17665,17612
".Pittsylvania County, Virginia",63326,63004,62717,62582,62270,62033,61670,61320,60898,60495
".Powhatan County, Virginia",28176,28255,28414,28634,28229,28654,28944,29451,30017,30339
".Prince Edward County, Virginia",22188,22935,22368,22518,22551,22348,21886,21954,21790,21854
".Prince George County, Virginia",37277,38133,38788,39311,40587,40743,41200,41755,42548,43010
".Prince William County, Virginia",420061,431361,440274,447108,455078,461372,468698,472685,478532,482195
".Pulaski County, Virginia",34718,34692,34491,34265,34260,34153,34121,33945,33839,33792
".Rappahannock County, Virginia",7483,7424,7448,7362,7432,7411,7441,7410,7412,7348
".Richmond County, Virginia",9184,9041,8898,8814,8698,8658,8769,8854,8923,8922
".Roanoke County, Virginia",93142,93313,94137,94452,94703,95026,95647,96148,96650,96934
".Rockbridge County, Virginia",22433,22356,22297,22390,22345,22389,22646,22801,22659,22648
".Rockingham County, Virginia",77046,77470,77900,78502,79217,80291,81481,82528,83457,83759
".Russell County, Virginia",28570,28229,28047,27703,27395,26866,26408,26085,25915,25788
".Scott County, Virginia",23049,22948,22757,22505,22279,22047,21870,21600,21543,21578
".Shenandoah County, Virginia",42308,42608,42622,42879,43038,43171,43561,43740,43866,44187
".Smyth County, Virginia",32014,31839,31685,31457,31276,30943,30540,30245,29887,29800
".Southampton County, Virginia",18677,18577,18432,18358,18304,18287,18094,18017,18088,18002
".Spotsylvania County, Virginia",124809,126322,128105,129739,131102,132664,134354,135893,138315,140029
".Stafford County, Virginia",132360,133645,136317,139307,141492,144185,147498,150608,154579,156933
".Surry County, Virginia",6945,6884,6849,6858,6768,6672,6637,6582,6572,6558
".Sussex County, Virginia",12071,11897,11721,11666,11620,11340,11271,11082,10966,10833
".Tazewell County, Virginia",44714,44243,43982,43336,42851,42133,41254,41029,40596,40434
".Warren County, Virginia",37692,37966,38613,40276,38901,39386,39698,40306,40516,40729
".Washington County, Virginia",54862,55151,54860,54709,54406,54293,54335,54252,54022,53931
".Westmoreland County, Virginia",17683,17595,17668,17591,17740,17867,17981,18111,18358,18477
".Wise County, Virginia",41320,40674,40317,39436,39002,38352,37774,36944,36381,36132
".Wythe County, Virginia",29164,29259,29181,28924,28938,28698,28600,28394,28321,28289
".York County, Virginia",65917,66090,66361,67019,68408,68519,68819,68935,69474,70043
".Alexandria city, Virginia",144343,147512,149959,151796,154170,156992,159202,158866,159599,159465
".Bristol city, Virginia",17722,17699,17400,17211,17167,17119,16932,16808,17006,17217
".Buena Vista city, Virginia",6743,6800,6732,6655,6656,6625,6664,6690,6684,6640
".Charlottesville city, Virginia",43717,44498,44890,45350,46095,46664,47095,47009,46821,46554
".Chesapeake city, Virginia",225697,228741,231293,234624,236670,239344,242373,244975,247900,249420
".Colonial Heights city, Virginia",17412,17613,17814,17869,17978,18020,18100,18154,18005,18169
".Covington city, Virginia",5929,5870,5867,5824,5728,5749,5738,5749,5722,5742
".Danville city, Virginia",42990,43325,43515,43429,43384,43350,43013,42878,42504,42592
".Emporia city, Virginia",5901,5923,5852,5809,5820,5786,5835,5790,5851,5762
".Fairfax city, Virginia",22561,23073,23486,23644,23642,23775,23819,23877,23990,24147
".Falls Church city, Virginia",12699,13139,13422,13483,13807,13684,14315,14488,14604,14655
".Franklin city, Virginia",8491,8565,8656,8544,8519,8424,8380,8315,8183,8178
".Fredericksburg city, Virginia",25575,26858,27356,27649,27302,27548,27650,28146,27891,27977
".Galax city, Virginia",6897,6946,7066,7074,7016,6883,6788,6654,6721,6725
".Hampton city, Virginia",136867,137609,137965,138509,137282,136600,136254,136219,136638,137150
".Harrisonburg city, Virginia",49767,51006,51096,51967,51969,52769,52745,52506,52023,51818
".Hopewell city, Virginia",22581,22452,22372,22394,22582,22971,23004,23042,23124,23035
".Lexington city, Virginia",6983,7039,7172,7157,7201,7190,7176,7243,7293,7321
".Lynchburg city, Virginia",76286,76735,77161,77126,77884,78229,78662,78929,79324,79008
".Manassas city, Virginia",39337,40705,41688,41934,42392,42416,42529,42543,42640,42773
".Manassas Park city, Virginia",14973,15228,15648,15592,15733,15929,16640,17391,17345,17216
".Martinsville city, Virginia",13761,13769,13805,13816,13873,13723,13635,13495,13473,13482
".Newport News city, Virginia",181006,181710,183643,184610,184764,184810,184769,184629,186155,186250
".Norfolk city, Virginia",243067,245103,243945,244596,243998,242865,241222,239973,238879,238004
".Norton city, Virginia",4051,4060,4009,4017,3863,3813,3719,3719,3718,3689
".Petersburg city, Virginia",32466,32667,33283,33512,33464,33247,33133,33039,33358,33455
".Poquoson city, Virginia",12069,12163,12162,12095,12128,12071,12193,12311,12422,12456
".Portsmouth city, Virginia",96132,97174,97074,97129,97942,97115,97084,97291,97287,97918
".Radford city, Virginia",16549,16236,16426,16482,16174,15979,15913,16242,16121,16066
".Richmond city, Virginia",205807,209697,212251,214925,218228,222266,223674,225131,225993,226612
".Roanoke city, Virginia",96901,98232,99170,99849,100204,99934,99628,99691,100031,100019
".Salem city, Virginia",25035,25200,25344,25459,25400,25295,25392,25306,25248,25348
".Staunton city, Virginia",24102,23949,24304,24555,24522,24611,24851,25102,25497,25749
".Suffolk city, Virginia",84906,85498,86089,87311,88604,89853,90799,91785,93006,94325
".Virginia Beach city, Virginia",443669,447019,450564,452593,454902,456591,456311,457194,458285,459471
".Waynesboro city, Virginia",21046,20969,21026,21122,21319,21493,21887,22039,22022,22195
".Williamsburg city, Virginia",14125,14573,14693,14688,14941,15043,15163,15206,15240,15424
".Winchester city, Virginia",26706,27089,27439,27543,27679,28002,28395,28171,28351,28122
".Adams County, Washington",18946,19061,19261,19390,19500,19659,19977,20099,20473,20608
".Asotin County, Washington",21918,21817,21996,22012,21892,22035,22232,22267,22203,22288
".Benton County, Washington",180557,182595,184644,186904,190738,194115,198858,201889,204976,206875
".Chelan County, Washington",73410,73826,74235,74784,75858,76794,77359,77912,78511,79075
".Clallam County, Washington",71676,71607,71826,72172,72833,73842,75150,76120,76704,77164
".Clark County, Washington",433397,438351,444218,451940,461562,470963,481098,489135,496746,503307
".Columbia County, Washington",3993,3955,3971,3943,3911,3923,3940,3976,3934,3949
".Cowlitz County, Washington",102256,101566,101350,101618,102793,104476,106471,108298,109969,110733
".Douglas County, Washington",38586,39057,39183,39501,40205,40937,41525,42022,42695,42937
".Ferry County, Washington",7568,7537,7409,7350,7221,7171,7166,7182,7138,7182
".Franklin County, Washington",83049,85693,86444,87645,88687,90139,91811,93960,95456,96760
".Garfield County, Washington",2236,2207,2235,2197,2218,2248,2216,2248,2255,2283
".Grant County, Washington",90589,91295,91703,92903,93524,94152,95272,96507,97971,99120
".Grays Harbor County, Washington",72356,71752,71011,70734,70949,71463,72400,73666,74911,75634
".Island County, Washington",79086,79296,78569,79173,80624,82409,84037,85160,86206,86855
".Jefferson County, Washington",29897,29879,30123,30306,30540,31145,31492,32123,32638,32973
".King County, Washington",1974474,2011662,2047902,2086088,2127266,2167737,2204855,2228321,2249466,2269678
".Kitsap County, Washington",254703,255048,253454,254765,260945,265179,268678,271906,274904,275613
".Kittitas County, Washington",40992,40609,40364,40682,40727,42072,42858,43580,43640,44339
".Klickitat County, Washington",20702,20660,20902,20901,21055,21350,21821,22168,22514,22729
".Lewis County, Washington",75721,75538,75116,75038,75672,76946,78544,79777,80948,82144
".Lincoln County, Washington",10504,10388,10235,10145,10189,10222,10450,10554,10765,10877
".Mason County, Washington",60607,60193,59764,59677,59843,60788,62172,63716,64901,65725
".Okanogan County, Washington",41264,41067,40886,41018,41089,41211,41449,41657,41953,42114
".Pacific County, Washington",20950,20703,20621,20793,21150,21608,22116,22461,22975,23369
".Pend Oreille County, Washington",12877,12864,12684,12655,12761,12731,12899,13059,13137,13403
".Pierce County, Washington",808827,817753,824168,836847,848937,869506,887127,902213,913860,921132
".San Juan County, Washington",15848,15879,15973,16108,16327,16460,16911,17260,17654,17783
".Skagit County, Washington",117463,117509,117971,119599,121106,123086,125185,126969,128330,129519
".Skamania County, Washington",11149,11192,11295,11360,11353,11551,11770,11869,12039,12033
".Snohomish County, Washington",722037,732037,744030,757103,769551,787324,802410,813366,821582,827959
".Spokane County, Washington",475065,478399,482587,488423,495486,504922,514707,523742,533712,539335
".Stevens County, Washington",43482,43539,43351,43583,43681,44312,44824,45470,46000,46441
".Thurston County, Washington",256650,258994,262525,265790,269063,274884,281481,287067,291225,294796
".Wahkiakum County, Washington",3984,3982,3982,3982,3957,4085,4162,4293,4364,4422
".Walla Walla County, Washington",59618,59640,59818,60112,60666,60942,61645,61872,62289,62586
".Whatcom County, Washington",203047,204080,204952,206688,210024,214202,218768,222084,225296,226847
".Whitman County, Washington",44857,46282,46286,46251,47343,47863,48297,48436,48584,47985
".Yakima County, Washington",246499,247146,247957,248791,250171,252336,253336,254598,255999,256733
".Barbour County, West Virginia",16474,16642,16547,16480,16450,16121,15798,15691,15532,15464
".Berkeley County, West Virginia",105840,107137,108749,110529,112087,113935,115597,117885,120086,122080
".Boone County, West Virginia",24492,24501,24300,23990,23591,23207,22836,22440,21949,21807
".Braxton County, West Virginia",14369,14153,13956,13843,13681,13486,13256,12935,12666,12449
".Brooke County, West Virginia",23913,23854,23853,23719,23628,23168,22979,22782,22656,22560
".Cabell County, West Virginia",96910,97520,97877,97767,97985,97337,96401,95086,94307,94352
".Calhoun County, West Virginia",7547,7433,7310,7242,7072,6911,6769,6569,6373,6226
".Clay County, West Virginia",9299,9137,9034,8742,8701,8621,8447,8312,8179,8050
".Doddridge County, West Virginia",8180,8168,8360,8221,8397,8209,8103,8082,7906,7806
".Fayette County, West Virginia",45709,45486,45010,44444,43822,43107,42371,41646,40907,40487
".Gilmer County, West Virginia",8700,8663,8495,8328,8089,7884,7748,7581,7489,7417
".Grant County, West Virginia",11813,11680,11561,11385,11365,11257,11234,11166,10987,10977
".Greenbrier County, West Virginia",35561,35563,35348,34981,34836,34625,34146,33561,33282,32980
".Hampshire County, West Virginia",23761,23643,23443,23383,23256,23269,23318,23288,23110,23096
".Hancock County, West Virginia",30696,30574,30544,30470,30233,29940,29713,29440,29220,29098
".Hardy County, West Virginia",14041,13990,14168,14215,14142,14205,14285,14275,14370,14298
".Harrison County, West Virginia",69173,68869,68582,68241,68002,67712,67163,66650,66334,65921
".Jackson County, West Virginia",29228,29118,28959,28824,28791,28730,28383,28131,27977,27794
".Jefferson County, West Virginia",54510,54785,55124,55794,56278,56247,56742,57256,57546,57702
".Kanawha County, West Virginia",192697,193174,192878,192097,190422,188810,186320,183677,181959,180743
".Lewis County, West Virginia",16583,16717,16861,16947,17057,17029,17023,16956,16971,17026
".Lincoln County, West Virginia",21606,21674,21552,21650,21442,21295,21114,20834,20731,20462
".Logan County, West Virginia",36562,36502,36197,35594,34864,34162,33610,33256,32729,32570
".McDowell County, West Virginia",21981,21770,21616,21243,20822,20442,19974,19855,19457,19112
".Marion County, West Virginia",56739,56835,56825,56923,56917,56678,56570,56291,56256,56210
".Marshall County, West Virginia",32981,32909,32766,32517,32409,31964,31524,31146,30894,30590
".Mason County, West Virginia",27208,27016,26852,26769,26613,26356,26145,26003,25685,25452
".Mercer County, West Virginia",62725,62725,62358,62343,61850,61427,60818,60270,59991,59669
".Mineral County, West Virginia",28088,27933,27755,27654,27522,27512,27352,27121,27063,26941
".Mingo County, West Virginia",26671,26311,26186,25965,25596,25028,24532,24280,23875,23572
".Monongalia County, West Virginia",98958,100807,102101,103251,104401,105306,105437,105192,105454,105822
".Monroe County, West Virginia",13441,13305,13236,13244,13123,12955,12758,12566,12479,12373
".Morgan County, West Virginia",17370,17252,17190,17189,17087,17154,17152,17183,17125,17064
".Nicholas County, West Virginia",26234,26303,26012,25802,25659,25505,25280,25053,24766,24604
".Ohio County, West Virginia",44357,44270,44128,43757,43608,43362,42885,42769,42666,42422
".Pendleton County, West Virginia",7441,7297,7125,6899,6693,6502,6407,6327,6233,6146
".Pleasants County, West Virginia",7600,7581,7590,7683,7616,7632,7622,7663,7622,7654
".Pocahontas County, West Virginia",8784,8629,8574,8514,8400,8322,8251,8144,7964,7873
".Preston County, West Virginia",33759,34083,33951,34264,34271,34298,34421,34197,34213,34212
".Putnam County, West Virginia",56156,56673,56821,57055,57125,57294,57429,57534,57431,57438
".Raleigh County, West Virginia",79549,79613,79319,78858,78185,77234,76167,75465,75014,74592
".Randolph County, West Virginia",29367,29270,29350,29150,28936,28712,28518,28394,28188,27930
".Ritchie County, West Virginia",10179,10008,9799,9619,9516,9308,9065,8874,8607,8442
".Roane County, West Virginia",14867,14794,14776,14815,14648,14444,14393,14304,14127,14029
".Summers County, West Virginia",13795,13726,13435,13132,12888,12691,12536,12257,12075,11957
".Taylor County, West Virginia",16921,16964,16984,17099,16930,16964,16921,16835,16725,16704
".Tucker County, West Virginia",7121,7064,7056,7021,7052,7013,6944,6900,6827,6766
".Tyler County, West Virginia",9087,8998,8927,8982,8833,8822,8629,8551,8400,8310
".Upshur County, West Virginia",24228,24364,24486,24511,24541,24443,24292,24086,23935,23815
".Wayne County, West Virginia",42211,41891,41829,41495,41174,40690,40165,39892,39380,38982
".Webster County, West Virginia",9158,9045,8925,8871,8785,8732,8555,8539,8443,8373
".Wetzel County, West Virginia",16307,16232,15950,15748,15519,15358,15079,14886,14664,14445
".Wirt County, West Virginia",5686,5652,5664,5564,5523,5432,5402,5363,5299,5197
".Wood County, West Virginia",87061,86922,86963,87037,87033,86566,86024,85322,84765,84298
".Wyoming County, West Virginia",23611,23481,23331,23088,22804,22522,22139,21811,21552,21391
".Adams County, Wisconsin",20786,20446,20458,20186,20109,20082,20018,20514,20412,20654
".Ashland County, Wisconsin",16098,15966,16158,16243,16114,16001,15930,16034,16045,16044
".Barron County, Wisconsin",46085,46131,46085,46009,46184,46234,46318,46394,46651,46717
".Bayfield County, Wisconsin",15180,15273,15423,15377,15477,15518,15699,15867,16048,16209
".Brown County, Wisconsin",251012,253629,255592,258009,260084,262170,264708,266392,267719,268738
".Buffalo County, Wisconsin",13474,13404,13456,13350,13387,13318,13311,13349,13262,13313
".Burnett County, Wisconsin",15585,15556,15578,15638,15645,15837,15995,16128,16281,16521
".Calumet County, Wisconsin",49895,50143,50357,50406,50966,50967,51567,51908,52126,52434
".Chippewa County, Wisconsin",63146,63402,63591,63988,64227,64517,64864,65336,66082,66298
".Clark County, Wisconsin",34656,34407,34491,34298,34288,34438,34502,34639,34675,34659
".Columbia County, Wisconsin",56812,56656,56836,56983,57101,57405,57845,57933,58274,58491
".Crawford County, Wisconsin",16680,16523,16403,16364,16345,16277,16224,16259,16175,16116
".Dane County, Wisconsin",497357,505315,513242,520807,528593,537961,545075,550612,556790,561514
".Dodge County, Wisconsin",88633,88589,88581,88906,88852,88572,89125,89389,89412,89399
".Door County, Wisconsin",28038,28029,28323,28405,28465,28718,29055,29438,29770,30063
".Douglas County, Wisconsin",44044,43907,43990,43944,43872,43852,43893,43855,44069,44290
".Dunn County, Wisconsin",43802,43807,44048,44079,44273,44358,44748,45094,45338,45440
".Eau Claire County, Wisconsin",100024,100992,101962,101990,102445,103349,104089,104752,104999,105709
".Florence County, Wisconsin",4414,4426,4469,4454,4476,4480,4529,4504,4534,4561
".Fond du Lac County, Wisconsin",101965,102060,102180,102479,102571,102904,103154,103722,104138,104157
".Forest County, Wisconsin",9274,9206,9160,9195,9118,9162,9122,9162,9214,9175
".Grant County, Wisconsin",51282,51053,51262,52036,52508,52527,52333,52138,52223,51939
".Green County, Wisconsin",36904,36852,37065,37029,37142,37037,37139,37204,37230,37099
".Green Lake County, Wisconsin",19065,19019,18913,18794,18749,18670,18794,18941,18991,19013
".Iowa County, Wisconsin",23591,23595,23580,23612,23620,23499,23724,23745,23689,23706
".Iron County, Wisconsin",6012,5985,5968,6042,5949,5923,5985,6024,6083,6140
".Jackson County, Wisconsin",20584,20611,20721,20794,20784,20792,20854,20900,21132,21150
".Jefferson County, Wisconsin",83840,84343,84577,84323,84444,84425,84653,85000,84728,84916
".Juneau County, Wisconsin",26685,26740,26521,26283,26238,26248,26361,26472,26545,26714
".Kenosha County, Wisconsin",166791,167129,167171,167665,167707,167611,168027,168524,169166,169152
".Kewaunee County, Wisconsin",20576,20540,20425,20414,20411,20476,20520,20496,20596,20561
".La Crosse County, Wisconsin",115543,117100,117687,118487,118993,119245,119833,120122,120283,120785
".Lafayette County, Wisconsin",16847,16782,16648,16750,16761,16723,16655,16622,16626,16614
".Langlade County, Wisconsin",19835,19695,19522,19399,19225,19294,19424,19512,19514,19493
".Lincoln County, Wisconsin",28607,28690,28573,28461,28303,28368,28352,28377,28371,28412
".Manitowoc County, Wisconsin",81354,81296,81318,81036,80830,80961,80910,81034,81149,81367
".Marathon County, Wisconsin",134645,134912,135664,136157,136577,136579,137203,137389,137839,138016
".Marinette County, Wisconsin",41619,41720,41825,41750,41514,41296,41498,41718,41733,41874
".Marquette County, Wisconsin",15365,15241,15179,15067,15120,15125,15282,15406,15552,15589
".Menominee County, Wisconsin",4334,4296,4286,4380,4351,4342,4383,4346,4273,4250
".Milwaukee County, Wisconsin",950551,953185,955411,955832,955139,950992,946054,942459,940901,939485
".Monroe County, Wisconsin",45015,44927,45007,45011,45126,45282,45559,45903,46344,46266
".Oconto County, Wisconsin",37653,37567,37580,37741,37823,37891,38011,38449,38671,38975
".Oneida County, Wisconsin",36059,36157,36252,36231,36421,36684,36775,37199,37569,37849
".Outagamie County, Wisconsin",178137,179429,180979,183013,184406,185910,187346,188732,189856,190707
".Ozaukee County, Wisconsin",87003,87483,87749,88276,88797,89374,89654,90570,91018,91512
".Pepin County, Wisconsin",7409,7388,7368,7328,7274,7287,7295,7332,7328,7325
".Pierce County, Wisconsin",40844,40632,40682,40864,40855,41216,41713,42196,42307,42205
".Polk County, Wisconsin",44105,43795,43713,43857,43875,44018,44287,44577,44825,44974
".Portage County, Wisconsin",70011,70288,70320,70266,70198,70071,70197,70435,70333,70376
".Price County, Wisconsin",14084,14023,13996,13993,13991,13910,13949,14021,14077,14057
".Racine County, Wisconsin",195127,194992,195259,195559,195637,196001,197286,197781,197811,197719
".Richland County, Wisconsin",18014,17824,17835,17764,17589,17570,17539,17450,17351,17314
".Rock County, Wisconsin",159967,160236,160580,161231,161382,161705,162675,163268,163626,163687
".Rusk County, Wisconsin",14634,14339,14416,14413,14200,14181,14231,14181,14233,14187
".St. Croix County, Wisconsin",85084,85522,86344,87442,88248,88882,90052,91357,92524,93538
".Sauk County, Wisconsin",62404,62672,63215,63529,63978,64446,64906,65387,65632,65761
".Sawyer County, Wisconsin",16722,16839,16941,16968,17042,17215,17408,17611,17854,18077
".Shawano County, Wisconsin",41680,41532,41437,41388,41105,40983,40897,40799,40878,40874
".Sheboygan County, Wisconsin",115553,115389,115596,116163,116653,116763,117080,117431,117777,118014
".Taylor County, Wisconsin",20606,20279,20292,20245,20106,20047,20014,20018,19972,19912
".Trempealeau County, Wisconsin",29132,29544,29827,29888,30025,30223,30155,30392,30607,30751
".Vernon County, Wisconsin",29853,29991,30048,30129,30244,30451,30609,30638,30724,30704
".Vilas County, Wisconsin",21507,21483,21644,21739,21848,21956,22209,22566,22845,23045
".Walworth County, Wisconsin",102956,103449,103626,104263,103833,104246,104721,105630,106233,106479
".Washburn County, Wisconsin",15952,16048,15951,16041,15993,16156,16388,16592,16607,16629
".Washington County, Wisconsin",132382,132816,133044,133749,134090,134527,135196,135883,136603,136755
".Waukesha County, Wisconsin",391024,393125,394592,395956,396918,399308,401846,403556,405498,406968
".Waupaca County, Wisconsin",52431,52171,52427,52403,52265,51992,51910,51963,51885,51811
".Waushara County, Wisconsin",24587,24476,24323,24192,24067,24225,24355,24404,24566,24522
".Winnebago County, Wisconsin",167583,168630,169397,169457,169398,169827,170589,170834,171827,171723
".Wood County, Wisconsin",74851,74682,74445,74269,74192,74214,74202,74135,74261,74205
".Albany County, Wyoming",36631,36969,36990,36880,37038,36803,37197,37341,37030,37070
".Big Horn County, Wyoming",11707,11733,11900,11810,11899,11870,11797,11783,11630,11516
".Campbell County, Wyoming",46617,47971,48200,48353,49531,49131,46714,46655,46764,47028
".Carbon County, Wyoming",15814,15667,15775,15792,15510,15577,15096,14653,14622,14541
".Converse County, Wyoming",13727,14010,14338,14166,14253,14044,13687,13603,13776,13753
".Crook County, Wyoming",7064,7042,7011,7056,7219,7232,7086,7102,7181,7176
".Fremont County, Wyoming",40504,40992,40884,40526,40175,40148,39746,39521,39315,39239
".Goshen County, Wyoming",13482,13479,13318,13224,13174,12863,12844,12719,12535,12503
".Hot Springs County, Wyoming",4830,4878,4901,4878,4824,4785,4834,4715,4595,4616
".Johnson County, Wyoming",8632,8614,8602,8529,8548,8404,8355,8389,8417,8450
".Laramie County, Wyoming",92616,94762,95802,96143,97116,98069,98634,99304,99909,100506
".Lincoln County, Wyoming",17946,17822,18148,18346,18473,18766,18899,19042,19379,19586
".Natrona County, Wyoming",76354,78482,80976,81193,81897,80643,79179,78636,79169,79957
".Niobrara County, Wyoming",2507,2520,2607,2569,2597,2581,2526,2549,2504,2471
".Park County, Wyoming",28503,28902,29185,29139,29145,29467,29510,29580,29495,29626
".Platte County, Wyoming",8702,8742,8731,8802,8833,8709,8598,8618,8528,8602
".Sheridan County, Wyoming",29272,29566,29795,29937,29990,30104,30312,30380,30712,30920
".Sublette County, Wyoming",10054,10236,9825,9693,9474,9295,8963,8900,8827,8728
".Sweetwater County, Wyoming",43944,44931,45044,44806,44546,44040,43339,42820,42504,42271
".Teton County, Wyoming",21406,21614,22293,22747,23015,23174,23289,23155,23266,23324
".Uinta County, Wyoming",20936,21071,21059,20953,20923,20885,20651,20528,20453,20447
".Washakie County, Wyoming",8443,8394,8393,8246,8244,8135,7960,7825,7757,7683
".Weston County, Wyoming",7153,7094,7160,7171,7247,7282,7024,6965,6959,6838