Year,State,County,Population
2000,Alabama,Autauga County,43751
2000,Alabama,Baldwin County,140416
2000,Alabama,Barbour County,29042
2000,Alabama,Bibb County,19856
2000,Alabama,Blount County,50982
2000,Alabama,Bullock County,11603
2000,Alabama,Butler County,21394
2000,Alabama,Calhoun County,111882
2000,Alabama,Chambers County,36600
2000,Alabama,Cherokee County,23909
2000,Alabama,Chilton County,39604
2000,Alabama,Choctaw County,15953
2000,Alabama,Clarke County,27870
2000,Alabama,Clay County,14240
2000,Alabama,Cleburne County,14141
2000,Alabama,Coffee County,43639
2000,Alabama,Colbert County,54979
2000,Alabama,Conecuh County,14077
2000,Alabama,Coosa County,11842
2000,Alabama,Covington County,37640
2000,Alabama,Crenshaw County,13657
2000,Alabama,Cullman County,77426
2000,Alabama,Dale County,49120
2000,Alabama,Dallas County,46361
2000,Alabama,Dekalb County,64436
2000,Alabama,Elmore County,65819
2000,Alabama,Escambia County,38452
2000,Alabama,Etowah County,103448
2000,Alabama,Fayette County,18522
2000,Alabama,Franklin County,31257
2000,Alabama,Geneva County,25700
2000,Alabama,Greene County,9923
2000,Alabama,Hale County,18270
2000,Alabama,Henry County,16297
2000,Alabama,Houston County,88831
2000,Alabama,Jackson County,53871
2000,Alabama,Jefferson County,662041
2000,Alabama,Lamar County,15902
2000,Alabama,Lauderdale County,87952
2000,Alabama,Lawrence County,34834
2000,Alabama,Lee County,115014
2000,Alabama,Limestone County,65668
2000,Alabama,Lowndes County,13483
2000,Alabama,Macon County,24086
2000,Alabama,Madison County,276998
2000,Alabama,Marengo County,22533
2000,Alabama,Marion County,31162
2000,Alabama,Marshall County,82303
2000,Alabama,Mobile County,399887
2000,Alabama,Monroe County,24320
2000,Alabama,Montgomery County,223518
2000,Alabama,Morgan County,111076
2000,Alabama,Perry County,11876
2000,Alabama,Pickens County,20914
2000,Alabama,Pike County,29688
2000,Alabama,Randolph County,22344
2000,Alabama,Russell County,49854
2000,Alabama,Shelby County,143429
2000,Alabama,St. Clair County,64740
2000,Alabama,Sumter County,14772
2000,Alabama,Talladega County,80734
2000,Alabama,Tallapoosa County,41771
2000,Alabama,Tuscaloosa County,164932
2000,Alabama,Walker County,70688
2000,Alabama,Washington County,18077
2000,Alabama,Wilcox County,12995
2000,Alabama,Winston County,24806
2000,Arizona,Apache County,69430
2000,Arizona,Cochise County,117743
2000,Arizona,Coconino County,116320
2000,Arizona,Gila County,51298
2000,Arizona,Graham County,33475
2000,Arizona,Greenlee County,8539
2000,Arizona,La Paz County,19670
2000,Arizona,Maricopa County,3072415
2000,Arizona,Mohave County,154981
2000,Arizona,Navajo County,97452
2000,Arizona,Pima County,843702
2000,Arizona,Pinal County,179469
2000,Arizona,Santa Cruz County,38381
2000,Arizona,Yavapai County,167377
2000,Arizona,Yuma County,159995
2000,Arkansas,Arkansas County,20751
2000,Arkansas,Ashley County,24217
2000,Arkansas,Baxter County,38365
2000,Arkansas,Benton County,153323
2000,Arkansas,Boone County,33940
2000,Arkansas,Bradley County,12618
2000,Arkansas,Calhoun County,5731
2000,Arkansas,Carroll County,25345
2000,Arkansas,Chicot County,14101
2000,Arkansas,Clark County,23541
2000,Arkansas,Clay County,17594
2000,Arkansas,Cleburne County,24005
2000,Arkansas,Cleveland County,8562
2000,Arkansas,Columbia County,25612
2000,Arkansas,Conway County,20320
2000,Arkansas,Craighead County,82139
2000,Arkansas,Crawford County,53252
2000,Arkansas,Crittenden County,50855
2000,Arkansas,Cross County,19529
2000,Arkansas,Dallas County,9196
2000,Arkansas,Desha County,15351
2000,Arkansas,Drew County,18690
2000,Arkansas,Faulkner County,86036
2000,Arkansas,Franklin County,17766
2000,Arkansas,Fulton County,11627
2000,Arkansas,Garland County,88122
2000,Arkansas,Grant County,16457
2000,Arkansas,Greene County,37383
2000,Arkansas,Hempstead County,23597
2000,Arkansas,Hot Spring County,30413
2000,Arkansas,Howard County,14304
2000,Arkansas,Independence County,34246
2000,Arkansas,Izard County,13261
2000,Arkansas,Jackson County,18420
2000,Arkansas,Jefferson County,84295
2000,Arkansas,Johnson County,22779
2000,Arkansas,Lafayette County,8550
2000,Arkansas,Lawrence County,17762
2000,Arkansas,Lee County,12578
2000,Arkansas,Lincoln County,14482
2000,Arkansas,Little River County,13628
2000,Arkansas,Logan County,22480
2000,Arkansas,Lonoke County,52849
2000,Arkansas,Madison County,14228
2000,Arkansas,Marion County,16147
2000,Arkansas,Miller County,40455
2000,Arkansas,Mississippi County,51999
2000,Arkansas,Monroe County,10255
2000,Arkansas,Montgomery County,9222
2000,Arkansas,Nevada County,9940
2000,Arkansas,Newton County,8603
2000,Arkansas,Ouachita County,28776
2000,Arkansas,Perry County,10199
2000,Arkansas,Phillips County,26438
2000,Arkansas,Pike County,11301
2000,Arkansas,Poinsett County,25617
2000,Arkansas,Polk County,20234
2000,Arkansas,Pope County,54492
2000,Arkansas,Prairie County,9523
2000,Arkansas,Pulaski County,361370
2000,Arkansas,Randolph County,18191
2000,Arkansas,Saline County,83559
2000,Arkansas,Scott County,10986
2000,Arkansas,Searcy County,8240
2000,Arkansas,Sebastian County,115101
2000,Arkansas,Sevier County,15750
2000,Arkansas,Sharp County,17120
2000,Arkansas,St. Francis County,29330
2000,Arkansas,Stone County,11496
2000,Arkansas,Union County,45633
2000,Arkansas,Van Buren County,16182
2000,Arkansas,Washington County,157805
2000,Arkansas,White County,67164
2000,Arkansas,Woodruff County,8738
2000,Arkansas,Yell County,21127
2000,California,Alameda County,1443705
2000,California,Alpine County,1206
2000,California,Amador County,35101
2000,California,Butte County,203125
2000,California,Calaveras County,40535
2000,California,Colusa County,18799
2000,California,Contra Costa County,948865
2000,California,Del Norte County,27505
2000,California,El Dorado County,156314
2000,California,Fresno County,798766
2000,California,Glenn County,26432
2000,California,Humboldt County,126508
2000,California,Imperial County,142334
2000,California,Inyo County,17955
2000,California,Kern County,661632
2000,California,Kings County,129470
2000,California,Lake County,58331
2000,California,Lassen County,33828
2000,California,Los Angeles County,9519315
2000,California,Madera County,123179
2000,California,Marin County,247301
2000,California,Mariposa County,17112
2000,California,Mendocino County,86253
2000,California,Merced County,211178
2000,California,Modoc County,9431
2000,California,Mono County,12839
2000,California,Monterey County,401752
2000,California,Napa County,124344
2000,California,Nevada County,92055
2000,California,Orange County,2846282
2000,California,Placer County,248270
2000,California,Plumas County,20817
2000,California,Riverside County,1545320
2000,California,Sacramento County,1223578
2000,California,San Benito County,53214
2000,California,San Bernardino County,1709479
2000,California,San Diego County,2813839
2000,California,San Francisco County,776764
2000,California,San Joaquin County,563660
2000,California,San Luis Obispo County,246746
2000,California,San Mateo County,707099
2000,California,Santa Barbara County,399293
2000,California,Santa Clara County,1682781
2000,California,Santa Cruz County,255614
2000,California,Shasta County,163242
2000,California,Sierra County,3559
2000,California,Siskiyou County,44305
2000,California,Solano County,394495
2000,California,Sonoma County,458586
2000,California,Stanislaus County,446850
2000,California,Sutter County,78947
2000,California,Tehama County,56060
2000,California,Trinity County,13011
2000,California,Tulare County,368011
2000,California,Tuolumne County,54522
2000,California,Ventura County,753230
2000,California,Yolo County,168660
2000,California,Yuba County,60249
2000,Colorado,Adams County,348076
2000,Colorado,Alamosa County,14965
2000,Colorado,Arapahoe County,488829
2000,Colorado,Archuleta County,9894
2000,Colorado,Baca County,4517
2000,Colorado,Bent County,5996
2000,Colorado,Boulder County,269784
2000,Colorado,Chaffee County,16250
2000,Colorado,Cheyenne County,2229
2000,Colorado,Clear Creek County,9263
2000,Colorado,Conejos County,8400
2000,Colorado,Costilla County,3661
2000,Colorado,Crowley County,5514
2000,Colorado,Custer County,3508
2000,Colorado,Delta County,27824
2000,Colorado,Denver County,553805
2000,Colorado,Dolores County,1844
2000,Colorado,Douglas County,175732
2000,Colorado,Eagle County,41623
2000,Colorado,El Paso County,516934
2000,Colorado,Elbert County,19855
2000,Colorado,Fremont County,46140
2000,Colorado,Garfield County,43786
2000,Colorado,Gilpin County,4746
2000,Colorado,Grand County,12433
2000,Colorado,Gunnison County,14000
2000,Colorado,Hinsdale County,792
2000,Colorado,Huerfano County,7859
2000,Colorado,Jackson County,1577
2000,Colorado,Jefferson County,525449
2000,Colorado,Kiowa County,1622
2000,Colorado,Kit Carson County,8013
2000,Colorado,La Plata County,43957
2000,Colorado,Lake County,7814
2000,Colorado,Larimer County,251489
2000,Colorado,Las Animas County,15212
2000,Colorado,Lincoln County,6089
2000,Colorado,Logan County,20566
2000,Colorado,Mesa County,116939
2000,Colorado,Mineral County,831
2000,Colorado,Moffat County,13178
2000,Colorado,Montezuma County,23822
2000,Colorado,Montrose County,33438
2000,Colorado,Morgan County,27172
2000,Colorado,Otero County,20311
2000,Colorado,Ouray County,3747
2000,Colorado,Park County,14519
2000,Colorado,Phillips County,4485
2000,Colorado,Pitkin County,14889
2000,Colorado,Prowers County,14483
2000,Colorado,Pueblo County,141490
2000,Colorado,Rio Blanco County,5992
2000,Colorado,Rio Grande County,12425
2000,Colorado,Routt County,19679
2000,Colorado,Saguache County,5904
2000,Colorado,San Juan County,558
2000,Colorado,San Miguel County,6593
2000,Colorado,Sedgwick County,2747
2000,Colorado,Summit County,23560
2000,Colorado,Teller County,20541
2000,Colorado,Washington County,4922
2000,Colorado,Weld County,180766
2000,Colorado,Yuma County,9846
2000,Connecticut,Fairfield County,882622
2000,Connecticut,Hartford County,857184
2000,Connecticut,Litchfield County,182183
2000,Connecticut,Middlesex County,155088
2000,Connecticut,New Haven County,823993
2000,Connecticut,New London County,259108
2000,Connecticut,Tolland County,136377
2000,Connecticut,Windham County,109095
2000,Delaware,Kent County,126771
2000,Delaware,New Castle County,500294
2000,Delaware,Sussex County,156494
2000,District Of Columbia,District Of Columbia,572086
2000,Florida,Alachua County,217964
2000,Florida,Baker County,22255
2000,Florida,Bay County,148270
2000,Florida,Bradford County,26096
2000,Florida,Brevard County,476299
2000,Florida,Broward County,1622974
2000,Florida,Calhoun County,13002
2000,Florida,Charlotte County,141620
2000,Florida,Citrus County,118106
2000,Florida,Clay County,140788
2000,Florida,Collier County,251412
2000,Florida,Columbia County,56413
2000,Florida,Desoto County,32204
2000,Florida,Dixie County,13758
2000,Florida,Duval County,778896
2000,Florida,Escambia County,294415
2000,Florida,Flagler County,49818
2000,Florida,Franklin County,9827
2000,Florida,Gadsden County,45017
2000,Florida,Gilchrist County,14429
2000,Florida,Glades County,10531
2000,Florida,Gulf County,14548
2000,Florida,Hamilton County,13321
2000,Florida,Hardee County,26854
2000,Florida,Hendry County,36184
2000,Florida,Hernando County,130795
2000,Florida,Highlands County,87391
2000,Florida,Hillsborough County,998994
2000,Florida,Holmes County,18564
2000,Florida,Indian River County,112877
2000,Florida,Jackson County,46781
2000,Florida,Jefferson County,12876
2000,Florida,Lafayette County,7019
2000,Florida,Lake County,210418
2000,Florida,Lee County,440910
2000,Florida,Leon County,239509
2000,Florida,Levy County,34448
2000,Florida,Liberty County,7011
2000,Florida,Madison County,18720
2000,Florida,Manatee County,263996
2000,Florida,Marion County,258873
2000,Florida,Martin County,126777
2000,Florida,Miami-Dade County,2253793
2000,Florida,Monroe County,79602
2000,Florida,Nassau County,57645
2000,Florida,Okaloosa County,170520
2000,Florida,Okeechobee County,35869
2000,Florida,Orange County,896123
2000,Florida,Osceola County,172520
2000,Florida,Palm Beach County,1131189
2000,Florida,Pasco County,344749
2000,Florida,Pinellas County,921500
2000,Florida,Polk County,483888
2000,Florida,Putnam County,70418
2000,Florida,Santa Rosa County,117752
2000,Florida,Sarasota County,326002
2000,Florida,Seminole County,365448
2000,Florida,St. Johns County,123237
2000,Florida,St. Lucie County,192679
2000,Florida,Sumter County,53337
2000,Florida,Suwannee County,34881
2000,Florida,Taylor County,19253
2000,Florida,Union County,13428
2000,Florida,Volusia County,443385
2000,Florida,Wakulla County,22857
2000,Florida,Walton County,40561
2000,Florida,Washington County,20975
2000,Georgia,Appling County,17405
2000,Georgia,Atkinson County,7611
2000,Georgia,Bacon County,10098
2000,Georgia,Baker County,4047
2000,Georgia,Baldwin County,44616
2000,Georgia,Banks County,14425
2000,Georgia,Barrow County,46177
2000,Georgia,Bartow County,76062
2000,Georgia,Ben Hill County,17498
2000,Georgia,Berrien County,16210
2000,Georgia,Bibb County,153955
2000,Georgia,Bleckley County,11666
2000,Georgia,Brantley County,14608
2000,Georgia,Brooks County,16456
2000,Georgia,Bryan County,23430
2000,Georgia,Bulloch County,55961
2000,Georgia,Burke County,22255
2000,Georgia,Butts County,19460
2000,Georgia,Calhoun County,6317
2000,Georgia,Camden County,43658
2000,Georgia,Candler County,9561
2000,Georgia,Carroll County,87302
2000,Georgia,Catoosa County,53188
2000,Georgia,Charlton County,10282
2000,Georgia,Chatham County,232372
2000,Georgia,Chattahoochee County,14895
2000,Georgia,Chattooga County,25423
2000,Georgia,Cherokee County,142013
2000,Georgia,Clarke County,101941
2000,Georgia,Clay County,3342
2000,Georgia,Clayton County,236644
2000,Georgia,Clinch County,6847
2000,Georgia,Cobb County,607450
2000,Georgia,Coffee County,37421
2000,Georgia,Colquitt County,42050
2000,Georgia,Columbia County,89497
2000,Georgia,Cook County,15779
2000,Georgia,Coweta County,89254
2000,Georgia,Crawford County,12481
2000,Georgia,Crisp County,22020
2000,Georgia,Dade County,15141
2000,Georgia,Dawson County,15942
2000,Georgia,Dekalb County,666158
2000,Georgia,Decatur County,28252
2000,Georgia,Dodge County,19154
2000,Georgia,Dooly County,11480
2000,Georgia,Dougherty County,96067
2000,Georgia,Douglas County,92315
2000,Georgia,Early County,12333
2000,Georgia,Echols County,3747
2000,Georgia,Effingham County,37522
2000,Georgia,Elbert County,20509
2000,Georgia,Emanuel County,21856
2000,Georgia,Evans County,10485
2000,Georgia,Fannin County,19792
2000,Georgia,Fayette County,91313
2000,Georgia,Floyd County,90622
2000,Georgia,Forsyth County,98360
2000,Georgia,Franklin County,20259
2000,Georgia,Fulton County,815579
2000,Georgia,Gilmer County,23367
2000,Georgia,Glascock County,2563
2000,Georgia,Glynn County,67580
2000,Georgia,Gordon County,44090
2000,Georgia,Grady County,23655
2000,Georgia,Greene County,14363
2000,Georgia,Gwinnett County,588133
2000,Georgia,Habersham County,35884
2000,Georgia,Hall County,139615
2000,Georgia,Hancock County,10083
2000,Georgia,Haralson County,25660
2000,Georgia,Harris County,23783
2000,Georgia,Hart County,22981
2000,Georgia,Heard County,10980
2000,Georgia,Henry County,119498
2000,Georgia,Houston County,110740
2000,Georgia,Irwin County,9918
2000,Georgia,Jackson County,41612
2000,Georgia,Jasper County,11441
2000,Georgia,Jeff Davis County,12673
2000,Georgia,Jefferson County,17239
2000,Georgia,Jenkins County,8571
2000,Georgia,Johnson County,8526
2000,Georgia,Jones County,23691
2000,Georgia,Lamar County,15956
2000,Georgia,Lanier County,7246
2000,Georgia,Laurens County,44861
2000,Georgia,Lee County,24766
2000,Georgia,Liberty County,61661
2000,Georgia,Lincoln County,8330
2000,Georgia,Long County,10273
2000,Georgia,Lowndes County,92121
2000,Georgia,Lumpkin County,21041
2000,Georgia,Macon County,14041
2000,Georgia,Madison County,25705
2000,Georgia,Marion County,7133
2000,Georgia,Mcduffie County,21263
2000,Georgia,Mcintosh County,10839
2000,Georgia,Meriwether County,22546
2000,Georgia,Miller County,6368
2000,Georgia,Mitchell County,23925
2000,Georgia,Monroe County,21751
2000,Georgia,Montgomery County,8234
2000,Georgia,Morgan County,15499
2000,Georgia,Murray County,36501
2000,Georgia,Muscogee County,186213
2000,Georgia,Newton County,61906
2000,Georgia,Oconee County,25772
2000,Georgia,Oglethorpe County,12610
2000,Georgia,Paulding County,81615
2000,Georgia,Peach County,23702
2000,Georgia,Pickens County,23022
2000,Georgia,Pierce County,15624
2000,Georgia,Pike County,13460
2000,Georgia,Polk County,38102
2000,Georgia,Pulaski County,9604
2000,Georgia,Putnam County,18774
2000,Georgia,Quitman County,2596
2000,Georgia,Rabun County,15035
2000,Georgia,Randolph County,7791
2000,Georgia,Richmond County,199552
2000,Georgia,Rockdale County,70292
2000,Georgia,Schley County,3760
2000,Georgia,Screven County,15357
2000,Georgia,Seminole County,9364
2000,Georgia,Spalding County,58461
2000,Georgia,Stephens County,25442
2000,Georgia,Stewart County,5253
2000,Georgia,Sumter County,33228
2000,Georgia,Talbot County,6513
2000,Georgia,Taliaferro County,2076
2000,Georgia,Tattnall County,22314
2000,Georgia,Taylor County,8815
2000,Georgia,Telfair County,11815
2000,Georgia,Terrell County,10963
2000,Georgia,Thomas County,42791
2000,Georgia,Tift County,38376
2000,Georgia,Toombs County,26133
2000,Georgia,Towns County,9312
2000,Georgia,Treutlen County,6836
2000,Georgia,Troup County,58753
2000,Georgia,Turner County,9494
2000,Georgia,Twiggs County,10601
2000,Georgia,Union County,17286
2000,Georgia,Upson County,27761
2000,Georgia,Walker County,61140
2000,Georgia,Walton County,60637
2000,Georgia,Ware County,35497
2000,Georgia,Warren County,6309
2000,Georgia,Washington County,21197
2000,Georgia,Wayne County,26571
2000,Georgia,Webster County,2390
2000,Georgia,Wheeler County,6170
2000,Georgia,White County,19976
2000,Georgia,Whitfield County,83561
2000,Georgia,Wilcox County,8625
2000,Georgia,Wilkes County,10706
2000,Georgia,Wilkinson County,10202
2000,Georgia,Worth County,22029
2000,Hawaii,Hawaii County,148641
2000,Hawaii,Honolulu County,876159
2000,Hawaii,Kauai County,58460
2000,Hawaii,Maui County,128090
2000,Idaho,Ada County,300953
2000,Idaho,Adams County,3483
2000,Idaho,Bannock County,75562
2000,Idaho,Bear Lake County,6418
2000,Idaho,Benewah County,9169
2000,Idaho,Bingham County,41737
2000,Idaho,Blaine County,18994
2000,Idaho,Boise County,6644
2000,Idaho,Bonner County,36809
2000,Idaho,Bonneville County,82545
2000,Idaho,Boundary County,9880
2000,Idaho,Butte County,2897
2000,Idaho,Camas County,981
2000,Idaho,Canyon County,131452
2000,Idaho,Caribou County,7296
2000,Idaho,Cassia County,21399
2000,Idaho,Clark County,1022
2000,Idaho,Clearwater County,8928
2000,Idaho,Custer County,4340
2000,Idaho,Elmore County,29116
2000,Idaho,Franklin County,11333
2000,Idaho,Fremont County,11813
2000,Idaho,Gem County,15179
2000,Idaho,Gooding County,14150
2000,Idaho,Idaho County,15506
2000,Idaho,Jefferson County,19117
2000,Idaho,Jerome County,18401
2000,Idaho,Kootenai County,108682
2000,Idaho,Latah County,34925
2000,Idaho,Lemhi County,7798
2000,Idaho,Lewis County,3744
2000,Idaho,Lincoln County,4050
2000,Idaho,Madison County,27491
2000,Idaho,Minidoka County,20155
2000,Idaho,Nez Perce County,37418
2000,Idaho,Oneida County,4125
2000,Idaho,Owyhee County,10644
2000,Idaho,Payette County,20584
2000,Idaho,Power County,7542
2000,Idaho,Shoshone County,13763
2000,Idaho,Teton County,6006
2000,Idaho,Twin Falls County,64286
2000,Idaho,Valley County,7637
2000,Idaho,Washington County,9983
2000,Illinois,Adams County,68261
2000,Illinois,Alexander County,9583
2000,Illinois,Bond County,17636
2000,Illinois,Boone County,41788
2000,Illinois,Brown County,6952
2000,Illinois,Bureau County,35496
2000,Illinois,Calhoun County,5079
2000,Illinois,Carroll County,16671
2000,Illinois,Cass County,13691
2000,Illinois,Champaign County,179687
2000,Illinois,Christian County,35380
2000,Illinois,Clark County,16995
2000,Illinois,Clay County,14417
2000,Illinois,Clinton County,35536
2000,Illinois,Coles County,53210
2000,Illinois,Cook County,5376741
2000,Illinois,Crawford County,20460
2000,Illinois,Cumberland County,11311
2000,Illinois,De Witt County,16802
2000,Illinois,Dekalb County,88941
2000,Illinois,Douglas County,19909
2000,Illinois,Dupage County,904594
2000,Illinois,Edgar County,19643
2000,Illinois,Edwards County,6978
2000,Illinois,Effingham County,34267
2000,Illinois,Fayette County,21810
2000,Illinois,Ford County,14227
2000,Illinois,Franklin County,39021
2000,Illinois,Fulton County,38244
2000,Illinois,Gallatin County,6426
2000,Illinois,Greene County,14766
2000,Illinois,Grundy County,37528
2000,Illinois,Hamilton County,8613
2000,Illinois,Hancock County,20171
2000,Illinois,Hardin County,4793
2000,Illinois,Henderson County,8176
2000,Illinois,Henry County,51032
2000,Illinois,Iroquois County,31340
2000,Illinois,Jackson County,59607
2000,Illinois,Jasper County,10113
2000,Illinois,Jefferson County,40051
2000,Illinois,Jersey County,21649
2000,Illinois,Jo Daviess County,22296
2000,Illinois,Johnson County,12877
2000,Illinois,Kane County,404508
2000,Illinois,Kankakee County,103825
2000,Illinois,Kendall County,54539
2000,Illinois,Knox County,55842
2000,Illinois,Lasalle County,111599
2000,Illinois,Lake County,644682
2000,Illinois,Lawrence County,15449
2000,Illinois,Lee County,36062
2000,Illinois,Livingston County,39734
2000,Illinois,Logan County,31199
2000,Illinois,Macon County,114690
2000,Illinois,Macoupin County,49008
2000,Illinois,Madison County,259019
2000,Illinois,Marion County,41678
2000,Illinois,Marshall County,13159
2000,Illinois,Mason County,16034
2000,Illinois,Massac County,15163
2000,Illinois,Mcdonough County,32906
2000,Illinois,Mchenry County,259524
2000,Illinois,Mclean County,150384
2000,Illinois,Menard County,12483
2000,Illinois,Mercer County,16940
2000,Illinois,Monroe County,27625
2000,Illinois,Montgomery County,30646
2000,Illinois,Morgan County,36627
2000,Illinois,Moultrie County,14288
2000,Illinois,Ogle County,51001
2000,Illinois,Peoria County,183466
2000,Illinois,Perry County,23091
2000,Illinois,Piatt County,16385
2000,Illinois,Pike County,17362
2000,Illinois,Pope County,4397
2000,Illinois,Pulaski County,7333
2000,Illinois,Putnam County,6077
2000,Illinois,Randolph County,33897
2000,Illinois,Richland County,16291
2000,Illinois,Rock Island County,149390
2000,Illinois,Saline County,26752
2000,Illinois,Sangamon County,188974
2000,Illinois,Schuyler County,7181
2000,Illinois,Scott County,5539
2000,Illinois,Shelby County,22884
2000,Illinois,St. Clair County,256043
2000,Illinois,Stark County,6330
2000,Illinois,Stephenson County,48995
2000,Illinois,Tazewell County,128465
2000,Illinois,Union County,18311
2000,Illinois,Vermilion County,83929
2000,Illinois,Wabash County,12932
2000,Illinois,Warren County,18736
2000,Illinois,Washington County,15150
2000,Illinois,Wayne County,17149
2000,Illinois,White County,15381
2000,Illinois,Whiteside County,60662
2000,Illinois,Will County,502211
2000,Illinois,Williamson County,61300
2000,Illinois,Winnebago County,278441
2000,Illinois,Woodford County,35491
2000,Indiana,Adams County,33605
2000,Indiana,Allen County,331859
2000,Indiana,Bartholomew County,71467
2000,Indiana,Benton County,9427
2000,Indiana,Blackford County,14042
2000,Indiana,Boone County,46145
2000,Indiana,Brown County,14953
2000,Indiana,Carroll County,20168
2000,Indiana,Cass County,40924
2000,Indiana,Clark County,96446
2000,Indiana,Clay County,26567
2000,Indiana,Clinton County,33879
2000,Indiana,Crawford County,10743
2000,Indiana,Daviess County,29815
2000,Indiana,Dekalb County,40303
2000,Indiana,Dearborn County,46163
2000,Indiana,Decatur County,24559
2000,Indiana,Delaware County,118769
2000,Indiana,Dubois County,39868
2000,Indiana,Elkhart County,182793
2000,Indiana,Fayette County,25591
2000,Indiana,Floyd County,70815
2000,Indiana,Fountain County,17962
2000,Indiana,Franklin County,22187
2000,Indiana,Fulton County,20502
2000,Indiana,Gibson County,32473
2000,Indiana,Grant County,73410
2000,Indiana,Greene County,33152
2000,Indiana,Hamilton County,182763
2000,Indiana,Hancock County,55439
2000,Indiana,Harrison County,34354
2000,Indiana,Hendricks County,104051
2000,Indiana,Henry County,48511
2000,Indiana,Howard County,84961
2000,Indiana,Huntington County,38078
2000,Indiana,Jackson County,41397
2000,Indiana,Jasper County,30192
2000,Indiana,Jay County,21815
2000,Indiana,Jefferson County,31712
2000,Indiana,Jennings County,27561
2000,Indiana,Johnson County,115181
2000,Indiana,Knox County,39263
2000,Indiana,Kosciusko County,74053
2000,Indiana,Lagrange County,34789
2000,Indiana,Laporte County,110099
2000,Indiana,Lake County,484582
2000,Indiana,Lawrence County,45912
2000,Indiana,Madison County,133322
2000,Indiana,Marion County,860440
2000,Indiana,Marshall County,45126
2000,Indiana,Martin County,10367
2000,Indiana,Miami County,36085
2000,Indiana,Monroe County,120561
2000,Indiana,Montgomery County,37629
2000,Indiana,Morgan County,66705
2000,Indiana,Newton County,14538
2000,Indiana,Noble County,46468
2000,Indiana,Ohio County,5568
2000,Indiana,Orange County,19301
2000,Indiana,Owen County,21781
2000,Indiana,Parke County,17194
2000,Indiana,Perry County,18887
2000,Indiana,Pike County,12835
2000,Indiana,Porter County,146806
2000,Indiana,Posey County,27078
2000,Indiana,Pulaski County,13626
2000,Indiana,Putnam County,36060
2000,Indiana,Randolph County,27411
2000,Indiana,Ripley County,26508
2000,Indiana,Rush County,18258
2000,Indiana,Scott County,22976
2000,Indiana,Shelby County,43380
2000,Indiana,Spencer County,20385
2000,Indiana,St. Joseph County,265567
2000,Indiana,Starke County,23567
2000,Indiana,Steuben County,33233
2000,Indiana,Sullivan County,21736
2000,Indiana,Switzerland County,9082
2000,Indiana,Tippecanoe County,148954
2000,Indiana,Tipton County,16601
2000,Indiana,Union County,7341
2000,Indiana,Vanderburgh County,171941
2000,Indiana,Vermillion County,16790
2000,Indiana,Vigo County,105859
2000,Indiana,Wabash County,34968
2000,Indiana,Warren County,8415
2000,Indiana,Warrick County,52380
2000,Indiana,Washington County,27204
2000,Indiana,Wayne County,71087
2000,Indiana,Wells County,27626
2000,Indiana,White County,25264
2000,Indiana,Whitley County,30617
2000,Iowa,Adair County,8252
2000,Iowa,Adams County,4479
2000,Iowa,Allamakee County,14687
2000,Iowa,Appanoose County,13715
2000,Iowa,Audubon County,6826
2000,Iowa,Benton County,25312
2000,Iowa,Black Hawk County,127990
2000,Iowa,Boone County,26206
2000,Iowa,Bremer County,23361
2000,Iowa,Buchanan County,21092
2000,Iowa,Buena Vista County,20415
2000,Iowa,Butler County,15307
2000,Iowa,Calhoun County,11114
2000,Iowa,Carroll County,21433
2000,Iowa,Cass County,14689
2000,Iowa,Cedar County,18181
2000,Iowa,Cerro Gordo County,46454
2000,Iowa,Cherokee County,13032
2000,Iowa,Chickasaw County,13095
2000,Iowa,Clarke County,9131
2000,Iowa,Clay County,17369
2000,Iowa,Clayton County,18667
2000,Iowa,Clinton County,50159
2000,Iowa,Crawford County,16945
2000,Iowa,Dallas County,41109
2000,Iowa,Davis County,8541
2000,Iowa,Decatur County,8689
2000,Iowa,Delaware County,18422
2000,Iowa,Des Moines County,42359
2000,Iowa,Dickinson County,16429
2000,Iowa,Dubuque County,89133
2000,Iowa,Emmet County,11022
2000,Iowa,Fayette County,22020
2000,Iowa,Floyd County,16898
2000,Iowa,Franklin County,10700
2000,Iowa,Fremont County,8008
2000,Iowa,Greene County,10372
2000,Iowa,Grundy County,12370
2000,Iowa,Guthrie County,11348
2000,Iowa,Hamilton County,16435
2000,Iowa,Hancock County,12107
2000,Iowa,Hardin County,18806
2000,Iowa,Harrison County,15674
2000,Iowa,Henry County,20353
2000,Iowa,Howard County,9951
2000,Iowa,Humboldt County,10384
2000,Iowa,Ida County,7839
2000,Iowa,Iowa County,15680
2000,Iowa,Jackson County,20295
2000,Iowa,Jasper County,37229
2000,Iowa,Jefferson County,16180
2000,Iowa,Johnson County,110983
2000,Iowa,Jones County,20227
2000,Iowa,Keokuk County,11405
2000,Iowa,Kossuth County,17159
2000,Iowa,Lee County,38062
2000,Iowa,Linn County,191728
2000,Iowa,Louisa County,12188
2000,Iowa,Lucas County,9412
2000,Iowa,Lyon County,11763
2000,Iowa,Madison County,14012
2000,Iowa,Mahaska County,22319
2000,Iowa,Marion County,32048
2000,Iowa,Marshall County,39332
2000,Iowa,Mills County,14543
2000,Iowa,Mitchell County,10877
2000,Iowa,Monona County,10020
2000,Iowa,Monroe County,8012
2000,Iowa,Montgomery County,11775
2000,Iowa,Muscatine County,41723
2000,Iowa,O'Brien County,15096
2000,Iowa,Osceola County,7003
2000,Iowa,Page County,16982
2000,Iowa,Palo Alto County,10143
2000,Iowa,Plymouth County,24859
2000,Iowa,Pocahontas County,8664
2000,Iowa,Polk County,374258
2000,Iowa,Pottawattamie County,87825
2000,Iowa,Poweshiek County,18829
2000,Iowa,Ringgold County,5469
2000,Iowa,Sac County,11531
2000,Iowa,Scott County,158705
2000,Iowa,Shelby County,13064
2000,Iowa,Sioux County,31596
2000,Iowa,Story County,79988
2000,Iowa,Tama County,18099
2000,Iowa,Taylor County,6958
2000,Iowa,Union County,12312
2000,Iowa,Van Buren County,7800
2000,Iowa,Wapello County,36067
2000,Iowa,Warren County,40672
2000,Iowa,Washington County,20679
2000,Iowa,Wayne County,6732
2000,Iowa,Webster County,40230
2000,Iowa,Winnebago County,11717
2000,Iowa,Winneshiek County,21291
2000,Iowa,Woodbury County,103876
2000,Iowa,Worth County,7904
2000,Iowa,Wright County,14337
2000,Kansas,Allen County,14394
2000,Kansas,Anderson County,8108
2000,Kansas,Atchison County,16787
2000,Kansas,Barber County,5307
2000,Kansas,Barton County,28200
2000,Kansas,Bourbon County,15380
2000,Kansas,Brown County,10728
2000,Kansas,Butler County,59455
2000,Kansas,Chase County,3030
2000,Kansas,Chautauqua County,4359
2000,Kansas,Cherokee County,22601
2000,Kansas,Cheyenne County,3165
2000,Kansas,Clark County,2395
2000,Kansas,Clay County,8845
2000,Kansas,Cloud County,10271
2000,Kansas,Coffey County,8871
2000,Kansas,Comanche County,1967
2000,Kansas,Cowley County,36307
2000,Kansas,Crawford County,38248
2000,Kansas,Decatur County,3472
2000,Kansas,Dickinson County,19327
2000,Kansas,Doniphan County,8249
2000,Kansas,Douglas County,99953
2000,Kansas,Edwards County,3449
2000,Kansas,Elk County,3261
2000,Kansas,Ellis County,27506
2000,Kansas,Ellsworth County,6524
2000,Kansas,Finney County,40517
2000,Kansas,Ford County,32452
2000,Kansas,Franklin County,24784
2000,Kansas,Geary County,27849
2000,Kansas,Gove County,3074
2000,Kansas,Graham County,2944
2000,Kansas,Grant County,7905
2000,Kansas,Gray County,5918
2000,Kansas,Greeley County,1534
2000,Kansas,Greenwood County,7663
2000,Kansas,Hamilton County,2665
2000,Kansas,Harper County,6537
2000,Kansas,Harvey County,32885
2000,Kansas,Haskell County,4307
2000,Kansas,Hodgeman County,2081
2000,Kansas,Jackson County,12650
2000,Kansas,Jefferson County,18450
2000,Kansas,Jewell County,3789
2000,Kansas,Johnson County,451541
2000,Kansas,Kearny County,4525
2000,Kansas,Kingman County,8675
2000,Kansas,Kiowa County,3278
2000,Kansas,Labette County,22821
2000,Kansas,Lane County,2155
2000,Kansas,Leavenworth County,68684
2000,Kansas,Lincoln County,3578
2000,Kansas,Linn County,9541
2000,Kansas,Logan County,3051
2000,Kansas,Lyon County,35934
2000,Kansas,Marion County,13358
2000,Kansas,Marshall County,10967
2000,Kansas,Mcpherson County,29560
2000,Kansas,Meade County,4628
2000,Kansas,Miami County,28340
2000,Kansas,Mitchell County,6929
2000,Kansas,Montgomery County,36267
2000,Kansas,Morris County,6113
2000,Kansas,Morton County,3494
2000,Kansas,Nemaha County,10716
2000,Kansas,Neosho County,16996
2000,Kansas,Ness County,3452
2000,Kansas,Norton County,5950
2000,Kansas,Osage County,16713
2000,Kansas,Osborne County,4452
2000,Kansas,Ottawa County,6164
2000,Kansas,Pawnee County,7235
2000,Kansas,Phillips County,5995
2000,Kansas,Pottawatomie County,18208
2000,Kansas,Pratt County,9649
2000,Kansas,Rawlins County,2966
2000,Kansas,Reno County,64793
2000,Kansas,Republic County,5831
2000,Kansas,Rice County,10760
2000,Kansas,Riley County,62954
2000,Kansas,Rooks County,5685
2000,Kansas,Rush County,3549
2000,Kansas,Russell County,7374
2000,Kansas,Saline County,53599
2000,Kansas,Scott County,5120
2000,Kansas,Sedgwick County,452901
2000,Kansas,Seward County,22517
2000,Kansas,Shawnee County,169879
2000,Kansas,Sheridan County,2814
2000,Kansas,Sherman County,6757
2000,Kansas,Smith County,4538
2000,Kansas,Stafford County,4789
2000,Kansas,Stanton County,2406
2000,Kansas,Stevens County,5465
2000,Kansas,Sumner County,25944
2000,Kansas,Thomas County,8174
2000,Kansas,Trego County,3311
2000,Kansas,Wabaunsee County,6876
2000,Kansas,Wallace County,1749
2000,Kansas,Washington County,6458
2000,Kansas,Wichita County,2531
2000,Kansas,Wilson County,10341
2000,Kansas,Woodson County,3788
2000,Kansas,Wyandotte County,157924
2000,Kentucky,Adair County,17275
2000,Kentucky,Allen County,17792
2000,Kentucky,Anderson County,19093
2000,Kentucky,Ballard County,8293
2000,Kentucky,Barren County,38045
2000,Kentucky,Bath County,11099
2000,Kentucky,Bell County,30049
2000,Kentucky,Boone County,86051
2000,Kentucky,Bourbon County,19360
2000,Kentucky,Boyd County,49721
2000,Kentucky,Boyle County,27676
2000,Kentucky,Bracken County,8276
2000,Kentucky,Breathitt County,16089
2000,Kentucky,Breckinridge County,18633
2000,Kentucky,Bullitt County,61178
2000,Kentucky,Butler County,12981
2000,Kentucky,Caldwell County,13057
2000,Kentucky,Calloway County,34182
2000,Kentucky,Campbell County,88627
2000,Kentucky,Carlisle County,5349
2000,Kentucky,Carroll County,10170
2000,Kentucky,Carter County,26879
2000,Kentucky,Casey County,15450
2000,Kentucky,Christian County,72402
2000,Kentucky,Clark County,33180
2000,Kentucky,Clay County,24586
2000,Kentucky,Clinton County,9622
2000,Kentucky,Crittenden County,9384
2000,Kentucky,Cumberland County,7150
2000,Kentucky,Daviess County,91542
2000,Kentucky,Edmonson County,11632
2000,Kentucky,Elliott County,6747
2000,Kentucky,Estill County,15315
2000,Kentucky,Fayette County,260527
2000,Kentucky,Fleming County,13787
2000,Kentucky,Floyd County,42451
2000,Kentucky,Franklin County,47703
2000,Kentucky,Fulton County,7755
2000,Kentucky,Gallatin County,7845
2000,Kentucky,Garrard County,14783
2000,Kentucky,Grant County,22350
2000,Kentucky,Graves County,37024
2000,Kentucky,Grayson County,24037
2000,Kentucky,Green County,11499
2000,Kentucky,Greenup County,36927
2000,Kentucky,Hancock County,8395
2000,Kentucky,Hardin County,92629
2000,Kentucky,Harlan County,33192
2000,Kentucky,Harrison County,17956
2000,Kentucky,Hart County,17459
2000,Kentucky,Henderson County,44837
2000,Kentucky,Henry County,15010
2000,Kentucky,Hickman County,5254
2000,Kentucky,Hopkins County,46519
2000,Kentucky,Jackson County,13492
2000,Kentucky,Jefferson County,693775
2000,Kentucky,Jessamine County,39043
2000,Kentucky,Johnson County,23443
2000,Kentucky,Kenton County,151449
2000,Kentucky,Knott County,17650
2000,Kentucky,Knox County,31739
2000,Kentucky,Larue County,13363
2000,Kentucky,Laurel County,52712
2000,Kentucky,Lawrence County,15558
2000,Kentucky,Lee County,7915
2000,Kentucky,Leslie County,12411
2000,Kentucky,Letcher County,25261
2000,Kentucky,Lewis County,14078
2000,Kentucky,Lincoln County,23325
2000,Kentucky,Livingston County,9806
2000,Kentucky,Logan County,26593
2000,Kentucky,Lyon County,8081
2000,Kentucky,Madison County,70916
2000,Kentucky,Magoffin County,13334
2000,Kentucky,Marion County,18244
2000,Kentucky,Marshall County,30126
2000,Kentucky,Martin County,12570
2000,Kentucky,Mason County,16812
2000,Kentucky,Mccracken County,65511
2000,Kentucky,Mccreary County,17078
2000,Kentucky,Mclean County,9942
2000,Kentucky,Meade County,27989
2000,Kentucky,Menifee County,6539
2000,Kentucky,Mercer County,20809
2000,Kentucky,Metcalfe County,10025
2000,Kentucky,Monroe County,11737
2000,Kentucky,Montgomery County,22536
2000,Kentucky,Morgan County,13949
2000,Kentucky,Muhlenberg County,31845
2000,Kentucky,Nelson County,37487
2000,Kentucky,Nicholas County,6812
2000,Kentucky,Ohio County,22928
2000,Kentucky,Oldham County,46495
2000,Kentucky,Owen County,10542
2000,Kentucky,Owsley County,4844
2000,Kentucky,Pendleton County,14384
2000,Kentucky,Perry County,29415
2000,Kentucky,Pike County,68777
2000,Kentucky,Powell County,13236
2000,Kentucky,Pulaski County,56281
2000,Kentucky,Robertson County,2269
2000,Kentucky,Rockcastle County,16546
2000,Kentucky,Rowan County,22091
2000,Kentucky,Russell County,16282
2000,Kentucky,Scott County,33076
2000,Kentucky,Shelby County,33386
2000,Kentucky,Simpson County,16411
2000,Kentucky,Spencer County,11699
2000,Kentucky,Taylor County,22889
2000,Kentucky,Todd County,11954
2000,Kentucky,Trigg County,12600
2000,Kentucky,Trimble County,8183
2000,Kentucky,Union County,15454
2000,Kentucky,Warren County,92546
2000,Kentucky,Washington County,10920
2000,Kentucky,Wayne County,19902
2000,Kentucky,Webster County,14112
2000,Kentucky,Whitley County,35875
2000,Kentucky,Wolfe County,7092
2000,Kentucky,Woodford County,23225
2000,Louisiana,Acadia Parish,58833
2000,Louisiana,Allen Parish,25441
2000,Louisiana,Ascension Parish,76639
2000,Louisiana,Assumption Parish,23343
2000,Louisiana,Avoyelles Parish,41501
2000,Louisiana,Beauregard Parish,32948
2000,Louisiana,Bienville Parish,15753
2000,Louisiana,Bossier Parish,99355
2000,Louisiana,Caddo Parish,251129
2000,Louisiana,Calcasieu Parish,183606
2000,Louisiana,Caldwell Parish,10554
2000,Louisiana,Cameron Parish,9965
2000,Louisiana,Catahoula Parish,10905
2000,Louisiana,Claiborne Parish,16850
2000,Louisiana,Concordia Parish,20221
2000,Louisiana,De Soto Parish,25489
2000,Louisiana,East Baton Rouge Parish,412899
2000,Louisiana,East Carroll Parish,9415
2000,Louisiana,East Feliciana Parish,21348
2000,Louisiana,Evangeline Parish,35502
2000,Louisiana,Franklin Parish,21264
2000,Louisiana,Grant Parish,18697
2000,Louisiana,Iberia Parish,73277
2000,Louisiana,Iberville Parish,33319
2000,Louisiana,Jackson Parish,15408
2000,Louisiana,Jefferson Davis Parish,31432
2000,Louisiana,Jefferson Parish,455406
2000,Louisiana,Lasalle Parish,14276
2000,Louisiana,Lafayette Parish,190234
2000,Louisiana,Lafourche Parish,89745
2000,Louisiana,Lincoln Parish,42503
2000,Louisiana,Livingston Parish,91889
2000,Louisiana,Madison Parish,13724
2000,Louisiana,Morehouse Parish,31037
2000,Louisiana,Natchitoches Parish,39077
2000,Louisiana,Orleans Parish,484692
2000,Louisiana,Ouachita Parish,147256
2000,Louisiana,Plaquemines Parish,26749
2000,Louisiana,Pointe Coupee Parish,22761
2000,Louisiana,Rapides Parish,126390
2000,Louisiana,Red River Parish,9621
2000,Louisiana,Richland Parish,20989
2000,Louisiana,Sabine Parish,23434
2000,Louisiana,St. Bernard Parish,67230
2000,Louisiana,St. Charles Parish,48019
2000,Louisiana,St. Helena Parish,10553
2000,Louisiana,St. James Parish,21193
2000,Louisiana,St. John The Baptist Parish,43181
2000,Louisiana,St. Landry Parish,87662
2000,Louisiana,St. Martin Parish,48535
2000,Louisiana,St. Mary Parish,53539
2000,Louisiana,St. Tammany Parish,191270
2000,Louisiana,Tangipahoa Parish,100481
2000,Louisiana,Tensas Parish,6608
2000,Louisiana,Terrebonne Parish,104772
2000,Louisiana,Union Parish,22798
2000,Louisiana,Vermilion Parish,54104
2000,Louisiana,Vernon Parish,52539
2000,Louisiana,Washington Parish,43943
2000,Louisiana,Webster Parish,41814
2000,Louisiana,West Baton Rouge Parish,21604
2000,Louisiana,West Carroll Parish,12315
2000,Louisiana,West Feliciana Parish,15110
2000,Louisiana,Winn Parish,16889
2000,Maine,Androscoggin County,103803
2000,Maine,Aroostook County,73943
2000,Maine,Cumberland County,265612
2000,Maine,Franklin County,29470
2000,Maine,Hancock County,51869
2000,Maine,Kennebec County,117074
2000,Maine,Knox County,39631
2000,Maine,Lincoln County,33628
2000,Maine,Oxford County,54715
2000,Maine,Penobscot County,144866
2000,Maine,Piscataquis County,17236
2000,Maine,Sagadahoc County,35187
2000,Maine,Somerset County,50857
2000,Maine,Waldo County,36257
2000,Maine,Washington County,33922
2000,Maine,York County,186709
2000,Maryland,Allegany County,74909
2000,Maryland,Anne Arundel County,489677
2000,Maryland,Baltimore County,753947
2000,Maryland,Baltimore City,651262
2000,Maryland,Calvert County,74556
2000,Maryland,Caroline County,29735
2000,Maryland,Carroll County,150881
2000,Maryland,Cecil County,85964
2000,Maryland,Charles County,120524
2000,Maryland,Dorchester County,30671
2000,Maryland,Frederick County,195277
2000,Maryland,Garrett County,29852
2000,Maryland,Harford County,218914
2000,Maryland,Howard County,247876
2000,Maryland,Kent County,19201
2000,Maryland,Montgomery County,873874
2000,Maryland,Prince George'S County,801091
2000,Maryland,Queen Anne'S County,40580
2000,Maryland,Somerset County,24746
2000,Maryland,St. Mary's County,86196
2000,Maryland,Talbot County,33806
2000,Maryland,Washington County,131911
2000,Maryland,Wicomico County,84638
2000,Maryland,Worcester County,46559
2000,Massachusetts,Barnstable County,222239
2000,Massachusetts,Berkshire County,134922
2000,Massachusetts,Bristol County,534702
2000,Massachusetts,Dukes County,15001
2000,Massachusetts,Essex County,723496
2000,Massachusetts,Franklin County,71540
2000,Massachusetts,Hampden County,456280
2000,Massachusetts,Hampshire County,152237
2000,Massachusetts,Middlesex County,1465244
2000,Massachusetts,Nantucket County,9522
2000,Massachusetts,Norfolk County,650265
2000,Massachusetts,Plymouth County,472858
2000,Massachusetts,Suffolk County,691047
2000,Massachusetts,Worcester County,750011
2000,Michigan,Alcona County,11709
2000,Michigan,Alger County,9860
2000,Michigan,Allegan County,105631
2000,Michigan,Alpena County,31297
2000,Michigan,Antrim County,23102
2000,Michigan,Arenac County,17279
2000,Michigan,Baraga County,8739
2000,Michigan,Barry County,56776
2000,Michigan,Bay County,110271
2000,Michigan,Benzie County,15986
2000,Michigan,Berrien County,162491
2000,Michigan,Branch County,45781
2000,Michigan,Calhoun County,137991
2000,Michigan,Cass County,51086
2000,Michigan,Charlevoix County,26087
2000,Michigan,Cheboygan County,26406
2000,Michigan,Chippewa County,38543
2000,Michigan,Clare County,31259
2000,Michigan,Clinton County,64715
2000,Michigan,Crawford County,14236
2000,Michigan,Delta County,38528
2000,Michigan,Dickinson County,27474
2000,Michigan,Eaton County,103721
2000,Michigan,Emmet County,31435
2000,Michigan,Genesee County,436213
2000,Michigan,Gladwin County,26042
2000,Michigan,Gogebic County,17375
2000,Michigan,Grand Traverse County,77655
2000,Michigan,Gratiot County,42289
2000,Michigan,Hillsdale County,46540
2000,Michigan,Houghton County,36013
2000,Michigan,Huron County,36088
2000,Michigan,Ingham County,279409
2000,Michigan,Ionia County,61539
2000,Michigan,Iosco County,27343
2000,Michigan,Iron County,13129
2000,Michigan,Isabella County,63336
2000,Michigan,Jackson County,158426
2000,Michigan,Kalamazoo County,238602
2000,Michigan,Kalkaska County,16565
2000,Michigan,Kent County,574421
2000,Michigan,Keweenaw County,2296
2000,Michigan,Lake County,11274
2000,Michigan,Lapeer County,87947
2000,Michigan,Leelanau County,21125
2000,Michigan,Lenawee County,98970
2000,Michigan,Livingston County,156943
2000,Michigan,Luce County,7028
2000,Michigan,Mackinac County,11941
2000,Michigan,Macomb County,788120
2000,Michigan,Manistee County,24500
2000,Michigan,Marquette County,64634
2000,Michigan,Mason County,28283
2000,Michigan,Mecosta County,40547
2000,Michigan,Menominee County,25323
2000,Michigan,Midland County,82797
2000,Michigan,Missaukee County,14473
2000,Michigan,Monroe County,145939
2000,Michigan,Montcalm County,61270
2000,Michigan,Montmorency County,10316
2000,Michigan,Muskegon County,170208
2000,Michigan,Newaygo County,47858
2000,Michigan,Oakland County,1194346
2000,Michigan,Oceana County,26857
2000,Michigan,Ogemaw County,21644
2000,Michigan,Ontonagon County,7817
2000,Michigan,Osceola County,23199
2000,Michigan,Oscoda County,9399
2000,Michigan,Otsego County,23310
2000,Michigan,Ottawa County,238413
2000,Michigan,Presque Isle County,14421
2000,Michigan,Roscommon County,25452
2000,Michigan,Saginaw County,210051
2000,Michigan,Sanilac County,44511
2000,Michigan,Schoolcraft County,8900
2000,Michigan,Shiawassee County,71695
2000,Michigan,St. Clair County,164242
2000,Michigan,St. Joseph County,62411
2000,Michigan,Tuscola County,58263
2000,Michigan,Van Buren County,76239
2000,Michigan,Washtenaw County,322818
2000,Michigan,Wayne County,2061180
2000,Michigan,Wexford County,30475
2000,Minnesota,Aitkin County,15221
2000,Minnesota,Anoka County,298164
2000,Minnesota,Becker County,30006
2000,Minnesota,Beltrami County,39638
2000,Minnesota,Benton County,34242
2000,Minnesota,Big Stone County,5816
2000,Minnesota,Blue Earth County,55931
2000,Minnesota,Brown County,26916
2000,Minnesota,Carlton County,31705
2000,Minnesota,Carver County,70243
2000,Minnesota,Cass County,27148
2000,Minnesota,Chippewa County,12937
2000,Minnesota,Chisago County,41116
2000,Minnesota,Clay County,51227
2000,Minnesota,Clearwater County,8432
2000,Minnesota,Cook County,5164
2000,Minnesota,Cottonwood County,12190
2000,Minnesota,Crow Wing County,54985
2000,Minnesota,Dakota County,355923
2000,Minnesota,Dodge County,17735
2000,Minnesota,Douglas County,32808
2000,Minnesota,Faribault County,16180
2000,Minnesota,Fillmore County,21113
2000,Minnesota,Freeborn County,32584
2000,Minnesota,Goodhue County,44139
2000,Minnesota,Grant County,6286
2000,Minnesota,Hennepin County,1116162
2000,Minnesota,Houston County,19725
2000,Minnesota,Hubbard County,18314
2000,Minnesota,Isanti County,31280
2000,Minnesota,Itasca County,43909
2000,Minnesota,Jackson County,11242
2000,Minnesota,Kanabec County,14987
2000,Minnesota,Kandiyohi County,41193
2000,Minnesota,Kittson County,5279
2000,Minnesota,Koochiching County,14351
2000,Minnesota,Lac Qui Parle County,8073
2000,Minnesota,Lake County,11053
2000,Minnesota,Lake Of The Woods County,4508
2000,Minnesota,Le Sueur County,25416
2000,Minnesota,Lincoln County,6425
2000,Minnesota,Lyon County,25437
2000,Minnesota,Mahnomen County,5190
2000,Minnesota,Marshall County,10147
2000,Minnesota,Martin County,21807
2000,Minnesota,Mcleod County,34906
2000,Minnesota,Meeker County,22636
2000,Minnesota,Mille Lacs County,22304
2000,Minnesota,Morrison County,31743
2000,Minnesota,Mower County,38604
2000,Minnesota,Murray County,9169
2000,Minnesota,Nicollet County,29780
2000,Minnesota,Nobles County,20832
2000,Minnesota,Norman County,7442
2000,Minnesota,Olmsted County,124287
2000,Minnesota,Otter Tail County,57083
2000,Minnesota,Pennington County,13590
2000,Minnesota,Pine County,26429
2000,Minnesota,Pipestone County,9898
2000,Minnesota,Polk County,31370
2000,Minnesota,Pope County,11222
2000,Minnesota,Ramsey County,511272
2000,Minnesota,Red Lake County,4300
2000,Minnesota,Redwood County,16813
2000,Minnesota,Renville County,17147
2000,Minnesota,Rice County,56663
2000,Minnesota,Rock County,9720
2000,Minnesota,Roseau County,16343
2000,Minnesota,Scott County,89510
2000,Minnesota,Sherburne County,64472
2000,Minnesota,Sibley County,15361
2000,Minnesota,St. Louis County,200586
2000,Minnesota,Stearns County,133199
2000,Minnesota,Steele County,33684
2000,Minnesota,Stevens County,10053
2000,Minnesota,Swift County,11967
2000,Minnesota,Todd County,24402
2000,Minnesota,Traverse County,4137
2000,Minnesota,Wabasha County,21610
2000,Minnesota,Wadena County,13730
2000,Minnesota,Waseca County,19536
2000,Minnesota,Washington County,201214
2000,Minnesota,Watonwan County,11882
2000,Minnesota,Wilkin County,7135
2000,Minnesota,Winona County,49996
2000,Minnesota,Wright County,90022
2000,Minnesota,Yellow Medicine County,11235
2000,Mississippi,Adams County,34339
2000,Mississippi,Alcorn County,34519
2000,Mississippi,Amite County,13565
2000,Mississippi,Attala County,19654
2000,Mississippi,Benton County,8031
2000,Mississippi,Bolivar County,40619
2000,Mississippi,Calhoun County,15060
2000,Mississippi,Carroll County,10751
2000,Mississippi,Chickasaw County,19447
2000,Mississippi,Choctaw County,9759
2000,Mississippi,Claiborne County,11837
2000,Mississippi,Clarke County,17796
2000,Mississippi,Clay County,21984
2000,Mississippi,Coahoma County,30617
2000,Mississippi,Copiah County,28763
2000,Mississippi,Covington County,19418
2000,Mississippi,Desoto County,107252
2000,Mississippi,Forrest County,71934
2000,Mississippi,Franklin County,8419
2000,Mississippi,George County,19224
2000,Mississippi,Greene County,13287
2000,Mississippi,Grenada County,23273
2000,Mississippi,Hancock County,42945
2000,Mississippi,Harrison County,189577
2000,Mississippi,Hinds County,250752
2000,Mississippi,Holmes County,21608
2000,Mississippi,Humphreys County,11191
2000,Mississippi,Issaquena County,2274
2000,Mississippi,Itawamba County,22774
2000,Mississippi,Jackson County,131439
2000,Mississippi,Jasper County,18148
2000,Mississippi,Jefferson County,9723
2000,Mississippi,Jefferson Davis County,13954
2000,Mississippi,Jones County,64955
2000,Mississippi,Kemper County,10447
2000,Mississippi,Lafayette County,38687
2000,Mississippi,Lamar County,39877
2000,Mississippi,Lauderdale County,78168
2000,Mississippi,Lawrence County,13201
2000,Mississippi,Leake County,20930
2000,Mississippi,Lee County,75664
2000,Mississippi,Leflore County,37951
2000,Mississippi,Lincoln County,33191
2000,Mississippi,Lowndes County,61596
2000,Mississippi,Madison County,74711
2000,Mississippi,Marion County,25626
2000,Mississippi,Marshall County,34947
2000,Mississippi,Monroe County,37996
2000,Mississippi,Montgomery County,12191
2000,Mississippi,Neshoba County,28675
2000,Mississippi,Newton County,21834
2000,Mississippi,Noxubee County,12545
2000,Mississippi,Oktibbeha County,42920
2000,Mississippi,Panola County,34283
2000,Mississippi,Pearl River County,48518
2000,Mississippi,Perry County,12111
2000,Mississippi,Pike County,38957
2000,Mississippi,Pontotoc County,26811
2000,Mississippi,Prentiss County,25582
2000,Mississippi,Quitman County,10121
2000,Mississippi,Rankin County,115403
2000,Mississippi,Scott County,28455
2000,Mississippi,Sharkey County,6576
2000,Mississippi,Simpson County,27634
2000,Mississippi,Smith County,16163
2000,Mississippi,Stone County,13592
2000,Mississippi,Sunflower County,34382
2000,Mississippi,Tallahatchie County,14896
2000,Mississippi,Tate County,25386
2000,Mississippi,Tippah County,20890
2000,Mississippi,Tishomingo County,19155
2000,Mississippi,Tunica County,9240
2000,Mississippi,Union County,25344
2000,Mississippi,Walthall County,15161
2000,Mississippi,Warren County,49668
2000,Mississippi,Washington County,63035
2000,Mississippi,Wayne County,21372
2000,Mississippi,Webster County,10284
2000,Mississippi,Wilkinson County,10337
2000,Mississippi,Winston County,20157
2000,Mississippi,Yalobusha County,13052
2000,Mississippi,Yazoo County,28144
2000,Missouri,Adair County,24968
2000,Missouri,Andrew County,16489
2000,Missouri,Atchison County,6424
2000,Missouri,Audrain County,25857
2000,Missouri,Barry County,33980
2000,Missouri,Barton County,12543
2000,Missouri,Bates County,16648
2000,Missouri,Benton County,17141
2000,Missouri,Bollinger County,12012
2000,Missouri,Boone County,135477
2000,Missouri,Buchanan County,86013
2000,Missouri,Butler County,40864
2000,Missouri,Caldwell County,8964
2000,Missouri,Callaway County,40762
2000,Missouri,Camden County,36807
2000,Missouri,Cape Girardeau County,68691
2000,Missouri,Carroll County,10289
2000,Missouri,Carter County,5940
2000,Missouri,Cass County,82123
2000,Missouri,Cedar County,13713
2000,Missouri,Chariton County,8436
2000,Missouri,Christian County,54303
2000,Missouri,Clark County,7416
2000,Missouri,Clay County,183941
2000,Missouri,Clinton County,19002
2000,Missouri,Cole County,71423
2000,Missouri,Cooper County,16668
2000,Missouri,Crawford County,22785
2000,Missouri,Dade County,7920
2000,Missouri,Dallas County,15725
2000,Missouri,Daviess County,8012
2000,Missouri,Dekalb County,13090
2000,Missouri,Dent County,14926
2000,Missouri,Douglas County,13082
2000,Missouri,Dunklin County,33184
2000,Missouri,Franklin County,93820
2000,Missouri,Gasconade County,15350
2000,Missouri,Gentry County,6867
2000,Missouri,Greene County,240460
2000,Missouri,Grundy County,10420
2000,Missouri,Harrison County,8856
2000,Missouri,Henry County,22005
2000,Missouri,Hickory County,8922
2000,Missouri,Holt County,5354
2000,Missouri,Howard County,10208
2000,Missouri,Howell County,37273
2000,Missouri,Iron County,10676
2000,Missouri,Jackson County,654941
2000,Missouri,Jasper County,104704
2000,Missouri,Jefferson County,198362
2000,Missouri,Johnson County,48270
2000,Missouri,Knox County,4360
2000,Missouri,Laclede County,32532
2000,Missouri,Lafayette County,32939
2000,Missouri,Lawrence County,35216
2000,Missouri,Lewis County,10487
2000,Missouri,Lincoln County,38916
2000,Missouri,Linn County,13754
2000,Missouri,Livingston County,14562
2000,Missouri,Macon County,15760
2000,Missouri,Madison County,11851
2000,Missouri,Maries County,8924
2000,Missouri,Marion County,28267
2000,Missouri,Mcdonald County,21684
2000,Missouri,Mercer County,3756
2000,Missouri,Miller County,23562
2000,Missouri,Mississippi County,13430
2000,Missouri,Moniteau County,14829
2000,Missouri,Monroe County,9320
2000,Missouri,Montgomery County,12140
2000,Missouri,Morgan County,19239
2000,Missouri,New Madrid County,19691
2000,Missouri,Newton County,52596
2000,Missouri,Nodaway County,21913
2000,Missouri,Oregon County,10332
2000,Missouri,Osage County,13019
2000,Missouri,Ozark County,9536
2000,Missouri,Pemiscot County,20079
2000,Missouri,Perry County,18120
2000,Missouri,Pettis County,39418
2000,Missouri,Phelps County,39826
2000,Missouri,Pike County,18347
2000,Missouri,Platte County,73826
2000,Missouri,Polk County,26922
2000,Missouri,Pulaski County,41170
2000,Missouri,Putnam County,5216
2000,Missouri,Ralls County,9632
2000,Missouri,Randolph County,24663
2000,Missouri,Ray County,23374
2000,Missouri,Reynolds County,6687
2000,Missouri,Ripley County,13505
2000,Missouri,Saline County,23764
2000,Missouri,Schuyler County,4173
2000,Missouri,Scotland County,4983
2000,Missouri,Scott County,40437
2000,Missouri,Shannon County,8319
2000,Missouri,Shelby County,6808
2000,Missouri,St. Charles County,283939
2000,Missouri,St. Clair County,9652
2000,Missouri,St. Francois County,55643
2000,Missouri,St. Louis County,1016202
2000,Missouri,St. Louis City,348192
2000,Missouri,Ste. Genevieve County,17819
2000,Missouri,Stoddard County,29720
2000,Missouri,Stone County,28505
2000,Missouri,Sullivan County,7228
2000,Missouri,Taney County,39776
2000,Missouri,Texas County,22996
2000,Missouri,Vernon County,20449
2000,Missouri,Warren County,24536
2000,Missouri,Washington County,23318
2000,Missouri,Wayne County,13237
2000,Missouri,Webster County,31041
2000,Missouri,Worth County,2384
2000,Missouri,Wright County,17937
2000,Montana,Beaverhead County,9192
2000,Montana,Big Horn County,12676
2000,Montana,Blaine County,7009
2000,Montana,Broadwater County,4380
2000,Montana,Carbon County,9545
2000,Montana,Carter County,1358
2000,Montana,Cascade County,80356
2000,Montana,Chouteau County,5962
2000,Montana,Custer County,11694
2000,Montana,Daniels County,2017
2000,Montana,Dawson County,9059
2000,Montana,Deer Lodge County,9416
2000,Montana,Fallon County,2835
2000,Montana,Fergus County,11905
2000,Montana,Flathead County,74507
2000,Montana,Gallatin County,67837
2000,Montana,Garfield County,1279
2000,Montana,Glacier County,13240
2000,Montana,Golden Valley County,1040
2000,Montana,Granite County,2841
2000,Montana,Hill County,16671
2000,Montana,Jefferson County,10034
2000,Montana,Judith Basin County,2326
2000,Montana,Lake County,26482
2000,Montana,Lewis And Clark County,55716
2000,Montana,Liberty County,2158
2000,Montana,Lincoln County,18820
2000,Montana,Madison County,6848
2000,Montana,Mccone County,1971
2000,Montana,Meagher County,1928
2000,Montana,Mineral County,3871
2000,Montana,Missoula County,95803
2000,Montana,Musselshell County,4492
2000,Montana,Park County,15694
2000,Montana,Petroleum County,493
2000,Montana,Phillips County,4601
2000,Montana,Pondera County,6425
2000,Montana,Powder River County,1858
2000,Montana,Powell County,7185
2000,Montana,Prairie County,1199
2000,Montana,Ravalli County,36093
2000,Montana,Richland County,9666
2000,Montana,Roosevelt County,10632
2000,Montana,Rosebud County,9389
2000,Montana,Sanders County,10238
2000,Montana,Sheridan County,4105
2000,Montana,Silver Bow County,34625
2000,Montana,Stillwater County,8221
2000,Montana,Sweet Grass County,3601
2000,Montana,Teton County,6449
2000,Montana,Toole County,5255
2000,Montana,Treasure County,857
2000,Montana,Valley County,7673
2000,Montana,Wheatland County,2259
2000,Montana,Wibaux County,1067
2000,Montana,Yellowstone County,129347
2000,Nebraska,Adams County,31150
2000,Nebraska,Antelope County,7447
2000,Nebraska,Arthur County,444
2000,Nebraska,Banner County,815
2000,Nebraska,Blaine County,583
2000,Nebraska,Boone County,6259
2000,Nebraska,Box Butte County,12159
2000,Nebraska,Boyd County,2443
2000,Nebraska,Brown County,3525
2000,Nebraska,Buffalo County,42232
2000,Nebraska,Burt County,7791
2000,Nebraska,Butler County,8857
2000,Nebraska,Cass County,24319
2000,Nebraska,Cedar County,9626
2000,Nebraska,Chase County,4068
2000,Nebraska,Cherry County,6149
2000,Nebraska,Cheyenne County,9833
2000,Nebraska,Clay County,7036
2000,Nebraska,Colfax County,10434
2000,Nebraska,Cuming County,10203
2000,Nebraska,Custer County,11794
2000,Nebraska,Dakota County,20265
2000,Nebraska,Dawes County,9060
2000,Nebraska,Dawson County,24370
2000,Nebraska,Deuel County,2089
2000,Nebraska,Dixon County,6277
2000,Nebraska,Dodge County,36150
2000,Nebraska,Douglas County,463567
2000,Nebraska,Dundy County,2292
2000,Nebraska,Fillmore County,6634
2000,Nebraska,Franklin County,3569
2000,Nebraska,Frontier County,3089
2000,Nebraska,Furnas County,5324
2000,Nebraska,Gage County,22992
2000,Nebraska,Garden County,2294
2000,Nebraska,Garfield County,1902
2000,Nebraska,Gosper County,2143
2000,Nebraska,Grant County,735
2000,Nebraska,Greeley County,2714
2000,Nebraska,Hall County,53577
2000,Nebraska,Hamilton County,9408
2000,Nebraska,Harlan County,3783
2000,Nebraska,Hayes County,1068
2000,Nebraska,Hitchcock County,3110
2000,Nebraska,Holt County,11544
2000,Nebraska,Hooker County,783
2000,Nebraska,Howard County,6561
2000,Nebraska,Jefferson County,8340
2000,Nebraska,Johnson County,4488
2000,Nebraska,Kearney County,6887
2000,Nebraska,Keith County,8868
2000,Nebraska,Keya Paha County,985
2000,Nebraska,Kimball County,4085
2000,Nebraska,Knox County,9370
2000,Nebraska,Lancaster County,250307
2000,Nebraska,Lincoln County,34630
2000,Nebraska,Logan County,774
2000,Nebraska,Loup County,712
2000,Nebraska,Madison County,35254
2000,Nebraska,Mcpherson County,533
2000,Nebraska,Merrick County,8189
2000,Nebraska,Morrill County,5443
2000,Nebraska,Nance County,4042
2000,Nebraska,Nemaha County,7580
2000,Nebraska,Nuckolls County,5056
2000,Nebraska,Otoe County,15402
2000,Nebraska,Pawnee County,3089
2000,Nebraska,Perkins County,3199
2000,Nebraska,Phelps County,9746
2000,Nebraska,Pierce County,7843
2000,Nebraska,Platte County,31574
2000,Nebraska,Polk County,5629
2000,Nebraska,Red Willow County,11456
2000,Nebraska,Richardson County,9531
2000,Nebraska,Rock County,1754
2000,Nebraska,Saline County,13858
2000,Nebraska,Sarpy County,122633
2000,Nebraska,Saunders County,19827
2000,Nebraska,Scotts Bluff County,36952
2000,Nebraska,Seward County,16491
2000,Nebraska,Sheridan County,6186
2000,Nebraska,Sherman County,3312
2000,Nebraska,Sioux County,1475
2000,Nebraska,Stanton County,6453
2000,Nebraska,Thayer County,6042
2000,Nebraska,Thomas County,728
2000,Nebraska,Thurston County,7167
2000,Nebraska,Valley County,4651
2000,Nebraska,Washington County,18787
2000,Nebraska,Wayne County,9890
2000,Nebraska,Webster County,4055
2000,Nebraska,Wheeler County,888
2000,Nebraska,York County,14602
2000,Nevada,Carson City,52477
2000,Nevada,Churchill County,23984
2000,Nevada,Clark County,1375741
2000,Nevada,Douglas County,41245
2000,Nevada,Elko County,45287
2000,Nevada,Esmeralda County,971
2000,Nevada,Eureka County,1651
2000,Nevada,Humboldt County,16081
2000,Nevada,Lander County,5790
2000,Nevada,Lincoln County,4165
2000,Nevada,Lyon County,34503
2000,Nevada,Mineral County,5070
2000,Nevada,Nye County,32522
2000,Nevada,Pershing County,6711
2000,Nevada,Storey County,3408
2000,Nevada,Washoe County,339473
2000,Nevada,White Pine County,9171
2000,New Hampshire,Belknap County,56268
2000,New Hampshire,Carroll County,43697
2000,New Hampshire,Cheshire County,73811
2000,New Hampshire,Coos County,33089
2000,New Hampshire,Grafton County,81764
2000,New Hampshire,Hillsborough County,380856
2000,New Hampshire,Merrimack County,136264
2000,New Hampshire,Rockingham County,277388
2000,New Hampshire,Strafford County,112235
2000,New Hampshire,Sullivan County,40435
2000,New Jersey,Atlantic County,253210
2000,New Jersey,Bergen County,884179
2000,New Jersey,Burlington County,423329
2000,New Jersey,Camden County,507075
2000,New Jersey,Cape May County,102323
2000,New Jersey,Cumberland County,146454
2000,New Jersey,Essex County,792235
2000,New Jersey,Gloucester County,255946
2000,New Jersey,Hudson County,609041
2000,New Jersey,Hunterdon County,122110
2000,New Jersey,Mercer County,350773
2000,New Jersey,Middlesex County,750275
2000,New Jersey,Monmouth County,615253
2000,New Jersey,Morris County,470277
2000,New Jersey,Ocean County,510950
2000,New Jersey,Passaic County,490285
2000,New Jersey,Salem County,64272
2000,New Jersey,Somerset County,297544
2000,New Jersey,Sussex County,144343
2000,New Jersey,Union County,522507
2000,New Jersey,Warren County,102383
2000,New Mexico,Bernalillo County,556120
2000,New Mexico,Catron County,3538
2000,New Mexico,Chaves County,61373
2000,New Mexico,Cibola County,25588
2000,New Mexico,Colfax County,14191
2000,New Mexico,Curry County,45050
2000,New Mexico,De Baca County,2240
2000,New Mexico,Doña Ana County,174880
2000,New Mexico,Eddy County,51633
2000,New Mexico,Grant County,31004
2000,New Mexico,Guadalupe County,4677
2000,New Mexico,Harding County,807
2000,New Mexico,Hidalgo County,5930
2000,New Mexico,Lea County,55528
2000,New Mexico,Lincoln County,19374
2000,New Mexico,Los Alamos County,18347
2000,New Mexico,Luna County,24986
2000,New Mexico,Mckinley County,74795
2000,New Mexico,Mora County,5178
2000,New Mexico,Otero County,62195
2000,New Mexico,Quay County,10088
2000,New Mexico,Rio Arriba County,41171
2000,New Mexico,Roosevelt County,18022
2000,New Mexico,San Juan County,113812
2000,New Mexico,San Miguel County,30089
2000,New Mexico,Sandoval County,90546
2000,New Mexico,Santa Fe County,129304
2000,New Mexico,Sierra County,13261
2000,New Mexico,Socorro County,18056
2000,New Mexico,Taos County,29981
2000,New Mexico,Torrance County,16894
2000,New Mexico,Union County,4190
2000,New Mexico,Valencia County,66169
2000,New York,Albany County,294601
2000,New York,Allegany County,49881
2000,New York,Bronx County,1332244
2000,New York,Broome County,200415
2000,New York,Cattaraugus County,83874
2000,New York,Cayuga County,81910
2000,New York,Chautauqua County,139698
2000,New York,Chemung County,91119
2000,New York,Chenango County,51356
2000,New York,Clinton County,79882
2000,New York,Columbia County,63074
2000,New York,Cortland County,48704
2000,New York,Delaware County,47894
2000,New York,Dutchess County,280032
2000,New York,Erie County,950227
2000,New York,Essex County,38893
2000,New York,Franklin County,51110
2000,New York,Fulton County,55053
2000,New York,Genesee County,60548
2000,New York,Greene County,48021
2000,New York,Hamilton County,5376
2000,New York,Herkimer County,64502
2000,New York,Jefferson County,111716
2000,New York,Kings County,2465689
2000,New York,Lewis County,26946
2000,New York,Livingston County,64631
2000,New York,Madison County,69420
2000,New York,Monroe County,735328
2000,New York,Montgomery County,49637
2000,New York,Nassau County,1334625
2000,New York,New York County,1538096
2000,New York,Niagara County,219795
2000,New York,Oneida County,235516
2000,New York,Onondaga County,458326
2000,New York,Ontario County,100009
2000,New York,Orange County,341397
2000,New York,Orleans County,44184
2000,New York,Oswego County,122387
2000,New York,Otsego County,61692
2000,New York,Putnam County,95731
2000,New York,Queens County,2229394
2000,New York,Rensselaer County,152553
2000,New York,Richmond County,443762
2000,New York,Rockland County,286794
2000,New York,Saratoga County,200626
2000,New York,Schenectady County,146652
2000,New York,Schoharie County,31488
2000,New York,Schuyler County,19188
2000,New York,Seneca County,33319
2000,New York,St. Lawrence County,111922
2000,New York,Steuben County,98681
2000,New York,Suffolk County,1419379
2000,New York,Sullivan County,73885
2000,New York,Tioga County,51883
2000,New York,Tompkins County,96487
2000,New York,Ulster County,177726
2000,New York,Warren County,63263
2000,New York,Washington County,61032
2000,New York,Wayne County,93779
2000,New York,Westchester County,923621
2000,New York,Wyoming County,43462
2000,New York,Yates County,24591
2000,North Carolina,Alamance County,130750
2000,North Carolina,Alexander County,33566
2000,North Carolina,Alleghany County,10672
2000,North Carolina,Anson County,25268
2000,North Carolina,Ashe County,24394
2000,North Carolina,Avery County,17149
2000,North Carolina,Beaufort County,44916
2000,North Carolina,Bertie County,19765
2000,North Carolina,Bladen County,32252
2000,North Carolina,Brunswick County,73121
2000,North Carolina,Buncombe County,206365
2000,North Carolina,Burke County,89163
2000,North Carolina,Cabarrus County,131043
2000,North Carolina,Caldwell County,77425
2000,North Carolina,Camden County,6884
2000,North Carolina,Carteret County,59334
2000,North Carolina,Caswell County,23474
2000,North Carolina,Catawba County,141700
2000,North Carolina,Chatham County,49396
2000,North Carolina,Cherokee County,24261
2000,North Carolina,Chowan County,14522
2000,North Carolina,Clay County,8778
2000,North Carolina,Cleveland County,96129
2000,North Carolina,Columbus County,54758
2000,North Carolina,Craven County,91526
2000,North Carolina,Cumberland County,302978
2000,North Carolina,Currituck County,18179
2000,North Carolina,Dare County,29959
2000,North Carolina,Davidson County,147248
2000,North Carolina,Davie County,34841
2000,North Carolina,Duplin County,49054
2000,North Carolina,Durham County,223270
2000,North Carolina,Edgecombe County,55604
2000,North Carolina,Forsyth County,306274
2000,North Carolina,Franklin County,47284
2000,North Carolina,Gaston County,190445
2000,North Carolina,Gates County,10521
2000,North Carolina,Graham County,7996
2000,North Carolina,Granville County,48486
2000,North Carolina,Greene County,18957
2000,North Carolina,Guilford County,420848
2000,North Carolina,Halifax County,57444
2000,North Carolina,Harnett County,90978
2000,North Carolina,Haywood County,54025
2000,North Carolina,Henderson County,89184
2000,North Carolina,Hertford County,22588
2000,North Carolina,Hoke County,33708
2000,North Carolina,Hyde County,5817
2000,North Carolina,Iredell County,122631
2000,North Carolina,Jackson County,33103
2000,North Carolina,Johnston County,121998
2000,North Carolina,Jones County,10311
2000,North Carolina,Lee County,49196
2000,North Carolina,Lenoir County,59636
2000,North Carolina,Lincoln County,63810
2000,North Carolina,Macon County,29802
2000,North Carolina,Madison County,19612
2000,North Carolina,Martin County,25549
2000,North Carolina,Mcdowell County,42134
2000,North Carolina,Mecklenburg County,695348
2000,North Carolina,Mitchell County,15687
2000,North Carolina,Montgomery County,26797
2000,North Carolina,Moore County,74772
2000,North Carolina,Nash County,87378
2000,North Carolina,New Hanover County,160315
2000,North Carolina,Northampton County,22051
2000,North Carolina,Onslow County,150418
2000,North Carolina,Orange County,115589
2000,North Carolina,Pamlico County,12896
2000,North Carolina,Pasquotank County,34890
2000,North Carolina,Pender County,41071
2000,North Carolina,Perquimans County,11369
2000,North Carolina,Person County,35603
2000,North Carolina,Pitt County,133759
2000,North Carolina,Polk County,18299
2000,North Carolina,Randolph County,130503
2000,North Carolina,Richmond County,46597
2000,North Carolina,Robeson County,123170
2000,North Carolina,Rockingham County,92018
2000,North Carolina,Rowan County,130364
2000,North Carolina,Rutherford County,62923
2000,North Carolina,Sampson County,60157
2000,North Carolina,Scotland County,35952
2000,North Carolina,Stanly County,58092
2000,North Carolina,Stokes County,44640
2000,North Carolina,Surry County,71208
2000,North Carolina,Swain County,12980
2000,North Carolina,Transylvania County,29316
2000,North Carolina,Tyrrell County,4143
2000,North Carolina,Union County,123834
2000,North Carolina,Vance County,42946
2000,North Carolina,Wake County,627906
2000,North Carolina,Warren County,19861
2000,North Carolina,Washington County,13730
2000,North Carolina,Watauga County,42684
2000,North Carolina,Wayne County,113449
2000,North Carolina,Wilkes County,65630
2000,North Carolina,Wilson County,73810
2000,North Carolina,Yadkin County,36352
2000,North Carolina,Yancey County,17758
2000,North Dakota,Adams County,2593
2000,North Dakota,Barnes County,11772
2000,North Dakota,Benson County,6961
2000,North Dakota,Billings County,888
2000,North Dakota,Bottineau County,7156
2000,North Dakota,Bowman County,3243
2000,North Dakota,Burke County,2243
2000,North Dakota,Burleigh County,69408
2000,North Dakota,Cass County,123171
2000,North Dakota,Cavalier County,4832
2000,North Dakota,Dickey County,5768
2000,North Dakota,Divide County,2283
2000,North Dakota,Dunn County,3606
2000,North Dakota,Eddy County,2756
2000,North Dakota,Emmons County,4327
2000,North Dakota,Foster County,3761
2000,North Dakota,Golden Valley County,1925
2000,North Dakota,Grand Forks County,66119
2000,North Dakota,Grant County,2841
2000,North Dakota,Griggs County,2754
2000,North Dakota,Hettinger County,2715
2000,North Dakota,Kidder County,2738
2000,North Dakota,Lamoure County,4690
2000,North Dakota,Logan County,2315
2000,North Dakota,Mchenry County,5983
2000,North Dakota,Mcintosh County,3388
2000,North Dakota,Mckenzie County,5738
2000,North Dakota,Mclean County,9346
2000,North Dakota,Mercer County,8634
2000,North Dakota,Morton County,25301
2000,North Dakota,Mountrail County,6636
2000,North Dakota,Nelson County,3706
2000,North Dakota,Oliver County,2057
2000,North Dakota,Pembina County,8620
2000,North Dakota,Pierce County,4667
2000,North Dakota,Ramsey County,12062
2000,North Dakota,Ransom County,5896
2000,North Dakota,Renville County,2612
2000,North Dakota,Richland County,17992
2000,North Dakota,Rolette County,13674
2000,North Dakota,Sargent County,4362
2000,North Dakota,Sheridan County,1711
2000,North Dakota,Sioux County,4043
2000,North Dakota,Slope County,765
2000,North Dakota,Stark County,22635
2000,North Dakota,Steele County,2252
2000,North Dakota,Stutsman County,21912
2000,North Dakota,Towner County,2878
2000,North Dakota,Traill County,8479
2000,North Dakota,Walsh County,12375
2000,North Dakota,Ward County,58799
2000,North Dakota,Wells County,5095
2000,North Dakota,Williams County,19754
2000,Ohio,Adams County,27303
2000,Ohio,Allen County,108464
2000,Ohio,Ashland County,52516
2000,Ohio,Ashtabula County,102681
2000,Ohio,Athens County,62193
2000,Ohio,Auglaize County,46230
2000,Ohio,Belmont County,70239
2000,Ohio,Brown County,42261
2000,Ohio,Butler County,332341
2000,Ohio,Carroll County,28822
2000,Ohio,Champaign County,38904
2000,Ohio,Clark County,144742
2000,Ohio,Clermont County,177322
2000,Ohio,Clinton County,40473
2000,Ohio,Columbiana County,112050
2000,Ohio,Coshocton County,36654
2000,Ohio,Crawford County,46909
2000,Ohio,Cuyahoga County,1393871
2000,Ohio,Darke County,53313
2000,Ohio,Defiance County,39502
2000,Ohio,Delaware County,109974
2000,Ohio,Erie County,79623
2000,Ohio,Fairfield County,122943
2000,Ohio,Fayette County,28474
2000,Ohio,Franklin County,1068736
2000,Ohio,Fulton County,42051
2000,Ohio,Gallia County,31058
2000,Ohio,Geauga County,90935
2000,Ohio,Greene County,147931
2000,Ohio,Guernsey County,40813
2000,Ohio,Hamilton County,845289
2000,Ohio,Hancock County,71303
2000,Ohio,Hardin County,31966
2000,Ohio,Harrison County,15847
2000,Ohio,Henry County,29202
2000,Ohio,Highland County,40853
2000,Ohio,Hocking County,28263
2000,Ohio,Holmes County,38940
2000,Ohio,Huron County,59447
2000,Ohio,Jackson County,32653
2000,Ohio,Jefferson County,73886
2000,Ohio,Knox County,54482
2000,Ohio,Lake County,227482
2000,Ohio,Lawrence County,62330
2000,Ohio,Licking County,145699
2000,Ohio,Logan County,46002
2000,Ohio,Lorain County,284657
2000,Ohio,Lucas County,455093
2000,Ohio,Madison County,40210
2000,Ohio,Mahoning County,257588
2000,Ohio,Marion County,66198
2000,Ohio,Medina County,151096
2000,Ohio,Meigs County,23058
2000,Ohio,Mercer County,40936
2000,Ohio,Miami County,98899
2000,Ohio,Monroe County,15172
2000,Ohio,Montgomery County,559141
2000,Ohio,Morgan County,14947
2000,Ohio,Morrow County,31646
2000,Ohio,Muskingum County,84549
2000,Ohio,Noble County,14058
2000,Ohio,Ottawa County,40974
2000,Ohio,Paulding County,20297
2000,Ohio,Perry County,34052
2000,Ohio,Pickaway County,52728
2000,Ohio,Pike County,27628
2000,Ohio,Portage County,152126
2000,Ohio,Preble County,42340
2000,Ohio,Putnam County,34722
2000,Ohio,Richland County,128932
2000,Ohio,Ross County,73382
2000,Ohio,Sandusky County,61797
2000,Ohio,Scioto County,79215
2000,Ohio,Seneca County,58663
2000,Ohio,Shelby County,48292
2000,Ohio,Stark County,378144
2000,Ohio,Summit County,542849
2000,Ohio,Trumbull County,225105
2000,Ohio,Tuscarawas County,90919
2000,Ohio,Union County,40975
2000,Ohio,Van Wert County,29654
2000,Ohio,Vinton County,12809
2000,Ohio,Warren County,159551
2000,Ohio,Washington County,63242
2000,Ohio,Wayne County,111562
2000,Ohio,Williams County,39189
2000,Ohio,Wood County,121072
2000,Ohio,Wyandot County,22897
2000,Oklahoma,Adair County,21009
2000,Oklahoma,Alfalfa County,6092
2000,Oklahoma,Atoka County,13876
2000,Oklahoma,Beaver County,5832
2000,Oklahoma,Beckham County,19807
2000,Oklahoma,Blaine County,11965
2000,Oklahoma,Bryan County,36524
2000,Oklahoma,Caddo County,30146
2000,Oklahoma,Canadian County,87729
2000,Oklahoma,Carter County,45614
2000,Oklahoma,Cherokee County,42475
2000,Oklahoma,Choctaw County,15334
2000,Oklahoma,Cimarron County,3139
2000,Oklahoma,Cleveland County,208036
2000,Oklahoma,Coal County,6035
2000,Oklahoma,Comanche County,114996
2000,Oklahoma,Cotton County,6603
2000,Oklahoma,Craig County,14951
2000,Oklahoma,Creek County,67340
2000,Oklahoma,Custer County,26147
2000,Oklahoma,Delaware County,36949
2000,Oklahoma,Dewey County,4740
2000,Oklahoma,Ellis County,4063
2000,Oklahoma,Garfield County,57811
2000,Oklahoma,Garvin County,27216
2000,Oklahoma,Grady County,45476
2000,Oklahoma,Grant County,5144
2000,Oklahoma,Greer County,6061
2000,Oklahoma,Harmon County,3285
2000,Oklahoma,Harper County,3558
2000,Oklahoma,Haskell County,11778
2000,Oklahoma,Hughes County,14150
2000,Oklahoma,Jackson County,28439
2000,Oklahoma,Jefferson County,6820
2000,Oklahoma,Johnston County,10512
2000,Oklahoma,Kay County,48086
2000,Oklahoma,Kingfisher County,13932
2000,Oklahoma,Kiowa County,10225
2000,Oklahoma,Latimer County,10689
2000,Oklahoma,Le Flore County,48099
2000,Oklahoma,Lincoln County,32070
2000,Oklahoma,Logan County,33911
2000,Oklahoma,Love County,8826
2000,Oklahoma,Major County,7545
2000,Oklahoma,Marshall County,13131
2000,Oklahoma,Mayes County,38339
2000,Oklahoma,Mcclain County,27750
2000,Oklahoma,Mccurtain County,34384
2000,Oklahoma,Mcintosh County,19405
2000,Oklahoma,Murray County,12617
2000,Oklahoma,Muskogee County,69471
2000,Oklahoma,Noble County,11406
2000,Oklahoma,Nowata County,10564
2000,Oklahoma,Okfuskee County,11808
2000,Oklahoma,Oklahoma County,660581
2000,Oklahoma,Okmulgee County,39672
2000,Oklahoma,Osage County,44413
2000,Oklahoma,Ottawa County,33164
2000,Oklahoma,Pawnee County,16610
2000,Oklahoma,Payne County,68201
2000,Oklahoma,Pittsburg County,43944
2000,Oklahoma,Pontotoc County,35146
2000,Oklahoma,Pottawatomie County,65505
2000,Oklahoma,Pushmataha County,11660
2000,Oklahoma,Roger Mills County,3432
2000,Oklahoma,Rogers County,70649
2000,Oklahoma,Seminole County,24966
2000,Oklahoma,Sequoyah County,38952
2000,Oklahoma,Stephens County,43204
2000,Oklahoma,Texas County,20098
2000,Oklahoma,Tillman County,9285
2000,Oklahoma,Tulsa County,563475
2000,Oklahoma,Wagoner County,57476
2000,Oklahoma,Washington County,49015
2000,Oklahoma,Washita County,11510
2000,Oklahoma,Woods County,9094
2000,Oklahoma,Woodward County,18489
2000,Oregon,Baker County,16742
2000,Oregon,Benton County,78143
2000,Oregon,Clackamas County,338407
2000,Oregon,Clatsop County,35634
2000,Oregon,Columbia County,43553
2000,Oregon,Coos County,62795
2000,Oregon,Crook County,19175
2000,Oregon,Curry County,21147
2000,Oregon,Deschutes County,115372
2000,Oregon,Douglas County,100375
2000,Oregon,Gilliam County,1910
2000,Oregon,Grant County,7934
2000,Oregon,Harney County,7606
2000,Oregon,Hood River County,20407
2000,Oregon,Jackson County,181281
2000,Oregon,Jefferson County,18995
2000,Oregon,Josephine County,75729
2000,Oregon,Klamath County,63771
2000,Oregon,Lake County,7421
2000,Oregon,Lane County,323011
2000,Oregon,Lincoln County,44481
2000,Oregon,Linn County,103079
2000,Oregon,Malheur County,31618
2000,Oregon,Marion County,284844
2000,Oregon,Morrow County,10995
2000,Oregon,Multnomah County,660602
2000,Oregon,Polk County,62412
2000,Oregon,Sherman County,1934
2000,Oregon,Tillamook County,24264
2000,Oregon,Umatilla County,70556
2000,Oregon,Union County,24522
2000,Oregon,Wallowa County,7230
2000,Oregon,Wasco County,23797
2000,Oregon,Washington County,445256
2000,Oregon,Wheeler County,1551
2000,Oregon,Yamhill County,84975
2000,Pennsylvania,Adams County,91207
2000,Pennsylvania,Allegheny County,1281795
2000,Pennsylvania,Armstrong County,72345
2000,Pennsylvania,Beaver County,181448
2000,Pennsylvania,Bedford County,49890
2000,Pennsylvania,Berks County,373712
2000,Pennsylvania,Blair County,129105
2000,Pennsylvania,Bradford County,62747
2000,Pennsylvania,Bucks County,597548
2000,Pennsylvania,Butler County,174105
2000,Pennsylvania,Cambria County,152555
2000,Pennsylvania,Cameron County,5971
2000,Pennsylvania,Carbon County,58765
2000,Pennsylvania,Centre County,135678
2000,Pennsylvania,Chester County,433208
2000,Pennsylvania,Clarion County,41739
2000,Pennsylvania,Clearfield County,83529
2000,Pennsylvania,Clinton County,37879
2000,Pennsylvania,Columbia County,63947
2000,Pennsylvania,Crawford County,90352
2000,Pennsylvania,Cumberland County,213605
2000,Pennsylvania,Dauphin County,251770
2000,Pennsylvania,Delaware County,551722
2000,Pennsylvania,Elk County,35114
2000,Pennsylvania,Erie County,280907
2000,Pennsylvania,Fayette County,148536
2000,Pennsylvania,Forest County,4948
2000,Pennsylvania,Franklin County,129495
2000,Pennsylvania,Fulton County,14259
2000,Pennsylvania,Greene County,40626
2000,Pennsylvania,Huntingdon County,45613
2000,Pennsylvania,Indiana County,89593
2000,Pennsylvania,Jefferson County,45915
2000,Pennsylvania,Juniata County,22814
2000,Pennsylvania,Lackawanna County,213292
2000,Pennsylvania,Lancaster County,470783
2000,Pennsylvania,Lawrence County,94567
2000,Pennsylvania,Lebanon County,120202
2000,Pennsylvania,Lehigh County,311746
2000,Pennsylvania,Luzerne County,319429
2000,Pennsylvania,Lycoming County,120003
2000,Pennsylvania,Mckean County,45908
2000,Pennsylvania,Mercer County,120368
2000,Pennsylvania,Mifflin County,46471
2000,Pennsylvania,Monroe County,138615
2000,Pennsylvania,Montgomery County,749409
2000,Pennsylvania,Montour County,18234
2000,Pennsylvania,Northampton County,267446
2000,Pennsylvania,Northumberland County,94867
2000,Pennsylvania,Perry County,43636
2000,Pennsylvania,Philadelphia County,1517562
2000,Pennsylvania,Pike County,46125
2000,Pennsylvania,Potter County,18082
2000,Pennsylvania,Schuylkill County,150263
2000,Pennsylvania,Snyder County,37506
2000,Pennsylvania,Somerset County,80047
2000,Pennsylvania,Sullivan County,6561
2000,Pennsylvania,Susquehanna County,42225
2000,Pennsylvania,Tioga County,41346
2000,Pennsylvania,Union County,41583
2000,Pennsylvania,Venango County,57500
2000,Pennsylvania,Warren County,43784
2000,Pennsylvania,Washington County,203014
2000,Pennsylvania,Wayne County,47679
2000,Pennsylvania,Westmoreland County,369990
2000,Pennsylvania,Wyoming County,28072
2000,Pennsylvania,York County,381791
2000,Rhode Island,Bristol County,50653
2000,Rhode Island,Kent County,167220
2000,Rhode Island,Newport County,85442
2000,Rhode Island,Providence County,621404
2000,Rhode Island,Washington County,123540
2000,South Carolina,Abbeville County,26153
2000,South Carolina,Aiken County,142556
2000,South Carolina,Allendale County,11199
2000,South Carolina,Anderson County,165734
2000,South Carolina,Bamberg County,16704
2000,South Carolina,Barnwell County,23491
2000,South Carolina,Beaufort County,120931
2000,South Carolina,Berkeley County,142747
2000,South Carolina,Calhoun County,15132
2000,South Carolina,Charleston County,309921
2000,South Carolina,Cherokee County,52532
2000,South Carolina,Chester County,34112
2000,South Carolina,Chesterfield County,42765
2000,South Carolina,Clarendon County,32460
2000,South Carolina,Colleton County,38259
2000,South Carolina,Darlington County,67444
2000,South Carolina,Dillon County,30735
2000,South Carolina,Dorchester County,96353
2000,South Carolina,Edgefield County,24588
2000,South Carolina,Fairfield County,23388
2000,South Carolina,Florence County,125709
2000,South Carolina,Georgetown County,55823
2000,South Carolina,Greenville County,379648
2000,South Carolina,Greenwood County,66309
2000,South Carolina,Hampton County,21373
2000,South Carolina,Horry County,196558
2000,South Carolina,Jasper County,20672
2000,South Carolina,Kershaw County,52649
2000,South Carolina,Lancaster County,61404
2000,South Carolina,Laurens County,69407
2000,South Carolina,Lee County,20089
2000,South Carolina,Lexington County,216031
2000,South Carolina,Marion County,35475
2000,South Carolina,Marlboro County,28820
2000,South Carolina,Mccormick County,9934
2000,South Carolina,Newberry County,35979
2000,South Carolina,Oconee County,66199
2000,South Carolina,Orangeburg County,91511
2000,South Carolina,Pickens County,110755
2000,South Carolina,Richland County,320836
2000,South Carolina,Saluda County,19180
2000,South Carolina,Spartanburg County,253957
2000,South Carolina,Sumter County,104687
2000,South Carolina,Union County,29939
2000,South Carolina,Williamsburg County,37219
2000,South Carolina,York County,164656
2000,South Dakota,Aurora County,3051
2000,South Dakota,Beadle County,17027
2000,South Dakota,Bennett County,3572
2000,South Dakota,Bon Homme County,7262
2000,South Dakota,Brookings County,28233
2000,South Dakota,Brown County,35468
2000,South Dakota,Brule County,5362
2000,South Dakota,Buffalo County,2032
2000,South Dakota,Butte County,9093
2000,South Dakota,Campbell County,1782
2000,South Dakota,Charles Mix County,9350
2000,South Dakota,Clark County,4143
2000,South Dakota,Clay County,13538
2000,South Dakota,Codington County,25909
2000,South Dakota,Corson County,4177
2000,South Dakota,Custer County,7268
2000,South Dakota,Davison County,18743
2000,South Dakota,Day County,6246
2000,South Dakota,Deuel County,4498
2000,South Dakota,Dewey County,5972
2000,South Dakota,Douglas County,3456
2000,South Dakota,Edmunds County,4367
2000,South Dakota,Fall River County,7453
2000,South Dakota,Faulk County,2640
2000,South Dakota,Grant County,7845
2000,South Dakota,Gregory County,4790
2000,South Dakota,Haakon County,2196
2000,South Dakota,Hamlin County,5530
2000,South Dakota,Hand County,3741
2000,South Dakota,Hanson County,3144
2000,South Dakota,Harding County,1353
2000,South Dakota,Hughes County,16483
2000,South Dakota,Hutchinson County,8074
2000,South Dakota,Hyde County,1671
2000,South Dakota,Jackson County,2929
2000,South Dakota,Jerauld County,2286
2000,South Dakota,Jones County,1193
2000,South Dakota,Kingsbury County,5815
2000,South Dakota,Lake County,11270
2000,South Dakota,Lawrence County,21805
2000,South Dakota,Lincoln County,24158
2000,South Dakota,Lyman County,3899
2000,South Dakota,Marshall County,4578
2000,South Dakota,Mccook County,5825
2000,South Dakota,Mcpherson County,2904
2000,South Dakota,Meade County,24230
2000,South Dakota,Mellette County,2083
2000,South Dakota,Miner County,2836
2000,South Dakota,Minnehaha County,148321
2000,South Dakota,Moody County,6586
2000,South Dakota,Pennington County,88619
2000,South Dakota,Perkins County,3368
2000,South Dakota,Potter County,2693
2000,South Dakota,Roberts County,10013
2000,South Dakota,Sanborn County,2676
2000,South Dakota,Oglala Lakota County,12466
2000,South Dakota,Spink County,7452
2000,South Dakota,Stanley County,2772
2000,South Dakota,Sully County,1553
2000,South Dakota,Todd County,9050
2000,South Dakota,Tripp County,6434
2000,South Dakota,Turner County,8847
2000,South Dakota,Union County,12583
2000,South Dakota,Walworth County,5969
2000,South Dakota,Yankton County,21657
2000,South Dakota,Ziebach County,2519
2000,Tennessee,Anderson County,71470
2000,Tennessee,Bedford County,37608
2000,Tennessee,Benton County,16534
2000,Tennessee,Bledsoe County,12349
2000,Tennessee,Blount County,105824
2000,Tennessee,Bradley County,87973
2000,Tennessee,Campbell County,39839
2000,Tennessee,Cannon County,12836
2000,Tennessee,Carroll County,29446
2000,Tennessee,Carter County,56731
2000,Tennessee,Cheatham County,35843
2000,Tennessee,Chester County,15540
2000,Tennessee,Claiborne County,29861
2000,Tennessee,Clay County,7960
2000,Tennessee,Cocke County,33548
2000,Tennessee,Coffee County,48052
2000,Tennessee,Crockett County,14529
2000,Tennessee,Cumberland County,46781
2000,Tennessee,Davidson County,569927
2000,Tennessee,Dekalb County,17413
2000,Tennessee,Decatur County,11711
2000,Tennessee,Dickson County,43152
2000,Tennessee,Dyer County,37284
2000,Tennessee,Fayette County,28799
2000,Tennessee,Fentress County,16615
2000,Tennessee,Franklin County,39258
2000,Tennessee,Gibson County,48092
2000,Tennessee,Giles County,29433
2000,Tennessee,Grainger County,20610
2000,Tennessee,Greene County,62911
2000,Tennessee,Grundy County,14322
2000,Tennessee,Hamblen County,58136
2000,Tennessee,Hamilton County,308115
2000,Tennessee,Hancock County,6776
2000,Tennessee,Hardeman County,28108
2000,Tennessee,Hardin County,25589
2000,Tennessee,Hawkins County,53582
2000,Tennessee,Haywood County,19790
2000,Tennessee,Henderson County,25526
2000,Tennessee,Henry County,31112
2000,Tennessee,Hickman County,22311
2000,Tennessee,Houston County,8079
2000,Tennessee,Humphreys County,17932
2000,Tennessee,Jackson County,10987
2000,Tennessee,Jefferson County,44308
2000,Tennessee,Johnson County,17513
2000,Tennessee,Knox County,381884
2000,Tennessee,Lake County,7951
2000,Tennessee,Lauderdale County,27134
2000,Tennessee,Lawrence County,39910
2000,Tennessee,Lewis County,11389
2000,Tennessee,Lincoln County,31346
2000,Tennessee,Loudon County,39086
2000,Tennessee,Macon County,20407
2000,Tennessee,Madison County,91900
2000,Tennessee,Marion County,27765
2000,Tennessee,Marshall County,26761
2000,Tennessee,Maury County,69542
2000,Tennessee,Mcminn County,49011
2000,Tennessee,Mcnairy County,24644
2000,Tennessee,Meigs County,11052
2000,Tennessee,Monroe County,38969
2000,Tennessee,Montgomery County,134725
2000,Tennessee,Moore County,5698
2000,Tennessee,Morgan County,19754
2000,Tennessee,Obion County,32470
2000,Tennessee,Overton County,20124
2000,Tennessee,Perry County,7608
2000,Tennessee,Pickett County,4941
2000,Tennessee,Polk County,16039
2000,Tennessee,Putnam County,62315
2000,Tennessee,Rhea County,28398
2000,Tennessee,Roane County,51921
2000,Tennessee,Robertson County,54430
2000,Tennessee,Rutherford County,182029
2000,Tennessee,Scott County,21129
2000,Tennessee,Sequatchie County,11262
2000,Tennessee,Sevier County,71200
2000,Tennessee,Shelby County,897466
2000,Tennessee,Smith County,17708
2000,Tennessee,Stewart County,12369
2000,Tennessee,Sullivan County,153089
2000,Tennessee,Sumner County,130528
2000,Tennessee,Tipton County,51309
2000,Tennessee,Trousdale County,7256
2000,Tennessee,Unicoi County,17666
2000,Tennessee,Union County,17843
2000,Tennessee,Van Buren County,5505
2000,Tennessee,Warren County,38275
2000,Tennessee,Washington County,107188
2000,Tennessee,Wayne County,16817
2000,Tennessee,Weakley County,34917
2000,Tennessee,White County,23139
2000,Tennessee,Williamson County,126649
2000,Tennessee,Wilson County,88794
2000,Texas,Anderson County,55114
2000,Texas,Andrews County,13002
2000,Texas,Angelina County,80123
2000,Texas,Aransas County,22457
2000,Texas,Archer County,8904
2000,Texas,Armstrong County,2153
2000,Texas,Atascosa County,38564
2000,Texas,Austin County,23586
2000,Texas,Bailey County,6593
2000,Texas,Bandera County,17589
2000,Texas,Bastrop County,57702
2000,Texas,Baylor County,4091
2000,Texas,Bee County,32347
2000,Texas,Bell County,238000
2000,Texas,Bexar County,1393035
2000,Texas,Blanco County,8436
2000,Texas,Borden County,729
2000,Texas,Bosque County,17188
2000,Texas,Bowie County,89296
2000,Texas,Brazoria County,241805
2000,Texas,Brazos County,152436
2000,Texas,Brewster County,8872
2000,Texas,Briscoe County,1805
2000,Texas,Brooks County,7980
2000,Texas,Brown County,37668
2000,Texas,Burleson County,16449
2000,Texas,Burnet County,34188
2000,Texas,Caldwell County,32101
2000,Texas,Calhoun County,20645
2000,Texas,Callahan County,12873
2000,Texas,Cameron County,334884
2000,Texas,Camp County,11533
2000,Texas,Carson County,6503
2000,Texas,Cass County,30427
2000,Texas,Castro County,8276
2000,Texas,Chambers County,26006
2000,Texas,Cherokee County,46716
2000,Texas,Childress County,7697
2000,Texas,Clay County,10997
2000,Texas,Cochran County,3724
2000,Texas,Coke County,3865
2000,Texas,Coleman County,9232
2000,Texas,Collin County,491272
2000,Texas,Collingsworth County,3206
2000,Texas,Colorado County,20356
2000,Texas,Comal County,78022
2000,Texas,Comanche County,14027
2000,Texas,Concho County,3964
2000,Texas,Cooke County,36370
2000,Texas,Coryell County,74899
2000,Texas,Cottle County,1899
2000,Texas,Crane County,3996
2000,Texas,Crockett County,4099
2000,Texas,Crosby County,7072
2000,Texas,Culberson County,2979
2000,Texas,Dallam County,6213
2000,Texas,Dallas County,2216808
2000,Texas,Dawson County,14987
2000,Texas,Dewitt County,19999
2000,Texas,Deaf Smith County,18565
2000,Texas,Delta County,5319
2000,Texas,Denton County,433065
2000,Texas,Dickens County,2760
2000,Texas,Dimmit County,10205
2000,Texas,Donley County,3814
2000,Texas,Duval County,13073
2000,Texas,Eastland County,18289
2000,Texas,Ector County,121124
2000,Texas,Edwards County,2160
2000,Texas,El Paso County,679568
2000,Texas,Ellis County,111415
2000,Texas,Erath County,32981
2000,Texas,Falls County,18563
2000,Texas,Fannin County,31225
2000,Texas,Fayette County,21818
2000,Texas,Fisher County,4345
2000,Texas,Floyd County,7770
2000,Texas,Foard County,1621
2000,Texas,Fort Bend County,354286
2000,Texas,Franklin County,9431
2000,Texas,Freestone County,17851
2000,Texas,Frio County,16255
2000,Texas,Gaines County,14463
2000,Texas,Galveston County,250178
2000,Texas,Garza County,4876
2000,Texas,Gillespie County,20806
2000,Texas,Glasscock County,1413
2000,Texas,Goliad County,6923
2000,Texas,Gonzales County,18601
2000,Texas,Gray County,22742
2000,Texas,Grayson County,110574
2000,Texas,Gregg County,111328
2000,Texas,Grimes County,23544
2000,Texas,Guadalupe County,88856
2000,Texas,Hale County,36605
2000,Texas,Hall County,3782
2000,Texas,Hamilton County,8226
2000,Texas,Hansford County,5369
2000,Texas,Hardeman County,4723
2000,Texas,Hardin County,48075
2000,Texas,Harris County,3401139
2000,Texas,Harrison County,62096
2000,Texas,Hartley County,5538
2000,Texas,Haskell County,6091
2000,Texas,Hays County,97918
2000,Texas,Hemphill County,3353
2000,Texas,Henderson County,73105
2000,Texas,Hidalgo County,569099
2000,Texas,Hill County,32301
2000,Texas,Hockley County,22719
2000,Texas,Hood County,40987
2000,Texas,Hopkins County,31960
2000,Texas,Houston County,23148
2000,Texas,Howard County,33630
2000,Texas,Hudspeth County,3349
2000,Texas,Hunt County,76562
2000,Texas,Hutchinson County,23864
2000,Texas,Irion County,1765
2000,Texas,Jack County,8751
2000,Texas,Jackson County,14387
2000,Texas,Jasper County,35552
2000,Texas,Jeff Davis County,2207
2000,Texas,Jefferson County,251968
2000,Texas,Jim Hogg County,5283
2000,Texas,Jim Wells County,39344
2000,Texas,Johnson County,126622
2000,Texas,Jones County,20794
2000,Texas,Karnes County,15438
2000,Texas,Kaufman County,71452
2000,Texas,Kendall County,23793
2000,Texas,Kenedy County,414
2000,Texas,Kent County,859
2000,Texas,Kerr County,43646
2000,Texas,Kimble County,4461
2000,Texas,King County,356
2000,Texas,Kinney County,3375
2000,Texas,Kleberg County,31610
2000,Texas,Knox County,4253
2000,Texas,La Salle County,5863
2000,Texas,Lamar County,48491
2000,Texas,Lamb County,14713
2000,Texas,Lampasas County,17827
2000,Texas,Lavaca County,19217
2000,Texas,Lee County,15650
2000,Texas,Leon County,15307
2000,Texas,Liberty County,70196
2000,Texas,Limestone County,22050
2000,Texas,Lipscomb County,3050
2000,Texas,Live Oak County,12262
2000,Texas,Llano County,16996
2000,Texas,Loving County,67
2000,Texas,Lubbock County,242644
2000,Texas,Lynn County,6547
2000,Texas,Madison County,12945
2000,Texas,Marion County,10939
2000,Texas,Martin County,4746
2000,Texas,Mason County,3735
2000,Texas,Matagorda County,37919
2000,Texas,Maverick County,47285
2000,Texas,Mcculloch County,8203
2000,Texas,Mclennan County,213525
2000,Texas,Mcmullen County,847
2000,Texas,Medina County,39318
2000,Texas,Menard County,2357
2000,Texas,Midland County,116034
2000,Texas,Milam County,24235
2000,Texas,Mills County,5143
2000,Texas,Mitchell County,9696
2000,Texas,Montague County,19108
2000,Texas,Montgomery County,293779
2000,Texas,Moore County,20123
2000,Texas,Morris County,13043
2000,Texas,Motley County,1421
2000,Texas,Nacogdoches County,59197
2000,Texas,Navarro County,45113
2000,Texas,Newton County,15054
2000,Texas,Nolan County,15805
2000,Texas,Nueces County,313512
2000,Texas,Ochiltree County,9001
2000,Texas,Oldham County,2183
2000,Texas,Orange County,85033
2000,Texas,Palo Pinto County,27015
2000,Texas,Panola County,22759
2000,Texas,Parker County,88429
2000,Texas,Parmer County,10008
2000,Texas,Pecos County,16793
2000,Texas,Polk County,41152
2000,Texas,Potter County,113655
2000,Texas,Presidio County,7304
2000,Texas,Rains County,9128
2000,Texas,Randall County,104176
2000,Texas,Reagan County,3325
2000,Texas,Real County,3046
2000,Texas,Red River County,14314
2000,Texas,Reeves County,13141
2000,Texas,Refugio County,7830
2000,Texas,Roberts County,887
2000,Texas,Robertson County,15972
2000,Texas,Rockwall County,43023
2000,Texas,Runnels County,11473
2000,Texas,Rusk County,47410
2000,Texas,Sabine County,10400
2000,Texas,San Augustine County,8939
2000,Texas,San Jacinto County,22211
2000,Texas,San Patricio County,67273
2000,Texas,San Saba County,6185
2000,Texas,Schleicher County,2934
2000,Texas,Scurry County,16366
2000,Texas,Shackelford County,3302
2000,Texas,Shelby County,25215
2000,Texas,Sherman County,3184
2000,Texas,Smith County,174861
2000,Texas,Somervell County,6913
2000,Texas,Starr County,53573
2000,Texas,Stephens County,9676
2000,Texas,Sterling County,1393
2000,Texas,Stonewall County,1691
2000,Texas,Sutton County,4073
2000,Texas,Swisher County,8369
2000,Texas,Tarrant County,1449290
2000,Texas,Taylor County,126606
2000,Texas,Terrell County,1081
2000,Texas,Terry County,12757
2000,Texas,Throckmorton County,1847
2000,Texas,Titus County,28118
2000,Texas,Tom Green County,104015
2000,Texas,Travis County,811776
2000,Texas,Trinity County,13748
2000,Texas,Tyler County,20842
2000,Texas,Upshur County,35308
2000,Texas,Upton County,3408
2000,Texas,Uvalde County,25919
2000,Texas,Val Verde County,44834
2000,Texas,Van Zandt County,48129
2000,Texas,Victoria County,84077
2000,Texas,Walker County,61757
2000,Texas,Waller County,32545
2000,Texas,Ward County,10909
2000,Texas,Washington County,30412
2000,Texas,Webb County,193124
2000,Texas,Wharton County,41191
2000,Texas,Wheeler County,5289
2000,Texas,Wichita County,131695
2000,Texas,Wilbarger County,14679
2000,Texas,Willacy County,20079
2000,Texas,Williamson County,250466
2000,Texas,Wilson County,32401
2000,Texas,Winkler County,7173
2000,Texas,Wise County,48789
2000,Texas,Wood County,36729
2000,Texas,Yoakum County,7325
2000,Texas,Young County,17872
2000,Texas,Zapata County,12081
2000,Texas,Zavala County,11645
2000,Utah,Beaver County,5997
2000,Utah,Box Elder County,42755
2000,Utah,Cache County,91389
2000,Utah,Carbon County,20531
2000,Utah,Daggett County,918
2000,Utah,Davis County,238997
2000,Utah,Duchesne County,14432
2000,Utah,Emery County,10859
2000,Utah,Garfield County,4733
2000,Utah,Grand County,8407
2000,Utah,Iron County,33793
2000,Utah,Juab County,8236
2000,Utah,Kane County,6056
2000,Utah,Millard County,12405
2000,Utah,Morgan County,7132
2000,Utah,Piute County,1437
2000,Utah,Rich County,1961
2000,Utah,Salt Lake County,898429
2000,Utah,San Juan County,14389
2000,Utah,Sanpete County,22722
2000,Utah,Sevier County,18840
2000,Utah,Summit County,29746
2000,Utah,Tooele County,40740
2000,Utah,Uintah County,25174
2000,Utah,Utah County,368539
2000,Utah,Wasatch County,15206
2000,Utah,Washington County,90325
2000,Utah,Wayne County,2509
2000,Utah,Weber County,196526
2000,Vermont,Addison County,35963
2000,Vermont,Bennington County,36969
2000,Vermont,Caledonia County,29606
2000,Vermont,Chittenden County,146615
2000,Vermont,Essex County,6450
2000,Vermont,Franklin County,45395
2000,Vermont,Grand Isle County,6885
2000,Vermont,Lamoille County,23225
2000,Vermont,Orange County,28314
2000,Vermont,Orleans County,26275
2000,Vermont,Rutland County,63386
2000,Vermont,Washington County,58034
2000,Vermont,Windham County,44112
2000,Vermont,Windsor County,57384
2000,Virginia,Accomack County,38301
2000,Virginia,Albemarle County,83024
2000,Virginia,Alexandria City,128278
2000,Virginia,Alleghany County,17235
2000,Virginia,Amelia County,11378
2000,Virginia,Amherst County,31888
2000,Virginia,Appomattox County,13703
2000,Virginia,Arlington County,189211
2000,Virginia,Augusta County,65385
2000,Virginia,Bath County,5040
2000,Virginia,Bedford County,60226
2000,Virginia,Bland County,6869
2000,Virginia,Botetourt County,30554
2000,Virginia,Bristol City,17346
2000,Virginia,Brunswick County,18395
2000,Virginia,Buchanan County,26968
2000,Virginia,Buckingham County,15614
2000,Virginia,Buena Vista City,6367
2000,Virginia,Campbell County,50997
2000,Virginia,Caroline County,22122
2000,Virginia,Carroll County,29205
2000,Virginia,Charles City County,6932
2000,Virginia,Charlotte County,12471
2000,Virginia,Charlottesville City,41280
2000,Virginia,Chesapeake City,199153
2000,Virginia,Chesterfield County,259879
2000,Virginia,Clarke County,12638
2000,Virginia,Colonial Heights City,16909
2000,Virginia,Covington City,6294
2000,Virginia,Craig County,5076
2000,Virginia,Culpeper County,34260
2000,Virginia,Cumberland County,9002
2000,Virginia,Danville City,48312
2000,Virginia,Dickenson County,16380
2000,Virginia,Dinwiddie County,24540
2000,Virginia,Emporia City,5651
2000,Virginia,Essex County,9991
2000,Virginia,Fairfax County,969987
2000,Virginia,Fairfax City,21576
2000,Virginia,Falls Church City,10432
2000,Virginia,Fauquier County,55145
2000,Virginia,Floyd County,13840
2000,Virginia,Fluvanna County,20012
2000,Virginia,Franklin County,47311
2000,Virginia,Franklin City,8351
2000,Virginia,Frederick County,59226
2000,Virginia,Fredericksburg City,19367
2000,Virginia,Galax City,6911
2000,Virginia,Giles County,16682
2000,Virginia,Gloucester County,34772
2000,Virginia,Goochland County,16866
2000,Virginia,Grayson County,16803
2000,Virginia,Greene County,15231
2000,Virginia,Greensville County,11585
2000,Virginia,Halifax County,37350
2000,Virginia,Hampton City,146436
2000,Virginia,Hanover County,86331
2000,Virginia,Harrisonburg City,40390
2000,Virginia,Henrico County,263195
2000,Virginia,Henry County,57944
2000,Virginia,Highland County,2531
2000,Virginia,Hopewell City,22278
2000,Virginia,Isle Of Wight County,29724
2000,Virginia,James City County,48096
2000,Virginia,King George County,16811
2000,Virginia,King William County,13155
2000,Virginia,King And Queen County,6624
2000,Virginia,Lancaster County,11557
2000,Virginia,Lee County,23583
2000,Virginia,Lexington City,6873
2000,Virginia,Loudoun County,169599
2000,Virginia,Louisa County,25691
2000,Virginia,Lunenburg County,13152
2000,Virginia,Lynchburg City,65306
2000,Virginia,Madison County,12509
2000,Virginia,Manassas Park City,10226
2000,Virginia,Manassas City,34692
2000,Virginia,Martinsville City,15418
2000,Virginia,Mathews County,9160
2000,Virginia,Mecklenburg County,32387
2000,Virginia,Middlesex County,9895
2000,Virginia,Montgomery County,83632
2000,Virginia,Nelson County,14440
2000,Virginia,New Kent County,13472
2000,Virginia,Newport News City,180272
2000,Virginia,Norfolk City,234463
2000,Virginia,Northampton County,13096
2000,Virginia,Northumberland County,12257
2000,Virginia,Norton City,3945
2000,Virginia,Nottoway County,15738
2000,Virginia,Orange County,25870
2000,Virginia,Page County,23151
2000,Virginia,Patrick County,19429
2000,Virginia,Petersburg City,33752
2000,Virginia,Pittsylvania County,61790
2000,Virginia,Poquoson City,11566
2000,Virginia,Portsmouth City,100580
2000,Virginia,Powhatan County,22377
2000,Virginia,Prince Edward County,19719
2000,Virginia,Prince George County,33112
2000,Virginia,Prince William County,281317
2000,Virginia,Pulaski County,35129
2000,Virginia,Radford City,15878
2000,Virginia,Rappahannock County,6994
2000,Virginia,Richmond County,8813
2000,Virginia,Richmond City,196991
2000,Virginia,Roanoke County,85700
2000,Virginia,Roanoke City,95006
2000,Virginia,Rockbridge County,20785
2000,Virginia,Rockingham County,67825
2000,Virginia,Russell County,29250
2000,Virginia,Salem City,24723
2000,Virginia,Scott County,23395
2000,Virginia,Shenandoah County,35068
2000,Virginia,Smyth County,33069
2000,Virginia,Southampton County,17482
2000,Virginia,Spotsylvania County,90289
2000,Virginia,Stafford County,92456
2000,Virginia,Staunton City,23951
2000,Virginia,Suffolk City,63699
2000,Virginia,Surry County,6824
2000,Virginia,Sussex County,12507
2000,Virginia,Tazewell County,44599
2000,Virginia,Virginia Beach City,425236
2000,Virginia,Warren County,31553
2000,Virginia,Washington County,51152
2000,Virginia,Waynesboro City,19617
2000,Virginia,Westmoreland County,16684
2000,Virginia,Williamsburg City,11998
2000,Virginia,Winchester City,23599
2000,Virginia,Wise County,42153
2000,Virginia,Wythe County,27601
2000,Virginia,York County,56748
2000,Washington,Adams County,16426
2000,Washington,Asotin County,20553
2000,Washington,Benton County,142473
2000,Washington,Chelan County,66611
2000,Washington,Clallam County,64183
2000,Washington,Clark County,345235
2000,Washington,Columbia County,4064
2000,Washington,Cowlitz County,92945
2000,Washington,Douglas County,32589
2000,Washington,Ferry County,7262
2000,Washington,Franklin County,49378
2000,Washington,Garfield County,2397
2000,Washington,Grant County,74714
2000,Washington,Grays Harbor County,67141
2000,Washington,Island County,71571
2000,Washington,Jefferson County,26301
2000,Washington,King County,1737075
2000,Washington,Kitsap County,231982
2000,Washington,Kittitas County,33369
2000,Washington,Klickitat County,19170
2000,Washington,Lewis County,68585
2000,Washington,Lincoln County,10173
2000,Washington,Mason County,49443
2000,Washington,Okanogan County,39567
2000,Washington,Pacific County,20979
2000,Washington,Pend Oreille County,11706
2000,Washington,Pierce County,700816
2000,Washington,San Juan County,14052
2000,Washington,Skagit County,103017
2000,Washington,Skamania County,9876
2000,Washington,Snohomish County,606043
2000,Washington,Spokane County,417968
2000,Washington,Stevens County,40082
2000,Washington,Thurston County,207392
2000,Washington,Wahkiakum County,3824
2000,Washington,Walla Walla County,55177
2000,Washington,Whatcom County,166822
2000,Washington,Whitman County,40742
2000,Washington,Yakima County,222578
2000,West Virginia,Barbour County,15555
2000,West Virginia,Berkeley County,75899
2000,West Virginia,Boone County,25548
2000,West Virginia,Braxton County,14697
2000,West Virginia,Brooke County,25427
2000,West Virginia,Cabell County,96783
2000,West Virginia,Calhoun County,7587
2000,West Virginia,Clay County,10336
2000,West Virginia,Doddridge County,7366
2000,West Virginia,Fayette County,47591
2000,West Virginia,Gilmer County,7155
2000,West Virginia,Grant County,11292
2000,West Virginia,Greenbrier County,34448
2000,West Virginia,Hampshire County,20171
2000,West Virginia,Hancock County,32682
2000,West Virginia,Hardy County,12647
2000,West Virginia,Harrison County,68635
2000,West Virginia,Jackson County,28002
2000,West Virginia,Jefferson County,42246
2000,West Virginia,Kanawha County,200111
2000,West Virginia,Lewis County,16914
2000,West Virginia,Lincoln County,22107
2000,West Virginia,Logan County,37705
2000,West Virginia,Marion County,56603
2000,West Virginia,Marshall County,35529
2000,West Virginia,Mason County,25952
2000,West Virginia,Mcdowell County,27331
2000,West Virginia,Mercer County,62978
2000,West Virginia,Mineral County,27086
2000,West Virginia,Mingo County,28247
2000,West Virginia,Monongalia County,81886
2000,West Virginia,Monroe County,13184
2000,West Virginia,Morgan County,14929
2000,West Virginia,Nicholas County,26561
2000,West Virginia,Ohio County,47432
2000,West Virginia,Pendleton County,8186
2000,West Virginia,Pleasants County,7513
2000,West Virginia,Pocahontas County,9114
2000,West Virginia,Preston County,29315
2000,West Virginia,Putnam County,51563
2000,West Virginia,Raleigh County,79237
2000,West Virginia,Randolph County,28274
2000,West Virginia,Ritchie County,10351
2000,West Virginia,Roane County,15447
2000,West Virginia,Summers County,14381
2000,West Virginia,Taylor County,16060
2000,West Virginia,Tucker County,7307
2000,West Virginia,Tyler County,9583
2000,West Virginia,Upshur County,23394
2000,West Virginia,Wayne County,42919
2000,West Virginia,Webster County,9716
2000,West Virginia,Wetzel County,17690
2000,West Virginia,Wirt County,5865
2000,West Virginia,Wood County,87954
2000,West Virginia,Wyoming County,25702
2000,Wisconsin,Adams County,19940
2000,Wisconsin,Ashland County,16845
2000,Wisconsin,Barron County,44961
2000,Wisconsin,Bayfield County,15027
2000,Wisconsin,Brown County,226633
2000,Wisconsin,Buffalo County,13797
2000,Wisconsin,Burnett County,15650
2000,Wisconsin,Calumet County,40683
2000,Wisconsin,Chippewa County,55217
2000,Wisconsin,Clark County,33548
2000,Wisconsin,Columbia County,52510
2000,Wisconsin,Crawford County,17241
2000,Wisconsin,Dane County,426475
2000,Wisconsin,Dodge County,85851
2000,Wisconsin,Door County,27957
2000,Wisconsin,Douglas County,43288
2000,Wisconsin,Dunn County,39853
2000,Wisconsin,Eau Claire County,93128
2000,Wisconsin,Florence County,5079
2000,Wisconsin,Fond Du Lac County,97284
2000,Wisconsin,Forest County,10027
2000,Wisconsin,Grant County,49590
2000,Wisconsin,Green County,33678
2000,Wisconsin,Green Lake County,19115
2000,Wisconsin,Iowa County,22790
2000,Wisconsin,Iron County,6863
2000,Wisconsin,Jackson County,19091
2000,Wisconsin,Jefferson County,75855
2000,Wisconsin,Juneau County,24323
2000,Wisconsin,Kenosha County,149584
2000,Wisconsin,Kewaunee County,20199
2000,Wisconsin,La Crosse County,107156
2000,Wisconsin,Lafayette County,16149
2000,Wisconsin,Langlade County,20743
2000,Wisconsin,Lincoln County,29625
2000,Wisconsin,Manitowoc County,82907
2000,Wisconsin,Marathon County,125908
2000,Wisconsin,Marinette County,43392
2000,Wisconsin,Marquette County,14539
2000,Wisconsin,Menominee County,4554
2000,Wisconsin,Milwaukee County,940127
2000,Wisconsin,Monroe County,40885
2000,Wisconsin,Oconto County,35657
2000,Wisconsin,Oneida County,36736
2000,Wisconsin,Outagamie County,161090
2000,Wisconsin,Ozaukee County,82322
2000,Wisconsin,Pepin County,7314
2000,Wisconsin,Pierce County,36726
2000,Wisconsin,Polk County,41322
2000,Wisconsin,Portage County,67181
2000,Wisconsin,Price County,15819
2000,Wisconsin,Racine County,188849
2000,Wisconsin,Richland County,17926
2000,Wisconsin,Rock County,152315
2000,Wisconsin,Rusk County,15350
2000,Wisconsin,Sauk County,55187
2000,Wisconsin,Sawyer County,16221
2000,Wisconsin,Shawano County,40676
2000,Wisconsin,Sheboygan County,112663
2000,Wisconsin,St. Croix County,63155
2000,Wisconsin,Taylor County,19682
2000,Wisconsin,Trempealeau County,27002
2000,Wisconsin,Vernon County,28058
2000,Wisconsin,Vilas County,21055
2000,Wisconsin,Walworth County,91895
2000,Wisconsin,Washburn County,16007
2000,Wisconsin,Washington County,117529
2000,Wisconsin,Waukesha County,360810
2000,Wisconsin,Waupaca County,51844
2000,Wisconsin,Waushara County,23047
2000,Wisconsin,Winnebago County,156752
2000,Wisconsin,Wood County,75500
2000,Wyoming,Albany County,32029
2000,Wyoming,Big Horn County,11442
2000,Wyoming,Campbell County,33705
2000,Wyoming,Carbon County,15626
2000,Wyoming,Converse County,12046
2000,Wyoming,Crook County,5886
2000,Wyoming,Fremont County,35805
2000,Wyoming,Goshen County,12537
2000,Wyoming,Hot Springs County,4877
2000,Wyoming,Johnson County,7084
2000,Wyoming,Laramie County,81617
2000,Wyoming,Lincoln County,14568
2000,Wyoming,Natrona County,66541
2000,Wyoming,Niobrara County,2410
2000,Wyoming,Park County,25788
2000,Wyoming,Platte County,8792
2000,Wyoming,Sheridan County,26563
2000,Wyoming,Sublette County,5913
2000,Wyoming,Sweetwater County,37620
2000,Wyoming,Teton County,18257
2000,Wyoming,Uinta County,19745
2000,Wyoming,Washakie County,8292
2000,Wyoming,Weston County,6643
2004,Alabama,Autauga County,48366
2004,Alabama,Baldwin County,156266
2004,Alabama,Barbour County,28287
2004,Alabama,Bibb County,21721
2004,Alabama,Blount County,54124
2004,Alabama,Bullock County,11056
2004,Alabama,Butler County,20870
2004,Alabama,Calhoun County,113462
2004,Alabama,Chambers County,35463
2004,Alabama,Cherokee County,24887
2004,Alabama,Chilton County,41534
2004,Alabama,Choctaw County,14930
2004,Alabama,Clarke County,26958
2004,Alabama,Clay County,14121
2004,Alabama,Cleburne County,14339
2004,Alabama,Coffee County,45053
2004,Alabama,Colbert County,54380
2004,Alabama,Conecuh County,13430
2004,Alabama,Coosa County,11560
2004,Alabama,Covington County,36806
2004,Alabama,Crenshaw County,13727
2004,Alabama,Cullman County,78131
2004,Alabama,Dale County,49245
2004,Alabama,Dallas County,44795
2004,Alabama,Dekalb County,67260
2004,Alabama,Elmore County,71018
2004,Alabama,Escambia County,37713
2004,Alabama,Etowah County,103080
2004,Alabama,Fayette County,18022
2004,Alabama,Franklin County,30768
2004,Alabama,Geneva County,25772
2004,Alabama,Greene County,9686
2004,Alabama,Hale County,16765
2004,Alabama,Henry County,16692
2004,Alabama,Houston County,92593
2004,Alabama,Jackson County,53525
2004,Alabama,Jefferson County,656023
2004,Alabama,Lamar County,15075
2004,Alabama,Lauderdale County,88732
2004,Alabama,Lawrence County,34318
2004,Alabama,Lee County,122274
2004,Alabama,Limestone County,69593
2004,Alabama,Lowndes County,12623
2004,Alabama,Macon County,22685
2004,Alabama,Madison County,295655
2004,Alabama,Marengo County,21777
2004,Alabama,Marion County,30516
2004,Alabama,Marshall County,85131
2004,Alabama,Mobile County,397959
2004,Alabama,Monroe County,23769
2004,Alabama,Montgomery County,223002
2004,Alabama,Morgan County,113006
2004,Alabama,Perry County,11153
2004,Alabama,Pickens County,20380
2004,Alabama,Pike County,30593
2004,Alabama,Randolph County,22525
2004,Alabama,Russell County,49498
2004,Alabama,Shelby County,165757
2004,Alabama,St. Clair County,70416
2004,Alabama,Sumter County,14324
2004,Alabama,Talladega County,81139
2004,Alabama,Tallapoosa County,40904
2004,Alabama,Tuscaloosa County,171960
2004,Alabama,Walker County,68629
2004,Alabama,Washington County,17801
2004,Alabama,Wilcox County,12493
2004,Alabama,Winston County,24614
2004,Arizona,Apache County,68161
2004,Arizona,Cochise County,123234
2004,Arizona,Coconino County,125117
2004,Arizona,Gila County,51423
2004,Arizona,Graham County,32703
2004,Arizona,Greenlee County,7549
2004,Arizona,La Paz County,19979
2004,Arizona,Maricopa County,3417860
2004,Arizona,Mohave County,180521
2004,Arizona,Navajo County,102774
2004,Arizona,Pima County,901342
2004,Arizona,Pinal County,219472
2004,Arizona,Santa Cruz County,41623
2004,Arizona,Yavapai County,187822
2004,Arizona,Yuma County,172824
2004,Arkansas,Arkansas County,19967
2004,Arkansas,Ashley County,23156
2004,Arkansas,Baxter County,39334
2004,Arkansas,Benton County,179010
2004,Arkansas,Boone County,34900
2004,Arkansas,Bradley County,12107
2004,Arkansas,Calhoun County,5591
2004,Arkansas,Carroll County,26052
2004,Arkansas,Chicot County,12879
2004,Arkansas,Clark County,22904
2004,Arkansas,Clay County,16827
2004,Arkansas,Cleburne County,25018
2004,Arkansas,Cleveland County,8744
2004,Arkansas,Columbia County,25154
2004,Arkansas,Conway County,20519
2004,Arkansas,Craighead County,86331
2004,Arkansas,Crawford County,56832
2004,Arkansas,Crittenden County,50266
2004,Arkansas,Cross County,18782
2004,Arkansas,Dallas County,8740
2004,Arkansas,Desha County,14270
2004,Arkansas,Drew County,18595
2004,Arkansas,Faulkner County,96162
2004,Arkansas,Franklin County,17955
2004,Arkansas,Fulton County,12079
2004,Arkansas,Garland County,91084
2004,Arkansas,Grant County,17026
2004,Arkansas,Greene County,39046
2004,Arkansas,Hempstead County,22971
2004,Arkansas,Hot Spring County,31071
2004,Arkansas,Howard County,13991
2004,Arkansas,Independence County,34989
2004,Arkansas,Izard County,13512
2004,Arkansas,Jackson County,18159
2004,Arkansas,Jefferson County,81455
2004,Arkansas,Johnson County,23850
2004,Arkansas,Lafayette County,8153
2004,Arkansas,Lawrence County,17541
2004,Arkansas,Lee County,11512
2004,Arkansas,Lincoln County,14466
2004,Arkansas,Little River County,13176
2004,Arkansas,Logan County,22682
2004,Arkansas,Lonoke County,58449
2004,Arkansas,Madison County,14437
2004,Arkansas,Marion County,16293
2004,Arkansas,Miller County,41765
2004,Arkansas,Mississippi County,47777
2004,Arkansas,Monroe County,9287
2004,Arkansas,Montgomery County,9334
2004,Arkansas,Nevada County,9535
2004,Arkansas,Newton County,8503
2004,Arkansas,Ouachita County,27107
2004,Arkansas,Perry County,10352
2004,Arkansas,Phillips County,24174
2004,Arkansas,Pike County,11246
2004,Arkansas,Poinsett County,25039
2004,Arkansas,Polk County,20057
2004,Arkansas,Pope County,56606
2004,Arkansas,Prairie County,9111
2004,Arkansas,Pulaski County,366608
2004,Arkansas,Randolph County,18207
2004,Arkansas,Saline County,90961
2004,Arkansas,Scott County,10872
2004,Arkansas,Searcy County,8046
2004,Arkansas,Sebastian County,118168
2004,Arkansas,Sevier County,16041
2004,Arkansas,Sharp County,17353
2004,Arkansas,St. Francis County,28905
2004,Arkansas,Stone County,11768
2004,Arkansas,Union County,43747
2004,Arkansas,Van Buren County,16664
2004,Arkansas,Washington County,176837
2004,Arkansas,White County,70403
2004,Arkansas,Woodruff County,8102
2004,Arkansas,Yell County,21074
2004,California,Alameda County,1445721
2004,California,Alpine County,1263
2004,California,Amador County,37400
2004,California,Butte County,213065
2004,California,Calaveras County,44530
2004,California,Colusa County,20207
2004,California,Contra Costa County,992424
2004,California,Del Norte County,27950
2004,California,El Dorado County,171653
2004,California,Fresno County,861035
2004,California,Glenn County,27122
2004,California,Humboldt County,130702
2004,California,Imperial County,152259
2004,California,Inyo County,18578
2004,California,Kern County,736296
2004,California,Kings County,143601
2004,California,Lake County,63116
2004,California,Lassen County,34458
2004,California,Los Angeles County,9793263
2004,California,Madera County,137106
2004,California,Marin County,243769
2004,California,Mariposa County,17844
2004,California,Mendocino County,88030
2004,California,Merced County,237180
2004,California,Modoc County,9605
2004,California,Mono County,13360
2004,California,Monterey County,408731
2004,California,Napa County,130387
2004,California,Nevada County,96512
2004,California,Orange County,2941711
2004,California,Placer County,302841
2004,California,Plumas County,21000
2004,California,Riverside County,1856542
2004,California,Sacramento County,1348932
2004,California,San Benito County,54849
2004,California,San Bernardino County,1899065
2004,California,San Diego County,2930007
2004,California,San Francisco County,761325
2004,California,San Joaquin County,642898
2004,California,San Luis Obispo County,256842
2004,California,San Mateo County,690161
2004,California,Santa Barbara County,407284
2004,California,Santa Clara County,1663167
2004,California,Santa Cruz County,252356
2004,California,Shasta County,174867
2004,California,Sierra County,3430
2004,California,Siskiyou County,44394
2004,California,Solano County,409301
2004,California,Sonoma County,466809
2004,California,Stanislaus County,492613
2004,California,Sutter County,86484
2004,California,Tehama County,59571
2004,California,Trinity County,13159
2004,California,Tulare County,398226
2004,California,Tuolumne County,56602
2004,California,Ventura County,793994
2004,California,Yolo County,185237
2004,California,Yuba County,63742
2004,Colorado,Adams County,384809
2004,Colorado,Alamosa County,15217
2004,Colorado,Arapahoe County,518971
2004,Colorado,Archuleta County,11266
2004,Colorado,Baca County,4064
2004,Colorado,Bent County,6180
2004,Colorado,Boulder County,279728
2004,Colorado,Chaffee County,17047
2004,Colorado,Cheyenne County,1981
2004,Colorado,Clear Creek County,9148
2004,Colorado,Conejos County,8353
2004,Colorado,Costilla County,3656
2004,Colorado,Crowley County,5720
2004,Colorado,Custer County,3911
2004,Colorado,Delta County,29305
2004,Colorado,Denver County,550756
2004,Colorado,Dolores County,1850
2004,Colorado,Douglas County,232508
2004,Colorado,Eagle County,45893
2004,Colorado,El Paso County,556667
2004,Colorado,Elbert County,21977
2004,Colorado,Fremont County,46605
2004,Colorado,Garfield County,48193
2004,Colorado,Gilpin County,4752
2004,Colorado,Grand County,13596
2004,Colorado,Gunnison County,14356
2004,Colorado,Hinsdale County,810
2004,Colorado,Huerfano County,7193
2004,Colorado,Jackson County,1486
2004,Colorado,Jefferson County,520900
2004,Colorado,Kiowa County,1457
2004,Colorado,Kit Carson County,8157
2004,Colorado,La Plata County,46728
2004,Colorado,Lake County,7434
2004,Colorado,Larimer County,271510
2004,Colorado,Las Animas County,15573
2004,Colorado,Lincoln County,5751
2004,Colorado,Logan County,21795
2004,Colorado,Mesa County,127678
2004,Colorado,Mineral County,848
2004,Colorado,Moffat County,13175
2004,Colorado,Montezuma County,24456
2004,Colorado,Montrose County,36310
2004,Colorado,Morgan County,27736
2004,Colorado,Otero County,19436
2004,Colorado,Ouray County,4003
2004,Colorado,Park County,16130
2004,Colorado,Phillips County,4475
2004,Colorado,Pitkin County,15220
2004,Colorado,Prowers County,13613
2004,Colorado,Pueblo County,148654
2004,Colorado,Rio Blanco County,6007
2004,Colorado,Rio Grande County,12328
2004,Colorado,Routt County,21162
2004,Colorado,Saguache County,6365
2004,Colorado,San Juan County,631
2004,Colorado,San Miguel County,7038
2004,Colorado,Sedgwick County,2551
2004,Colorado,Summit County,25313
2004,Colorado,Teller County,21678
2004,Colorado,Washington County,4923
2004,Colorado,Weld County,215322
2004,Colorado,Yuma County,9791
2004,Connecticut,Fairfield County,897472
2004,Connecticut,Hartford County,874449
2004,Connecticut,Litchfield County,188601
2004,Connecticut,Middlesex County,161450
2004,Connecticut,New Haven County,844505
2004,Connecticut,New London County,268595
2004,Connecticut,Tolland County,146706
2004,Connecticut,Windham County,114316
2004,Delaware,Kent County,139342
2004,Delaware,New Castle County,518944
2004,Delaware,Sussex County,172517
2004,District Of Columbia,District Of Columbia,567754
2004,Florida,Alachua County,229867
2004,Florida,Baker County,24142
2004,Florida,Bay County,158804
2004,Florida,Bradford County,27703
2004,Florida,Brevard County,518722
2004,Florida,Broward County,1725461
2004,Florida,Calhoun County,13445
2004,Florida,Charlotte County,157755
2004,Florida,Citrus County,129840
2004,Florida,Clay County,163238
2004,Florida,Collier County,296021
2004,Florida,Columbia County,60804
2004,Florida,Desoto County,33895
2004,Florida,Dixie County,14825
2004,Florida,Duval County,820070
2004,Florida,Escambia County,298225
2004,Florida,Flagler County,69387
2004,Florida,Franklin County,10090
2004,Florida,Gadsden County,45129
2004,Florida,Gilchrist County,15271
2004,Florida,Glades County,11901
2004,Florida,Gulf County,15455
2004,Florida,Hamilton County,14101
2004,Florida,Hardee County,26847
2004,Florida,Hendry County,36903
2004,Florida,Hernando County,149593
2004,Florida,Highlands County,93079
2004,Florida,Hillsborough County,1108225
2004,Florida,Holmes County,19319
2004,Florida,Indian River County,125001
2004,Florida,Jackson County,46946
2004,Florida,Jefferson County,14030
2004,Florida,Lafayette County,7630
2004,Florida,Lake County,254625
2004,Florida,Lee County,522431
2004,Florida,Leon County,254188
2004,Florida,Levy County,37510
2004,Florida,Liberty County,7449
2004,Florida,Madison County,19075
2004,Florida,Manatee County,296183
2004,Florida,Marion County,291164
2004,Florida,Martin County,139729
2004,Florida,Miami-Dade County,2358684
2004,Florida,Monroe County,77616
2004,Florida,Nassau County,63699
2004,Florida,Okaloosa County,182506
2004,Florida,Okeechobee County,38556
2004,Florida,Orange County,1011681
2004,Florida,Osceola County,216541
2004,Florida,Palm Beach County,1252223
2004,Florida,Pasco County,401648
2004,Florida,Pinellas County,928305
2004,Florida,Polk County,527685
2004,Florida,Putnam County,72831
2004,Florida,Santa Rosa County,137241
2004,Florida,Sarasota County,357751
2004,Florida,Seminole County,395230
2004,Florida,St. Johns County,151717
2004,Florida,St. Lucie County,228548
2004,Florida,Sumter County,64456
2004,Florida,Suwannee County,37597
2004,Florida,Taylor County,20093
2004,Florida,Union County,14470
2004,Florida,Volusia County,476845
2004,Florida,Wakulla County,25832
2004,Florida,Walton County,47518
2004,Florida,Washington County,21967
2004,Georgia,Appling County,17740
2004,Georgia,Atkinson County,7985
2004,Georgia,Bacon County,10283
2004,Georgia,Baker County,4024
2004,Georgia,Baldwin County,45967
2004,Georgia,Banks County,16250
2004,Georgia,Barrow County,55032
2004,Georgia,Bartow County,87834
2004,Georgia,Ben Hill County,17106
2004,Georgia,Berrien County,17399
2004,Georgia,Bibb County,154159
2004,Georgia,Bleckley County,12018
2004,Georgia,Brantley County,16222
2004,Georgia,Brooks County,16127
2004,Georgia,Bryan County,26061
2004,Georgia,Bulloch County,60832
2004,Georgia,Burke County,22867
2004,Georgia,Butts County,21706
2004,Georgia,Calhoun County,6306
2004,Georgia,Camden County,46096
2004,Georgia,Candler County,10039
2004,Georgia,Carroll County,99774
2004,Georgia,Catoosa County,58866
2004,Georgia,Charlton County,11378
2004,Georgia,Chatham County,240818
2004,Georgia,Chattahoochee County,15515
2004,Georgia,Chattooga County,25537
2004,Georgia,Cherokee County,173105
2004,Georgia,Clarke County,109752
2004,Georgia,Clay County,3233
2004,Georgia,Clayton County,255322
2004,Georgia,Clinch County,6893
2004,Georgia,Cobb County,640346
2004,Georgia,Coffee County,39383
2004,Georgia,Colquitt County,42987
2004,Georgia,Columbia County,102934
2004,Georgia,Cook County,16268
2004,Georgia,Coweta County,104089
2004,Georgia,Crawford County,12784
2004,Georgia,Crisp County,22320
2004,Georgia,Dade County,16028
2004,Georgia,Dawson County,18831
2004,Georgia,Dekalb County,666204
2004,Georgia,Decatur County,27763
2004,Georgia,Dodge County,20319
2004,Georgia,Dooly County,12848
2004,Georgia,Dougherty County,94596
2004,Georgia,Douglas County,107377
2004,Georgia,Early County,11800
2004,Georgia,Echols County,3926
2004,Georgia,Effingham County,43674
2004,Georgia,Elbert County,20693
2004,Georgia,Emanuel County,21579
2004,Georgia,Evans County,10889
2004,Georgia,Fannin County,21873
2004,Georgia,Fayette County,99443
2004,Georgia,Floyd County,94014
2004,Georgia,Forsyth County,129639
2004,Georgia,Franklin County,21430
2004,Georgia,Fulton County,809481
2004,Georgia,Gilmer County,26175
2004,Georgia,Glascock County,2720
2004,Georgia,Glynn County,71475
2004,Georgia,Gordon County,49426
2004,Georgia,Grady County,23840
2004,Georgia,Greene County,15330
2004,Georgia,Gwinnett County,687468
2004,Georgia,Habersham County,38491
2004,Georgia,Hall County,156385
2004,Georgia,Hancock County,9673
2004,Georgia,Haralson County,27621
2004,Georgia,Harris County,27180
2004,Georgia,Hart County,23966
2004,Georgia,Heard County,11273
2004,Georgia,Henry County,159971
2004,Georgia,Houston County,123723
2004,Georgia,Irwin County,9402
2004,Georgia,Jackson County,48288
2004,Georgia,Jasper County,12588
2004,Georgia,Jeff Davis County,13433
2004,Georgia,Jefferson County,16988
2004,Georgia,Jenkins County,8490
2004,Georgia,Johnson County,9613
2004,Georgia,Jones County,26537
2004,Georgia,Lamar County,16567
2004,Georgia,Lanier County,7824
2004,Georgia,Laurens County,46329
2004,Georgia,Lee County,25965
2004,Georgia,Liberty County,63254
2004,Georgia,Lincoln County,8284
2004,Georgia,Long County,11355
2004,Georgia,Lowndes County,96510
2004,Georgia,Lumpkin County,24916
2004,Georgia,Macon County,14304
2004,Georgia,Madison County,26859
2004,Georgia,Marion County,7637
2004,Georgia,Mcduffie County,21256
2004,Georgia,Mcintosh County,12182
2004,Georgia,Meriwether County,22563
2004,Georgia,Miller County,6135
2004,Georgia,Mitchell County,23520
2004,Georgia,Monroe County,23648
2004,Georgia,Montgomery County,9040
2004,Georgia,Morgan County,16604
2004,Georgia,Murray County,39465
2004,Georgia,Muscogee County,185057
2004,Georgia,Newton County,80603
2004,Georgia,Oconee County,27904
2004,Georgia,Oglethorpe County,13591
2004,Georgia,Paulding County,106350
2004,Georgia,Peach County,24818
2004,Georgia,Pickens County,26810
2004,Georgia,Pierce County,16755
2004,Georgia,Pike County,15474
2004,Georgia,Polk County,39564
2004,Georgia,Pulaski County,10646
2004,Georgia,Putnam County,19810
2004,Georgia,Quitman County,2457
2004,Georgia,Rabun County,15757
2004,Georgia,Randolph County,7726
2004,Georgia,Richmond County,196883
2004,Georgia,Rockdale County,76577
2004,Georgia,Schley County,4070
2004,Georgia,Screven County,15047
2004,Georgia,Seminole County,9065
2004,Georgia,Spalding County,60588
2004,Georgia,Stephens County,25314
2004,Georgia,Stewart County,5534
2004,Georgia,Sumter County,32902
2004,Georgia,Talbot County,6775
2004,Georgia,Taliaferro County,1903
2004,Georgia,Tattnall County,23034
2004,Georgia,Taylor County,8918
2004,Georgia,Telfair County,14685
2004,Georgia,Terrell County,10453
2004,Georgia,Thomas County,42762
2004,Georgia,Tift County,38622
2004,Georgia,Toombs County,26166
2004,Georgia,Towns County,9872
2004,Georgia,Treutlen County,6949
2004,Georgia,Troup County,62001
2004,Georgia,Turner County,9310
2004,Georgia,Twiggs County,10266
2004,Georgia,Union County,19378
2004,Georgia,Upson County,27514
2004,Georgia,Walker County,64228
2004,Georgia,Walton County,70334
2004,Georgia,Ware County,34991
2004,Georgia,Warren County,6195
2004,Georgia,Washington County,21088
2004,Georgia,Wayne County,28227
2004,Georgia,Webster County,2549
2004,Georgia,Wheeler County,6500
2004,Georgia,White County,24015
2004,Georgia,Whitfield County,91842
2004,Georgia,Wilcox County,8882
2004,Georgia,Wilkes County,10613
2004,Georgia,Wilkinson County,9968
2004,Georgia,Worth County,21873
2004,Hawaii,Hawaii County,162852
2004,Hawaii,Honolulu County,907997
2004,Hawaii,Kauai County,62095
2004,Hawaii,Maui County,140508
2004,Idaho,Ada County,334926
2004,Idaho,Adams County,3693
2004,Idaho,Bannock County,76834
2004,Idaho,Bear Lake County,6170
2004,Idaho,Benewah County,8907
2004,Idaho,Bingham County,42702
2004,Idaho,Blaine County,20811
2004,Idaho,Boise County,7004
2004,Idaho,Bonner County,38836
2004,Idaho,Bonneville County,89514
2004,Idaho,Boundary County,10163
2004,Idaho,Butte County,2812
2004,Idaho,Camas County,1022
2004,Idaho,Canyon County,157130
2004,Idaho,Caribou County,7106
2004,Idaho,Cassia County,21323
2004,Idaho,Clark County,923
2004,Idaho,Clearwater County,8610
2004,Idaho,Custer County,4129
2004,Idaho,Elmore County,26355
2004,Idaho,Franklin County,11959
2004,Idaho,Fremont County,12640
2004,Idaho,Gem County,15925
2004,Idaho,Gooding County,14562
2004,Idaho,Idaho County,15555
2004,Idaho,Jefferson County,20842
2004,Idaho,Jerome County,19331
2004,Idaho,Kootenai County,121002
2004,Idaho,Latah County,35864
2004,Idaho,Lemhi County,7660
2004,Idaho,Lewis County,3669
2004,Idaho,Lincoln County,4441
2004,Idaho,Madison County,31990
2004,Idaho,Minidoka County,19167
2004,Idaho,Nez Perce County,37798
2004,Idaho,Oneida County,4086
2004,Idaho,Owyhee County,10990
2004,Idaho,Payette County,21139
2004,Idaho,Power County,7432
2004,Idaho,Shoshone County,12781
2004,Idaho,Teton County,7460
2004,Idaho,Twin Falls County,68309
2004,Idaho,Valley County,8283
2004,Idaho,Washington County,9947
2004,Illinois,Adams County,66818
2004,Illinois,Alexander County,9186
2004,Illinois,Bond County,18101
2004,Illinois,Boone County,47893
2004,Illinois,Brown County,6968
2004,Illinois,Bureau County,34951
2004,Illinois,Calhoun County,5138
2004,Illinois,Carroll County,16102
2004,Illinois,Cass County,13640
2004,Illinois,Champaign County,188617
2004,Illinois,Christian County,35308
2004,Illinois,Clark County,16718
2004,Illinois,Clay County,14142
2004,Illinois,Clinton County,36495
2004,Illinois,Coles County,53182
2004,Illinois,Cook County,5252021
2004,Illinois,Crawford County,20059
2004,Illinois,Cumberland County,11078
2004,Illinois,De Witt County,16671
2004,Illinois,Dekalb County,96106
2004,Illinois,Douglas County,20100
2004,Illinois,Dupage County,913940
2004,Illinois,Edgar County,19041
2004,Illinois,Edwards County,6825
2004,Illinois,Effingham County,34497
2004,Illinois,Fayette County,21056
2004,Illinois,Ford County,14135
2004,Illinois,Franklin County,39298
2004,Illinois,Fulton County,37630
2004,Illinois,Gallatin County,6071
2004,Illinois,Greene County,14411
2004,Illinois,Grundy County,41410
2004,Illinois,Hamilton County,8525
2004,Illinois,Hancock County,19577
2004,Illinois,Hardin County,4664
2004,Illinois,Henderson County,7912
2004,Illinois,Henry County,50509
2004,Illinois,Iroquois County,30493
2004,Illinois,Jackson County,59462
2004,Illinois,Jasper County,10010
2004,Illinois,Jefferson County,39638
2004,Illinois,Jersey County,22374
2004,Illinois,Jo Daviess County,22646
2004,Illinois,Johnson County,12903
2004,Illinois,Kane County,466884
2004,Illinois,Kankakee County,106744
2004,Illinois,Kendall County,73723
2004,Illinois,Knox County,53909
2004,Illinois,Lasalle County,112135
2004,Illinois,Lake County,677735
2004,Illinois,Lawrence County,16562
2004,Illinois,Lee County,35704
2004,Illinois,Livingston County,39145
2004,Illinois,Logan County,30981
2004,Illinois,Macon County,111181
2004,Illinois,Macoupin County,48612
2004,Illinois,Madison County,263722
2004,Illinois,Marion County,40229
2004,Illinois,Marshall County,13007
2004,Illinois,Mason County,15671
2004,Illinois,Massac County,15444
2004,Illinois,Mcdonough County,32798
2004,Illinois,Mchenry County,287997
2004,Illinois,Mclean County,159096
2004,Illinois,Menard County,12641
2004,Illinois,Mercer County,16795
2004,Illinois,Monroe County,30422
2004,Illinois,Montgomery County,30394
2004,Illinois,Morgan County,36332
2004,Illinois,Moultrie County,14521
2004,Illinois,Ogle County,52536
2004,Illinois,Peoria County,182613
2004,Illinois,Perry County,22630
2004,Illinois,Piatt County,16463
2004,Illinois,Pike County,16910
2004,Illinois,Pope County,4424
2004,Illinois,Pulaski County,6733
2004,Illinois,Putnam County,6015
2004,Illinois,Randolph County,33714
2004,Illinois,Richland County,16270
2004,Illinois,Rock Island County,147291
2004,Illinois,Saline County,25763
2004,Illinois,Sangamon County,191885
2004,Illinois,Schuyler County,7374
2004,Illinois,Scott County,5467
2004,Illinois,Shelby County,22484
2004,Illinois,St. Clair County,260214
2004,Illinois,Stark County,6172
2004,Illinois,Stephenson County,48479
2004,Illinois,Tazewell County,129656
2004,Illinois,Union County,18048
2004,Illinois,Vermilion County,82955
2004,Illinois,Wabash County,12486
2004,Illinois,Warren County,17894
2004,Illinois,Washington County,15106
2004,Illinois,Wayne County,16881
2004,Illinois,White County,15089
2004,Illinois,Whiteside County,59352
2004,Illinois,Will County,605934
2004,Illinois,Williamson County,63379
2004,Illinois,Winnebago County,284337
2004,Illinois,Woodford County,36514
2004,Indiana,Adams County,33822
2004,Indiana,Allen County,340916
2004,Indiana,Bartholomew County,72882
2004,Indiana,Benton County,9016
2004,Indiana,Blackford County,13496
2004,Indiana,Boone County,50158
2004,Indiana,Brown County,15390
2004,Indiana,Carroll County,20148
2004,Indiana,Cass County,39921
2004,Indiana,Clark County,100435
2004,Indiana,Clay County,27015
2004,Indiana,Clinton County,33342
2004,Indiana,Crawford County,11029
2004,Indiana,Daviess County,30300
2004,Indiana,Dekalb County,41283
2004,Indiana,Dearborn County,48135
2004,Indiana,Decatur County,25208
2004,Indiana,Delaware County,118938
2004,Indiana,Dubois County,40950
2004,Indiana,Elkhart County,189316
2004,Indiana,Fayette County,24844
2004,Indiana,Floyd County,71465
2004,Indiana,Fountain County,17578
2004,Indiana,Franklin County,22852
2004,Indiana,Fulton County,20466
2004,Indiana,Gibson County,33198
2004,Indiana,Grant County,71479
2004,Indiana,Greene County,33384
2004,Indiana,Hamilton County,225319
2004,Indiana,Hancock County,60922
2004,Indiana,Harrison County,36736
2004,Indiana,Hendricks County,124115
2004,Indiana,Henry County,48184
2004,Indiana,Howard County,84291
2004,Indiana,Huntington County,37768
2004,Indiana,Jackson County,41417
2004,Indiana,Jasper County,31503
2004,Indiana,Jay County,21651
2004,Indiana,Jefferson County,31787
2004,Indiana,Jennings County,28202
2004,Indiana,Johnson County,124192
2004,Indiana,Knox County,38712
2004,Indiana,Kosciusko County,75447
2004,Indiana,Lagrange County,36017
2004,Indiana,Laporte County,108914
2004,Indiana,Lake County,487405
2004,Indiana,Lawrence County,46106
2004,Indiana,Madison County,131366
2004,Indiana,Marion County,870378
2004,Indiana,Marshall County,46288
2004,Indiana,Martin County,10361
2004,Indiana,Miami County,37120
2004,Indiana,Monroe County,126359
2004,Indiana,Montgomery County,37795
2004,Indiana,Morgan County,67795
2004,Indiana,Newton County,14386
2004,Indiana,Noble County,46996
2004,Indiana,Ohio County,5868
2004,Indiana,Orange County,19624
2004,Indiana,Owen County,22190
2004,Indiana,Parke County,17460
2004,Indiana,Perry County,19148
2004,Indiana,Pike County,13047
2004,Indiana,Porter County,153664
2004,Indiana,Posey County,26664
2004,Indiana,Pulaski County,13667
2004,Indiana,Putnam County,37516
2004,Indiana,Randolph County,26582
2004,Indiana,Ripley County,27849
2004,Indiana,Rush County,17869
2004,Indiana,Scott County,23626
2004,Indiana,Shelby County,43488
2004,Indiana,Spencer County,20605
2004,Indiana,St. Joseph County,264541
2004,Indiana,Starke County,23310
2004,Indiana,Steuben County,33718
2004,Indiana,Sullivan County,21809
2004,Indiana,Switzerland County,9863
2004,Indiana,Tippecanoe County,155832
2004,Indiana,Tipton County,16510
2004,Indiana,Union County,7291
2004,Indiana,Vanderburgh County,175113
2004,Indiana,Vermillion County,16515
2004,Indiana,Vigo County,104662
2004,Indiana,Wabash County,34131
2004,Indiana,Warren County,8609
2004,Indiana,Warrick County,55171
2004,Indiana,Washington County,27854
2004,Indiana,Wayne County,70070
2004,Indiana,Wells County,27826
2004,Indiana,White County,24976
2004,Indiana,Whitley County,31841
2004,Iowa,Adair County,8019
2004,Iowa,Adams County,4307
2004,Iowa,Allamakee County,14324
2004,Iowa,Appanoose County,13462
2004,Iowa,Audubon County,6430
2004,Iowa,Benton County,26181
2004,Iowa,Black Hawk County,126682
2004,Iowa,Boone County,26372
2004,Iowa,Bremer County,23728
2004,Iowa,Buchanan County,20910
2004,Iowa,Buena Vista County,20000
2004,Iowa,Butler County,14985
2004,Iowa,Calhoun County,10382
2004,Iowa,Carroll County,20936
2004,Iowa,Cass County,14142
2004,Iowa,Cedar County,18248
2004,Iowa,Cerro Gordo County,44993
2004,Iowa,Cherokee County,12510
2004,Iowa,Chickasaw County,12691
2004,Iowa,Clarke County,9307
2004,Iowa,Clay County,16960
2004,Iowa,Clayton County,18358
2004,Iowa,Clinton County,49498
2004,Iowa,Crawford County,16941
2004,Iowa,Dallas County,50387
2004,Iowa,Davis County,8612
2004,Iowa,Decatur County,8580
2004,Iowa,Delaware County,18066
2004,Iowa,Des Moines County,40562
2004,Iowa,Dickinson County,16506
2004,Iowa,Dubuque County,90462
2004,Iowa,Emmet County,10553
2004,Iowa,Fayette County,21415
2004,Iowa,Floyd County,16586
2004,Iowa,Franklin County,10716
2004,Iowa,Fremont County,7655
2004,Iowa,Greene County,9932
2004,Iowa,Grundy County,12383
2004,Iowa,Guthrie County,11389
2004,Iowa,Hamilton County,16285
2004,Iowa,Hancock County,11838
2004,Iowa,Hardin County,18164
2004,Iowa,Harrison County,15412
2004,Iowa,Henry County,20225
2004,Iowa,Howard County,9792
2004,Iowa,Humboldt County,10121
2004,Iowa,Ida County,7457
2004,Iowa,Iowa County,16108
2004,Iowa,Jackson County,20146
2004,Iowa,Jasper County,37645
2004,Iowa,Jefferson County,16298
2004,Iowa,Johnson County,118891
2004,Iowa,Jones County,20613
2004,Iowa,Keokuk County,11061
2004,Iowa,Kossuth County,16437
2004,Iowa,Lee County,36587
2004,Iowa,Linn County,198314
2004,Iowa,Louisa County,12115
2004,Iowa,Lucas County,9508
2004,Iowa,Lyon County,11692
2004,Iowa,Madison County,14733
2004,Iowa,Mahaska County,22240
2004,Iowa,Marion County,32618
2004,Iowa,Marshall County,39711
2004,Iowa,Mills County,14715
2004,Iowa,Mitchell County,10898
2004,Iowa,Monona County,9681
2004,Iowa,Monroe County,7969
2004,Iowa,Montgomery County,11191
2004,Iowa,Muscatine County,41758
2004,Iowa,O'Brien County,14564
2004,Iowa,Osceola County,6863
2004,Iowa,Page County,16227
2004,Iowa,Palo Alto County,9753
2004,Iowa,Plymouth County,25042
2004,Iowa,Pocahontas County,8003
2004,Iowa,Polk County,392164
2004,Iowa,Pottawattamie County,89762
2004,Iowa,Poweshiek County,19106
2004,Iowa,Ringgold County,5335
2004,Iowa,Sac County,10871
2004,Iowa,Scott County,158145
2004,Iowa,Shelby County,12750
2004,Iowa,Sioux County,32547
2004,Iowa,Story County,82754
2004,Iowa,Tama County,18167
2004,Iowa,Taylor County,6689
2004,Iowa,Union County,12085
2004,Iowa,Van Buren County,7665
2004,Iowa,Wapello County,35709
2004,Iowa,Warren County,42584
2004,Iowa,Washington County,21258
2004,Iowa,Wayne County,6561
2004,Iowa,Webster County,38922
2004,Iowa,Winnebago County,11321
2004,Iowa,Winneshiek County,21040
2004,Iowa,Woodbury County,101816
2004,Iowa,Worth County,7731
2004,Iowa,Wright County,13808
2004,Kansas,Allen County,13923
2004,Kansas,Anderson County,8101
2004,Kansas,Atchison County,16937
2004,Kansas,Barber County,5004
2004,Kansas,Barton County,27390
2004,Kansas,Bourbon County,15110
2004,Kansas,Brown County,10253
2004,Kansas,Butler County,61849
2004,Kansas,Chase County,2996
2004,Kansas,Chautauqua County,4139
2004,Kansas,Cherokee County,22124
2004,Kansas,Cheyenne County,2922
2004,Kansas,Clark County,2358
2004,Kansas,Clay County,8447
2004,Kansas,Cloud County,9739
2004,Kansas,Coffey County,8694
2004,Kansas,Comanche County,1905
2004,Kansas,Cowley County,36317
2004,Kansas,Crawford County,38656
2004,Kansas,Decatur County,3239
2004,Kansas,Dickinson County,19189
2004,Kansas,Doniphan County,8013
2004,Kansas,Douglas County,104826
2004,Kansas,Edwards County,3231
2004,Kansas,Elk County,3073
2004,Kansas,Ellis County,27457
2004,Kansas,Ellsworth County,6437
2004,Kansas,Finney County,37462
2004,Kansas,Ford County,32265
2004,Kansas,Franklin County,25525
2004,Kansas,Geary County,27149
2004,Kansas,Gove County,2896
2004,Kansas,Graham County,2786
2004,Kansas,Grant County,7722
2004,Kansas,Gray County,5951
2004,Kansas,Greeley County,1366
2004,Kansas,Greenwood County,7415
2004,Kansas,Hamilton County,2642
2004,Kansas,Harper County,6261
2004,Kansas,Harvey County,33549
2004,Kansas,Haskell County,4238
2004,Kansas,Hodgeman County,2089
2004,Kansas,Jackson County,13069
2004,Kansas,Jefferson County,19042
2004,Kansas,Jewell County,3349
2004,Kansas,Johnson County,495396
2004,Kansas,Kearny County,4231
2004,Kansas,Kingman County,8439
2004,Kansas,Kiowa County,3130
2004,Kansas,Labette County,21911
2004,Kansas,Lane County,1916
2004,Kansas,Leavenworth County,71373
2004,Kansas,Lincoln County,3414
2004,Kansas,Linn County,9830
2004,Kansas,Logan County,2905
2004,Kansas,Lyon County,36034
2004,Kansas,Marion County,13066
2004,Kansas,Marshall County,10312
2004,Kansas,Mcpherson County,29276
2004,Kansas,Meade County,4570
2004,Kansas,Miami County,30158
2004,Kansas,Mitchell County,6539
2004,Kansas,Montgomery County,35150
2004,Kansas,Morris County,5904
2004,Kansas,Morton County,3326
2004,Kansas,Nemaha County,10397
2004,Kansas,Neosho County,16664
2004,Kansas,Ness County,3219
2004,Kansas,Norton County,5789
2004,Kansas,Osage County,16843
2004,Kansas,Osborne County,4094
2004,Kansas,Ottawa County,6112
2004,Kansas,Pawnee County,6975
2004,Kansas,Phillips County,5749
2004,Kansas,Pottawatomie County,19193
2004,Kansas,Pratt County,9492
2004,Kansas,Rawlins County,2776
2004,Kansas,Reno County,63779
2004,Kansas,Republic County,5285
2004,Kansas,Rice County,10498
2004,Kansas,Riley County,64218
2004,Kansas,Rooks County,5400
2004,Kansas,Rush County,3442
2004,Kansas,Russell County,7085
2004,Kansas,Saline County,54178
2004,Kansas,Scott County,4713
2004,Kansas,Sedgwick County,464021
2004,Kansas,Seward County,22538
2004,Kansas,Shawnee County,171378
2004,Kansas,Sheridan County,2594
2004,Kansas,Sherman County,6186
2004,Kansas,Smith County,4190
2004,Kansas,Stafford County,4468
2004,Kansas,Stanton County,2354
2004,Kansas,Stevens County,5626
2004,Kansas,Sumner County,25146
2004,Kansas,Thomas County,7919
2004,Kansas,Trego County,3120
2004,Kansas,Wabaunsee County,6823
2004,Kansas,Wallace County,1562
2004,Kansas,Washington County,6072
2004,Kansas,Wichita County,2347
2004,Kansas,Wilson County,9784
2004,Kansas,Woodson County,3485
2004,Kansas,Wyandotte County,154874
2004,Kentucky,Adair County,17994
2004,Kentucky,Allen County,18699
2004,Kentucky,Anderson County,19714
2004,Kentucky,Ballard County,8242
2004,Kentucky,Barren County,39601
2004,Kentucky,Bath County,11447
2004,Kentucky,Bell County,29275
2004,Kentucky,Boone County,100822
2004,Kentucky,Bourbon County,19733
2004,Kentucky,Boyd County,49542
2004,Kentucky,Boyle County,27832
2004,Kentucky,Bracken County,8592
2004,Kentucky,Breathitt County,14975
2004,Kentucky,Breckinridge County,19326
2004,Kentucky,Bullitt County,66937
2004,Kentucky,Butler County,13044
2004,Kentucky,Caldwell County,12774
2004,Kentucky,Calloway County,35327
2004,Kentucky,Campbell County,87982
2004,Kentucky,Carlisle County,5261
2004,Kentucky,Carroll County,10379
2004,Kentucky,Carter County,27528
2004,Kentucky,Casey County,15784
2004,Kentucky,Christian County,71700
2004,Kentucky,Clark County,34025
2004,Kentucky,Clay County,23278
2004,Kentucky,Clinton County,9886
2004,Kentucky,Crittenden County,9126
2004,Kentucky,Cumberland County,7189
2004,Kentucky,Daviess County,92769
2004,Kentucky,Edmonson County,11804
2004,Kentucky,Elliott County,6748
2004,Kentucky,Estill County,14913
2004,Kentucky,Fayette County,272377
2004,Kentucky,Fleming County,14271
2004,Kentucky,Floyd County,41128
2004,Kentucky,Franklin County,48536
2004,Kentucky,Fulton County,7274
2004,Kentucky,Gallatin County,8119
2004,Kentucky,Garrard County,15941
2004,Kentucky,Grant County,23856
2004,Kentucky,Graves County,36789
2004,Kentucky,Grayson County,24962
2004,Kentucky,Green County,11408
2004,Kentucky,Greenup County,36579
2004,Kentucky,Hancock County,8389
2004,Kentucky,Hardin County,95015
2004,Kentucky,Harlan County,30614
2004,Kentucky,Harrison County,18233
2004,Kentucky,Hart County,17821
2004,Kentucky,Henderson County,45362
2004,Kentucky,Henry County,15327
2004,Kentucky,Hickman County,5093
2004,Kentucky,Hopkins County,46759
2004,Kentucky,Jackson County,13476
2004,Kentucky,Jefferson County,706828
2004,Kentucky,Jessamine County,42348
2004,Kentucky,Johnson County,23229
2004,Kentucky,Kenton County,153138
2004,Kentucky,Knott County,17093
2004,Kentucky,Knox County,31371
2004,Kentucky,Larue County,13615
2004,Kentucky,Laurel County,55811
2004,Kentucky,Lawrence County,15664
2004,Kentucky,Lee County,7950
2004,Kentucky,Leslie County,11820
2004,Kentucky,Letcher County,24742
2004,Kentucky,Lewis County,13827
2004,Kentucky,Lincoln County,24309
2004,Kentucky,Livingston County,9589
2004,Kentucky,Logan County,26632
2004,Kentucky,Lyon County,8249
2004,Kentucky,Madison County,76673
2004,Kentucky,Magoffin County,13297
2004,Kentucky,Marion County,19066
2004,Kentucky,Marshall County,30674
2004,Kentucky,Martin County,13138
2004,Kentucky,Mason County,16802
2004,Kentucky,Mccracken County,64270
2004,Kentucky,Mccreary County,17469
2004,Kentucky,Mclean County,9841
2004,Kentucky,Meade County,29600
2004,Kentucky,Menifee County,6597
2004,Kentucky,Mercer County,21118
2004,Kentucky,Metcalfe County,10008
2004,Kentucky,Monroe County,11348
2004,Kentucky,Montgomery County,23899
2004,Kentucky,Morgan County,14319
2004,Kentucky,Muhlenberg County,31615
2004,Kentucky,Nelson County,39947
2004,Kentucky,Nicholas County,7139
2004,Kentucky,Ohio County,23452
2004,Kentucky,Oldham County,52830
2004,Kentucky,Owen County,10893
2004,Kentucky,Owsley County,4840
2004,Kentucky,Pendleton County,14809
2004,Kentucky,Perry County,29043
2004,Kentucky,Pike County,66070
2004,Kentucky,Powell County,13051
2004,Kentucky,Pulaski County,59175
2004,Kentucky,Robertson County,2298
2004,Kentucky,Rockcastle County,16822
2004,Kentucky,Rowan County,22185
2004,Kentucky,Russell County,16851
2004,Kentucky,Scott County,38051
2004,Kentucky,Shelby County,36682
2004,Kentucky,Simpson County,16820
2004,Kentucky,Spencer County,14358
2004,Kentucky,Taylor County,23536
2004,Kentucky,Todd County,11858
2004,Kentucky,Trigg County,13438
2004,Kentucky,Trimble County,8843
2004,Kentucky,Union County,15451
2004,Kentucky,Warren County,99497
2004,Kentucky,Washington County,11260
2004,Kentucky,Wayne County,20473
2004,Kentucky,Webster County,13969
2004,Kentucky,Whitley County,36163
2004,Kentucky,Wolfe County,7076
2004,Kentucky,Woodford County,23695
2004,Louisiana,Acadia Parish,59223
2004,Louisiana,Allen Parish,25338
2004,Louisiana,Ascension Parish,86352
2004,Louisiana,Assumption Parish,23319
2004,Louisiana,Avoyelles Parish,41271
2004,Louisiana,Beauregard Parish,33614
2004,Louisiana,Bienville Parish,15017
2004,Louisiana,Bossier Parish,105435
2004,Louisiana,Caddo Parish,249157
2004,Louisiana,Calcasieu Parish,185593
2004,Louisiana,Caldwell Parish,10382
2004,Louisiana,Cameron Parish,9851
2004,Louisiana,Catahoula Parish,10448
2004,Louisiana,Claiborne Parish,16855
2004,Louisiana,Concordia Parish,19972
2004,Louisiana,De Soto Parish,25958
2004,Louisiana,East Baton Rouge Parish,414162
2004,Louisiana,East Carroll Parish,8588
2004,Louisiana,East Feliciana Parish,20266
2004,Louisiana,Evangeline Parish,34399
2004,Louisiana,Franklin Parish,20895
2004,Louisiana,Grant Parish,19878
2004,Louisiana,Iberia Parish,72590
2004,Louisiana,Iberville Parish,32717
2004,Louisiana,Jackson Parish,15650
2004,Louisiana,Jefferson Davis Parish,31076
2004,Louisiana,Jefferson Parish,456602
2004,Louisiana,Lasalle Parish,14366
2004,Louisiana,Lafayette Parish,199338
2004,Louisiana,Lafourche Parish,92580
2004,Louisiana,Lincoln Parish,44272
2004,Louisiana,Livingston Parish,106048
2004,Louisiana,Madison Parish,12806
2004,Louisiana,Morehouse Parish,29891
2004,Louisiana,Natchitoches Parish,38950
2004,Louisiana,Orleans Parish,493765
2004,Louisiana,Ouachita Parish,149293
2004,Louisiana,Plaquemines Parish,29390
2004,Louisiana,Pointe Coupee Parish,22332
2004,Louisiana,Rapides Parish,127095
2004,Louisiana,Red River Parish,9433
2004,Louisiana,Richland Parish,20487
2004,Louisiana,Sabine Parish,23539
2004,Louisiana,St. Bernard Parish,70547
2004,Louisiana,St. Charles Parish,49939
2004,Louisiana,St. Helena Parish,10548
2004,Louisiana,St. James Parish,21229
2004,Louisiana,St. John The Baptist Parish,44822
2004,Louisiana,St. Landry Parish,84487
2004,Louisiana,St. Martin Parish,49754
2004,Louisiana,St. Mary Parish,53288
2004,Louisiana,St. Tammany Parish,211405
2004,Louisiana,Tangipahoa Parish,105335
2004,Louisiana,Tensas Parish,5785
2004,Louisiana,Terrebonne Parish,106783
2004,Louisiana,Union Parish,22676
2004,Louisiana,Vermilion Parish,55113
2004,Louisiana,Vernon Parish,51402
2004,Louisiana,Washington Parish,44521
2004,Louisiana,Webster Parish,41145
2004,Louisiana,West Baton Rouge Parish,22049
2004,Louisiana,West Carroll Parish,12009
2004,Louisiana,West Feliciana Parish,15300
2004,Louisiana,Winn Parish,15908
2004,Maine,Androscoggin County,106867
2004,Maine,Aroostook County,72959
2004,Maine,Cumberland County,274920
2004,Maine,Franklin County,30096
2004,Maine,Hancock County,53613
2004,Maine,Kennebec County,120303
2004,Maine,Knox County,40514
2004,Maine,Lincoln County,34827
2004,Maine,Oxford County,56763
2004,Maine,Penobscot County,148814
2004,Maine,Piscataquis County,17493
2004,Maine,Sagadahoc County,36100
2004,Maine,Somerset County,51328
2004,Maine,Waldo County,38209
2004,Maine,Washington County,33474
2004,Maine,York County,197408
2004,Maryland,Allegany County,74408
2004,Maryland,Anne Arundel County,513259
2004,Maryland,Baltimore County,784371
2004,Maryland,Baltimore City,624222
2004,Maryland,Calvert County,84928
2004,Maryland,Caroline County,30653
2004,Maryland,Carroll County,163915
2004,Maryland,Cecil County,94809
2004,Maryland,Charles County,135601
2004,Maryland,Dorchester County,31086
2004,Maryland,Frederick County,217776
2004,Maryland,Garrett County,30147
2004,Maryland,Harford County,234849
2004,Maryland,Howard County,265919
2004,Maryland,Kent County,19513
2004,Maryland,Montgomery County,914991
2004,Maryland,Prince George'S County,845950
2004,Maryland,Queen Anne'S County,44411
2004,Maryland,Somerset County,25807
2004,Maryland,St. Mary's County,94900
2004,Maryland,Talbot County,35793
2004,Maryland,Washington County,139423
2004,Maryland,Wicomico County,90210
2004,Maryland,Worcester County,49994
2004,Massachusetts,Barnstable County,224264
2004,Massachusetts,Berkshire County,133076
2004,Massachusetts,Bristol County,545988
2004,Massachusetts,Dukes County,15704
2004,Massachusetts,Essex County,729783
2004,Massachusetts,Franklin County,71875
2004,Massachusetts,Hampden County,460841
2004,Massachusetts,Hampshire County,155019
2004,Massachusetts,Middlesex County,1459232
2004,Massachusetts,Nantucket County,9732
2004,Massachusetts,Norfolk County,652630
2004,Massachusetts,Plymouth County,485010
2004,Massachusetts,Suffolk County,691272
2004,Massachusetts,Worcester County,777855
2004,Michigan,Alcona County,11459
2004,Michigan,Alger County,9680
2004,Michigan,Allegan County,110225
2004,Michigan,Alpena County,30735
2004,Michigan,Antrim County,24263
2004,Michigan,Arenac County,17128
2004,Michigan,Baraga County,8884
2004,Michigan,Barry County,59005
2004,Michigan,Bay County,109453
2004,Michigan,Benzie County,17420
2004,Michigan,Berrien County,159742
2004,Michigan,Branch County,46791
2004,Michigan,Calhoun County,139443
2004,Michigan,Cass County,52290
2004,Michigan,Charlevoix County,26601
2004,Michigan,Cheboygan County,27228
2004,Michigan,Chippewa County,38803
2004,Michigan,Clare County,31821
2004,Michigan,Clinton County,70605
2004,Michigan,Crawford County,14591
2004,Michigan,Delta County,38123
2004,Michigan,Dickinson County,27231
2004,Michigan,Eaton County,107533
2004,Michigan,Emmet County,32824
2004,Michigan,Genesee County,442534
2004,Michigan,Gladwin County,26971
2004,Michigan,Gogebic County,16976
2004,Michigan,Grand Traverse County,82768
2004,Michigan,Gratiot County,42583
2004,Michigan,Hillsdale County,47392
2004,Michigan,Houghton County,36154
2004,Michigan,Huron County,35014
2004,Michigan,Ingham County,283586
2004,Michigan,Ionia County,64562
2004,Michigan,Iosco County,26860
2004,Michigan,Iron County,12460
2004,Michigan,Isabella County,67067
2004,Michigan,Jackson County,162140
2004,Michigan,Kalamazoo County,242505
2004,Michigan,Kalkaska County,17400
2004,Michigan,Kent County,589554
2004,Michigan,Keweenaw County,2125
2004,Michigan,Lake County,11757
2004,Michigan,Lapeer County,91125
2004,Michigan,Leelanau County,21859
2004,Michigan,Lenawee County,101216
2004,Michigan,Livingston County,175245
2004,Michigan,Luce County,6894
2004,Michigan,Mackinac County,11647
2004,Michigan,Macomb County,823418
2004,Michigan,Manistee County,25048
2004,Michigan,Marquette County,65620
2004,Michigan,Mason County,28842
2004,Michigan,Mecosta County,42553
2004,Michigan,Menominee County,24987
2004,Michigan,Midland County,84058
2004,Michigan,Missaukee County,15127
2004,Michigan,Monroe County,151117
2004,Michigan,Montcalm County,63482
2004,Michigan,Montmorency County,10326
2004,Michigan,Muskegon County,172771
2004,Michigan,Newaygo County,49272
2004,Michigan,Oakland County,1203812
2004,Michigan,Oceana County,27556
2004,Michigan,Ogemaw County,22053
2004,Michigan,Ontonagon County,7497
2004,Michigan,Osceola County,23990
2004,Michigan,Oscoda County,9299
2004,Michigan,Otsego County,24586
2004,Michigan,Ottawa County,253048
2004,Michigan,Presque Isle County,14163
2004,Michigan,Roscommon County,25771
2004,Michigan,Saginaw County,208489
2004,Michigan,Sanilac County,44939
2004,Michigan,Schoolcraft County,8962
2004,Michigan,Shiawassee County,73034
2004,Michigan,St. Clair County,168457
2004,Michigan,St. Joseph County,62265
2004,Michigan,Tuscola County,58230
2004,Michigan,Van Buren County,77241
2004,Michigan,Washtenaw County,339422
2004,Michigan,Wayne County,1983830
2004,Michigan,Wexford County,31778
2004,Minnesota,Aitkin County,16028
2004,Minnesota,Anoka County,316643
2004,Minnesota,Becker County,31625
2004,Minnesota,Beltrami County,42100
2004,Minnesota,Benton County,37072
2004,Minnesota,Big Stone County,5444
2004,Minnesota,Blue Earth County,59116
2004,Minnesota,Brown County,26666
2004,Minnesota,Carlton County,33950
2004,Minnesota,Carver County,80473
2004,Minnesota,Cass County,28338
2004,Minnesota,Chippewa County,12531
2004,Minnesota,Chisago County,49054
2004,Minnesota,Clay County,53251
2004,Minnesota,Clearwater County,8466
2004,Minnesota,Cook County,5180
2004,Minnesota,Cottonwood County,12151
2004,Minnesota,Crow Wing County,58814
2004,Minnesota,Dakota County,377143
2004,Minnesota,Dodge County,19162
2004,Minnesota,Douglas County,34555
2004,Minnesota,Faribault County,15554
2004,Minnesota,Fillmore County,21188
2004,Minnesota,Freeborn County,31948
2004,Minnesota,Goodhue County,45329
2004,Minnesota,Grant County,6174
2004,Minnesota,Hennepin County,1118756
2004,Minnesota,Houston County,19582
2004,Minnesota,Hubbard County,19453
2004,Minnesota,Isanti County,35592
2004,Minnesota,Itasca County,44221
2004,Minnesota,Jackson County,10693
2004,Minnesota,Kanabec County,16080
2004,Minnesota,Kandiyohi County,41456
2004,Minnesota,Kittson County,4898
2004,Minnesota,Koochiching County,13919
2004,Minnesota,Lac Qui Parle County,7674
2004,Minnesota,Lake County,11100
2004,Minnesota,Lake Of The Woods County,4401
2004,Minnesota,Le Sueur County,26811
2004,Minnesota,Lincoln County,6138
2004,Minnesota,Lyon County,24981
2004,Minnesota,Mahnomen County,5215
2004,Minnesota,Marshall County,9938
2004,Minnesota,Martin County,21126
2004,Minnesota,Mcleod County,35923
2004,Minnesota,Meeker County,23200
2004,Minnesota,Mille Lacs County,24716
2004,Minnesota,Morrison County,32489
2004,Minnesota,Mower County,38900
2004,Minnesota,Murray County,8989
2004,Minnesota,Nicollet County,31036
2004,Minnesota,Nobles County,20629
2004,Minnesota,Norman County,7120
2004,Minnesota,Olmsted County,133195
2004,Minnesota,Otter Tail County,57576
2004,Minnesota,Pennington County,13640
2004,Minnesota,Pine County,28323
2004,Minnesota,Pipestone County,9598
2004,Minnesota,Polk County,31093
2004,Minnesota,Pope County,11183
2004,Minnesota,Ramsey County,501104
2004,Minnesota,Red Lake County,4259
2004,Minnesota,Redwood County,16320
2004,Minnesota,Renville County,16609
2004,Minnesota,Rice County,60146
2004,Minnesota,Rock County,9501
2004,Minnesota,Roseau County,16150
2004,Minnesota,Scott County,112605
2004,Minnesota,Sherburne County,78091
2004,Minnesota,Sibley County,15202
2004,Minnesota,St. Louis County,199304
2004,Minnesota,Stearns County,139788
2004,Minnesota,Steele County,35090
2004,Minnesota,Stevens County,9857
2004,Minnesota,Swift County,10551
2004,Minnesota,Todd County,24633
2004,Minnesota,Traverse County,3871
2004,Minnesota,Wabasha County,21755
2004,Minnesota,Wadena County,13682
2004,Minnesota,Waseca County,19245
2004,Minnesota,Washington County,215937
2004,Minnesota,Watonwan County,11504
2004,Minnesota,Wilkin County,6860
2004,Minnesota,Winona County,50257
2004,Minnesota,Wright County,106998
2004,Minnesota,Yellow Medicine County,10795
2004,Mississippi,Adams County,32785
2004,Mississippi,Alcorn County,35448
2004,Mississippi,Amite County,13337
2004,Mississippi,Attala County,19330
2004,Mississippi,Benton County,8146
2004,Mississippi,Bolivar County,37211
2004,Mississippi,Calhoun County,14857
2004,Mississippi,Carroll County,10544
2004,Mississippi,Chickasaw County,18642
2004,Mississippi,Choctaw County,9132
2004,Mississippi,Claiborne County,10772
2004,Mississippi,Clarke County,17133
2004,Mississippi,Clay County,21531
2004,Mississippi,Coahoma County,28508
2004,Mississippi,Copiah County,29157
2004,Mississippi,Covington County,19621
2004,Mississippi,Desoto County,130767
2004,Mississippi,Forrest County,71732
2004,Mississippi,Franklin County,8196
2004,Mississippi,George County,20326
2004,Mississippi,Greene County,13155
2004,Mississippi,Grenada County,22222
2004,Mississippi,Hancock County,46717
2004,Mississippi,Harrison County,195971
2004,Mississippi,Hinds County,248147
2004,Mississippi,Holmes County,20257
2004,Mississippi,Humphreys County,10204
2004,Mississippi,Issaquena County,1813
2004,Mississippi,Itawamba County,23085
2004,Mississippi,Jackson County,136565
2004,Mississippi,Jasper County,17751
2004,Mississippi,Jefferson County,8760
2004,Mississippi,Jefferson Davis County,12932
2004,Mississippi,Jones County,65296
2004,Mississippi,Kemper County,10648
2004,Mississippi,Lafayette County,41840
2004,Mississippi,Lamar County,45001
2004,Mississippi,Lauderdale County,78055
2004,Mississippi,Lawrence County,13149
2004,Mississippi,Leake County,22561
2004,Mississippi,Lee County,77937
2004,Mississippi,Leflore County,34863
2004,Mississippi,Lincoln County,33490
2004,Mississippi,Lowndes County,59699
2004,Mississippi,Madison County,82283
2004,Mississippi,Marion County,25617
2004,Mississippi,Marshall County,35720
2004,Mississippi,Monroe County,37678
2004,Mississippi,Montgomery County,11507
2004,Mississippi,Neshoba County,29139
2004,Mississippi,Newton County,21535
2004,Mississippi,Noxubee County,12056
2004,Mississippi,Oktibbeha County,43382
2004,Mississippi,Panola County,34701
2004,Mississippi,Pearl River County,50624
2004,Mississippi,Perry County,12233
2004,Mississippi,Pike County,38700
2004,Mississippi,Pontotoc County,28276
2004,Mississippi,Prentiss County,25568
2004,Mississippi,Quitman County,9494
2004,Mississippi,Rankin County,127232
2004,Mississippi,Scott County,28097
2004,Mississippi,Sharkey County,5845
2004,Mississippi,Simpson County,27362
2004,Mississippi,Smith County,16126
2004,Mississippi,Stone County,14694
2004,Mississippi,Sunflower County,32349
2004,Mississippi,Tallahatchie County,15249
2004,Mississippi,Tate County,26599
2004,Mississippi,Tippah County,21261
2004,Mississippi,Tishomingo County,19145
2004,Mississippi,Tunica County,10221
2004,Mississippi,Union County,26076
2004,Mississippi,Walthall County,15104
2004,Mississippi,Warren County,49092
2004,Mississippi,Washington County,56802
2004,Mississippi,Wayne County,21069
2004,Mississippi,Webster County,10057
2004,Mississippi,Wilkinson County,10185
2004,Mississippi,Winston County,19715
2004,Mississippi,Yalobusha County,12961
2004,Mississippi,Yazoo County,27963
2004,Missouri,Adair County,24988
2004,Missouri,Andrew County,16580
2004,Missouri,Atchison County,6153
2004,Missouri,Audrain County,25555
2004,Missouri,Barry County,34849
2004,Missouri,Barton County,12941
2004,Missouri,Bates County,17088
2004,Missouri,Benton County,18336
2004,Missouri,Bollinger County,12427
2004,Missouri,Boone County,145348
2004,Missouri,Buchanan County,86039
2004,Missouri,Butler County,41476
2004,Missouri,Caldwell County,9230
2004,Missouri,Callaway County,41767
2004,Missouri,Camden County,39572
2004,Missouri,Cape Girardeau County,71121
2004,Missouri,Carroll County,9922
2004,Missouri,Carter County,5982
2004,Missouri,Cass County,90759
2004,Missouri,Cedar County,14073
2004,Missouri,Chariton County,8174
2004,Missouri,Christian County,63171
2004,Missouri,Clark County,7239
2004,Missouri,Clay County,196718
2004,Missouri,Clinton County,20409
2004,Missouri,Cole County,72427
2004,Missouri,Cooper County,17203
2004,Missouri,Crawford County,23918
2004,Missouri,Dade County,7893
2004,Missouri,Dallas County,16275
2004,Missouri,Daviess County,8228
2004,Missouri,Dekalb County,12734
2004,Missouri,Dent County,15157
2004,Missouri,Douglas County,13372
2004,Missouri,Dunklin County,32420
2004,Missouri,Franklin County,97465
2004,Missouri,Gasconade County,15464
2004,Missouri,Gentry County,6771
2004,Missouri,Greene County,253130
2004,Missouri,Grundy County,10209
2004,Missouri,Harrison County,8753
2004,Missouri,Henry County,22442
2004,Missouri,Hickory County,9316
2004,Missouri,Holt County,5116
2004,Missouri,Howard County,10012
2004,Missouri,Howell County,38036
2004,Missouri,Iron County,10617
2004,Missouri,Jackson County,658307
2004,Missouri,Jasper County,108897
2004,Missouri,Jefferson County,207829
2004,Missouri,Johnson County,50905
2004,Missouri,Knox County,4236
2004,Missouri,Laclede County,33513
2004,Missouri,Lafayette County,33110
2004,Missouri,Lawrence County,36798
2004,Missouri,Lewis County,10319
2004,Missouri,Lincoln County,44995
2004,Missouri,Linn County,13256
2004,Missouri,Livingston County,14604
2004,Missouri,Macon County,15497
2004,Missouri,Madison County,11937
2004,Missouri,Maries County,9077
2004,Missouri,Marion County,28193
2004,Missouri,Mcdonald County,22410
2004,Missouri,Mercer County,3701
2004,Missouri,Miller County,24488
2004,Missouri,Mississippi County,13669
2004,Missouri,Moniteau County,15082
2004,Missouri,Monroe County,9254
2004,Missouri,Montgomery County,12236
2004,Missouri,Morgan County,20106
2004,Missouri,New Madrid County,19235
2004,Missouri,Newton County,55100
2004,Missouri,Nodaway County,22517
2004,Missouri,Oregon County,10503
2004,Missouri,Osage County,13361
2004,Missouri,Ozark County,9555
2004,Missouri,Pemiscot County,19338
2004,Missouri,Perry County,18454
2004,Missouri,Pettis County,39883
2004,Missouri,Phelps County,42616
2004,Missouri,Pike County,18434
2004,Missouri,Platte County,81106
2004,Missouri,Polk County,28690
2004,Missouri,Pulaski County,45301
2004,Missouri,Putnam County,5131
2004,Missouri,Ralls County,9792
2004,Missouri,Randolph County,25211
2004,Missouri,Ray County,23739
2004,Missouri,Reynolds County,6717
2004,Missouri,Ripley County,13843
2004,Missouri,Saline County,23058
2004,Missouri,Schuyler County,4313
2004,Missouri,Scotland County,4838
2004,Missouri,Scott County,39704
2004,Missouri,Shannon County,8254
2004,Missouri,Shelby County,6661
2004,Missouri,St. Charles County,319729
2004,Missouri,St. Clair County,9711
2004,Missouri,St. Francois County,60829
2004,Missouri,St. Louis County,1007813
2004,Missouri,St. Louis City,330988
2004,Missouri,Ste. Genevieve County,18218
2004,Missouri,Stoddard County,30064
2004,Missouri,Stone County,30542
2004,Missouri,Sullivan County,6925
2004,Missouri,Taney County,43381
2004,Missouri,Texas County,24845
2004,Missouri,Vernon County,20620
2004,Missouri,Warren County,27971
2004,Missouri,Washington County,24174
2004,Missouri,Wayne County,13394
2004,Missouri,Webster County,33394
2004,Missouri,Worth County,2269
2004,Missouri,Wright County,18226
2004,Montana,Beaverhead County,8908
2004,Montana,Big Horn County,12731
2004,Montana,Blaine County,6571
2004,Montana,Broadwater County,4711
2004,Montana,Carbon County,9796
2004,Montana,Carter County,1284
2004,Montana,Cascade County,80198
2004,Montana,Chouteau County,5729
2004,Montana,Custer County,11510
2004,Montana,Daniels County,1804
2004,Montana,Dawson County,8764
2004,Montana,Deer Lodge County,9274
2004,Montana,Fallon County,2773
2004,Montana,Fergus County,11546
2004,Montana,Flathead County,81247
2004,Montana,Gallatin County,77124
2004,Montana,Garfield County,1236
2004,Montana,Glacier County,13388
2004,Montana,Golden Valley County,1001
2004,Montana,Granite County,2943
2004,Montana,Hill County,15947
2004,Montana,Jefferson County,10511
2004,Montana,Judith Basin County,2196
2004,Montana,Lake County,27634
2004,Montana,Lewis And Clark County,58041
2004,Montana,Liberty County,2263
2004,Montana,Lincoln County,18991
2004,Montana,Madison County,6999
2004,Montana,Mccone County,1781
2004,Montana,Meagher County,1935
2004,Montana,Mineral County,3985
2004,Montana,Missoula County,100934
2004,Montana,Musselshell County,4370
2004,Montana,Park County,15509
2004,Montana,Petroleum County,519
2004,Montana,Phillips County,4295
2004,Montana,Pondera County,6140
2004,Montana,Powder River County,1789
2004,Montana,Powell County,6872
2004,Montana,Prairie County,1153
2004,Montana,Ravalli County,38739
2004,Montana,Richland County,9096
2004,Montana,Roosevelt County,10459
2004,Montana,Rosebud County,9136
2004,Montana,Sanders County,10895
2004,Montana,Sheridan County,3683
2004,Montana,Silver Bow County,33416
2004,Montana,Stillwater County,8435
2004,Montana,Sweet Grass County,3676
2004,Montana,Teton County,6209
2004,Montana,Toole County,5069
2004,Montana,Treasure County,799
2004,Montana,Valley County,7422
2004,Montana,Wheatland County,2113
2004,Montana,Wibaux County,1019
2004,Montana,Yellowstone County,135441
2004,Nebraska,Adams County,30740
2004,Nebraska,Antelope County,7063
2004,Nebraska,Arthur County,433
2004,Nebraska,Banner County,749
2004,Nebraska,Blaine County,515
2004,Nebraska,Boone County,5813
2004,Nebraska,Box Butte County,11528
2004,Nebraska,Boyd County,2246
2004,Nebraska,Brown County,3441
2004,Nebraska,Buffalo County,43753
2004,Nebraska,Burt County,7399
2004,Nebraska,Butler County,8631
2004,Nebraska,Cass County,25074
2004,Nebraska,Cedar County,9246
2004,Nebraska,Chase County,4018
2004,Nebraska,Cherry County,6064
2004,Nebraska,Cheyenne County,9970
2004,Nebraska,Clay County,6795
2004,Nebraska,Colfax County,10457
2004,Nebraska,Cuming County,9709
2004,Nebraska,Custer County,11328
2004,Nebraska,Dakota County,20410
2004,Nebraska,Dawes County,9127
2004,Nebraska,Dawson County,24112
2004,Nebraska,Deuel County,2025
2004,Nebraska,Dixon County,5908
2004,Nebraska,Dodge County,36267
2004,Nebraska,Douglas County,482075
2004,Nebraska,Dundy County,2154
2004,Nebraska,Fillmore County,6281
2004,Nebraska,Franklin County,3411
2004,Nebraska,Frontier County,2990
2004,Nebraska,Furnas County,5112
2004,Nebraska,Gage County,23052
2004,Nebraska,Garden County,2245
2004,Nebraska,Garfield County,1955
2004,Nebraska,Gosper County,2112
2004,Nebraska,Grant County,680
2004,Nebraska,Greeley County,2643
2004,Nebraska,Hall County,54413
2004,Nebraska,Hamilton County,9319
2004,Nebraska,Harlan County,3633
2004,Nebraska,Hayes County,1063
2004,Nebraska,Hitchcock County,3055
2004,Nebraska,Holt County,10868
2004,Nebraska,Hooker County,748
2004,Nebraska,Howard County,6465
2004,Nebraska,Jefferson County,8117
2004,Nebraska,Johnson County,5372
2004,Nebraska,Kearney County,6776
2004,Nebraska,Keith County,8444
2004,Nebraska,Keya Paha County,942
2004,Nebraska,Kimball County,3921
2004,Nebraska,Knox County,9025
2004,Nebraska,Lancaster County,265087
2004,Nebraska,Lincoln County,35177
2004,Nebraska,Logan County,738
2004,Nebraska,Loup County,669
2004,Nebraska,Madison County,35722
2004,Nebraska,Mcpherson County,531
2004,Nebraska,Merrick County,8018
2004,Nebraska,Morrill County,5147
2004,Nebraska,Nance County,3787
2004,Nebraska,Nemaha County,7182
2004,Nebraska,Nuckolls County,4872
2004,Nebraska,Otoe County,15525
2004,Nebraska,Pawnee County,2907
2004,Nebraska,Perkins County,3134
2004,Nebraska,Phelps County,9535
2004,Nebraska,Pierce County,7477
2004,Nebraska,Platte County,30658
2004,Nebraska,Polk County,5466
2004,Nebraska,Red Willow County,11351
2004,Nebraska,Richardson County,8879
2004,Nebraska,Rock County,1597
2004,Nebraska,Saline County,14206
2004,Nebraska,Sarpy County,136339
2004,Nebraska,Saunders County,20248
2004,Nebraska,Scotts Bluff County,36278
2004,Nebraska,Seward County,16681
2004,Nebraska,Sheridan County,5851
2004,Nebraska,Sherman County,3255
2004,Nebraska,Sioux County,1438
2004,Nebraska,Stanton County,6426
2004,Nebraska,Thayer County,5495
2004,Nebraska,Thomas County,664
2004,Nebraska,Thurston County,6943
2004,Nebraska,Valley County,4482
2004,Nebraska,Washington County,19589
2004,Nebraska,Wayne County,9612
2004,Nebraska,Webster County,3949
2004,Nebraska,Wheeler County,811
2004,Nebraska,York County,13952
2004,Nevada,Carson City,55995
2004,Nevada,Churchill County,24226
2004,Nevada,Clark County,1662773
2004,Nevada,Douglas County,46388
2004,Nevada,Elko County,43830
2004,Nevada,Esmeralda County,879
2004,Nevada,Eureka County,1470
2004,Nevada,Humboldt County,14912
2004,Nevada,Lander County,5086
2004,Nevada,Lincoln County,4401
2004,Nevada,Lyon County,42534
2004,Nevada,Mineral County,4892
2004,Nevada,Nye County,37287
2004,Nevada,Pershing County,6533
2004,Nevada,Storey County,3531
2004,Nevada,Washoe County,382777
2004,Nevada,White Pine County,8708
2004,New Hampshire,Belknap County,60170
2004,New Hampshire,Carroll County,46496
2004,New Hampshire,Cheshire County,76709
2004,New Hampshire,Coos County,33589
2004,New Hampshire,Grafton County,85312
2004,New Hampshire,Hillsborough County,394428
2004,New Hampshire,Merrimack County,143841
2004,New Hampshire,Rockingham County,289103
2004,New Hampshire,Strafford County,117926
2004,New Hampshire,Sullivan County,42547
2004,New Jersey,Atlantic County,267723
2004,New Jersey,Bergen County,893378
2004,New Jersey,Burlington County,446548
2004,New Jersey,Camden County,510137
2004,New Jersey,Cape May County,100482
2004,New Jersey,Cumberland County,149837
2004,New Jersey,Essex County,791305
2004,New Jersey,Gloucester County,271714
2004,New Jersey,Hudson County,614607
2004,New Jersey,Hunterdon County,127583
2004,New Jersey,Mercer County,361248
2004,New Jersey,Middlesex County,781582
2004,New Jersey,Monmouth County,628605
2004,New Jersey,Morris County,483997
2004,New Jersey,Ocean County,551262
2004,New Jersey,Passaic County,493981
2004,New Jersey,Salem County,64835
2004,New Jersey,Somerset County,310424
2004,New Jersey,Sussex County,149906
2004,New Jersey,Union County,526916
2004,New Jersey,Warren County,108491
2004,New Mexico,Bernalillo County,600449
2004,New Mexico,Catron County,3468
2004,New Mexico,Chaves County,61478
2004,New Mexico,Cibola County,27167
2004,New Mexico,Colfax County,14093
2004,New Mexico,Curry County,46640
2004,New Mexico,De Baca County,2062
2004,New Mexico,Doña Ana County,184939
2004,New Mexico,Eddy County,51242
2004,New Mexico,Grant County,29038
2004,New Mexico,Guadalupe County,4731
2004,New Mexico,Harding County,782
2004,New Mexico,Hidalgo County,5028
2004,New Mexico,Lea County,57471
2004,New Mexico,Lincoln County,20242
2004,New Mexico,Los Alamos County,18416
2004,New Mexico,Luna County,24822
2004,New Mexico,Mckinley County,71500
2004,New Mexico,Mora County,5061
2004,New Mexico,Otero County,62662
2004,New Mexico,Quay County,9306
2004,New Mexico,Rio Arriba County,40342
2004,New Mexico,Roosevelt County,18856
2004,New Mexico,San Juan County,123179
2004,New Mexico,San Miguel County,29547
2004,New Mexico,Sandoval County,102583
2004,New Mexico,Santa Fe County,136391
2004,New Mexico,Sierra County,12382
2004,New Mexico,Socorro County,17944
2004,New Mexico,Taos County,31675
2004,New Mexico,Torrance County,17184
2004,New Mexico,Union County,4107
2004,New Mexico,Valencia County,69021
2004,New York,Albany County,302173
2004,New York,Allegany County,50311
2004,New York,Bronx County,1358963
2004,New York,Broome County,200974
2004,New York,Cattaraugus County,82864
2004,New York,Cayuga County,81284
2004,New York,Chautauqua County,137174
2004,New York,Chemung County,89777
2004,New York,Chenango County,51297
2004,New York,Clinton County,81803
2004,New York,Columbia County,63646
2004,New York,Cortland County,49628
2004,New York,Delaware County,48283
2004,New York,Dutchess County,292859
2004,New York,Erie County,938333
2004,New York,Essex County,39295
2004,New York,Franklin County,51197
2004,New York,Fulton County,55233
2004,New York,Genesee County,60224
2004,New York,Greene County,48755
2004,New York,Hamilton County,5158
2004,New York,Herkimer County,64332
2004,New York,Jefferson County,109924
2004,New York,Kings County,2459094
2004,New York,Lewis County,26661
2004,New York,Livingston County,65484
2004,New York,Madison County,71397
2004,New York,Monroe County,741075
2004,New York,Montgomery County,49460
2004,New York,Nassau County,1337964
2004,New York,New York County,1569947
2004,New York,Niagara County,217737
2004,New York,Oneida County,234654
2004,New York,Onondaga County,461412
2004,New York,Ontario County,103385
2004,New York,Orange County,362934
2004,New York,Orleans County,43682
2004,New York,Oswego County,123340
2004,New York,Otsego County,62934
2004,New York,Putnam County,99468
2004,New York,Queens County,2198516
2004,New York,Rensselaer County,155523
2004,New York,Richmond County,456846
2004,New York,Rockland County,297562
2004,New York,Saratoga County,211478
2004,New York,Schenectady County,148900
2004,New York,Schoharie County,32310
2004,New York,Schuyler County,19034
2004,New York,Seneca County,35312
2004,New York,St. Lawrence County,111468
2004,New York,Steuben County,98983
2004,New York,Suffolk County,1478215
2004,New York,Sullivan County,76265
2004,New York,Tioga County,51631
2004,New York,Tompkins County,99531
2004,New York,Ulster County,181847
2004,New York,Warren County,64576
2004,New York,Washington County,62278
2004,New York,Wayne County,93860
2004,New York,Westchester County,935457
2004,New York,Wyoming County,42852
2004,New York,Yates County,25008
2004,North Carolina,Alamance County,137619
2004,North Carolina,Alexander County,35343
2004,North Carolina,Alleghany County,10790
2004,North Carolina,Anson County,26386
2004,North Carolina,Ashe County,25684
2004,North Carolina,Avery County,17971
2004,North Carolina,Beaufort County,45618
2004,North Carolina,Bertie County,20018
2004,North Carolina,Bladen County,33684
2004,North Carolina,Brunswick County,83327
2004,North Carolina,Buncombe County,218139
2004,North Carolina,Burke County,89394
2004,North Carolina,Cabarrus County,146429
2004,North Carolina,Caldwell County,79471
2004,North Carolina,Camden County,8415
2004,North Carolina,Carteret County,62127
2004,North Carolina,Caswell County,23801
2004,North Carolina,Catawba County,147016
2004,North Carolina,Chatham County,56236
2004,North Carolina,Cherokee County,25658
2004,North Carolina,Chowan County,14573
2004,North Carolina,Clay County,9583
2004,North Carolina,Cleveland County,97134
2004,North Carolina,Columbus County,55099
2004,North Carolina,Craven County,93548
2004,North Carolina,Cumberland County,307629
2004,North Carolina,Currituck County,21469
2004,North Carolina,Dare County,33196
2004,North Carolina,Davidson County,154179
2004,North Carolina,Davie County,37552
2004,North Carolina,Duplin County,52732
2004,North Carolina,Durham County,238376
2004,North Carolina,Edgecombe County,56064
2004,North Carolina,Forsyth County,319997
2004,North Carolina,Franklin County,53119
2004,North Carolina,Gaston County,191646
2004,North Carolina,Gates County,10874
2004,North Carolina,Graham County,8382
2004,North Carolina,Granville County,53296
2004,North Carolina,Greene County,20132
2004,North Carolina,Guilford County,440597
2004,North Carolina,Halifax County,56000
2004,North Carolina,Harnett County,98545
2004,North Carolina,Haywood County,56785
2004,North Carolina,Henderson County,95797
2004,North Carolina,Hertford County,23729
2004,North Carolina,Hoke County,38119
2004,North Carolina,Hyde County,5712
2004,North Carolina,Iredell County,136514
2004,North Carolina,Jackson County,36555
2004,North Carolina,Johnston County,140055
2004,North Carolina,Jones County,10123
2004,North Carolina,Lee County,49747
2004,North Carolina,Lenoir County,59088
2004,North Carolina,Lincoln County,68267
2004,North Carolina,Macon County,31667
2004,North Carolina,Madison County,19992
2004,North Carolina,Martin County,24822
2004,North Carolina,Mcdowell County,43390
2004,North Carolina,Mecklenburg County,772949
2004,North Carolina,Mitchell County,15928
2004,North Carolina,Montgomery County,27077
2004,North Carolina,Moore County,79475
2004,North Carolina,Nash County,90262
2004,North Carolina,New Hanover County,178362
2004,North Carolina,Northampton County,21981
2004,North Carolina,Onslow County,158837
2004,North Carolina,Orange County,119320
2004,North Carolina,Pamlico County,12849
2004,North Carolina,Pasquotank County,36533
2004,North Carolina,Pender County,44136
2004,North Carolina,Perquimans County,11817
2004,North Carolina,Person County,37391
2004,North Carolina,Pitt County,144486
2004,North Carolina,Polk County,19325
2004,North Carolina,Randolph County,134732
2004,North Carolina,Richmond County,46227
2004,North Carolina,Robeson County,126117
2004,North Carolina,Rockingham County,92382
2004,North Carolina,Rowan County,132202
2004,North Carolina,Rutherford County,64692
2004,North Carolina,Sampson County,61376
2004,North Carolina,Scotland County,36446
2004,North Carolina,Stanly County,58638
2004,North Carolina,Stokes County,45772
2004,North Carolina,Surry County,72219
2004,North Carolina,Swain County,13240
2004,North Carolina,Transylvania County,30417
2004,North Carolina,Tyrrell County,4289
2004,North Carolina,Union County,151452
2004,North Carolina,Vance County,44081
2004,North Carolina,Wake County,716336
2004,North Carolina,Warren County,20464
2004,North Carolina,Washington County,13393
2004,North Carolina,Watauga County,45478
2004,North Carolina,Wayne County,116484
2004,North Carolina,Wilkes County,67668
2004,North Carolina,Wilson County,76140
2004,North Carolina,Yadkin County,37265
2004,North Carolina,Yancey County,17704
2004,North Dakota,Adams County,2436
2004,North Dakota,Barnes County,11202
2004,North Dakota,Benson County,6788
2004,North Dakota,Billings County,792
2004,North Dakota,Bottineau County,6690
2004,North Dakota,Bowman County,3132
2004,North Dakota,Burke County,2081
2004,North Dakota,Burleigh County,72837
2004,North Dakota,Cass County,133197
2004,North Dakota,Cavalier County,4456
2004,North Dakota,Dickey County,5561
2004,North Dakota,Divide County,2178
2004,North Dakota,Dunn County,3443
2004,North Dakota,Eddy County,2641
2004,North Dakota,Emmons County,3955
2004,North Dakota,Foster County,3514
2004,North Dakota,Golden Valley County,1741
2004,North Dakota,Grand Forks County,67071
2004,North Dakota,Grant County,2626
2004,North Dakota,Griggs County,2531
2004,North Dakota,Hettinger County,2612
2004,North Dakota,Kidder County,2592
2004,North Dakota,Lamoure County,4552
2004,North Dakota,Logan County,2126
2004,North Dakota,Mchenry County,5669
2004,North Dakota,Mcintosh County,3192
2004,North Dakota,Mckenzie County,5611
2004,North Dakota,Mclean County,8948
2004,North Dakota,Mercer County,8437
2004,North Dakota,Morton County,25372
2004,North Dakota,Mountrail County,6798
2004,North Dakota,Nelson County,3406
2004,North Dakota,Oliver County,1925
2004,North Dakota,Pembina County,8088
2004,North Dakota,Pierce County,4450
2004,North Dakota,Ramsey County,11451
2004,North Dakota,Ransom County,5792
2004,North Dakota,Renville County,2517
2004,North Dakota,Richland County,17451
2004,North Dakota,Rolette County,13646
2004,North Dakota,Sargent County,4060
2004,North Dakota,Sheridan County,1503
2004,North Dakota,Sioux County,4077
2004,North Dakota,Slope County,732
2004,North Dakota,Stark County,22539
2004,North Dakota,Steele County,2108
2004,North Dakota,Stutsman County,21175
2004,North Dakota,Towner County,2553
2004,North Dakota,Traill County,8353
2004,North Dakota,Walsh County,11695
2004,North Dakota,Ward County,58054
2004,North Dakota,Wells County,4625
2004,North Dakota,Williams County,19724
2004,Ohio,Adams County,28328
2004,Ohio,Allen County,106826
2004,Ohio,Ashland County,52852
2004,Ohio,Ashtabula County,102648
2004,Ohio,Athens County,63230
2004,Ohio,Auglaize County,45932
2004,Ohio,Belmont County,70241
2004,Ohio,Brown County,43995
2004,Ohio,Butler County,346655
2004,Ohio,Carroll County,29297
2004,Ohio,Champaign County,39565
2004,Ohio,Clark County,141380
2004,Ohio,Clermont County,187281
2004,Ohio,Clinton County,41557
2004,Ohio,Columbiana County,110627
2004,Ohio,Coshocton County,37421
2004,Ohio,Crawford County,45776
2004,Ohio,Cuyahoga County,1346714
2004,Ohio,Darke County,53236
2004,Ohio,Defiance County,39115
2004,Ohio,Delaware County,141348
2004,Ohio,Erie County,78596
2004,Ohio,Fairfield County,136074
2004,Ohio,Fayette County,28470
2004,Ohio,Franklin County,1099603
2004,Ohio,Fulton County,42777
2004,Ohio,Gallia County,31029
2004,Ohio,Geauga County,93218
2004,Ohio,Greene County,155442
2004,Ohio,Guernsey County,40965
2004,Ohio,Hamilton County,817306
2004,Ohio,Hancock County,73532
2004,Ohio,Hardin County,32119
2004,Ohio,Harrison County,15856
2004,Ohio,Henry County,29014
2004,Ohio,Highland County,42938
2004,Ohio,Hocking County,28962
2004,Ohio,Holmes County,41370
2004,Ohio,Huron County,60011
2004,Ohio,Jackson County,33025
2004,Ohio,Jefferson County,71774
2004,Ohio,Knox County,57995
2004,Ohio,Lake County,227829
2004,Ohio,Lawrence County,62169
2004,Ohio,Licking County,155264
2004,Ohio,Logan County,46247
2004,Ohio,Lorain County,292125
2004,Ohio,Lucas County,451255
2004,Ohio,Madison County,41122
2004,Ohio,Mahoning County,249825
2004,Ohio,Marion County,66361
2004,Ohio,Medina County,163048
2004,Ohio,Meigs County,23506
2004,Ohio,Mercer County,40889
2004,Ohio,Miami County,100775
2004,Ohio,Monroe County,15113
2004,Ohio,Montgomery County,549713
2004,Ohio,Morgan County,15130
2004,Ohio,Morrow County,34025
2004,Ohio,Muskingum County,85589
2004,Ohio,Noble County,14352
2004,Ohio,Ottawa County,41564
2004,Ohio,Paulding County,19803
2004,Ohio,Perry County,35117
2004,Ohio,Pickaway County,52238
2004,Ohio,Pike County,28427
2004,Ohio,Portage County,156774
2004,Ohio,Preble County,42613
2004,Ohio,Putnam County,34680
2004,Ohio,Richland County,128094
2004,Ohio,Ross County,75251
2004,Ohio,Sandusky County,61930
2004,Ohio,Scioto County,77788
2004,Ohio,Seneca County,57857
2004,Ohio,Shelby County,48791
2004,Ohio,Stark County,376663
2004,Ohio,Summit County,545037
2004,Ohio,Trumbull County,219540
2004,Ohio,Tuscarawas County,92348
2004,Ohio,Union County,45819
2004,Ohio,Van Wert County,29322
2004,Ohio,Vinton County,13308
2004,Ohio,Warren County,188904
2004,Ohio,Washington County,62924
2004,Ohio,Wayne County,113240
2004,Ohio,Williams County,38719
2004,Ohio,Wood County,124149
2004,Ohio,Wyandot County,22914
2004,Oklahoma,Adair County,21589
2004,Oklahoma,Alfalfa County,5785
2004,Oklahoma,Atoka County,14046
2004,Oklahoma,Beaver County,5577
2004,Oklahoma,Beckham County,18580
2004,Oklahoma,Blaine County,12277
2004,Oklahoma,Bryan County,37887
2004,Oklahoma,Caddo County,29470
2004,Oklahoma,Canadian County,96101
2004,Oklahoma,Carter County,46218
2004,Oklahoma,Cherokee County,44437
2004,Oklahoma,Choctaw County,15292
2004,Oklahoma,Cimarron County,2707
2004,Oklahoma,Cleveland County,225447
2004,Oklahoma,Coal County,5880
2004,Oklahoma,Comanche County,116000
2004,Oklahoma,Cotton County,6341
2004,Oklahoma,Craig County,14739
2004,Oklahoma,Creek County,67843
2004,Oklahoma,Custer County,25631
2004,Oklahoma,Delaware County,38998
2004,Oklahoma,Dewey County,4685
2004,Oklahoma,Ellis County,3998
2004,Oklahoma,Garfield County,57459
2004,Oklahoma,Garvin County,26942
2004,Oklahoma,Grady County,48167
2004,Oklahoma,Grant County,4789
2004,Oklahoma,Greer County,6031
2004,Oklahoma,Harmon County,2936
2004,Oklahoma,Harper County,3465
2004,Oklahoma,Haskell County,12129
2004,Oklahoma,Hughes County,13660
2004,Oklahoma,Jackson County,27480
2004,Oklahoma,Jefferson County,6498
2004,Oklahoma,Johnston County,10459
2004,Oklahoma,Kay County,46903
2004,Oklahoma,Kingfisher County,14223
2004,Oklahoma,Kiowa County,9885
2004,Oklahoma,Latimer County,10763
2004,Oklahoma,Le Flore County,48623
2004,Oklahoma,Lincoln County,32875
2004,Oklahoma,Logan County,35842
2004,Oklahoma,Love County,9044
2004,Oklahoma,Major County,7423
2004,Oklahoma,Marshall County,14149
2004,Oklahoma,Mayes County,39331
2004,Oklahoma,Mcclain County,29350
2004,Oklahoma,Mccurtain County,33282
2004,Oklahoma,Mcintosh County,19597
2004,Oklahoma,Murray County,12681
2004,Oklahoma,Muskogee County,69592
2004,Oklahoma,Noble County,11475
2004,Oklahoma,Nowata County,10629
2004,Oklahoma,Okfuskee County,11925
2004,Oklahoma,Oklahoma County,677742
2004,Oklahoma,Okmulgee County,39731
2004,Oklahoma,Osage County,45874
2004,Oklahoma,Ottawa County,32530
2004,Oklahoma,Pawnee County,16547
2004,Oklahoma,Payne County,72244
2004,Oklahoma,Pittsburg County,44029
2004,Oklahoma,Pontotoc County,35097
2004,Oklahoma,Pottawatomie County,67072
2004,Oklahoma,Pushmataha County,11470
2004,Oklahoma,Roger Mills County,3308
2004,Oklahoma,Rogers County,79069
2004,Oklahoma,Seminole County,24801
2004,Oklahoma,Sequoyah County,40412
2004,Oklahoma,Stephens County,43061
2004,Oklahoma,Texas County,19693
2004,Oklahoma,Tillman County,8668
2004,Oklahoma,Tulsa County,566140
2004,Oklahoma,Wagoner County,62800
2004,Oklahoma,Washington County,48997
2004,Oklahoma,Washita County,11202
2004,Oklahoma,Woods County,8676
2004,Oklahoma,Woodward County,18935
2004,Oregon,Baker County,16272
2004,Oregon,Benton County,80149
2004,Oregon,Clackamas County,355758
2004,Oregon,Clatsop County,35912
2004,Oregon,Columbia County,46192
2004,Oregon,Coos County,63208
2004,Oregon,Crook County,20643
2004,Oregon,Curry County,22473
2004,Oregon,Deschutes County,133756
2004,Oregon,Douglas County,103965
2004,Oregon,Gilliam County,1860
2004,Oregon,Grant County,7415
2004,Oregon,Harney County,7312
2004,Oregon,Hood River County,20835
2004,Oregon,Jackson County,192185
2004,Oregon,Jefferson County,20339
2004,Oregon,Josephine County,79729
2004,Oregon,Klamath County,64841
2004,Oregon,Lake County,7576
2004,Oregon,Lane County,332327
2004,Oregon,Lincoln County,44877
2004,Oregon,Linn County,106799
2004,Oregon,Malheur County,31250
2004,Oregon,Marion County,297139
2004,Oregon,Morrow County,11275
2004,Oregon,Multnomah County,672526
2004,Oregon,Polk County,66569
2004,Oregon,Sherman County,1682
2004,Oregon,Tillamook County,24780
2004,Oregon,Umatilla County,73463
2004,Oregon,Union County,24513
2004,Oregon,Wallowa County,6899
2004,Oregon,Wasco County,23817
2004,Oregon,Washington County,480207
2004,Oregon,Wheeler County,1473
2004,Oregon,Yamhill County,89447
2004,Pennsylvania,Adams County,97300
2004,Pennsylvania,Allegheny County,1247531
2004,Pennsylvania,Armstrong County,71404
2004,Pennsylvania,Beaver County,176395
2004,Pennsylvania,Bedford County,49829
2004,Pennsylvania,Berks County,390848
2004,Pennsylvania,Blair County,127194
2004,Pennsylvania,Bradford County,62386
2004,Pennsylvania,Bucks County,613763
2004,Pennsylvania,Butler County,178912
2004,Pennsylvania,Cambria County,147886
2004,Pennsylvania,Cameron County,5535
2004,Pennsylvania,Carbon County,61274
2004,Pennsylvania,Centre County,144238
2004,Pennsylvania,Chester County,462902
2004,Pennsylvania,Clarion County,40509
2004,Pennsylvania,Clearfield County,82040
2004,Pennsylvania,Clinton County,38227
2004,Pennsylvania,Columbia County,65337
2004,Pennsylvania,Crawford County,89682
2004,Pennsylvania,Cumberland County,221225
2004,Pennsylvania,Dauphin County,256194
2004,Pennsylvania,Delaware County,551508
2004,Pennsylvania,Elk County,33835
2004,Pennsylvania,Erie County,277864
2004,Pennsylvania,Fayette County,143494
2004,Pennsylvania,Forest County,6118
2004,Pennsylvania,Franklin County,135742
2004,Pennsylvania,Fulton County,14471
2004,Pennsylvania,Greene County,39464
2004,Pennsylvania,Huntingdon County,45790
2004,Pennsylvania,Indiana County,89041
2004,Pennsylvania,Jefferson County,45418
2004,Pennsylvania,Juniata County,23767
2004,Pennsylvania,Lackawanna County,211861
2004,Pennsylvania,Lancaster County,489977
2004,Pennsylvania,Lawrence County,93250
2004,Pennsylvania,Lebanon County,124644
2004,Pennsylvania,Lehigh County,326138
2004,Pennsylvania,Luzerne County,315439
2004,Pennsylvania,Lycoming County,117911
2004,Pennsylvania,Mckean County,44582
2004,Pennsylvania,Mercer County,119113
2004,Pennsylvania,Mifflin County,46313
2004,Pennsylvania,Monroe County,158181
2004,Pennsylvania,Montgomery County,776493
2004,Pennsylvania,Montour County,18174
2004,Pennsylvania,Northampton County,281374
2004,Pennsylvania,Northumberland County,93692
2004,Pennsylvania,Perry County,44463
2004,Pennsylvania,Philadelphia County,1492882
2004,Pennsylvania,Pike County,52293
2004,Pennsylvania,Potter County,18067
2004,Pennsylvania,Schuylkill County,147081
2004,Pennsylvania,Snyder County,38519
2004,Pennsylvania,Somerset County,79402
2004,Pennsylvania,Sullivan County,6554
2004,Pennsylvania,Susquehanna County,42930
2004,Pennsylvania,Tioga County,41724
2004,Pennsylvania,Union County,43287
2004,Pennsylvania,Venango County,56196
2004,Pennsylvania,Warren County,42667
2004,Pennsylvania,Washington County,204090
2004,Pennsylvania,Wayne County,49423
2004,Pennsylvania,Westmoreland County,367281
2004,Pennsylvania,Wyoming County,28195
2004,Pennsylvania,York County,401403
2004,Rhode Island,Bristol County,52213
2004,Rhode Island,Kent County,170539
2004,Rhode Island,Newport County,85509
2004,Rhode Island,Providence County,638358
2004,Rhode Island,Washington County,127960
2004,South Carolina,Abbeville County,26235
2004,South Carolina,Aiken County,148746
2004,South Carolina,Allendale County,11049
2004,South Carolina,Anderson County,173539
2004,South Carolina,Bamberg County,16322
2004,South Carolina,Barnwell County,22980
2004,South Carolina,Beaufort County,136331
2004,South Carolina,Berkeley County,151789
2004,South Carolina,Calhoun County,15247
2004,South Carolina,Charleston County,328105
2004,South Carolina,Cherokee County,53642
2004,South Carolina,Chester County,33633
2004,South Carolina,Chesterfield County,44348
2004,South Carolina,Clarendon County,33622
2004,South Carolina,Colleton County,38672
2004,South Carolina,Darlington County,68155
2004,South Carolina,Dillon County,31241
2004,South Carolina,Dorchester County,107337
2004,South Carolina,Edgefield County,25819
2004,South Carolina,Fairfield County,24273
2004,South Carolina,Florence County,129855
2004,South Carolina,Georgetown County,59176
2004,South Carolina,Greenville County,399319
2004,South Carolina,Greenwood County,67255
2004,South Carolina,Hampton County,21072
2004,South Carolina,Horry County,219094
2004,South Carolina,Jasper County,21456
2004,South Carolina,Kershaw County,55415
2004,South Carolina,Lancaster County,65079
2004,South Carolina,Laurens County,67784
2004,South Carolina,Lee County,20157
2004,South Carolina,Lexington County,230832
2004,South Carolina,Marion County,34577
2004,South Carolina,Marlboro County,28351
2004,South Carolina,Mccormick County,9982
2004,South Carolina,Newberry County,36312
2004,South Carolina,Oconee County,69615
2004,South Carolina,Orangeburg County,91691
2004,South Carolina,Pickens County,113554
2004,South Carolina,Richland County,345750
2004,South Carolina,Saluda County,18904
2004,South Carolina,Spartanburg County,261828
2004,South Carolina,Sumter County,106099
2004,South Carolina,Union County,29279
2004,South Carolina,Williamsburg County,35561
2004,South Carolina,York County,181839
2004,South Dakota,Aurora County,2860
2004,South Dakota,Beadle County,16370
2004,South Dakota,Bennett County,3519
2004,South Dakota,Bon Homme County,7014
2004,South Dakota,Brookings County,29393
2004,South Dakota,Brown County,35329
2004,South Dakota,Brule County,5030
2004,South Dakota,Buffalo County,1977
2004,South Dakota,Butte County,9284
2004,South Dakota,Campbell County,1647
2004,South Dakota,Charles Mix County,9055
2004,South Dakota,Clark County,3897
2004,South Dakota,Clay County,13449
2004,South Dakota,Codington County,26254
2004,South Dakota,Corson County,4256
2004,South Dakota,Custer County,7795
2004,South Dakota,Davison County,19104
2004,South Dakota,Day County,5879
2004,South Dakota,Deuel County,4345
2004,South Dakota,Dewey County,5722
2004,South Dakota,Douglas County,3280
2004,South Dakota,Edmunds County,4111
2004,South Dakota,Fall River County,7178
2004,South Dakota,Faulk County,2440
2004,South Dakota,Grant County,7582
2004,South Dakota,Gregory County,4431
2004,South Dakota,Haakon County,2080
2004,South Dakota,Hamlin County,5559
2004,South Dakota,Hand County,3415
2004,South Dakota,Hanson County,3503
2004,South Dakota,Harding County,1278
2004,South Dakota,Hughes County,16573
2004,South Dakota,Hutchinson County,7660
2004,South Dakota,Hyde County,1616
2004,South Dakota,Jackson County,2939
2004,South Dakota,Jerauld County,2102
2004,South Dakota,Jones County,1068
2004,South Dakota,Kingsbury County,5311
2004,South Dakota,Lake County,10612
2004,South Dakota,Lawrence County,22610
2004,South Dakota,Lincoln County,32343
2004,South Dakota,Lyman County,3827
2004,South Dakota,Marshall County,4542
2004,South Dakota,Mccook County,5805
2004,South Dakota,Mcpherson County,2663
2004,South Dakota,Meade County,25064
2004,South Dakota,Mellette County,2014
2004,South Dakota,Miner County,2551
2004,South Dakota,Minnehaha County,155648
2004,South Dakota,Moody County,6514
2004,South Dakota,Pennington County,92560
2004,South Dakota,Perkins County,3046
2004,South Dakota,Potter County,2516
2004,South Dakota,Roberts County,10033
2004,South Dakota,Sanborn County,2541
2004,South Dakota,Oglala Lakota County,12983
2004,South Dakota,Spink County,6886
2004,South Dakota,Stanley County,2843
2004,South Dakota,Sully County,1410
2004,South Dakota,Todd County,9452
2004,South Dakota,Tripp County,6069
2004,South Dakota,Turner County,8532
2004,South Dakota,Union County,13002
2004,South Dakota,Walworth County,5525
2004,South Dakota,Yankton County,21869
2004,South Dakota,Ziebach County,2631
2004,Tennessee,Anderson County,71587
2004,Tennessee,Bedford County,40558
2004,Tennessee,Benton County,16517
2004,Tennessee,Bledsoe County,12610
2004,Tennessee,Blount County,113151
2004,Tennessee,Bradley County,91814
2004,Tennessee,Campbell County,40371
2004,Tennessee,Cannon County,13114
2004,Tennessee,Carroll County,29104
2004,Tennessee,Carter County,57532
2004,Tennessee,Cheatham County,37256
2004,Tennessee,Chester County,16225
2004,Tennessee,Claiborne County,30830
2004,Tennessee,Clay County,7947
2004,Tennessee,Cocke County,34393
2004,Tennessee,Coffee County,50077
2004,Tennessee,Crockett County,14434
2004,Tennessee,Cumberland County,50584
2004,Tennessee,Davidson County,583013
2004,Tennessee,Dekalb County,18051
2004,Tennessee,Decatur County,11655
2004,Tennessee,Dickson County,45727
2004,Tennessee,Dyer County,37520
2004,Tennessee,Fayette County,33005
2004,Tennessee,Fentress County,16959
2004,Tennessee,Franklin County,40359
2004,Tennessee,Gibson County,47834
2004,Tennessee,Giles County,29382
2004,Tennessee,Grainger County,21502
2004,Tennessee,Greene County,65364
2004,Tennessee,Grundy County,14146
2004,Tennessee,Hamblen County,59114
2004,Tennessee,Hamilton County,315396
2004,Tennessee,Hancock County,6739
2004,Tennessee,Hardeman County,27816
2004,Tennessee,Hardin County,25514
2004,Tennessee,Hawkins County,55029
2004,Tennessee,Haywood County,19573
2004,Tennessee,Henderson County,26237
2004,Tennessee,Henry County,31265
2004,Tennessee,Hickman County,23676
2004,Tennessee,Houston County,7973
2004,Tennessee,Humphreys County,17918
2004,Tennessee,Jackson County,11396
2004,Tennessee,Jefferson County,47200
2004,Tennessee,Johnson County,18007
2004,Tennessee,Knox County,398307
2004,Tennessee,Lake County,7885
2004,Tennessee,Lauderdale County,27318
2004,Tennessee,Lawrence County,40596
2004,Tennessee,Lewis County,11630
2004,Tennessee,Lincoln County,31665
2004,Tennessee,Loudon County,42679
2004,Tennessee,Macon County,21148
2004,Tennessee,Madison County,94692
2004,Tennessee,Marion County,27769
2004,Tennessee,Marshall County,27841
2004,Tennessee,Maury County,72885
2004,Tennessee,Mcminn County,50441
2004,Tennessee,Mcnairy County,24890
2004,Tennessee,Meigs County,11218
2004,Tennessee,Monroe County,41291
2004,Tennessee,Montgomery County,143761
2004,Tennessee,Moore County,5998
2004,Tennessee,Morgan County,20759
2004,Tennessee,Obion County,32346
2004,Tennessee,Overton County,20791
2004,Tennessee,Perry County,7595
2004,Tennessee,Pickett County,4984
2004,Tennessee,Polk County,16285
2004,Tennessee,Putnam County,65851
2004,Tennessee,Rhea County,29469
2004,Tennessee,Roane County,53115
2004,Tennessee,Robertson County,58618
2004,Tennessee,Rutherford County,211714
2004,Tennessee,Scott County,21688
2004,Tennessee,Sequatchie County,12422
2004,Tennessee,Sevier County,78610
2004,Tennessee,Shelby County,909643
2004,Tennessee,Smith County,18302
2004,Tennessee,Stewart County,12644
2004,Tennessee,Sullivan County,152808
2004,Tennessee,Sumner County,141103
2004,Tennessee,Tipton County,54581
2004,Tennessee,Trousdale County,7315
2004,Tennessee,Unicoi County,17936
2004,Tennessee,Union County,18653
2004,Tennessee,Van Buren County,5412
2004,Tennessee,Warren County,38864
2004,Tennessee,Washington County,111849
2004,Tennessee,Wayne County,17010
2004,Tennessee,Weakley County,34307
2004,Tennessee,White County,24069
2004,Tennessee,Williamson County,147439
2004,Tennessee,Wilson County,97139
2004,Texas,Anderson County,56245
2004,Texas,Andrews County,13006
2004,Texas,Angelina County,82070
2004,Texas,Aransas County,23067
2004,Texas,Archer County,9078
2004,Texas,Armstrong County,2023
2004,Texas,Atascosa County,42109
2004,Texas,Austin County,25976
2004,Texas,Bailey County,6945
2004,Texas,Bandera County,19226
2004,Texas,Bastrop County,67122
2004,Texas,Baylor County,3955
2004,Texas,Bee County,32352
2004,Texas,Bell County,258138
2004,Texas,Bexar County,1500919
2004,Texas,Blanco County,9337
2004,Texas,Borden County,671
2004,Texas,Bosque County,17871
2004,Texas,Bowie County,89055
2004,Texas,Brazoria County,268051
2004,Texas,Brazos County,166150
2004,Texas,Brewster County,9002
2004,Texas,Briscoe County,1768
2004,Texas,Brooks County,7593
2004,Texas,Brown County,37940
2004,Texas,Burleson County,16964
2004,Texas,Burnet County,38966
2004,Texas,Caldwell County,36200
2004,Texas,Calhoun County,20692
2004,Texas,Callahan County,13156
2004,Texas,Cameron County,366299
2004,Texas,Camp County,11715
2004,Texas,Carson County,6381
2004,Texas,Cass County,30053
2004,Texas,Castro County,7947
2004,Texas,Chambers County,28749
2004,Texas,Cherokee County,48315
2004,Texas,Childress County,7366
2004,Texas,Clay County,11278
2004,Texas,Cochran County,3373
2004,Texas,Coke County,3559
2004,Texas,Coleman County,8817
2004,Texas,Collin County,617802
2004,Texas,Collingsworth County,3028
2004,Texas,Colorado County,20450
2004,Texas,Comal County,88119
2004,Texas,Comanche County,13646
2004,Texas,Concho County,4018
2004,Texas,Cooke County,37815
2004,Texas,Coryell County,71943
2004,Texas,Cottle County,1679
2004,Texas,Crane County,3865
2004,Texas,Crockett County,3857
2004,Texas,Crosby County,6625
2004,Texas,Culberson County,2695
2004,Texas,Dallam County,6208
2004,Texas,Dallas County,2244020
2004,Texas,Dawson County,14062
2004,Texas,Dewitt County,20176
2004,Texas,Deaf Smith County,18671
2004,Texas,Delta County,5409
2004,Texas,Denton County,529811
2004,Texas,Dickens County,2641
2004,Texas,Dimmit County,9964
2004,Texas,Donley County,3915
2004,Texas,Duval County,12539
2004,Texas,Eastland County,18442
2004,Texas,Ector County,124163
2004,Texas,Edwards County,2027
2004,Texas,El Paso County,717652
2004,Texas,Ellis County,125733
2004,Texas,Erath County,34887
2004,Texas,Falls County,18066
2004,Texas,Fannin County,32692
2004,Texas,Fayette County,23107
2004,Texas,Fisher County,4118
2004,Texas,Floyd County,7130
2004,Texas,Foard County,1492
2004,Texas,Fort Bend County,441139
2004,Texas,Franklin County,9731
2004,Texas,Freestone County,18684
2004,Texas,Frio County,16532
2004,Texas,Gaines County,14978
2004,Texas,Galveston County,269760
2004,Texas,Garza County,5800
2004,Texas,Gillespie County,22454
2004,Texas,Glasscock County,1290
2004,Texas,Goliad County,7071
2004,Texas,Gonzales County,19370
2004,Texas,Gray County,21551
2004,Texas,Grayson County,114998
2004,Texas,Gregg County,114541
2004,Texas,Grimes County,25209
2004,Texas,Guadalupe County,101495
2004,Texas,Hale County,36259
2004,Texas,Hall County,3665
2004,Texas,Hamilton County,8181
2004,Texas,Hansford County,5209
2004,Texas,Hardeman County,4474
2004,Texas,Hardin County,50220
2004,Texas,Harris County,3630185
2004,Texas,Harrison County,62583
2004,Texas,Hartley County,5800
2004,Texas,Haskell County,5851
2004,Texas,Hays County,119395
2004,Texas,Hemphill County,3410
2004,Texas,Henderson County,77807
2004,Texas,Hidalgo County,653779
2004,Texas,Hill County,34064
2004,Texas,Hockley County,22919
2004,Texas,Hood County,45411
2004,Texas,Hopkins County,33061
2004,Texas,Houston County,23578
2004,Texas,Howard County,33403
2004,Texas,Hudspeth County,3345
2004,Texas,Hunt County,82092
2004,Texas,Hutchinson County,22478
2004,Texas,Irion County,1629
2004,Texas,Jack County,9028
2004,Texas,Jackson County,14039
2004,Texas,Jasper County,35493
2004,Texas,Jeff Davis County,2242
2004,Texas,Jefferson County,250638
2004,Texas,Jim Hogg County,5173
2004,Texas,Jim Wells County,40309
2004,Texas,Johnson County,138833
2004,Texas,Jones County,20298
2004,Texas,Karnes County,15109
2004,Texas,Kaufman County,84240
2004,Texas,Kendall County,26650
2004,Texas,Kenedy County,440
2004,Texas,Kent County,791
2004,Texas,Kerr County,46054
2004,Texas,Kimble County,4562
2004,Texas,King County,316
2004,Texas,Kinney County,3395
2004,Texas,Kleberg County,31362
2004,Texas,Knox County,3940
2004,Texas,La Salle County,6322
2004,Texas,Lamar County,49233
2004,Texas,Lamb County,14584
2004,Texas,Lampasas County,19664
2004,Texas,Lavaca County,19130
2004,Texas,Lee County,16220
2004,Texas,Leon County,15837
2004,Texas,Liberty County,74285
2004,Texas,Limestone County,22942
2004,Texas,Lipscomb County,3028
2004,Texas,Live Oak County,11689
2004,Texas,Llano County,18220
2004,Texas,Loving County,55
2004,Texas,Lubbock County,255669
2004,Texas,Lynn County,6172
2004,Texas,Madison County,13146
2004,Texas,Marion County,11004
2004,Texas,Martin County,4398
2004,Texas,Mason County,3811
2004,Texas,Matagorda County,37388
2004,Texas,Maverick County,49627
2004,Texas,Mcculloch County,8164
2004,Texas,Mclennan County,221353
2004,Texas,Mcmullen County,735
2004,Texas,Medina County,42363
2004,Texas,Menard County,2265
2004,Texas,Midland County,120746
2004,Texas,Milam County,25136
2004,Texas,Mills County,4880
2004,Texas,Mitchell County,9280
2004,Texas,Montague County,19444
2004,Texas,Montgomery County,357607
2004,Texas,Moore County,20389
2004,Texas,Morris County,12983
2004,Texas,Motley County,1270
2004,Texas,Nacogdoches County,60427
2004,Texas,Navarro County,46545
2004,Texas,Newton County,14560
2004,Texas,Nolan County,15013
2004,Texas,Nueces County,321879
2004,Texas,Ochiltree County,9149
2004,Texas,Oldham County,2039
2004,Texas,Orange County,83580
2004,Texas,Palo Pinto County,27276
2004,Texas,Panola County,22892
2004,Texas,Parker County,99320
2004,Texas,Parmer County,10168
2004,Texas,Pecos County,15554
2004,Texas,Polk County,45315
2004,Texas,Potter County,117682
2004,Texas,Presidio County,7561
2004,Texas,Rains County,10446
2004,Texas,Randall County,109441
2004,Texas,Reagan County,3161
2004,Texas,Real County,3138
2004,Texas,Red River County,13584
2004,Texas,Reeves County,12721
2004,Texas,Refugio County,7630
2004,Texas,Roberts County,841
2004,Texas,Robertson County,16260
2004,Texas,Rockwall County,56477
2004,Texas,Runnels County,10774
2004,Texas,Rusk County,49160
2004,Texas,Sabine County,10498
2004,Texas,San Augustine County,9085
2004,Texas,San Jacinto County,24756
2004,Texas,San Patricio County,66990
2004,Texas,San Saba County,6045
2004,Texas,Schleicher County,2991
2004,Texas,Scurry County,16118
2004,Texas,Shackelford County,3290
2004,Texas,Shelby County,25212
2004,Texas,Sherman County,3045
2004,Texas,Smith County,187300
2004,Texas,Somervell County,7502
2004,Texas,Starr County,57857
2004,Texas,Stephens County,9327
2004,Texas,Sterling County,1261
2004,Texas,Stonewall County,1427
2004,Texas,Sutton County,4124
2004,Texas,Swisher County,8004
2004,Texas,Tarrant County,1580595
2004,Texas,Taylor County,126702
2004,Texas,Terrell County,939
2004,Texas,Terry County,12532
2004,Texas,Throckmorton County,1652
2004,Texas,Titus County,29461
2004,Texas,Tom Green County,104744
2004,Texas,Travis County,870809
2004,Texas,Trinity County,14246
2004,Texas,Tyler County,21038
2004,Texas,Upshur County,37530
2004,Texas,Upton County,3168
2004,Texas,Uvalde County,26205
2004,Texas,Val Verde County,46941
2004,Texas,Van Zandt County,51366
2004,Texas,Victoria County,84718
2004,Texas,Walker County,64551
2004,Texas,Waller County,36850
2004,Texas,Ward County,10189
2004,Texas,Washington County,31330
2004,Texas,Webb County,217858
2004,Texas,Wharton County,40992
2004,Texas,Wheeler County,4934
2004,Texas,Wichita County,131677
2004,Texas,Wilbarger County,13879
2004,Texas,Willacy County,20767
2004,Texas,Williamson County,316532
2004,Texas,Wilson County,36721
2004,Texas,Winkler County,6735
2004,Texas,Wise County,54497
2004,Texas,Wood County,39600
2004,Texas,Yoakum County,7362
2004,Texas,Young County,17921
2004,Texas,Zapata County,12727
2004,Texas,Zavala County,11512
2004,Utah,Beaver County,6077
2004,Utah,Box Elder County,44666
2004,Utah,Cache County,98854
2004,Utah,Carbon County,20026
2004,Utah,Daggett County,952
2004,Utah,Davis County,262189
2004,Utah,Duchesne County,15101
2004,Utah,Emery County,10460
2004,Utah,Garfield County,4552
2004,Utah,Grand County,8528
2004,Utah,Iron County,37223
2004,Utah,Juab County,8803
2004,Utah,Kane County,6200
2004,Utah,Millard County,12017
2004,Utah,Morgan County,7725
2004,Utah,Piute County,1430
2004,Utah,Rich County,2051
2004,Utah,Salt Lake County,934140
2004,Utah,San Juan County,13723
2004,Utah,Sanpete County,24217
2004,Utah,Sevier County,19412
2004,Utah,Summit County,33271
2004,Utah,Tooele County,47894
2004,Utah,Uintah County,26994
2004,Utah,Utah County,416220
2004,Utah,Wasatch County,18349
2004,Utah,Washington County,110207
2004,Utah,Wayne County,2505
2004,Utah,Weber County,207794
2004,Vermont,Addison County,36580
2004,Vermont,Bennington County,37062
2004,Vermont,Caledonia County,30642
2004,Vermont,Chittenden County,151445
2004,Vermont,Essex County,6478
2004,Vermont,Franklin County,46942
2004,Vermont,Grand Isle County,7265
2004,Vermont,Lamoille County,23444
2004,Vermont,Orange County,29040
2004,Vermont,Orleans County,27064
2004,Vermont,Rutland County,62997
2004,Vermont,Washington County,59081
2004,Vermont,Windham County,44241
2004,Vermont,Windsor County,57639
2004,Virginia,Accomack County,36310
2004,Virginia,Albemarle County,89491
2004,Virginia,Alexandria City,128765
2004,Virginia,Alleghany County,16645
2004,Virginia,Amelia County,11712
2004,Virginia,Amherst County,31783
2004,Virginia,Appomattox County,13916
2004,Virginia,Arlington County,187901
2004,Virginia,Augusta County,68899
2004,Virginia,Bath County,4934
2004,Virginia,Bedford County,63563
2004,Virginia,Bland County,6913
2004,Virginia,Botetourt County,31715
2004,Virginia,Bristol City,17536
2004,Virginia,Brunswick County,17981
2004,Virginia,Buchanan County,25647
2004,Virginia,Buckingham County,16168
2004,Virginia,Buena Vista City,6588
2004,Virginia,Campbell County,52093
2004,Virginia,Caroline County,23920
2004,Virginia,Carroll County,29670
2004,Virginia,Charles City County,7050
2004,Virginia,Charlotte County,12524
2004,Virginia,Charlottesville City,40281
2004,Virginia,Chesapeake City,211927
2004,Virginia,Chesterfield County,283030
2004,Virginia,Clarke County,13413
2004,Virginia,Colonial Heights City,17296
2004,Virginia,Covington City,6192
2004,Virginia,Craig County,5142
2004,Virginia,Culpeper County,39670
2004,Virginia,Cumberland County,9223
2004,Virginia,Danville City,45788
2004,Virginia,Dickenson County,16003
2004,Virginia,Dinwiddie County,25770
2004,Virginia,Emporia City,5659
2004,Virginia,Essex County,10238
2004,Virginia,Fairfax County,1010938
2004,Virginia,Fairfax City,21160
2004,Virginia,Falls Church City,10589
2004,Virginia,Fauquier County,61319
2004,Virginia,Floyd County,14371
2004,Virginia,Fluvanna County,23451
2004,Virginia,Franklin County,51001
2004,Virginia,Franklin City,8177
2004,Virginia,Frederick County,67442
2004,Virginia,Fredericksburg City,21567
2004,Virginia,Galax City,6790
2004,Virginia,Giles County,16786
2004,Virginia,Gloucester County,35714
2004,Virginia,Goochland County,18570
2004,Virginia,Grayson County,16301
2004,Virginia,Greene County,16895
2004,Virginia,Greensville County,11428
2004,Virginia,Halifax County,36382
2004,Virginia,Hampton City,140200
2004,Virginia,Hanover County,95295
2004,Virginia,Harrisonburg City,43753
2004,Virginia,Henrico County,280290
2004,Virginia,Henry County,56183
2004,Virginia,Highland County,2442
2004,Virginia,Hopewell City,21998
2004,Virginia,Isle Of Wight County,31899
2004,Virginia,James City County,56182
2004,Virginia,King George County,19124
2004,Virginia,King William County,13975
2004,Virginia,King And Queen County,6739
2004,Virginia,Lancaster County,11514
2004,Virginia,Lee County,25168
2004,Virginia,Lexington City,6810
2004,Virginia,Loudoun County,238299
2004,Virginia,Louisa County,28582
2004,Virginia,Lunenburg County,12952
2004,Virginia,Lynchburg City,67021
2004,Virginia,Madison County,12902
2004,Virginia,Manassas Park City,11982
2004,Virginia,Manassas City,36564
2004,Virginia,Martinsville City,14448
2004,Virginia,Mathews County,9021
2004,Virginia,Mecklenburg County,32547
2004,Virginia,Middlesex County,10399
2004,Virginia,Montgomery County,87289
2004,Virginia,Nelson County,14699
2004,Virginia,New Kent County,15317
2004,Virginia,Newport News City,185204
2004,Virginia,Norfolk City,243836
2004,Virginia,Northampton County,12759
2004,Virginia,Northumberland County,12487
2004,Virginia,Norton City,3847
2004,Virginia,Nottoway County,15628
2004,Virginia,Orange County,28658
2004,Virginia,Page County,23527
2004,Virginia,Patrick County,18836
2004,Virginia,Petersburg City,32292
2004,Virginia,Pittsylvania County,62279
2004,Virginia,Poquoson City,11772
2004,Virginia,Portsmouth City,97428
2004,Virginia,Powhatan County,25568
2004,Virginia,Prince Edward County,20639
2004,Virginia,Prince George County,34925
2004,Virginia,Prince William County,337439
2004,Virginia,Pulaski County,34829
2004,Virginia,Radford City,15743
2004,Virginia,Rappahannock County,7289
2004,Virginia,Richmond County,9202
2004,Virginia,Richmond City,196878
2004,Virginia,Roanoke County,88177
2004,Virginia,Roanoke City,93614
2004,Virginia,Rockbridge County,21432
2004,Virginia,Rockingham County,70789
2004,Virginia,Russell County,28546
2004,Virginia,Salem City,24096
2004,Virginia,Scott County,22954
2004,Virginia,Shenandoah County,38272
2004,Virginia,Smyth County,32570
2004,Virginia,Southampton County,17535
2004,Virginia,Spotsylvania County,110580
2004,Virginia,Stafford County,113798
2004,Virginia,Staunton City,23501
2004,Virginia,Suffolk City,75725
2004,Virginia,Surry County,6873
2004,Virginia,Sussex County,12014
2004,Virginia,Tazewell County,44102
2004,Virginia,Virginia Beach City,437494
2004,Virginia,Warren County,34434
2004,Virginia,Washington County,52341
2004,Virginia,Waynesboro City,20351
2004,Virginia,Westmoreland County,16658
2004,Virginia,Williamsburg City,11986
2004,Virginia,Winchester City,25175
2004,Virginia,Wise County,41591
2004,Virginia,Wythe County,27947
2004,Virginia,York County,61926
2004,Washington,Adams County,16664
2004,Washington,Asotin County,20783
2004,Washington,Benton County,155689
2004,Washington,Chelan County,67882
2004,Washington,Clallam County,67411
2004,Washington,Clark County,384931
2004,Washington,Columbia County,4027
2004,Washington,Cowlitz County,95541
2004,Washington,Douglas County,34086
2004,Washington,Ferry County,7478
2004,Washington,Franklin County,58165
2004,Washington,Garfield County,2270
2004,Washington,Grant County,78734
2004,Washington,Grays Harbor County,69775
2004,Washington,Island County,77667
2004,Washington,Jefferson County,27949
2004,Washington,King County,1775297
2004,Washington,Kitsap County,241960
2004,Washington,Kittitas County,36921
2004,Washington,Klickitat County,19232
2004,Washington,Lewis County,71021
2004,Washington,Lincoln County,10442
2004,Washington,Mason County,53819
2004,Washington,Okanogan County,38847
2004,Washington,Pacific County,20953
2004,Washington,Pend Oreille County,12244
2004,Washington,Pierce County,740137
2004,Washington,San Juan County,15071
2004,Washington,Skagit County,109030
2004,Washington,Skamania County,10236
2004,Washington,Snohomish County,643533
2004,Washington,Spokane County,435268
2004,Washington,Stevens County,41022
2004,Washington,Thurston County,222985
2004,Washington,Wahkiakum County,3729
2004,Washington,Walla Walla County,56652
2004,Washington,Whatcom County,181756
2004,Washington,Whitman County,42158
2004,Washington,Yakima County,227280
2004,West Virginia,Barbour County,15629
2004,West Virginia,Berkeley County,88258
2004,West Virginia,Boone County,25455
2004,West Virginia,Braxton County,14696
2004,West Virginia,Brooke County,24867
2004,West Virginia,Cabell County,95239
2004,West Virginia,Calhoun County,7411
2004,West Virginia,Clay County,10055
2004,West Virginia,Doddridge County,7669
2004,West Virginia,Fayette County,46717
2004,West Virginia,Gilmer County,7764
2004,West Virginia,Grant County,11558
2004,West Virginia,Greenbrier County,34938
2004,West Virginia,Hampshire County,21766
2004,West Virginia,Hancock County,31600
2004,West Virginia,Hardy County,13325
2004,West Virginia,Harrison County,67900
2004,West Virginia,Jackson County,28676
2004,West Virginia,Jefferson County,47163
2004,West Virginia,Kanawha County,195364
2004,West Virginia,Lewis County,16622
2004,West Virginia,Lincoln County,22168
2004,West Virginia,Logan County,36582
2004,West Virginia,Marion County,55957
2004,West Virginia,Marshall County,34521
2004,West Virginia,Mason County,26521
2004,West Virginia,Mcdowell County,24264
2004,West Virginia,Mercer County,61694
2004,West Virginia,Mineral County,27250
2004,West Virginia,Mingo County,27214
2004,West Virginia,Monongalia County,87101
2004,West Virginia,Monroe County,13355
2004,West Virginia,Morgan County,16117
2004,West Virginia,Nicholas County,26089
2004,West Virginia,Ohio County,45424
2004,West Virginia,Pendleton County,8036
2004,West Virginia,Pleasants County,7731
2004,West Virginia,Pocahontas County,9090
2004,West Virginia,Preston County,30961
2004,West Virginia,Putnam County,53122
2004,West Virginia,Raleigh County,78428
2004,West Virginia,Randolph County,28648
2004,West Virginia,Ritchie County,10415
2004,West Virginia,Roane County,15337
2004,West Virginia,Summers County,13997
2004,West Virginia,Taylor County,16247
2004,West Virginia,Tucker County,7223
2004,West Virginia,Tyler County,9517
2004,West Virginia,Upshur County,23820
2004,West Virginia,Wayne County,42955
2004,West Virginia,Webster County,9612
2004,West Virginia,Wetzel County,17183
2004,West Virginia,Wirt County,5813
2004,West Virginia,Wood County,86892
2004,West Virginia,Wyoming County,24482
2004,Wisconsin,Adams County,20774
2004,Wisconsin,Ashland County,16547
2004,Wisconsin,Barron County,45804
2004,Wisconsin,Bayfield County,15164
2004,Wisconsin,Brown County,236654
2004,Wisconsin,Buffalo County,13785
2004,Wisconsin,Burnett County,16180
2004,Wisconsin,Calumet County,45456
2004,Wisconsin,Chippewa County,58801
2004,Wisconsin,Clark County,34234
2004,Wisconsin,Columbia County,55048
2004,Wisconsin,Crawford County,17007
2004,Wisconsin,Dane County,453327
2004,Wisconsin,Dodge County,88070
2004,Wisconsin,Door County,28213
2004,Wisconsin,Douglas County,43833
2004,Wisconsin,Dunn County,41690
2004,Wisconsin,Eau Claire County,94618
2004,Wisconsin,Florence County,4890
2004,Wisconsin,Fond Du Lac County,98929
2004,Wisconsin,Forest County,9924
2004,Wisconsin,Grant County,50143
2004,Wisconsin,Green County,34801
2004,Wisconsin,Green Lake County,19220
2004,Wisconsin,Iowa County,23187
2004,Wisconsin,Iron County,6508
2004,Wisconsin,Jackson County,19633
2004,Wisconsin,Jefferson County,79408
2004,Wisconsin,Juneau County,25445
2004,Wisconsin,Kenosha County,157968
2004,Wisconsin,Kewaunee County,20562
2004,Wisconsin,La Crosse County,109410
2004,Wisconsin,Lafayette County,16615
2004,Wisconsin,Langlade County,20686
2004,Wisconsin,Lincoln County,29666
2004,Wisconsin,Manitowoc County,81846
2004,Wisconsin,Marathon County,127855
2004,Wisconsin,Marinette County,42680
2004,Wisconsin,Marquette County,15157
2004,Wisconsin,Menominee County,4406
2004,Wisconsin,Milwaukee County,936914
2004,Wisconsin,Monroe County,42229
2004,Wisconsin,Oconto County,37354
2004,Wisconsin,Oneida County,37035
2004,Wisconsin,Outagamie County,168136
2004,Wisconsin,Ozaukee County,85069
2004,Wisconsin,Pepin County,7536
2004,Wisconsin,Pierce County,38789
2004,Wisconsin,Polk County,43584
2004,Wisconsin,Portage County,67789
2004,Wisconsin,Price County,15189
2004,Wisconsin,Racine County,191808
2004,Wisconsin,Richland County,18322
2004,Wisconsin,Rock County,155685
2004,Wisconsin,Rusk County,15189
2004,Wisconsin,Sauk County,58020
2004,Wisconsin,Sawyer County,16552
2004,Wisconsin,Shawano County,41273
2004,Wisconsin,Sheboygan County,113832
2004,Wisconsin,St. Croix County,73988
2004,Wisconsin,Taylor County,20186
2004,Wisconsin,Trempealeau County,27676
2004,Wisconsin,Vernon County,28652
2004,Wisconsin,Vilas County,22069
2004,Wisconsin,Walworth County,98128
2004,Wisconsin,Washburn County,16126
2004,Wisconsin,Washington County,124076
2004,Wisconsin,Waukesha County,376243
2004,Wisconsin,Waupaca County,52605
2004,Wisconsin,Waushara County,24534
2004,Wisconsin,Winnebago County,160130
2004,Wisconsin,Wood County,75164
2004,Wyoming,Albany County,33580
2004,Wyoming,Big Horn County,11231
2004,Wyoming,Campbell County,36907
2004,Wyoming,Carbon County,15236
2004,Wyoming,Converse County,12350
2004,Wyoming,Crook County,6052
2004,Wyoming,Fremont County,36383
2004,Wyoming,Goshen County,12473
2004,Wyoming,Hot Springs County,4629
2004,Wyoming,Johnson County,7554
2004,Wyoming,Laramie County,85427
2004,Wyoming,Lincoln County,15539
2004,Wyoming,Natrona County,69035
2004,Wyoming,Niobrara County,2319
2004,Wyoming,Park County,26078
2004,Wyoming,Platte County,8730
2004,Wyoming,Sheridan County,26942
2004,Wyoming,Sublette County,7072
2004,Wyoming,Sweetwater County,38026
2004,Wyoming,Teton County,19467
2004,Wyoming,Uinta County,19470
2004,Wyoming,Washakie County,7960
2004,Wyoming,Weston County,6646
2008,Alabama,Autauga County,53277
2008,Alabama,Baldwin County,175827
2008,Alabama,Barbour County,27808
2008,Alabama,Bibb County,22705
2008,Alabama,Blount County,57055
2008,Alabama,Bullock County,10953
2008,Alabama,Butler County,20949
2008,Alabama,Calhoun County,117274
2008,Alabama,Chambers County,34563
2008,Alabama,Cherokee County,25636
2008,Alabama,Chilton County,43239
2008,Alabama,Choctaw County,14114
2008,Alabama,Clarke County,26283
2008,Alabama,Clay County,14161
2008,Alabama,Cleburne County,14874
2008,Alabama,Coffee County,48516
2008,Alabama,Colbert County,54473
2008,Alabama,Conecuh County,13388
2008,Alabama,Coosa County,11493
2008,Alabama,Covington County,37545
2008,Alabama,Crenshaw County,13922
2008,Alabama,Cullman County,80273
2008,Alabama,Dale County,49871
2008,Alabama,Dallas County,44265
2008,Alabama,Dekalb County,70228
2008,Alabama,Elmore County,77698
2008,Alabama,Escambia County,37929
2008,Alabama,Etowah County,104206
2008,Alabama,Fayette County,17541
2008,Alabama,Franklin County,31459
2008,Alabama,Geneva County,26646
2008,Alabama,Greene County,9359
2008,Alabama,Hale County,16260
2008,Alabama,Henry County,17129
2008,Alabama,Houston County,99183
2008,Alabama,Jackson County,53525
2008,Alabama,Jefferson County,656510
2008,Alabama,Lamar County,14799
2008,Alabama,Lauderdale County,92202
2008,Alabama,Lawrence County,34196
2008,Alabama,Lee County,134524
2008,Alabama,Limestone County,78835
2008,Alabama,Lowndes County,11813
2008,Alabama,Macon County,21597
2008,Alabama,Madison County,323526
2008,Alabama,Marengo County,21331
2008,Alabama,Marion County,30918
2008,Alabama,Marshall County,91072
2008,Alabama,Mobile County,409196
2008,Alabama,Monroe County,23393
2008,Alabama,Montgomery County,227461
2008,Alabama,Morgan County,117694
2008,Alabama,Perry County,10722
2008,Alabama,Pickens County,19951
2008,Alabama,Pike County,32149
2008,Alabama,Randolph County,22946
2008,Alabama,Russell County,51434
2008,Alabama,Shelby County,188534
2008,Alabama,St. Clair County,81223
2008,Alabama,Sumter County,13882
2008,Alabama,Talladega County,82735
2008,Alabama,Tallapoosa County,41668
2008,Alabama,Tuscaloosa County,188093
2008,Alabama,Walker County,67835
2008,Alabama,Washington County,17496
2008,Alabama,Wilcox County,12148
2008,Alabama,Winston County,24696
2008,Arizona,Apache County,69883
2008,Arizona,Cochise County,129023
2008,Arizona,Coconino County,131853
2008,Arizona,Gila County,53437
2008,Arizona,Graham County,36639
2008,Arizona,Greenlee County,8561
2008,Arizona,La Paz County,20555
2008,Arizona,Maricopa County,3771061
2008,Arizona,Mohave County,200078
2008,Arizona,Navajo County,107626
2008,Arizona,Pima County,967778
2008,Arizona,Pinal County,335311
2008,Arizona,Santa Cruz County,46144
2008,Arizona,Yavapai County,211211
2008,Arizona,Yuma County,191202
2008,Arkansas,Arkansas County,19275
2008,Arkansas,Ashley County,22148
2008,Arkansas,Baxter County,41519
2008,Arkansas,Benton County,210807
2008,Arkansas,Boone County,36974
2008,Arkansas,Bradley County,11643
2008,Arkansas,Calhoun County,5528
2008,Arkansas,Carroll County,26822
2008,Arkansas,Chicot County,12050
2008,Arkansas,Clark County,23272
2008,Arkansas,Clay County,16209
2008,Arkansas,Cleburne County,25623
2008,Arkansas,Cleveland County,8775
2008,Arkansas,Columbia County,24666
2008,Arkansas,Conway County,21025
2008,Arkansas,Craighead County,93316
2008,Arkansas,Crawford County,60933
2008,Arkansas,Crittenden County,50699
2008,Arkansas,Cross County,18200
2008,Arkansas,Dallas County,8282
2008,Arkansas,Desha County,13273
2008,Arkansas,Drew County,18481
2008,Arkansas,Faulkner County,108477
2008,Arkansas,Franklin County,18229
2008,Arkansas,Fulton County,12382
2008,Arkansas,Garland County,95636
2008,Arkansas,Grant County,17718
2008,Arkansas,Greene County,41286
2008,Arkansas,Hempstead County,22624
2008,Arkansas,Hot Spring County,32737
2008,Arkansas,Howard County,13804
2008,Arkansas,Independence County,35859
2008,Arkansas,Izard County,13681
2008,Arkansas,Jackson County,17966
2008,Arkansas,Jefferson County,78354
2008,Arkansas,Johnson County,25236
2008,Arkansas,Lafayette County,7806
2008,Arkansas,Lawrence County,17460
2008,Arkansas,Lee County,10786
2008,Arkansas,Lincoln County,14176
2008,Arkansas,Little River County,13099
2008,Arkansas,Logan County,22699
2008,Arkansas,Lonoke County,66086
2008,Arkansas,Madison County,15619
2008,Arkansas,Marion County,16996
2008,Arkansas,Miller County,43047
2008,Arkansas,Mississippi County,47037
2008,Arkansas,Monroe County,8456
2008,Arkansas,Montgomery County,9573
2008,Arkansas,Nevada County,9062
2008,Arkansas,Newton County,8423
2008,Arkansas,Ouachita County,26202
2008,Arkansas,Perry County,10441
2008,Arkansas,Phillips County,22411
2008,Arkansas,Pike County,11283
2008,Arkansas,Poinsett County,24599
2008,Arkansas,Polk County,20388
2008,Arkansas,Pope County,60528
2008,Arkansas,Prairie County,8806
2008,Arkansas,Pulaski County,376567
2008,Arkansas,Randolph County,18072
2008,Arkansas,Saline County,102599
2008,Arkansas,Scott County,11227
2008,Arkansas,Searcy County,8274
2008,Arkansas,Sebastian County,123762
2008,Arkansas,Sevier County,16606
2008,Arkansas,Sharp County,17416
2008,Arkansas,St. Francis County,28110
2008,Arkansas,Stone County,12370
2008,Arkansas,Union County,42222
2008,Arkansas,Van Buren County,17373
2008,Arkansas,Washington County,197223
2008,Arkansas,White County,74848
2008,Arkansas,Woodruff County,7458
2008,Arkansas,Yell County,21935
2008,California,Alameda County,1477208
2008,California,Alpine County,1202
2008,California,Amador County,38248
2008,California,Butte County,219034
2008,California,Calaveras County,46265
2008,California,Colusa County,21134
2008,California,Contra Costa County,1023344
2008,California,Del Norte County,28496
2008,California,El Dorado County,179150
2008,California,Fresno County,909630
2008,California,Glenn County,28019
2008,California,Humboldt County,132657
2008,California,Imperial County,167917
2008,California,Inyo County,18318
2008,California,Kern County,818327
2008,California,Kings County,152027
2008,California,Lake County,64392
2008,California,Lassen County,35221
2008,California,Los Angeles County,9735147
2008,California,Madera County,148359
2008,California,Marin County,248398
2008,California,Mariposa County,18412
2008,California,Mendocino County,87468
2008,California,Merced County,250538
2008,California,Modoc County,9551
2008,California,Mono County,13862
2008,California,Monterey County,406022
2008,California,Napa County,134093
2008,California,Nevada County,98200
2008,California,Orange County,2957593
2008,California,Placer County,337568
2008,California,Plumas County,20410
2008,California,Riverside County,2109712
2008,California,Sacramento County,1394438
2008,California,San Benito County,54267
2008,California,San Bernardino County,2003735
2008,California,San Diego County,3022116
2008,California,San Francisco County,791152
2008,California,San Joaquin County,671692
2008,California,San Luis Obispo County,266358
2008,California,San Mateo County,703830
2008,California,Santa Barbara County,415859
2008,California,Santa Clara County,1740964
2008,California,Santa Cruz County,256520
2008,California,Shasta County,177247
2008,California,Sierra County,3320
2008,California,Siskiyou County,44780
2008,California,Solano County,408972
2008,California,Sonoma County,473091
2008,California,Stanislaus County,509032
2008,California,Sutter County,93855
2008,California,Tehama County,62648
2008,California,Trinity County,13656
2008,California,Tulare County,429283
2008,California,Tuolumne County,56320
2008,California,Ventura County,806353
2008,California,Yolo County,197154
2008,California,Yuba County,71773
2008,Colorado,Adams County,424913
2008,Colorado,Alamosa County,15300
2008,Colorado,Arapahoe County,552461
2008,Colorado,Archuleta County,12250
2008,Colorado,Baca County,3806
2008,Colorado,Bent County,5962
2008,Colorado,Boulder County,290859
2008,Colorado,Chaffee County,17573
2008,Colorado,Cheyenne County,1881
2008,Colorado,Clear Creek County,9138
2008,Colorado,Conejos County,8200
2008,Colorado,Costilla County,3532
2008,Colorado,Crowley County,5947
2008,Colorado,Custer County,4107
2008,Colorado,Delta County,30712
2008,Colorado,Denver County,575721
2008,Colorado,Dolores County,2061
2008,Colorado,Douglas County,275500
2008,Colorado,Eagle County,51049
2008,Colorado,El Paso County,597919
2008,Colorado,Elbert County,22634
2008,Colorado,Fremont County,47166
2008,Colorado,Garfield County,55449
2008,Colorado,Gilpin County,5026
2008,Colorado,Grand County,14622
2008,Colorado,Gunnison County,15250
2008,Colorado,Hinsdale County,818
2008,Colorado,Huerfano County,7073
2008,Colorado,Jackson County,1378
2008,Colorado,Jefferson County,529003
2008,Colorado,Kiowa County,1392
2008,Colorado,Kit Carson County,8157
2008,Colorado,La Plata County,50291
2008,Colorado,Lake County,7450
2008,Colorado,Larimer County,291650
2008,Colorado,Las Animas County,15770
2008,Colorado,Lincoln County,5468
2008,Colorado,Logan County,22128
2008,Colorado,Mesa County,143155
2008,Colorado,Mineral County,774
2008,Colorado,Moffat County,13585
2008,Colorado,Montezuma County,25222
2008,Colorado,Montrose County,40658
2008,Colorado,Morgan County,27701
2008,Colorado,Otero County,18726
2008,Colorado,Ouray County,4405
2008,Colorado,Park County,16394
2008,Colorado,Phillips County,4349
2008,Colorado,Pitkin County,16454
2008,Colorado,Prowers County,12663
2008,Colorado,Pueblo County,156748
2008,Colorado,Rio Blanco County,6522
2008,Colorado,Rio Grande County,11860
2008,Colorado,Routt County,23135
2008,Colorado,Saguache County,6179
2008,Colorado,San Juan County,670
2008,Colorado,San Miguel County,7366
2008,Colorado,Sedgwick County,2421
2008,Colorado,Summit County,27144
2008,Colorado,Teller County,22725
2008,Colorado,Washington County,4792
2008,Colorado,Weld County,243442
2008,Colorado,Yuma County,9843
2008,Connecticut,Fairfield County,903824
2008,Connecticut,Hartford County,887891
2008,Connecticut,Litchfield County,190175
2008,Connecticut,Middlesex County,164962
2008,Connecticut,New Haven County,856622
2008,Connecticut,New London County,272634
2008,Connecticut,Tolland County,151583
2008,Connecticut,Windham County,117888
2008,Delaware,Kent County,157925
2008,Delaware,New Castle County,533958
2008,Delaware,Sussex County,191991
2008,District Of Columbia,District Of Columbia,580236
2008,Florida,Alachua County,244888
2008,Florida,Baker County,26725
2008,Florida,Bay County,166267
2008,Florida,Bradford County,28961
2008,Florida,Brevard County,542378
2008,Florida,Broward County,1723633
2008,Florida,Calhoun County,14351
2008,Florida,Charlotte County,160467
2008,Florida,Citrus County,142122
2008,Florida,Clay County,187289
2008,Florida,Collier County,316641
2008,Florida,Columbia County,67318
2008,Florida,Desoto County,34374
2008,Florida,Dixie County,16214
2008,Florida,Duval County,855437
2008,Florida,Escambia County,296854
2008,Florida,Flagler County,93546
2008,Florida,Franklin County,11484
2008,Florida,Gadsden County,46319
2008,Florida,Gilchrist County,16797
2008,Florida,Glades County,12752
2008,Florida,Gulf County,15851
2008,Florida,Hamilton County,14785
2008,Florida,Hardee County,27603
2008,Florida,Hendry County,39177
2008,Florida,Hernando County,172437
2008,Florida,Highlands County,99568
2008,Florida,Hillsborough County,1196773
2008,Florida,Holmes County,20141
2008,Florida,Indian River County,136277
2008,Florida,Jackson County,50272
2008,Florida,Jefferson County,14606
2008,Florida,Lafayette County,8465
2008,Florida,Lake County,293654
2008,Florida,Lee County,610984
2008,Florida,Leon County,271130
2008,Florida,Levy County,40809
2008,Florida,Liberty County,8323
2008,Florida,Madison County,19347
2008,Florida,Manatee County,318766
2008,Florida,Marion County,330052
2008,Florida,Martin County,144369
2008,Florida,Miami-Dade County,2436062
2008,Florida,Monroe County,72730
2008,Florida,Nassau County,71557
2008,Florida,Okaloosa County,181752
2008,Florida,Okeechobee County,39968
2008,Florida,Orange County,1115525
2008,Florida,Osceola County,261746
2008,Florida,Palm Beach County,1294938
2008,Florida,Pasco County,461313
2008,Florida,Pinellas County,916458
2008,Florida,Polk County,594801
2008,Florida,Putnam County,74999
2008,Florida,Santa Rosa County,148538
2008,Florida,Sarasota County,377178
2008,Florida,Seminole County,416564
2008,Florida,St. Johns County,181720
2008,Florida,St. Lucie County,273151
2008,Florida,Sumter County,86433
2008,Florida,Suwannee County,40774
2008,Florida,Taylor County,22356
2008,Florida,Union County,15718
2008,Florida,Volusia County,497366
2008,Florida,Wakulla County,29183
2008,Florida,Walton County,53563
2008,Florida,Washington County,24706
2008,Georgia,Appling County,18133
2008,Georgia,Atkinson County,8366
2008,Georgia,Bacon County,10987
2008,Georgia,Baker County,3728
2008,Georgia,Baldwin County,47855
2008,Georgia,Banks County,17953
2008,Georgia,Barrow County,67362
2008,Georgia,Bartow County,98415
2008,Georgia,Ben Hill County,17675
2008,Georgia,Berrien County,18863
2008,Georgia,Bibb County,154384
2008,Georgia,Bleckley County,12985
2008,Georgia,Brantley County,17593
2008,Georgia,Brooks County,16475
2008,Georgia,Bryan County,29178
2008,Georgia,Bulloch County,67092
2008,Georgia,Burke County,23084
2008,Georgia,Butts County,23794
2008,Georgia,Calhoun County,6456
2008,Georgia,Camden County,49713
2008,Georgia,Candler County,10691
2008,Georgia,Carroll County,110242
2008,Georgia,Catoosa County,63271
2008,Georgia,Charlton County,12604
2008,Georgia,Chatham County,255269
2008,Georgia,Chattahoochee County,11624
2008,Georgia,Chattooga County,26146
2008,Georgia,Cherokee County,208271
2008,Georgia,Clarke County,115768
2008,Georgia,Clay County,3233
2008,Georgia,Clayton County,262099
2008,Georgia,Clinch County,6941
2008,Georgia,Cobb County,679822
2008,Georgia,Coffee County,41813
2008,Georgia,Colquitt County,44872
2008,Georgia,Columbia County,117504
2008,Georgia,Cook County,17067
2008,Georgia,Coweta County,122281
2008,Georgia,Crawford County,12967
2008,Georgia,Crisp County,23243
2008,Georgia,Dade County,16651
2008,Georgia,Dawson County,21951
2008,Georgia,Dekalb County,685646
2008,Georgia,Decatur County,28010
2008,Georgia,Dodge County,21399
2008,Georgia,Dooly County,14191
2008,Georgia,Dougherty County,94363
2008,Georgia,Douglas County,129508
2008,Georgia,Early County,11262
2008,Georgia,Echols County,3954
2008,Georgia,Effingham County,50738
2008,Georgia,Elbert County,20477
2008,Georgia,Emanuel County,22421
2008,Georgia,Evans County,11020
2008,Georgia,Fannin County,23416
2008,Georgia,Fayette County,105192
2008,Georgia,Floyd County,95922
2008,Georgia,Forsyth County,166338
2008,Georgia,Franklin County,22254
2008,Georgia,Fulton County,888694
2008,Georgia,Gilmer County,28211
2008,Georgia,Glascock County,3010
2008,Georgia,Glynn County,78013
2008,Georgia,Gordon County,54567
2008,Georgia,Grady County,24728
2008,Georgia,Greene County,15869
2008,Georgia,Gwinnett County,780721
2008,Georgia,Habersham County,42550
2008,Georgia,Hall County,177277
2008,Georgia,Hancock County,9808
2008,Georgia,Haralson County,28645
2008,Georgia,Harris County,30807
2008,Georgia,Hart County,25138
2008,Georgia,Heard County,11809
2008,Georgia,Henry County,194658
2008,Georgia,Houston County,134922
2008,Georgia,Irwin County,9803
2008,Georgia,Jackson County,59420
2008,Georgia,Jasper County,13769
2008,Georgia,Jeff Davis County,14577
2008,Georgia,Jefferson County,16925
2008,Georgia,Jenkins County,8340
2008,Georgia,Johnson County,10127
2008,Georgia,Jones County,28552
2008,Georgia,Lamar County,18025
2008,Georgia,Lanier County,9560
2008,Georgia,Laurens County,48192
2008,Georgia,Lee County,28111
2008,Georgia,Liberty County,62635
2008,Georgia,Lincoln County,8156
2008,Georgia,Long County,12744
2008,Georgia,Lowndes County,104918
2008,Georgia,Lumpkin County,29128
2008,Georgia,Macon County,14496
2008,Georgia,Madison County,27820
2008,Georgia,Marion County,8357
2008,Georgia,Mcduffie County,21790
2008,Georgia,Mcintosh County,13973
2008,Georgia,Meriwether County,22632
2008,Georgia,Miller County,6158
2008,Georgia,Mitchell County,23840
2008,Georgia,Monroe County,25969
2008,Georgia,Montgomery County,9100
2008,Georgia,Morgan County,17958
2008,Georgia,Murray County,39869
2008,Georgia,Muscogee County,184763
2008,Georgia,Newton County,98240
2008,Georgia,Oconee County,31697
2008,Georgia,Oglethorpe County,14663
2008,Georgia,Paulding County,137066
2008,Georgia,Peach County,27222
2008,Georgia,Pickens County,29531
2008,Georgia,Pierce County,18210
2008,Georgia,Pike County,17619
2008,Georgia,Polk County,41407
2008,Georgia,Pulaski County,11638
2008,Georgia,Putnam County,21075
2008,Georgia,Quitman County,2547
2008,Georgia,Rabun County,16359
2008,Georgia,Randolph County,7645
2008,Georgia,Richmond County,198423
2008,Georgia,Rockdale County,83558
2008,Georgia,Schley County,4835
2008,Georgia,Screven County,14843
2008,Georgia,Seminole County,8827
2008,Georgia,Spalding County,63651
2008,Georgia,Stephens County,26004
2008,Georgia,Stewart County,5814
2008,Georgia,Sumter County,33012
2008,Georgia,Talbot County,6899
2008,Georgia,Taliaferro County,1820
2008,Georgia,Tattnall County,23801
2008,Georgia,Taylor County,8945
2008,Georgia,Telfair County,16230
2008,Georgia,Terrell County,9648
2008,Georgia,Thomas County,44627
2008,Georgia,Tift County,39806
2008,Georgia,Toombs County,27345
2008,Georgia,Towns County,10485
2008,Georgia,Treutlen County,6847
2008,Georgia,Troup County,65860
2008,Georgia,Turner County,9029
2008,Georgia,Twiggs County,9442
2008,Georgia,Union County,21285
2008,Georgia,Upson County,27321
2008,Georgia,Walker County,68103
2008,Georgia,Walton County,82602
2008,Georgia,Ware County,36065
2008,Georgia,Warren County,5942
2008,Georgia,Washington County,21202
2008,Georgia,Wayne County,30042
2008,Georgia,Webster County,2710
2008,Georgia,Wheeler County,7018
2008,Georgia,White County,26626
2008,Georgia,Whitfield County,100546
2008,Georgia,Wilcox County,9023
2008,Georgia,Wilkes County,10630
2008,Georgia,Wilkinson County,9691
2008,Georgia,Worth County,21701
2008,Hawaii,Hawaii County,181506
2008,Hawaii,Honolulu County,933680
2008,Hawaii,Kauai County,65603
2008,Hawaii,Maui County,151325
2008,Idaho,Ada County,382618
2008,Idaho,Adams County,4021
2008,Idaho,Bannock County,80609
2008,Idaho,Bear Lake County,6027
2008,Idaho,Benewah County,9385
2008,Idaho,Bingham County,44414
2008,Idaho,Blaine County,21477
2008,Idaho,Boise County,7148
2008,Idaho,Bonner County,40966
2008,Idaho,Bonneville County,100811
2008,Idaho,Boundary County,10831
2008,Idaho,Butte County,2846
2008,Idaho,Camas County,1120
2008,Idaho,Canyon County,184996
2008,Idaho,Caribou County,6840
2008,Idaho,Cassia County,22134
2008,Idaho,Clark County,981
2008,Idaho,Clearwater County,8764
2008,Idaho,Custer County,4300
2008,Idaho,Elmore County,26930
2008,Idaho,Franklin County,12570
2008,Idaho,Fremont County,13112
2008,Idaho,Gem County,16941
2008,Idaho,Gooding County,15216
2008,Idaho,Idaho County,15896
2008,Idaho,Jefferson County,24696
2008,Idaho,Jerome County,21217
2008,Idaho,Kootenai County,135627
2008,Idaho,Latah County,36524
2008,Idaho,Lemhi County,7902
2008,Idaho,Lewis County,3739
2008,Idaho,Lincoln County,5041
2008,Idaho,Madison County,36564
2008,Idaho,Minidoka County,19393
2008,Idaho,Nez Perce County,38810
2008,Idaho,Oneida County,4201
2008,Idaho,Owyhee County,11515
2008,Idaho,Payette County,22618
2008,Idaho,Power County,7564
2008,Idaho,Shoshone County,13031
2008,Idaho,Teton County,9627
2008,Idaho,Twin Falls County,75143
2008,Idaho,Valley County,10060
2008,Idaho,Washington County,10095
2008,Illinois,Adams County,66943
2008,Illinois,Alexander County,8461
2008,Illinois,Bond County,17916
2008,Illinois,Boone County,54211
2008,Illinois,Brown County,6896
2008,Illinois,Bureau County,35078
2008,Illinois,Calhoun County,5084
2008,Illinois,Carroll County,15638
2008,Illinois,Cass County,13660
2008,Illinois,Champaign County,197570
2008,Illinois,Christian County,34974
2008,Illinois,Clark County,16634
2008,Illinois,Clay County,13971
2008,Illinois,Clinton County,37472
2008,Illinois,Coles County,53454
2008,Illinois,Cook County,5161831
2008,Illinois,Crawford County,19831
2008,Illinois,Cumberland County,11100
2008,Illinois,De Witt County,16733
2008,Illinois,Dekalb County,104601
2008,Illinois,Douglas County,19970
2008,Illinois,Dupage County,909798
2008,Illinois,Edgar County,18768
2008,Illinois,Edwards County,6710
2008,Illinois,Effingham County,34173
2008,Illinois,Fayette County,22006
2008,Illinois,Ford County,14095
2008,Illinois,Franklin County,39546
2008,Illinois,Fulton County,37224
2008,Illinois,Gallatin County,5796
2008,Illinois,Greene County,13956
2008,Illinois,Grundy County,49166
2008,Illinois,Hamilton County,8454
2008,Illinois,Hancock County,19192
2008,Illinois,Hardin County,4386
2008,Illinois,Henderson County,7463
2008,Illinois,Henry County,50492
2008,Illinois,Iroquois County,30228
2008,Illinois,Jackson County,59605
2008,Illinois,Jasper County,9786
2008,Illinois,Jefferson County,39277
2008,Illinois,Jersey County,23084
2008,Illinois,Jo Daviess County,22715
2008,Illinois,Johnson County,12671
2008,Illinois,Kane County,504437
2008,Illinois,Kankakee County,112658
2008,Illinois,Kendall County,108559
2008,Illinois,Knox County,52836
2008,Illinois,Lasalle County,114171
2008,Illinois,Lake County,697369
2008,Illinois,Lawrence County,16935
2008,Illinois,Lee County,36272
2008,Illinois,Livingston County,39071
2008,Illinois,Logan County,30513
2008,Illinois,Macon County,110588
2008,Illinois,Macoupin County,48092
2008,Illinois,Madison County,268232
2008,Illinois,Marion County,39794
2008,Illinois,Marshall County,12725
2008,Illinois,Mason County,14962
2008,Illinois,Massac County,15408
2008,Illinois,Mcdonough County,32615
2008,Illinois,Mchenry County,307246
2008,Illinois,Mclean County,166825
2008,Illinois,Menard County,12780
2008,Illinois,Mercer County,16650
2008,Illinois,Monroe County,32533
2008,Illinois,Montgomery County,30276
2008,Illinois,Morgan County,35761
2008,Illinois,Moultrie County,14743
2008,Illinois,Ogle County,53802
2008,Illinois,Peoria County,184803
2008,Illinois,Perry County,22434
2008,Illinois,Piatt County,16716
2008,Illinois,Pike County,16615
2008,Illinois,Pope County,4393
2008,Illinois,Pulaski County,6198
2008,Illinois,Putnam County,5989
2008,Illinois,Randolph County,33584
2008,Illinois,Richland County,16061
2008,Illinois,Rock Island County,147501
2008,Illinois,Saline County,25140
2008,Illinois,Sangamon County,195094
2008,Illinois,Schuyler County,7543
2008,Illinois,Scott County,5373
2008,Illinois,Shelby County,22398
2008,Illinois,St. Clair County,266518
2008,Illinois,Stark County,6109
2008,Illinois,Stephenson County,47805
2008,Illinois,Tazewell County,133893
2008,Illinois,Union County,17965
2008,Illinois,Vermilion County,81930
2008,Illinois,Wabash County,12158
2008,Illinois,Warren County,17665
2008,Illinois,Washington County,14855
2008,Illinois,Wayne County,16930
2008,Illinois,White County,14868
2008,Illinois,Whiteside County,58784
2008,Illinois,Will County,671392
2008,Illinois,Williamson County,65674
2008,Illinois,Winnebago County,295726
2008,Illinois,Woodford County,38452
2008,Indiana,Adams County,34214
2008,Indiana,Allen County,351264
2008,Indiana,Bartholomew County,76080
2008,Indiana,Benton County,8801
2008,Indiana,Blackford County,12971
2008,Indiana,Boone County,54648
2008,Indiana,Brown County,15274
2008,Indiana,Carroll County,20114
2008,Indiana,Cass County,39070
2008,Indiana,Clark County,107406
2008,Indiana,Clay County,27058
2008,Indiana,Clinton County,33352
2008,Indiana,Crawford County,10792
2008,Indiana,Daviess County,30947
2008,Indiana,Dekalb County,42033
2008,Indiana,Dearborn County,49643
2008,Indiana,Decatur County,25600
2008,Indiana,Delaware County,117007
2008,Indiana,Dubois County,41955
2008,Indiana,Elkhart County,197762
2008,Indiana,Fayette County,24384
2008,Indiana,Floyd County,73775
2008,Indiana,Fountain County,17356
2008,Indiana,Franklin County,23330
2008,Indiana,Fulton County,20670
2008,Indiana,Gibson County,33331
2008,Indiana,Grant County,70250
2008,Indiana,Greene County,32977
2008,Indiana,Hamilton County,261974
2008,Indiana,Hancock County,68107
2008,Indiana,Harrison County,38628
2008,Indiana,Hendricks County,140710
2008,Indiana,Henry County,49420
2008,Indiana,Howard County,83472
2008,Indiana,Huntington County,37244
2008,Indiana,Jackson County,41705
2008,Indiana,Jasper County,33155
2008,Indiana,Jay County,21467
2008,Indiana,Jefferson County,32586
2008,Indiana,Jennings County,28480
2008,Indiana,Johnson County,136933
2008,Indiana,Knox County,38497
2008,Indiana,Kosciusko County,77091
2008,Indiana,Lagrange County,37181
2008,Indiana,Laporte County,111267
2008,Indiana,Lake County,495479
2008,Indiana,Lawrence County,46233
2008,Indiana,Madison County,131537
2008,Indiana,Marion County,889504
2008,Indiana,Marshall County,47012
2008,Indiana,Martin County,10304
2008,Indiana,Miami County,37281
2008,Indiana,Monroe County,134401
2008,Indiana,Montgomery County,38204
2008,Indiana,Morgan County,68964
2008,Indiana,Newton County,14348
2008,Indiana,Noble County,47561
2008,Indiana,Ohio County,6069
2008,Indiana,Orange County,19837
2008,Indiana,Owen County,21763
2008,Indiana,Parke County,17488
2008,Indiana,Perry County,19340
2008,Indiana,Pike County,13047
2008,Indiana,Porter County,162538
2008,Indiana,Posey County,26080
2008,Indiana,Pulaski County,13646
2008,Indiana,Putnam County,38325
2008,Indiana,Randolph County,26300
2008,Indiana,Ripley County,28605
2008,Indiana,Rush County,17543
2008,Indiana,Scott County,24089
2008,Indiana,Shelby County,44345
2008,Indiana,Spencer County,20978
2008,Indiana,St. Joseph County,267282
2008,Indiana,Starke County,23379
2008,Indiana,Steuben County,34055
2008,Indiana,Sullivan County,21550
2008,Indiana,Switzerland County,10387
2008,Indiana,Tippecanoe County,169039
2008,Indiana,Tipton County,16137
2008,Indiana,Union County,7428
2008,Indiana,Vanderburgh County,178053
2008,Indiana,Vermillion County,16387
2008,Indiana,Vigo County,106972
2008,Indiana,Wabash County,33238
2008,Indiana,Warren County,8602
2008,Indiana,Warrick County,58435
2008,Indiana,Washington County,28298
2008,Indiana,Wayne County,69093
2008,Indiana,Wells County,27751
2008,Indiana,White County,24871
2008,Indiana,Whitley County,33047
2008,Iowa,Adair County,7747
2008,Iowa,Adams County,4151
2008,Iowa,Allamakee County,14325
2008,Iowa,Appanoose County,12950
2008,Iowa,Audubon County,6200
2008,Iowa,Benton County,26097
2008,Iowa,Black Hawk County,129203
2008,Iowa,Boone County,26454
2008,Iowa,Bremer County,24162
2008,Iowa,Buchanan County,21154
2008,Iowa,Buena Vista County,19855
2008,Iowa,Butler County,14957
2008,Iowa,Calhoun County,9845
2008,Iowa,Carroll County,20742
2008,Iowa,Cass County,13935
2008,Iowa,Cedar County,18460
2008,Iowa,Cerro Gordo County,44285
2008,Iowa,Cherokee County,12014
2008,Iowa,Chickasaw County,12471
2008,Iowa,Clarke County,9217
2008,Iowa,Clay County,16697
2008,Iowa,Clayton County,18209
2008,Iowa,Clinton County,49303
2008,Iowa,Crawford County,16881
2008,Iowa,Dallas County,62144
2008,Iowa,Davis County,8675
2008,Iowa,Decatur County,8457
2008,Iowa,Delaware County,17840
2008,Iowa,Des Moines County,40235
2008,Iowa,Dickinson County,16690
2008,Iowa,Dubuque County,92519
2008,Iowa,Emmet County,10448
2008,Iowa,Fayette County,20910
2008,Iowa,Floyd County,16331
2008,Iowa,Franklin County,10690
2008,Iowa,Fremont County,7489
2008,Iowa,Greene County,9415
2008,Iowa,Grundy County,12359
2008,Iowa,Guthrie County,11038
2008,Iowa,Hamilton County,15863
2008,Iowa,Hancock County,11525
2008,Iowa,Hardin County,17690
2008,Iowa,Harrison County,14946
2008,Iowa,Henry County,20307
2008,Iowa,Howard County,9625
2008,Iowa,Humboldt County,9911
2008,Iowa,Ida County,7215
2008,Iowa,Iowa County,16337
2008,Iowa,Jackson County,19919
2008,Iowa,Jasper County,37103
2008,Iowa,Jefferson County,16607
2008,Iowa,Johnson County,127113
2008,Iowa,Jones County,20848
2008,Iowa,Keokuk County,10620
2008,Iowa,Kossuth County,15685
2008,Iowa,Lee County,35819
2008,Iowa,Linn County,208558
2008,Iowa,Louisa County,11830
2008,Iowa,Lucas County,9137
2008,Iowa,Lyon County,11545
2008,Iowa,Madison County,15517
2008,Iowa,Mahaska County,22483
2008,Iowa,Marion County,33515
2008,Iowa,Marshall County,40151
2008,Iowa,Mills County,15214
2008,Iowa,Mitchell County,10815
2008,Iowa,Monona County,9350
2008,Iowa,Monroe County,7904
2008,Iowa,Montgomery County,10823
2008,Iowa,Muscatine County,42515
2008,Iowa,O'Brien County,14332
2008,Iowa,Osceola County,6617
2008,Iowa,Page County,16083
2008,Iowa,Palo Alto County,9486
2008,Iowa,Plymouth County,24898
2008,Iowa,Pocahontas County,7510
2008,Iowa,Polk County,419495
2008,Iowa,Pottawattamie County,91781
2008,Iowa,Poweshiek County,19025
2008,Iowa,Ringgold County,5164
2008,Iowa,Sac County,10475
2008,Iowa,Scott County,161824
2008,Iowa,Shelby County,12338
2008,Iowa,Sioux County,33364
2008,Iowa,Story County,87831
2008,Iowa,Tama County,17986
2008,Iowa,Taylor County,6348
2008,Iowa,Union County,12447
2008,Iowa,Van Buren County,7699
2008,Iowa,Wapello County,35381
2008,Iowa,Warren County,45450
2008,Iowa,Washington County,21686
2008,Iowa,Wayne County,6373
2008,Iowa,Webster County,38273
2008,Iowa,Winnebago County,10927
2008,Iowa,Winneshiek County,20980
2008,Iowa,Woodbury County,100910
2008,Iowa,Worth County,7632
2008,Iowa,Wright County,13375
2008,Kansas,Allen County,13422
2008,Kansas,Anderson County,8158
2008,Kansas,Atchison County,16820
2008,Kansas,Barber County,4844
2008,Kansas,Barton County,27314
2008,Kansas,Bourbon County,15127
2008,Kansas,Brown County,9988
2008,Kansas,Butler County,64941
2008,Kansas,Chase County,2810
2008,Kansas,Chautauqua County,3735
2008,Kansas,Cherokee County,21720
2008,Kansas,Cheyenne County,2778
2008,Kansas,Clark County,2225
2008,Kansas,Clay County,8618
2008,Kansas,Cloud County,9541
2008,Kansas,Coffey County,8563
2008,Kansas,Comanche County,1902
2008,Kansas,Cowley County,36284
2008,Kansas,Crawford County,38997
2008,Kansas,Decatur County,2992
2008,Kansas,Dickinson County,19862
2008,Kansas,Doniphan County,8003
2008,Kansas,Douglas County,109010
2008,Kansas,Edwards County,3058
2008,Kansas,Elk County,2954
2008,Kansas,Ellis County,28010
2008,Kansas,Ellsworth County,6471
2008,Kansas,Finney County,35461
2008,Kansas,Ford County,32187
2008,Kansas,Franklin County,25851
2008,Kansas,Geary County,30276
2008,Kansas,Gove County,2646
2008,Kansas,Graham County,2669
2008,Kansas,Grant County,7674
2008,Kansas,Gray County,5821
2008,Kansas,Greeley County,1247
2008,Kansas,Greenwood County,6817
2008,Kansas,Hamilton County,2638
2008,Kansas,Harper County,6063
2008,Kansas,Harvey County,33994
2008,Kansas,Haskell County,4153
2008,Kansas,Hodgeman County,1949
2008,Kansas,Jackson County,13235
2008,Kansas,Jefferson County,19072
2008,Kansas,Jewell County,3137
2008,Kansas,Johnson County,532175
2008,Kansas,Kearny County,3909
2008,Kansas,Kingman County,7892
2008,Kansas,Kiowa County,2418
2008,Kansas,Labette County,21786
2008,Kansas,Lane County,1756
2008,Kansas,Leavenworth County,74560
2008,Kansas,Lincoln County,3333
2008,Kansas,Linn County,9731
2008,Kansas,Logan County,2779
2008,Kansas,Lyon County,35591
2008,Kansas,Marion County,12639
2008,Kansas,Marshall County,10174
2008,Kansas,Mcpherson County,29095
2008,Kansas,Meade County,4497
2008,Kansas,Miami County,32131
2008,Kansas,Mitchell County,6370
2008,Kansas,Montgomery County,35538
2008,Kansas,Morris County,5999
2008,Kansas,Morton County,3227
2008,Kansas,Nemaha County,10259
2008,Kansas,Neosho County,16587
2008,Kansas,Ness County,3127
2008,Kansas,Norton County,5702
2008,Kansas,Osage County,16439
2008,Kansas,Osborne County,3867
2008,Kansas,Ottawa County,6137
2008,Kansas,Pawnee County,6859
2008,Kansas,Phillips County,5586
2008,Kansas,Pottawatomie County,20884
2008,Kansas,Pratt County,9684
2008,Kansas,Rawlins County,2592
2008,Kansas,Reno County,63974
2008,Kansas,Republic County,5067
2008,Kansas,Rice County,10175
2008,Kansas,Riley County,69444
2008,Kansas,Rooks County,5254
2008,Kansas,Rush County,3310
2008,Kansas,Russell County,6869
2008,Kansas,Saline County,54811
2008,Kansas,Scott County,4729
2008,Kansas,Sedgwick County,486077
2008,Kansas,Seward County,22522
2008,Kansas,Shawnee County,175449
2008,Kansas,Sheridan County,2605
2008,Kansas,Sherman County,6017
2008,Kansas,Smith County,3909
2008,Kansas,Stafford County,4404
2008,Kansas,Stanton County,2169
2008,Kansas,Stevens County,5440
2008,Kansas,Sumner County,24238
2008,Kansas,Thomas County,7685
2008,Kansas,Trego County,2943
2008,Kansas,Wabaunsee County,7077
2008,Kansas,Wallace County,1447
2008,Kansas,Washington County,5848
2008,Kansas,Wichita County,2222
2008,Kansas,Wilson County,9592
2008,Kansas,Woodson County,3347
2008,Kansas,Wyandotte County,155092
2008,Kentucky,Adair County,18541
2008,Kentucky,Allen County,19838
2008,Kentucky,Anderson County,21088
2008,Kentucky,Ballard County,8265
2008,Kentucky,Barren County,41797
2008,Kentucky,Bath County,11647
2008,Kentucky,Bell County,28836
2008,Kentucky,Boone County,115262
2008,Kentucky,Bourbon County,20046
2008,Kentucky,Boyd County,49244
2008,Kentucky,Boyle County,28288
2008,Kentucky,Bracken County,8471
2008,Kentucky,Breathitt County,14249
2008,Kentucky,Breckinridge County,20018
2008,Kentucky,Bullitt County,72738
2008,Kentucky,Butler County,12745
2008,Kentucky,Caldwell County,12985
2008,Kentucky,Calloway County,36686
2008,Kentucky,Campbell County,88548
2008,Kentucky,Carlisle County,5093
2008,Kentucky,Carroll County,10744
2008,Kentucky,Carter County,27752
2008,Kentucky,Casey County,15970
2008,Kentucky,Christian County,72034
2008,Kentucky,Clark County,35256
2008,Kentucky,Clay County,22289
2008,Kentucky,Clinton County,10253
2008,Kentucky,Crittenden County,9408
2008,Kentucky,Cumberland County,6917
2008,Kentucky,Daviess County,95411
2008,Kentucky,Edmonson County,12127
2008,Kentucky,Elliott County,7556
2008,Kentucky,Estill County,14752
2008,Kentucky,Fayette County,287683
2008,Kentucky,Fleming County,14345
2008,Kentucky,Floyd County,39964
2008,Kentucky,Franklin County,49301
2008,Kentucky,Fulton County,6945
2008,Kentucky,Gallatin County,8420
2008,Kentucky,Garrard County,16906
2008,Kentucky,Grant County,24856
2008,Kentucky,Graves County,36862
2008,Kentucky,Grayson County,25558
2008,Kentucky,Green County,11432
2008,Kentucky,Greenup County,37106
2008,Kentucky,Hancock County,8567
2008,Kentucky,Hardin County,99926
2008,Kentucky,Harlan County,29591
2008,Kentucky,Harrison County,18876
2008,Kentucky,Hart County,18320
2008,Kentucky,Henderson County,46046
2008,Kentucky,Henry County,15511
2008,Kentucky,Hickman County,4957
2008,Kentucky,Hopkins County,47051
2008,Kentucky,Jackson County,13650
2008,Kentucky,Jefferson County,730194
2008,Kentucky,Jessamine County,47429
2008,Kentucky,Johnson County,23256
2008,Kentucky,Kenton County,158258
2008,Kentucky,Knott County,16616
2008,Kentucky,Knox County,31746
2008,Kentucky,Larue County,14100
2008,Kentucky,Laurel County,58142
2008,Kentucky,Lawrence County,15867
2008,Kentucky,Lee County,7859
2008,Kentucky,Leslie County,11465
2008,Kentucky,Letcher County,24363
2008,Kentucky,Lewis County,13997
2008,Kentucky,Lincoln County,24664
2008,Kentucky,Livingston County,9458
2008,Kentucky,Logan County,26802
2008,Kentucky,Lyon County,8374
2008,Kentucky,Madison County,81521
2008,Kentucky,Magoffin County,13233
2008,Kentucky,Marion County,19647
2008,Kentucky,Marshall County,31418
2008,Kentucky,Martin County,13160
2008,Kentucky,Mason County,17454
2008,Kentucky,Mccracken County,65287
2008,Kentucky,Mccreary County,18144
2008,Kentucky,Mclean County,9673
2008,Kentucky,Meade County,28962
2008,Kentucky,Menifee County,6457
2008,Kentucky,Mercer County,21273
2008,Kentucky,Metcalfe County,10166
2008,Kentucky,Monroe County,10990
2008,Kentucky,Montgomery County,25981
2008,Kentucky,Morgan County,14055
2008,Kentucky,Muhlenberg County,31486
2008,Kentucky,Nelson County,42588
2008,Kentucky,Nicholas County,7135
2008,Kentucky,Ohio County,24025
2008,Kentucky,Oldham County,59375
2008,Kentucky,Owen County,11010
2008,Kentucky,Owsley County,4761
2008,Kentucky,Pendleton County,14867
2008,Kentucky,Perry County,28686
2008,Kentucky,Pike County,65275
2008,Kentucky,Powell County,12794
2008,Kentucky,Pulaski County,62270
2008,Kentucky,Robertson County,2272
2008,Kentucky,Rockcastle County,17216
2008,Kentucky,Rowan County,23097
2008,Kentucky,Russell County,17529
2008,Kentucky,Scott County,45157
2008,Kentucky,Shelby County,41044
2008,Kentucky,Simpson County,17182
2008,Kentucky,Spencer County,16845
2008,Kentucky,Taylor County,24256
2008,Kentucky,Todd County,12340
2008,Kentucky,Trigg County,14153
2008,Kentucky,Trimble County,8950
2008,Kentucky,Union County,15072
2008,Kentucky,Warren County,109803
2008,Kentucky,Washington County,11551
2008,Kentucky,Wayne County,20757
2008,Kentucky,Webster County,13646
2008,Kentucky,Whitley County,36163
2008,Kentucky,Wolfe County,7294
2008,Kentucky,Woodford County,24541
2008,Louisiana,Acadia Parish,61115
2008,Louisiana,Allen Parish,25854
2008,Louisiana,Ascension Parish,102891
2008,Louisiana,Assumption Parish,23534
2008,Louisiana,Avoyelles Parish,42040
2008,Louisiana,Beauregard Parish,34893
2008,Louisiana,Bienville Parish,14494
2008,Louisiana,Bossier Parish,113824
2008,Louisiana,Caddo Parish,251953
2008,Louisiana,Calcasieu Parish,188928
2008,Louisiana,Caldwell Parish,10224
2008,Louisiana,Cameron Parish,7434
2008,Louisiana,Catahoula Parish,10567
2008,Louisiana,Claiborne Parish,17169
2008,Louisiana,Concordia Parish,20420
2008,Louisiana,De Soto Parish,26590
2008,Louisiana,East Baton Rouge Parish,433723
2008,Louisiana,East Carroll Parish,7939
2008,Louisiana,East Feliciana Parish,20415
2008,Louisiana,Evangeline Parish,34316
2008,Louisiana,Franklin Parish,20758
2008,Louisiana,Grant Parish,21657
2008,Louisiana,Iberia Parish,73522
2008,Louisiana,Iberville Parish,33685
2008,Louisiana,Jackson Parish,16105
2008,Louisiana,Jefferson Davis Parish,31497
2008,Louisiana,Jefferson Parish,431759
2008,Louisiana,Lasalle Parish,14667
2008,Louisiana,Lafayette Parish,215139
2008,Louisiana,Lafourche Parish,95603
2008,Louisiana,Lincoln Parish,45726
2008,Louisiana,Livingston Parish,123962
2008,Louisiana,Madison Parish,12340
2008,Louisiana,Morehouse Parish,28311
2008,Louisiana,Natchitoches Parish,39244
2008,Louisiana,Orleans Parish,301842
2008,Louisiana,Ouachita Parish,151727
2008,Louisiana,Plaquemines Parish,22677
2008,Louisiana,Pointe Coupee Parish,22966
2008,Louisiana,Rapides Parish,130785
2008,Louisiana,Red River Parish,9185
2008,Louisiana,Richland Parish,20727
2008,Louisiana,Sabine Parish,24124
2008,Louisiana,St. Bernard Parish,28879
2008,Louisiana,St. Charles Parish,52516
2008,Louisiana,St. Helena Parish,11106
2008,Louisiana,St. James Parish,22095
2008,Louisiana,St. John The Baptist Parish,46811
2008,Louisiana,St. Landry Parish,84427
2008,Louisiana,St. Martin Parish,51914
2008,Louisiana,St. Mary Parish,54352
2008,Louisiana,St. Tammany Parish,229252
2008,Louisiana,Tangipahoa Parish,118621
2008,Louisiana,Tensas Parish,5376
2008,Louisiana,Terrebonne Parish,111453
2008,Louisiana,Union Parish,22698
2008,Louisiana,Vermilion Parish,57421
2008,Louisiana,Vernon Parish,48007
2008,Louisiana,Washington Parish,47000
2008,Louisiana,Webster Parish,41240
2008,Louisiana,West Baton Rouge Parish,23252
2008,Louisiana,West Carroll Parish,11670
2008,Louisiana,West Feliciana Parish,15767
2008,Louisiana,Winn Parish,15398
2008,Maine,Androscoggin County,108284
2008,Maine,Aroostook County,72542
2008,Maine,Cumberland County,280681
2008,Maine,Franklin County,30652
2008,Maine,Hancock County,54371
2008,Maine,Kennebec County,122147
2008,Maine,Knox County,40225
2008,Maine,Lincoln County,34768
2008,Maine,Oxford County,58138
2008,Maine,Penobscot County,153372
2008,Maine,Piscataquis County,17534
2008,Maine,Sagadahoc County,35860
2008,Maine,Somerset County,52316
2008,Maine,Waldo County,38680
2008,Maine,Washington County,33289
2008,Maine,York County,197650
2008,Maryland,Allegany County,74638
2008,Maryland,Anne Arundel County,525304
2008,Maryland,Baltimore County,798651
2008,Maryland,Baltimore City,620184
2008,Maryland,Calvert County,87788
2008,Maryland,Caroline County,32983
2008,Maryland,Carroll County,167433
2008,Maryland,Cecil County,100232
2008,Maryland,Charles County,143783
2008,Maryland,Dorchester County,32466
2008,Maryland,Frederick County,229286
2008,Maryland,Garrett County,30222
2008,Maryland,Harford County,242779
2008,Maryland,Howard County,278405
2008,Maryland,Kent County,20150
2008,Maryland,Montgomery County,942748
2008,Maryland,Prince George'S County,850167
2008,Maryland,Queen Anne'S County,47063
2008,Maryland,Somerset County,26474
2008,Maryland,St. Mary's County,101921
2008,Maryland,Talbot County,37307
2008,Maryland,Washington County,146674
2008,Maryland,Wicomico County,97111
2008,Maryland,Worcester County,51196
2008,Massachusetts,Barnstable County,217066
2008,Massachusetts,Berkshire County,131372
2008,Massachusetts,Bristol County,546456
2008,Massachusetts,Dukes County,16132
2008,Massachusetts,Essex County,734361
2008,Massachusetts,Franklin County,71571
2008,Massachusetts,Hampden County,462053
2008,Massachusetts,Hampshire County,157615
2008,Massachusetts,Middlesex County,1477049
2008,Massachusetts,Nantucket County,10170
2008,Massachusetts,Norfolk County,661703
2008,Massachusetts,Plymouth County,490371
2008,Massachusetts,Suffolk County,702201
2008,Massachusetts,Worcester County,790847
2008,Michigan,Alcona County,11286
2008,Michigan,Alger County,9647
2008,Michigan,Allegan County,111589
2008,Michigan,Alpena County,30119
2008,Michigan,Antrim County,24047
2008,Michigan,Arenac County,16547
2008,Michigan,Baraga County,8822
2008,Michigan,Barry County,59788
2008,Michigan,Bay County,108320
2008,Michigan,Benzie County,17733
2008,Michigan,Berrien County,157380
2008,Michigan,Branch County,46305
2008,Michigan,Calhoun County,137313
2008,Michigan,Cass County,52684
2008,Michigan,Charlevoix County,26280
2008,Michigan,Cheboygan County,26738
2008,Michigan,Chippewa County,39247
2008,Michigan,Clare County,31064
2008,Michigan,Clinton County,74302
2008,Michigan,Crawford County,14379
2008,Michigan,Delta County,37409
2008,Michigan,Dickinson County,26622
2008,Michigan,Eaton County,108021
2008,Michigan,Emmet County,32852
2008,Michigan,Genesee County,433082
2008,Michigan,Gladwin County,25956
2008,Michigan,Gogebic County,16499
2008,Michigan,Grand Traverse County,86209
2008,Michigan,Gratiot County,42774
2008,Michigan,Hillsdale County,46951
2008,Michigan,Houghton County,36292
2008,Michigan,Huron County,33504
2008,Michigan,Ingham County,281315
2008,Michigan,Ionia County,65167
2008,Michigan,Iosco County,26542
2008,Michigan,Iron County,12081
2008,Michigan,Isabella County,69328
2008,Michigan,Jackson County,160825
2008,Michigan,Kalamazoo County,246862
2008,Michigan,Kalkaska County,17546
2008,Michigan,Kent County,599234
2008,Michigan,Keweenaw County,2119
2008,Michigan,Lake County,11629
2008,Michigan,Lapeer County,89914
2008,Michigan,Leelanau County,21731
2008,Michigan,Lenawee County,101169
2008,Michigan,Livingston County,181171
2008,Michigan,Luce County,6680
2008,Michigan,Mackinac County,11248
2008,Michigan,Macomb County,837857
2008,Michigan,Manistee County,24960
2008,Michigan,Marquette County,66539
2008,Michigan,Mason County,28668
2008,Michigan,Mecosta County,42683
2008,Michigan,Menominee County,24317
2008,Michigan,Midland County,83605
2008,Michigan,Missaukee County,15028
2008,Michigan,Monroe County,152806
2008,Michigan,Montcalm County,63635
2008,Michigan,Montmorency County,9922
2008,Michigan,Muskegon County,173846
2008,Michigan,Newaygo County,49153
2008,Michigan,Oakland County,1199545
2008,Michigan,Oceana County,27120
2008,Michigan,Ogemaw County,21885
2008,Michigan,Ontonagon County,6922
2008,Michigan,Osceola County,23662
2008,Michigan,Oscoda County,8963
2008,Michigan,Otsego County,24378
2008,Michigan,Ottawa County,261906
2008,Michigan,Presque Isle County,13701
2008,Michigan,Roscommon County,24856
2008,Michigan,Saginaw County,201966
2008,Michigan,Sanilac County,44177
2008,Michigan,Schoolcraft County,8471
2008,Michigan,Shiawassee County,71523
2008,Michigan,St. Clair County,165959
2008,Michigan,St. Joseph County,62083
2008,Michigan,Tuscola County,56512
2008,Michigan,Van Buren County,76501
2008,Michigan,Washtenaw County,341595
2008,Michigan,Wayne County,1865058
2008,Michigan,Wexford County,32765
2008,Minnesota,Aitkin County,16422
2008,Minnesota,Anoka County,327427
2008,Minnesota,Becker County,32244
2008,Minnesota,Beltrami County,43815
2008,Minnesota,Benton County,38200
2008,Minnesota,Big Stone County,5328
2008,Minnesota,Blue Earth County,62860
2008,Minnesota,Brown County,25992
2008,Minnesota,Carlton County,34986
2008,Minnesota,Carver County,88812
2008,Minnesota,Cass County,28733
2008,Minnesota,Chippewa County,12376
2008,Minnesota,Chisago County,53012
2008,Minnesota,Clay County,57056
2008,Minnesota,Clearwater County,8603
2008,Minnesota,Cook County,5255
2008,Minnesota,Cottonwood County,11701
2008,Minnesota,Crow Wing County,62178
2008,Minnesota,Dakota County,393900
2008,Minnesota,Dodge County,19876
2008,Minnesota,Douglas County,36108
2008,Minnesota,Faribault County,14790
2008,Minnesota,Fillmore County,20991
2008,Minnesota,Freeborn County,31270
2008,Minnesota,Goodhue County,45919
2008,Minnesota,Grant County,6113
2008,Minnesota,Hennepin County,1135173
2008,Minnesota,Houston County,19159
2008,Minnesota,Hubbard County,20346
2008,Minnesota,Isanti County,37851
2008,Minnesota,Itasca County,44852
2008,Minnesota,Jackson County,10364
2008,Minnesota,Kanabec County,16535
2008,Minnesota,Kandiyohi County,41840
2008,Minnesota,Kittson County,4614
2008,Minnesota,Koochiching County,13432
2008,Minnesota,Lac Qui Parle County,7342
2008,Minnesota,Lake County,10872
2008,Minnesota,Lake Of The Woods County,4128
2008,Minnesota,Le Sueur County,27816
2008,Minnesota,Lincoln County,5937
2008,Minnesota,Lyon County,25646
2008,Minnesota,Mahnomen County,5386
2008,Minnesota,Marshall County,9551
2008,Minnesota,Martin County,20914
2008,Minnesota,Mcleod County,36917
2008,Minnesota,Meeker County,23454
2008,Minnesota,Mille Lacs County,26171
2008,Minnesota,Morrison County,33267
2008,Minnesota,Mower County,38695
2008,Minnesota,Murray County,8755
2008,Minnesota,Nicollet County,32261
2008,Minnesota,Nobles County,21126
2008,Minnesota,Norman County,6842
2008,Minnesota,Olmsted County,141527
2008,Minnesota,Otter Tail County,57691
2008,Minnesota,Pennington County,13842
2008,Minnesota,Pine County,29614
2008,Minnesota,Pipestone County,9631
2008,Minnesota,Polk County,31175
2008,Minnesota,Pope County,11084
2008,Minnesota,Ramsey County,502890
2008,Minnesota,Red Lake County,4097
2008,Minnesota,Redwood County,16103
2008,Minnesota,Renville County,15911
2008,Minnesota,Rice County,63061
2008,Minnesota,Rock County,9597
2008,Minnesota,Roseau County,15935
2008,Minnesota,Scott County,126613
2008,Minnesota,Sherburne County,87495
2008,Minnesota,Sibley County,15283
2008,Minnesota,St. Louis County,199745
2008,Minnesota,Stearns County,148307
2008,Minnesota,Steele County,36558
2008,Minnesota,Stevens County,9711
2008,Minnesota,Swift County,9966
2008,Minnesota,Todd County,24859
2008,Minnesota,Traverse County,3637
2008,Minnesota,Wabasha County,21787
2008,Minnesota,Wadena County,13844
2008,Minnesota,Waseca County,19311
2008,Minnesota,Washington County,233306
2008,Minnesota,Watonwan County,11120
2008,Minnesota,Wilkin County,6622
2008,Minnesota,Winona County,51457
2008,Minnesota,Wright County,121553
2008,Minnesota,Yellow Medicine County,10473
2008,Mississippi,Adams County,32629
2008,Mississippi,Alcorn County,36793
2008,Mississippi,Amite County,13324
2008,Mississippi,Attala County,19622
2008,Mississippi,Benton County,8769
2008,Mississippi,Bolivar County,35032
2008,Mississippi,Calhoun County,14912
2008,Mississippi,Carroll County,10694
2008,Mississippi,Chickasaw County,17639
2008,Mississippi,Choctaw County,8703
2008,Mississippi,Claiborne County,9940
2008,Mississippi,Clarke County,16772
2008,Mississippi,Clay County,20878
2008,Mississippi,Coahoma County,26549
2008,Mississippi,Copiah County,29584
2008,Mississippi,Covington County,19594
2008,Mississippi,Desoto County,156214
2008,Mississippi,Forrest County,74196
2008,Mississippi,Franklin County,8136
2008,Mississippi,George County,22193
2008,Mississippi,Greene County,14293
2008,Mississippi,Grenada County,22194
2008,Mississippi,Hancock County,42764
2008,Mississippi,Harrison County,182735
2008,Mississippi,Hinds County,244695
2008,Mississippi,Holmes County,19755
2008,Mississippi,Humphreys County,9691
2008,Mississippi,Issaquena County,1521
2008,Mississippi,Itawamba County,23412
2008,Mississippi,Jackson County,137791
2008,Mississippi,Jasper County,17550
2008,Mississippi,Jefferson County,7927
2008,Mississippi,Jefferson Davis County,12636
2008,Mississippi,Jones County,67318
2008,Mississippi,Kemper County,10392
2008,Mississippi,Lafayette County,45781
2008,Mississippi,Lamar County,52772
2008,Mississippi,Lauderdale County,79665
2008,Mississippi,Lawrence County,13038
2008,Mississippi,Leake County,23641
2008,Mississippi,Lee County,81501
2008,Mississippi,Leflore County,33329
2008,Mississippi,Lincoln County,34724
2008,Mississippi,Lowndes County,59160
2008,Mississippi,Madison County,92274
2008,Mississippi,Marion County,26825
2008,Mississippi,Marshall County,37351
2008,Mississippi,Monroe County,37453
2008,Mississippi,Montgomery County,11067
2008,Mississippi,Neshoba County,29562
2008,Mississippi,Newton County,21851
2008,Mississippi,Noxubee County,11823
2008,Mississippi,Oktibbeha County,46470
2008,Mississippi,Panola County,34923
2008,Mississippi,Pearl River County,56538
2008,Mississippi,Perry County,12337
2008,Mississippi,Pike County,40290
2008,Mississippi,Pontotoc County,29475
2008,Mississippi,Prentiss County,25481
2008,Mississippi,Quitman County,8501
2008,Mississippi,Rankin County,139136
2008,Mississippi,Scott County,28098
2008,Mississippi,Sharkey County,5191
2008,Mississippi,Simpson County,27682
2008,Mississippi,Smith County,16345
2008,Mississippi,Stone County,17084
2008,Mississippi,Sunflower County,30614
2008,Mississippi,Tallahatchie County,15225
2008,Mississippi,Tate County,28222
2008,Mississippi,Tippah County,21982
2008,Mississippi,Tishomingo County,19524
2008,Mississippi,Tunica County,10910
2008,Mississippi,Union County,26931
2008,Mississippi,Walthall County,15622
2008,Mississippi,Warren County,48457
2008,Mississippi,Washington County,52236
2008,Mississippi,Wayne County,20963
2008,Mississippi,Webster County,10204
2008,Mississippi,Wilkinson County,10061
2008,Mississippi,Winston County,19342
2008,Mississippi,Yalobusha County,12857
2008,Mississippi,Yazoo County,28441
2008,Missouri,Adair County,25399
2008,Missouri,Andrew County,16924
2008,Missouri,Atchison County,5798
2008,Missouri,Audrain County,25774
2008,Missouri,Barry County,35935
2008,Missouri,Barton County,12589
2008,Missouri,Bates County,17194
2008,Missouri,Benton County,19046
2008,Missouri,Bollinger County,12429
2008,Missouri,Boone County,158089
2008,Missouri,Buchanan County,88317
2008,Missouri,Butler County,42351
2008,Missouri,Caldwell County,9359
2008,Missouri,Callaway County,43855
2008,Missouri,Camden County,43462
2008,Missouri,Cape Girardeau County,74141
2008,Missouri,Carroll County,9451
2008,Missouri,Carter County,6122
2008,Missouri,Cass County,98095
2008,Missouri,Cedar County,14120
2008,Missouri,Chariton County,7829
2008,Missouri,Christian County,74705
2008,Missouri,Clark County,7168
2008,Missouri,Clay County,215142
2008,Missouri,Clinton County,20781
2008,Missouri,Cole County,74760
2008,Missouri,Cooper County,17502
2008,Missouri,Crawford County,24698
2008,Missouri,Dade County,7951
2008,Missouri,Dallas County,16955
2008,Missouri,Daviess County,8330
2008,Missouri,Dekalb County,12833
2008,Missouri,Dent County,15495
2008,Missouri,Douglas County,13800
2008,Missouri,Dunklin County,32158
2008,Missouri,Franklin County,101149
2008,Missouri,Gasconade County,15309
2008,Missouri,Gentry County,6806
2008,Missouri,Greene County,270901
2008,Missouri,Grundy County,10196
2008,Missouri,Harrison County,8956
2008,Missouri,Henry County,22291
2008,Missouri,Hickory County,9592
2008,Missouri,Holt County,4926
2008,Missouri,Howard County,10138
2008,Missouri,Howell County,39910
2008,Missouri,Iron County,10667
2008,Missouri,Jackson County,665427
2008,Missouri,Jasper County,115144
2008,Missouri,Jefferson County,216409
2008,Missouri,Johnson County,51889
2008,Missouri,Knox County,4117
2008,Missouri,Laclede County,35518
2008,Missouri,Lafayette County,33434
2008,Missouri,Lawrence County,38508
2008,Missouri,Lewis County,10196
2008,Missouri,Lincoln County,51847
2008,Missouri,Linn County,12788
2008,Missouri,Livingston County,14929
2008,Missouri,Macon County,15512
2008,Missouri,Madison County,12396
2008,Missouri,Maries County,9191
2008,Missouri,Marion County,28550
2008,Missouri,Mcdonald County,22943
2008,Missouri,Mercer County,3748
2008,Missouri,Miller County,24867
2008,Missouri,Mississippi County,14087
2008,Missouri,Moniteau County,15424
2008,Missouri,Monroe County,9157
2008,Missouri,Montgomery County,12273
2008,Missouri,Morgan County,20745
2008,Missouri,New Madrid County,18805
2008,Missouri,Newton County,57600
2008,Missouri,Nodaway County,23026
2008,Missouri,Oregon County,10697
2008,Missouri,Osage County,13753
2008,Missouri,Ozark County,9718
2008,Missouri,Pemiscot County,18552
2008,Missouri,Perry County,18976
2008,Missouri,Pettis County,41565
2008,Missouri,Phelps County,44200
2008,Missouri,Pike County,18602
2008,Missouri,Platte County,87003
2008,Missouri,Polk County,30790
2008,Missouri,Pulaski County,48300
2008,Missouri,Putnam County,5028
2008,Missouri,Ralls County,10117
2008,Missouri,Randolph County,25597
2008,Missouri,Ray County,23764
2008,Missouri,Reynolds County,6688
2008,Missouri,Ripley County,14039
2008,Missouri,Saline County,22967
2008,Missouri,Schuyler County,4383
2008,Missouri,Scotland County,4818
2008,Missouri,Scott County,39293
2008,Missouri,Shannon County,8420
2008,Missouri,Shelby County,6421
2008,Missouri,St. Charles County,351179
2008,Missouri,St. Clair County,9757
2008,Missouri,St. Francois County,64280
2008,Missouri,St. Louis County,998331
2008,Missouri,St. Louis City,317955
2008,Missouri,Ste. Genevieve County,18186
2008,Missouri,Stoddard County,30062
2008,Missouri,Stone County,32119
2008,Missouri,Sullivan County,6736
2008,Missouri,Taney County,49711
2008,Missouri,Texas County,25597
2008,Missouri,Vernon County,20891
2008,Missouri,Warren County,31975
2008,Missouri,Washington County,25113
2008,Missouri,Wayne County,13397
2008,Missouri,Webster County,35938
2008,Missouri,Worth County,2166
2008,Missouri,Wright County,18904
2008,Montana,Beaverhead County,9166
2008,Montana,Big Horn County,12564
2008,Montana,Blaine County,6401
2008,Montana,Broadwater County,5261
2008,Montana,Carbon County,9965
2008,Montana,Carter County,1172
2008,Montana,Cascade County,80529
2008,Montana,Chouteau County,5774
2008,Montana,Custer County,11515
2008,Montana,Daniels County,1704
2008,Montana,Dawson County,8925
2008,Montana,Deer Lodge County,9351
2008,Montana,Fallon County,2807
2008,Montana,Fergus County,11448
2008,Montana,Flathead County,90260
2008,Montana,Gallatin County,88932
2008,Montana,Garfield County,1205
2008,Montana,Glacier County,13109
2008,Montana,Golden Valley County,890
2008,Montana,Granite County,3031
2008,Montana,Hill County,15889
2008,Montana,Jefferson County,11203
2008,Montana,Judith Basin County,2071
2008,Montana,Lake County,28515
2008,Montana,Lewis And Clark County,61747
2008,Montana,Liberty County,2225
2008,Montana,Lincoln County,19541
2008,Montana,Madison County,7674
2008,Montana,Mccone County,1720
2008,Montana,Meagher County,1893
2008,Montana,Mineral County,4177
2008,Montana,Missoula County,107747
2008,Montana,Musselshell County,4423
2008,Montana,Park County,15896
2008,Montana,Petroleum County,481
2008,Montana,Phillips County,4182
2008,Montana,Pondera County,6117
2008,Montana,Powder River County,1756
2008,Montana,Powell County,7036
2008,Montana,Prairie County,1123
2008,Montana,Ravalli County,40223
2008,Montana,Richland County,9430
2008,Montana,Roosevelt County,10129
2008,Montana,Rosebud County,9095
2008,Montana,Sanders County,11433
2008,Montana,Sheridan County,3385
2008,Montana,Silver Bow County,33812
2008,Montana,Stillwater County,8945
2008,Montana,Sweet Grass County,3755
2008,Montana,Teton County,6143
2008,Montana,Toole County,5079
2008,Montana,Treasure County,754
2008,Montana,Valley County,7415
2008,Montana,Wheatland County,2151
2008,Montana,Wibaux County,986
2008,Montana,Yellowstone County,144255
2008,Nebraska,Adams County,31160
2008,Nebraska,Antelope County,6704
2008,Nebraska,Arthur County,453
2008,Nebraska,Banner County,677
2008,Nebraska,Blaine County,456
2008,Nebraska,Boone County,5548
2008,Nebraska,Box Butte County,11482
2008,Nebraska,Boyd County,2102
2008,Nebraska,Brown County,3149
2008,Nebraska,Buffalo County,45343
2008,Nebraska,Burt County,6967
2008,Nebraska,Butler County,8355
2008,Nebraska,Cass County,25322
2008,Nebraska,Cedar County,8839
2008,Nebraska,Chase County,3865
2008,Nebraska,Cherry County,5752
2008,Nebraska,Cheyenne County,10150
2008,Nebraska,Clay County,6543
2008,Nebraska,Colfax County,10083
2008,Nebraska,Cuming County,9215
2008,Nebraska,Custer County,11001
2008,Nebraska,Dakota County,20559
2008,Nebraska,Dawes County,9134
2008,Nebraska,Dawson County,24160
2008,Nebraska,Deuel County,1986
2008,Nebraska,Dixon County,6004
2008,Nebraska,Dodge County,36548
2008,Nebraska,Douglas County,504547
2008,Nebraska,Dundy County,1973
2008,Nebraska,Fillmore County,5940
2008,Nebraska,Franklin County,3167
2008,Nebraska,Frontier County,2786
2008,Nebraska,Furnas County,4873
2008,Nebraska,Gage County,22574
2008,Nebraska,Garden County,2004
2008,Nebraska,Garfield County,2001
2008,Nebraska,Gosper County,2049
2008,Nebraska,Grant County,653
2008,Nebraska,Greeley County,2548
2008,Nebraska,Hall County,56795
2008,Nebraska,Hamilton County,9157
2008,Nebraska,Harlan County,3435
2008,Nebraska,Hayes County,986
2008,Nebraska,Hitchcock County,2927
2008,Nebraska,Holt County,10399
2008,Nebraska,Hooker County,734
2008,Nebraska,Howard County,6261
2008,Nebraska,Jefferson County,7684
2008,Nebraska,Johnson County,5203
2008,Nebraska,Kearney County,6554
2008,Nebraska,Keith County,8290
2008,Nebraska,Keya Paha County,836
2008,Nebraska,Kimball County,3761
2008,Nebraska,Knox County,8708
2008,Nebraska,Lancaster County,279605
2008,Nebraska,Lincoln County,36301
2008,Nebraska,Logan County,730
2008,Nebraska,Loup County,630
2008,Nebraska,Madison County,34319
2008,Nebraska,Mcpherson County,558
2008,Nebraska,Merrick County,7734
2008,Nebraska,Morrill County,5079
2008,Nebraska,Nance County,3745
2008,Nebraska,Nemaha County,7280
2008,Nebraska,Nuckolls County,4571
2008,Nebraska,Otoe County,15728
2008,Nebraska,Pawnee County,2711
2008,Nebraska,Perkins County,2949
2008,Nebraska,Phelps County,9195
2008,Nebraska,Pierce County,7286
2008,Nebraska,Platte County,31527
2008,Nebraska,Polk County,5402
2008,Nebraska,Red Willow County,11034
2008,Nebraska,Richardson County,8413
2008,Nebraska,Rock County,1554
2008,Nebraska,Saline County,14048
2008,Nebraska,Sarpy County,152762
2008,Nebraska,Saunders County,20446
2008,Nebraska,Scotts Bluff County,36536
2008,Nebraska,Seward County,16653
2008,Nebraska,Sheridan County,5500
2008,Nebraska,Sherman County,3147
2008,Nebraska,Sioux County,1360
2008,Nebraska,Stanton County,6145
2008,Nebraska,Thayer County,5253
2008,Nebraska,Thomas County,661
2008,Nebraska,Thurston County,6821
2008,Nebraska,Valley County,4228
2008,Nebraska,Washington County,20101
2008,Nebraska,Wayne County,9481
2008,Nebraska,Webster County,3771
2008,Nebraska,Wheeler County,831
2008,Nebraska,York County,13881
2008,Nevada,Carson City,55552
2008,Nevada,Churchill County,25049
2008,Nevada,Clark County,1912349
2008,Nevada,Douglas County,47270
2008,Nevada,Elko County,47634
2008,Nevada,Esmeralda County,820
2008,Nevada,Eureka County,1778
2008,Nevada,Humboldt County,15958
2008,Nevada,Lander County,5521
2008,Nevada,Lincoln County,5106
2008,Nevada,Lyon County,52156
2008,Nevada,Mineral County,4781
2008,Nevada,Nye County,44367
2008,Nevada,Pershing County,6665
2008,Nevada,Storey County,4099
2008,Nevada,Washoe County,414793
2008,Nevada,White Pine County,9732
2008,New Hampshire,Belknap County,60239
2008,New Hampshire,Carroll County,48013
2008,New Hampshire,Cheshire County,77472
2008,New Hampshire,Coos County,33488
2008,New Hampshire,Grafton County,88745
2008,New Hampshire,Hillsborough County,399556
2008,New Hampshire,Merrimack County,147170
2008,New Hampshire,Rockingham County,294996
2008,New Hampshire,Strafford County,122460
2008,New Hampshire,Sullivan County,43767
2008,New Jersey,Atlantic County,273014
2008,New Jersey,Bergen County,895328
2008,New Jersey,Burlington County,446831
2008,New Jersey,Camden County,513853
2008,New Jersey,Cape May County,97550
2008,New Jersey,Cumberland County,155738
2008,New Jersey,Essex County,778165
2008,New Jersey,Gloucester County,286072
2008,New Jersey,Hudson County,619533
2008,New Jersey,Hunterdon County,128449
2008,New Jersey,Mercer County,364119
2008,New Jersey,Middlesex County,799191
2008,New Jersey,Monmouth County,627348
2008,New Jersey,Morris County,489743
2008,New Jersey,Ocean County,569485
2008,New Jersey,Passaic County,494904
2008,New Jersey,Salem County,65974
2008,New Jersey,Somerset County,318856
2008,New Jersey,Sussex County,150145
2008,New Jersey,Union County,527528
2008,New Jersey,Warren County,109264
2008,New Mexico,Bernalillo County,646879
2008,New Mexico,Catron County,3631
2008,New Mexico,Chaves County,64378
2008,New Mexico,Cibola County,27259
2008,New Mexico,Colfax County,13764
2008,New Mexico,Curry County,45512
2008,New Mexico,De Baca County,2000
2008,New Mexico,Doña Ana County,200855
2008,New Mexico,Eddy County,52566
2008,New Mexico,Grant County,29921
2008,New Mexico,Guadalupe County,4701
2008,New Mexico,Harding County,690
2008,New Mexico,Hidalgo County,5022
2008,New Mexico,Lea County,62737
2008,New Mexico,Lincoln County,20458
2008,New Mexico,Los Alamos County,17924
2008,New Mexico,Luna County,25375
2008,New Mexico,Mckinley County,70449
2008,New Mexico,Mora County,4909
2008,New Mexico,Otero County,62498
2008,New Mexico,Quay County,8978
2008,New Mexico,Rio Arriba County,40008
2008,New Mexico,Roosevelt County,19074
2008,New Mexico,San Juan County,126905
2008,New Mexico,San Miguel County,29234
2008,New Mexico,Sandoval County,125368
2008,New Mexico,Santa Fe County,141704
2008,New Mexico,Sierra County,11914
2008,New Mexico,Socorro County,17966
2008,New Mexico,Taos County,32467
2008,New Mexico,Torrance County,16257
2008,New Mexico,Union County,4380
2008,New Mexico,Valencia County,74879
2008,New York,Albany County,303739
2008,New York,Allegany County,49177
2008,New York,Bronx County,1363488
2008,New York,Broome County,201029
2008,New York,Cattaraugus County,80761
2008,New York,Cayuga County,80482
2008,New York,Chautauqua County,135229
2008,New York,Chemung County,88503
2008,New York,Chenango County,51326
2008,New York,Clinton County,82401
2008,New York,Columbia County,63253
2008,New York,Cortland County,49537
2008,New York,Delaware County,48363
2008,New York,Dutchess County,296267
2008,New York,Erie County,920571
2008,New York,Essex County,39435
2008,New York,Franklin County,51907
2008,New York,Fulton County,55584
2008,New York,Genesee County,59895
2008,New York,Greene County,49467
2008,New York,Hamilton County,4893
2008,New York,Herkimer County,64404
2008,New York,Jefferson County,115033
2008,New York,Kings County,2460361
2008,New York,Lewis County,26878
2008,New York,Livingston County,65637
2008,New York,Madison County,73075
2008,New York,Monroe County,741018
2008,New York,Montgomery County,49951
2008,New York,Nassau County,1325129
2008,New York,New York County,1587022
2008,New York,Niagara County,215793
2008,New York,Oneida County,234482
2008,New York,Onondaga County,463472
2008,New York,Ontario County,106302
2008,New York,Orange County,370201
2008,New York,Orleans County,43254
2008,New York,Oswego County,122366
2008,New York,Otsego County,62561
2008,New York,Putnam County,99537
2008,New York,Queens County,2193623
2008,New York,Rensselaer County,159011
2008,New York,Richmond County,463701
2008,New York,Rockland County,305413
2008,New York,Saratoga County,217282
2008,New York,Schenectady County,153360
2008,New York,Schoharie County,32890
2008,New York,Schuyler County,18644
2008,New York,Seneca County,35370
2008,New York,St. Lawrence County,111684
2008,New York,Steuben County,98726
2008,New York,Suffolk County,1480218
2008,New York,Sullivan County,77755
2008,New York,Tioga County,51498
2008,New York,Tompkins County,100383
2008,New York,Ulster County,183174
2008,New York,Warren County,65848
2008,New York,Washington County,63252
2008,New York,Wayne County,93739
2008,New York,Westchester County,937449
2008,New York,Wyoming County,42281
2008,New York,Yates County,25352
2008,North Carolina,Alamance County,147704
2008,North Carolina,Alexander County,36840
2008,North Carolina,Alleghany County,11131
2008,North Carolina,Anson County,26837
2008,North Carolina,Ashe County,26858
2008,North Carolina,Avery County,18024
2008,North Carolina,Beaufort County,47297
2008,North Carolina,Bertie County,21121
2008,North Carolina,Bladen County,34665
2008,North Carolina,Brunswick County,103257
2008,North Carolina,Buncombe County,233772
2008,North Carolina,Burke County,90788
2008,North Carolina,Cabarrus County,171915
2008,North Carolina,Caldwell County,82527
2008,North Carolina,Camden County,9802
2008,North Carolina,Carteret County,64700
2008,North Carolina,Caswell County,23912
2008,North Carolina,Catawba County,153848
2008,North Carolina,Chatham County,61783
2008,North Carolina,Cherokee County,27545
2008,North Carolina,Chowan County,14831
2008,North Carolina,Clay County,10492
2008,North Carolina,Cleveland County,98155
2008,North Carolina,Columbus County,56503
2008,North Carolina,Craven County,99423
2008,North Carolina,Cumberland County,311800
2008,North Carolina,Currituck County,23378
2008,North Carolina,Dare County,33553
2008,North Carolina,Davidson County,161520
2008,North Carolina,Davie County,40748
2008,North Carolina,Duplin County,56810
2008,North Carolina,Durham County,259356
2008,North Carolina,Edgecombe County,56420
2008,North Carolina,Forsyth County,344330
2008,North Carolina,Franklin County,58925
2008,North Carolina,Gaston County,204454
2008,North Carolina,Gates County,12098
2008,North Carolina,Graham County,8742
2008,North Carolina,Granville County,58356
2008,North Carolina,Greene County,21230
2008,North Carolina,Guilford County,477809
2008,North Carolina,Halifax County,55568
2008,North Carolina,Harnett County,108752
2008,North Carolina,Haywood County,58811
2008,North Carolina,Henderson County,104289
2008,North Carolina,Hertford County,24473
2008,North Carolina,Hoke County,43912
2008,North Carolina,Hyde County,5764
2008,North Carolina,Iredell County,156204
2008,North Carolina,Jackson County,38994
2008,North Carolina,Johnston County,161746
2008,North Carolina,Jones County,9974
2008,North Carolina,Lee County,55822
2008,North Carolina,Lenoir County,59398
2008,North Carolina,Lincoln County,76143
2008,North Carolina,Macon County,33608
2008,North Carolina,Madison County,20585
2008,North Carolina,Martin County,24404
2008,North Carolina,Mcdowell County,44768
2008,North Carolina,Mecklenburg County,887991
2008,North Carolina,Mitchell County,15740
2008,North Carolina,Montgomery County,27716
2008,North Carolina,Moore County,86122
2008,North Carolina,Nash County,94718
2008,North Carolina,New Hanover County,197709
2008,North Carolina,Northampton County,22259
2008,North Carolina,Onslow County,169059
2008,North Carolina,Orange County,129764
2008,North Carolina,Pamlico County,13094
2008,North Carolina,Pasquotank County,40554
2008,North Carolina,Pender County,50551
2008,North Carolina,Perquimans County,13292
2008,North Carolina,Person County,39016
2008,North Carolina,Pitt County,162116
2008,North Carolina,Polk County,20393
2008,North Carolina,Randolph County,140297
2008,North Carolina,Richmond County,46538
2008,North Carolina,Robeson County,131734
2008,North Carolina,Rockingham County,93299
2008,North Carolina,Rowan County,137721
2008,North Carolina,Rutherford County,67145
2008,North Carolina,Sampson County,62837
2008,North Carolina,Scotland County,36463
2008,North Carolina,Stanly County,60418
2008,North Carolina,Stokes County,47363
2008,North Carolina,Surry County,73404
2008,North Carolina,Swain County,13872
2008,North Carolina,Transylvania County,32543
2008,North Carolina,Tyrrell County,4353
2008,North Carolina,Union County,193678
2008,North Carolina,Vance County,44977
2008,North Carolina,Wake County,856492
2008,North Carolina,Warren County,20923
2008,North Carolina,Washington County,13300
2008,North Carolina,Watauga County,50266
2008,North Carolina,Wayne County,119910
2008,North Carolina,Wilkes County,69317
2008,North Carolina,Wilson County,79790
2008,North Carolina,Yadkin County,38225
2008,North Carolina,Yancey County,18016
2008,North Dakota,Adams County,2343
2008,North Dakota,Barnes County,11027
2008,North Dakota,Benson County,6622
2008,North Dakota,Billings County,768
2008,North Dakota,Bottineau County,6370
2008,North Dakota,Bowman County,3158
2008,North Dakota,Burke County,1902
2008,North Dakota,Burleigh County,78678
2008,North Dakota,Cass County,144290
2008,North Dakota,Cavalier County,4008
2008,North Dakota,Dickey County,5305
2008,North Dakota,Divide County,2022
2008,North Dakota,Dunn County,3470
2008,North Dakota,Eddy County,2470
2008,North Dakota,Emmons County,3588
2008,North Dakota,Foster County,3436
2008,North Dakota,Golden Valley County,1650
2008,North Dakota,Grand Forks County,66917
2008,North Dakota,Grant County,2440
2008,North Dakota,Griggs County,2406
2008,North Dakota,Hettinger County,2479
2008,North Dakota,Kidder County,2419
2008,North Dakota,Lamoure County,4218
2008,North Dakota,Logan County,2000
2008,North Dakota,Mchenry County,5355
2008,North Dakota,Mcintosh County,2911
2008,North Dakota,Mckenzie County,5908
2008,North Dakota,Mclean County,8883
2008,North Dakota,Mercer County,8295
2008,North Dakota,Morton County,26696
2008,North Dakota,Mountrail County,7153
2008,North Dakota,Nelson County,3176
2008,North Dakota,Oliver County,1836
2008,North Dakota,Pembina County,7452
2008,North Dakota,Pierce County,4372
2008,North Dakota,Ramsey County,11434
2008,North Dakota,Ransom County,5677
2008,North Dakota,Renville County,2387
2008,North Dakota,Richland County,16488
2008,North Dakota,Rolette County,13744
2008,North Dakota,Sargent County,3978
2008,North Dakota,Sheridan County,1351
2008,North Dakota,Sioux County,4072
2008,North Dakota,Slope County,730
2008,North Dakota,Stark County,23375
2008,North Dakota,Steele County,1960
2008,North Dakota,Stutsman County,20812
2008,North Dakota,Towner County,2234
2008,North Dakota,Traill County,8157
2008,North Dakota,Walsh County,11296
2008,North Dakota,Ward County,58670
2008,North Dakota,Wells County,4253
2008,North Dakota,Williams County,20928
2008,Ohio,Adams County,28686
2008,Ohio,Allen County,106773
2008,Ohio,Ashland County,53499
2008,Ohio,Ashtabula County,101826
2008,Ohio,Athens County,64546
2008,Ohio,Auglaize County,46167
2008,Ohio,Belmont County,70356
2008,Ohio,Brown County,44668
2008,Ohio,Butler County,364179
2008,Ohio,Carroll County,28999
2008,Ohio,Champaign County,40263
2008,Ohio,Clark County,139404
2008,Ohio,Clermont County,195891
2008,Ohio,Clinton County,42656
2008,Ohio,Columbiana County,108469
2008,Ohio,Coshocton County,36953
2008,Ohio,Crawford County,44291
2008,Ohio,Cuyahoga County,1291479
2008,Ohio,Darke County,52909
2008,Ohio,Defiance County,39250
2008,Ohio,Delaware County,166652
2008,Ohio,Erie County,77573
2008,Ohio,Fairfield County,144029
2008,Ohio,Fayette County,28896
2008,Ohio,Franklin County,1141183
2008,Ohio,Fulton County,42780
2008,Ohio,Gallia County,30997
2008,Ohio,Geauga County,93583
2008,Ohio,Greene County,160115
2008,Ohio,Guernsey County,40347
2008,Ohio,Hamilton County,799840
2008,Ohio,Hancock County,74781
2008,Ohio,Hardin County,32200
2008,Ohio,Harrison County,15856
2008,Ohio,Henry County,28523
2008,Ohio,Highland County,43700
2008,Ohio,Hocking County,29445
2008,Ohio,Holmes County,42029
2008,Ohio,Huron County,60121
2008,Ohio,Jackson County,33164
2008,Ohio,Jefferson County,69989
2008,Ohio,Knox County,60348
2008,Ohio,Lake County,229904
2008,Ohio,Lawrence County,62640
2008,Ohio,Licking County,163916
2008,Ohio,Logan County,46115
2008,Ohio,Lorain County,299814
2008,Ohio,Lucas County,443909
2008,Ohio,Madison County,43163
2008,Ohio,Mahoning County,241572
2008,Ohio,Marion County,66840
2008,Ohio,Medina County,170330
2008,Ohio,Meigs County,23534
2008,Ohio,Mercer County,41022
2008,Ohio,Miami County,102430
2008,Ohio,Monroe County,14833
2008,Ohio,Montgomery County,537664
2008,Ohio,Morgan County,15104
2008,Ohio,Morrow County,34877
2008,Ohio,Muskingum County,85874
2008,Ohio,Noble County,14653
2008,Ohio,Ottawa County,41554
2008,Ohio,Paulding County,19670
2008,Ohio,Perry County,36150
2008,Ohio,Pickaway County,55376
2008,Ohio,Pike County,28763
2008,Ohio,Portage County,160184
2008,Ohio,Preble County,42688
2008,Ohio,Putnam County,34655
2008,Ohio,Richland County,126128
2008,Ohio,Ross County,77675
2008,Ohio,Sandusky County,61184
2008,Ohio,Scioto County,79133
2008,Ohio,Seneca County,57199
2008,Ohio,Shelby County,49454
2008,Ohio,Stark County,377141
2008,Ohio,Summit County,543116
2008,Ohio,Trumbull County,212191
2008,Ohio,Tuscarawas County,92634
2008,Ohio,Union County,50856
2008,Ohio,Van Wert County,29075
2008,Ohio,Vinton County,13452
2008,Ohio,Warren County,208640
2008,Ohio,Washington County,62040
2008,Ohio,Wayne County,114610
2008,Ohio,Williams County,38297
2008,Ohio,Wood County,125275
2008,Ohio,Wyandot County,22642
2008,Oklahoma,Adair County,22346
2008,Oklahoma,Alfalfa County,5618
2008,Oklahoma,Atoka County,14220
2008,Oklahoma,Beaver County,5521
2008,Oklahoma,Beckham County,22817
2008,Oklahoma,Blaine County,12019
2008,Oklahoma,Bryan County,41453
2008,Oklahoma,Caddo County,28612
2008,Oklahoma,Canadian County,109969
2008,Oklahoma,Carter County,46910
2008,Oklahoma,Cherokee County,46217
2008,Oklahoma,Choctaw County,15112
2008,Oklahoma,Cimarron County,2449
2008,Oklahoma,Cleveland County,246790
2008,Oklahoma,Coal County,5745
2008,Oklahoma,Comanche County,118001
2008,Oklahoma,Cotton County,6165
2008,Oklahoma,Craig County,14910
2008,Oklahoma,Creek County,68817
2008,Oklahoma,Custer County,26816
2008,Oklahoma,Delaware County,41018
2008,Oklahoma,Dewey County,4737
2008,Oklahoma,Ellis County,4043
2008,Oklahoma,Garfield County,58845
2008,Oklahoma,Garvin County,27529
2008,Oklahoma,Grady County,51621
2008,Oklahoma,Grant County,4598
2008,Oklahoma,Greer County,6200
2008,Oklahoma,Harmon County,2827
2008,Oklahoma,Harper County,3645
2008,Oklahoma,Haskell County,12620
2008,Oklahoma,Hughes County,13397
2008,Oklahoma,Jackson County,26038
2008,Oklahoma,Jefferson County,6408
2008,Oklahoma,Johnston County,10772
2008,Oklahoma,Kay County,46410
2008,Oklahoma,Kingfisher County,14748
2008,Oklahoma,Kiowa County,9518
2008,Oklahoma,Latimer County,11068
2008,Oklahoma,Le Flore County,49802
2008,Oklahoma,Lincoln County,33710
2008,Oklahoma,Logan County,39964
2008,Oklahoma,Love County,9291
2008,Oklahoma,Major County,7456
2008,Oklahoma,Marshall County,15482
2008,Oklahoma,Mayes County,40984
2008,Oklahoma,Mcclain County,33107
2008,Oklahoma,Mccurtain County,33112
2008,Oklahoma,Mcintosh County,19952
2008,Oklahoma,Murray County,13144
2008,Oklahoma,Muskogee County,70050
2008,Oklahoma,Noble County,11537
2008,Oklahoma,Nowata County,10788
2008,Oklahoma,Okfuskee County,12008
2008,Oklahoma,Oklahoma County,701484
2008,Oklahoma,Okmulgee County,39379
2008,Oklahoma,Osage County,47336
2008,Oklahoma,Ottawa County,31838
2008,Oklahoma,Pawnee County,16447
2008,Oklahoma,Payne County,75000
2008,Oklahoma,Pittsburg County,45450
2008,Oklahoma,Pontotoc County,36687
2008,Oklahoma,Pottawatomie County,68752
2008,Oklahoma,Pushmataha County,11493
2008,Oklahoma,Roger Mills County,3557
2008,Oklahoma,Rogers County,85390
2008,Oklahoma,Seminole County,25198
2008,Oklahoma,Sequoyah County,41825
2008,Oklahoma,Stephens County,44508
2008,Oklahoma,Texas County,19539
2008,Oklahoma,Tillman County,8112
2008,Oklahoma,Tulsa County,588510
2008,Oklahoma,Wagoner County,70646
2008,Oklahoma,Washington County,50641
2008,Oklahoma,Washita County,11595
2008,Oklahoma,Woods County,8533
2008,Oklahoma,Woodward County,20120
2008,Oregon,Baker County,16195
2008,Oregon,Benton County,84150
2008,Oregon,Clackamas County,371103
2008,Oregon,Clatsop County,36825
2008,Oregon,Columbia County,49209
2008,Oregon,Coos County,63226
2008,Oregon,Crook County,21811
2008,Oregon,Curry County,22305
2008,Oregon,Deschutes County,156820
2008,Oregon,Douglas County,107316
2008,Oregon,Gilliam County,1886
2008,Oregon,Grant County,7303
2008,Oregon,Harney County,7375
2008,Oregon,Hood River County,21589
2008,Oregon,Jackson County,201162
2008,Oregon,Jefferson County,21885
2008,Oregon,Josephine County,82389
2008,Oregon,Klamath County,66732
2008,Oregon,Lake County,7961
2008,Oregon,Lane County,348176
2008,Oregon,Lincoln County,45915
2008,Oregon,Linn County,114967
2008,Oregon,Malheur County,31311
2008,Oregon,Marion County,309729
2008,Oregon,Morrow County,11002
2008,Oregon,Multnomah County,712989
2008,Oregon,Polk County,74346
2008,Oregon,Sherman County,1691
2008,Oregon,Tillamook County,25151
2008,Oregon,Umatilla County,74488
2008,Oregon,Union County,25473
2008,Oregon,Wallowa County,6900
2008,Oregon,Wasco County,24617
2008,Oregon,Washington County,515815
2008,Oregon,Wheeler County,1399
2008,Oregon,Yamhill County,97537
2008,Pennsylvania,Adams County,101056
2008,Pennsylvania,Allegheny County,1221071
2008,Pennsylvania,Armstrong County,69611
2008,Pennsylvania,Beaver County,171336
2008,Pennsylvania,Bedford County,50052
2008,Pennsylvania,Berks County,407737
2008,Pennsylvania,Blair County,127112
2008,Pennsylvania,Bradford County,62318
2008,Pennsylvania,Bucks County,623297
2008,Pennsylvania,Butler County,182673
2008,Pennsylvania,Cambria County,144646
2008,Pennsylvania,Cameron County,5186
2008,Pennsylvania,Carbon County,64947
2008,Pennsylvania,Centre County,151645
2008,Pennsylvania,Chester County,491473
2008,Pennsylvania,Clarion County,40355
2008,Pennsylvania,Clearfield County,82130
2008,Pennsylvania,Clinton County,38955
2008,Pennsylvania,Columbia County,66645
2008,Pennsylvania,Crawford County,89023
2008,Pennsylvania,Cumberland County,231357
2008,Pennsylvania,Dauphin County,265395
2008,Pennsylvania,Delaware County,556246
2008,Pennsylvania,Elk County,32504
2008,Pennsylvania,Erie County,278686
2008,Pennsylvania,Fayette County,138813
2008,Pennsylvania,Forest County,7470
2008,Pennsylvania,Franklin County,147032
2008,Pennsylvania,Fulton County,14900
2008,Pennsylvania,Greene County,39074
2008,Pennsylvania,Huntingdon County,45853
2008,Pennsylvania,Indiana County,88807
2008,Pennsylvania,Jefferson County,45260
2008,Pennsylvania,Juniata County,24409
2008,Pennsylvania,Lackawanna County,214044
2008,Pennsylvania,Lancaster County,511957
2008,Pennsylvania,Lawrence County,91798
2008,Pennsylvania,Lebanon County,131574
2008,Pennsylvania,Lehigh County,344743
2008,Pennsylvania,Luzerne County,319210
2008,Pennsylvania,Lycoming County,116147
2008,Pennsylvania,Mckean County,43856
2008,Pennsylvania,Mercer County,117189
2008,Pennsylvania,Mifflin County,46600
2008,Pennsylvania,Monroe County,168576
2008,Pennsylvania,Montgomery County,789250
2008,Pennsylvania,Montour County,18090
2008,Pennsylvania,Northampton County,295096
2008,Pennsylvania,Northumberland County,94150
2008,Pennsylvania,Perry County,45549
2008,Pennsylvania,Philadelphia County,1499731
2008,Pennsylvania,Pike County,57739
2008,Pennsylvania,Potter County,17464
2008,Pennsylvania,Schuylkill County,148463
2008,Pennsylvania,Snyder County,39481
2008,Pennsylvania,Somerset County,78120
2008,Pennsylvania,Sullivan County,6462
2008,Pennsylvania,Susquehanna County,43405
2008,Pennsylvania,Tioga County,41609
2008,Pennsylvania,Union County,45057
2008,Pennsylvania,Venango County,55315
2008,Pennsylvania,Warren County,41853
2008,Pennsylvania,Washington County,207240
2008,Pennsylvania,Wayne County,51692
2008,Pennsylvania,Westmoreland County,366058
2008,Pennsylvania,Wyoming County,28294
2008,Pennsylvania,York County,429399
2008,Rhode Island,Bristol County,50668
2008,Rhode Island,Kent County,167269
2008,Rhode Island,Newport County,82505
2008,Rhode Island,Providence County,627889
2008,Rhode Island,Washington County,126672
2008,South Carolina,Abbeville County,25699
2008,South Carolina,Aiken County,156896
2008,South Carolina,Allendale County,10803
2008,South Carolina,Anderson County,184520
2008,South Carolina,Bamberg County,16104
2008,South Carolina,Barnwell County,22761
2008,South Carolina,Beaufort County,156399
2008,South Carolina,Berkeley County,171099
2008,South Carolina,Calhoun County,15175
2008,South Carolina,Charleston County,341921
2008,South Carolina,Cherokee County,54981
2008,South Carolina,Chester County,33454
2008,South Carolina,Chesterfield County,46319
2008,South Carolina,Clarendon County,34875
2008,South Carolina,Colleton County,39014
2008,South Carolina,Darlington County,68773
2008,South Carolina,Dillon County,31585
2008,South Carolina,Dorchester County,130593
2008,South Carolina,Edgefield County,26774
2008,South Carolina,Fairfield County,24131
2008,South Carolina,Florence County,135032
2008,South Carolina,Georgetown County,60621
2008,South Carolina,Greenville County,438742
2008,South Carolina,Greenwood County,68862
2008,South Carolina,Hampton County,21212
2008,South Carolina,Horry County,260609
2008,South Carolina,Jasper County,23620
2008,South Carolina,Kershaw County,60395
2008,South Carolina,Lancaster County,72733
2008,South Carolina,Laurens County,67173
2008,South Carolina,Lee County,19697
2008,South Carolina,Lexington County,252747
2008,South Carolina,Marion County,33724
2008,South Carolina,Marlboro County,29079
2008,South Carolina,Mccormick County,10224
2008,South Carolina,Newberry County,37192
2008,South Carolina,Oconee County,73089
2008,South Carolina,Orangeburg County,92886
2008,South Carolina,Pickens County,118330
2008,South Carolina,Richland County,373789
2008,South Carolina,Saluda County,19503
2008,South Carolina,Spartanburg County,279673
2008,South Carolina,Sumter County,106463
2008,South Carolina,Union County,29172
2008,South Carolina,Williamsburg County,35090
2008,South Carolina,York County,217463
2008,South Dakota,Aurora County,2750
2008,South Dakota,Beadle County,16810
2008,South Dakota,Bennett County,3429
2008,South Dakota,Bon Homme County,7040
2008,South Dakota,Brookings County,31363
2008,South Dakota,Brown County,35865
2008,South Dakota,Brule County,5112
2008,South Dakota,Buffalo County,1956
2008,South Dakota,Butte County,9977
2008,South Dakota,Campbell County,1456
2008,South Dakota,Charles Mix County,9009
2008,South Dakota,Clark County,3714
2008,South Dakota,Clay County,13959
2008,South Dakota,Codington County,27043
2008,South Dakota,Corson County,4051
2008,South Dakota,Custer County,8060
2008,South Dakota,Davison County,19318
2008,South Dakota,Day County,5638
2008,South Dakota,Deuel County,4394
2008,South Dakota,Dewey County,5245
2008,South Dakota,Douglas County,3006
2008,South Dakota,Edmunds County,4050
2008,South Dakota,Fall River County,7032
2008,South Dakota,Faulk County,2415
2008,South Dakota,Grant County,7389
2008,South Dakota,Gregory County,4254
2008,South Dakota,Haakon County,1945
2008,South Dakota,Hamlin County,5753
2008,South Dakota,Hand County,3396
2008,South Dakota,Hanson County,3399
2008,South Dakota,Harding County,1252
2008,South Dakota,Hughes County,16690
2008,South Dakota,Hutchinson County,7363
2008,South Dakota,Hyde County,1430
2008,South Dakota,Jackson County,2950
2008,South Dakota,Jerauld County,2023
2008,South Dakota,Jones County,976
2008,South Dakota,Kingsbury County,5142
2008,South Dakota,Lake County,11119
2008,South Dakota,Lawrence County,23659
2008,South Dakota,Lincoln County,41590
2008,South Dakota,Lyman County,3669
2008,South Dakota,Marshall County,4618
2008,South Dakota,Mccook County,5598
2008,South Dakota,Mcpherson County,2517
2008,South Dakota,Meade County,24931
2008,South Dakota,Mellette County,2000
2008,South Dakota,Miner County,2372
2008,South Dakota,Minnehaha County,166320
2008,South Dakota,Moody County,6501
2008,South Dakota,Pennington County,98128
2008,South Dakota,Perkins County,2936
2008,South Dakota,Potter County,2285
2008,South Dakota,Roberts County,9997
2008,South Dakota,Sanborn County,2374
2008,South Dakota,Oglala Lakota County,13368
2008,South Dakota,Spink County,6472
2008,South Dakota,Stanley County,2864
2008,South Dakota,Sully County,1375
2008,South Dakota,Todd County,9559
2008,South Dakota,Tripp County,5671
2008,South Dakota,Turner County,8379
2008,South Dakota,Union County,13825
2008,South Dakota,Walworth County,5368
2008,South Dakota,Yankton County,22267
2008,South Dakota,Ziebach County,2708
2008,Tennessee,Anderson County,74397
2008,Tennessee,Bedford County,44395
2008,Tennessee,Benton County,16431
2008,Tennessee,Bledsoe County,13070
2008,Tennessee,Blount County,121716
2008,Tennessee,Bradley County,97547
2008,Tennessee,Campbell County,40672
2008,Tennessee,Cannon County,13822
2008,Tennessee,Carroll County,28645
2008,Tennessee,Carter County,57895
2008,Tennessee,Cheatham County,38947
2008,Tennessee,Chester County,16840
2008,Tennessee,Claiborne County,32006
2008,Tennessee,Clay County,7862
2008,Tennessee,Cocke County,35666
2008,Tennessee,Coffee County,52460
2008,Tennessee,Crockett County,14541
2008,Tennessee,Cumberland County,55184
2008,Tennessee,Davidson County,612649
2008,Tennessee,Dekalb County,18693
2008,Tennessee,Decatur County,11769
2008,Tennessee,Dickson County,48929
2008,Tennessee,Dyer County,38149
2008,Tennessee,Fayette County,37851
2008,Tennessee,Fentress County,17851
2008,Tennessee,Franklin County,41093
2008,Tennessee,Gibson County,49209
2008,Tennessee,Giles County,29705
2008,Tennessee,Grainger County,22380
2008,Tennessee,Greene County,68328
2008,Tennessee,Grundy County,13963
2008,Tennessee,Hamblen County,62101
2008,Tennessee,Hamilton County,328711
2008,Tennessee,Hancock County,6765
2008,Tennessee,Hardeman County,27837
2008,Tennessee,Hardin County,26059
2008,Tennessee,Hawkins County,56698
2008,Tennessee,Haywood County,18996
2008,Tennessee,Henderson County,27655
2008,Tennessee,Henry County,32106
2008,Tennessee,Hickman County,24623
2008,Tennessee,Houston County,8320
2008,Tennessee,Humphreys County,18411
2008,Tennessee,Jackson County,11555
2008,Tennessee,Jefferson County,51014
2008,Tennessee,Johnson County,18220
2008,Tennessee,Knox County,425276
2008,Tennessee,Lake County,7812
2008,Tennessee,Lauderdale County,27840
2008,Tennessee,Lawrence County,41272
2008,Tennessee,Lewis County,11986
2008,Tennessee,Lincoln County,32975
2008,Tennessee,Loudon County,47342
2008,Tennessee,Macon County,22017
2008,Tennessee,Madison County,97064
2008,Tennessee,Marion County,28138
2008,Tennessee,Marshall County,30108
2008,Tennessee,Maury County,79666
2008,Tennessee,Mcminn County,52284
2008,Tennessee,Mcnairy County,25766
2008,Tennessee,Meigs County,11606
2008,Tennessee,Monroe County,44437
2008,Tennessee,Montgomery County,162144
2008,Tennessee,Moore County,6299
2008,Tennessee,Morgan County,21734
2008,Tennessee,Obion County,31971
2008,Tennessee,Overton County,21756
2008,Tennessee,Perry County,7794
2008,Tennessee,Pickett County,5122
2008,Tennessee,Polk County,16759
2008,Tennessee,Putnam County,70746
2008,Tennessee,Rhea County,31308
2008,Tennessee,Roane County,54374
2008,Tennessee,Robertson County,64780
2008,Tennessee,Rutherford County,252565
2008,Tennessee,Scott County,22214
2008,Tennessee,Sequatchie County,13904
2008,Tennessee,Sevier County,87983
2008,Tennessee,Shelby County,920685
2008,Tennessee,Smith County,19179
2008,Tennessee,Stewart County,13199
2008,Tennessee,Sullivan County,156028
2008,Tennessee,Sumner County,155999
2008,Tennessee,Tipton County,60128
2008,Tennessee,Trousdale County,7777
2008,Tennessee,Unicoi County,18291
2008,Tennessee,Union County,19208
2008,Tennessee,Van Buren County,5541
2008,Tennessee,Warren County,39534
2008,Tennessee,Washington County,120056
2008,Tennessee,Wayne County,17004
2008,Tennessee,Weakley County,34484
2008,Tennessee,White County,25548
2008,Tennessee,Williamson County,175498
2008,Tennessee,Wilson County,110474
2008,Texas,Anderson County,57963
2008,Texas,Andrews County,14099
2008,Texas,Angelina County,84961
2008,Texas,Aransas County,23225
2008,Texas,Archer County,9104
2008,Texas,Armstrong County,1936
2008,Texas,Atascosa County,43947
2008,Texas,Austin County,27935
2008,Texas,Bailey County,6979
2008,Texas,Bandera County,20407
2008,Texas,Bastrop County,72389
2008,Texas,Baylor County,3747
2008,Texas,Bee County,31814
2008,Texas,Bell County,297873
2008,Texas,Bexar County,1651709
2008,Texas,Blanco County,10061
2008,Texas,Borden County,612
2008,Texas,Bosque County,17939
2008,Texas,Bowie County,91349
2008,Texas,Brazoria County,301336
2008,Texas,Brazos County,185098
2008,Texas,Brewster County,8868
2008,Texas,Briscoe County,1651
2008,Texas,Brooks County,7345
2008,Texas,Brown County,38135
2008,Texas,Burleson County,17025
2008,Texas,Burnet County,42477
2008,Texas,Caldwell County,37671
2008,Texas,Calhoun County,21127
2008,Texas,Callahan County,13474
2008,Texas,Cameron County,393000
2008,Texas,Camp County,12331
2008,Texas,Carson County,6260
2008,Texas,Cass County,30217
2008,Texas,Castro County,7758
2008,Texas,Chambers County,31619
2008,Texas,Cherokee County,49976
2008,Texas,Childress County,7123
2008,Texas,Clay County,10843
2008,Texas,Cochran County,3100
2008,Texas,Coke County,3348
2008,Texas,Coleman County,8899
2008,Texas,Collin County,741264
2008,Texas,Collingsworth County,3017
2008,Texas,Colorado County,20818
2008,Texas,Comal County,103272
2008,Texas,Comanche County,13834
2008,Texas,Concho County,4108
2008,Texas,Cooke County,38223
2008,Texas,Coryell County,74552
2008,Texas,Cottle County,1527
2008,Texas,Crane County,4157
2008,Texas,Crockett County,3783
2008,Texas,Crosby County,6192
2008,Texas,Culberson County,2490
2008,Texas,Dallam County,6506
2008,Texas,Dallas County,2314018
2008,Texas,Dawson County,13804
2008,Texas,Dewitt County,19902
2008,Texas,Deaf Smith County,19054
2008,Texas,Delta County,5252
2008,Texas,Denton County,630104
2008,Texas,Dickens County,2400
2008,Texas,Dimmit County,9833
2008,Texas,Donley County,3688
2008,Texas,Duval County,11945
2008,Texas,Eastland County,18520
2008,Texas,Ector County,133064
2008,Texas,Edwards County,2084
2008,Texas,El Paso County,769930
2008,Texas,Ellis County,144394
2008,Texas,Erath County,37137
2008,Texas,Falls County,17698
2008,Texas,Fannin County,33870
2008,Texas,Fayette County,24347
2008,Texas,Fisher County,4065
2008,Texas,Floyd County,6528
2008,Texas,Foard County,1334
2008,Texas,Fort Bend County,542957
2008,Texas,Franklin County,10604
2008,Texas,Freestone County,19446
2008,Texas,Frio County,16939
2008,Texas,Gaines County,16641
2008,Texas,Galveston County,288643
2008,Texas,Garza County,6158
2008,Texas,Gillespie County,24206
2008,Texas,Glasscock County,1218
2008,Texas,Goliad County,7164
2008,Texas,Gonzales County,19538
2008,Texas,Gray County,22772
2008,Texas,Grayson County,118834
2008,Texas,Gregg County,119157
2008,Texas,Grimes County,26273
2008,Texas,Guadalupe County,123398
2008,Texas,Hale County,35662
2008,Texas,Hall County,3398
2008,Texas,Hamilton County,8497
2008,Texas,Hansford County,5512
2008,Texas,Hardeman County,4187
2008,Texas,Hardin County,53206
2008,Texas,Harris County,3938580
2008,Texas,Harrison County,64107
2008,Texas,Hartley County,5820
2008,Texas,Haskell County,5839
2008,Texas,Hays County,147674
2008,Texas,Hemphill County,3680
2008,Texas,Henderson County,78033
2008,Texas,Hidalgo County,736694
2008,Texas,Hill County,34997
2008,Texas,Hockley County,22958
2008,Texas,Hood County,50112
2008,Texas,Hopkins County,34472
2008,Texas,Houston County,23635
2008,Texas,Howard County,34393
2008,Texas,Hudspeth County,3374
2008,Texas,Hunt County,84447
2008,Texas,Hutchinson County,21851
2008,Texas,Irion County,1571
2008,Texas,Jack County,9030
2008,Texas,Jackson County,13957
2008,Texas,Jasper County,35170
2008,Texas,Jeff Davis County,2316
2008,Texas,Jefferson County,249430
2008,Texas,Jim Hogg County,5198
2008,Texas,Jim Wells County,40554
2008,Texas,Johnson County,148635
2008,Texas,Jones County,20131
2008,Texas,Karnes County,14867
2008,Texas,Kaufman County,99285
2008,Texas,Kendall County,31754
2008,Texas,Kenedy County,410
2008,Texas,Kent County,787
2008,Texas,Kerr County,48852
2008,Texas,Kimble County,4520
2008,Texas,King County,272
2008,Texas,Kinney County,3507
2008,Texas,Kleberg County,31555
2008,Texas,Knox County,3650
2008,Texas,La Salle County,6653
2008,Texas,Lamar County,49467
2008,Texas,Lamb County,14036
2008,Texas,Lampasas County,19812
2008,Texas,Lavaca County,19185
2008,Texas,Lee County,16550
2008,Texas,Leon County,16832
2008,Texas,Liberty County,74915
2008,Texas,Limestone County,23065
2008,Texas,Lipscomb County,3183
2008,Texas,Live Oak County,11479
2008,Texas,Llano County,19034
2008,Texas,Loving County,61
2008,Texas,Lubbock County,268197
2008,Texas,Lynn County,5932
2008,Texas,Madison County,13340
2008,Texas,Marion County,10748
2008,Texas,Martin County,4558
2008,Texas,Mason County,3876
2008,Texas,Matagorda County,36708
2008,Texas,Maverick County,52190
2008,Texas,Mcculloch County,8203
2008,Texas,Mclennan County,229037
2008,Texas,Mcmullen County,736
2008,Texas,Medina County,45131
2008,Texas,Menard County,2217
2008,Texas,Midland County,132502
2008,Texas,Milam County,25065
2008,Texas,Mills County,4876
2008,Texas,Mitchell County,9285
2008,Texas,Montague County,19882
2008,Texas,Montgomery County,429818
2008,Texas,Moore County,20917
2008,Texas,Morris County,13092
2008,Texas,Motley County,1197
2008,Texas,Nacogdoches County,62957
2008,Texas,Navarro County,47408
2008,Texas,Newton County,14393
2008,Texas,Nolan County,15093
2008,Texas,Nueces County,333526
2008,Texas,Ochiltree County,9962
2008,Texas,Oldham County,2004
2008,Texas,Orange County,82612
2008,Texas,Palo Pinto County,27916
2008,Texas,Panola County,23537
2008,Texas,Parker County,112911
2008,Texas,Parmer County,9994
2008,Texas,Pecos County,15251
2008,Texas,Polk County,45794
2008,Texas,Potter County,119740
2008,Texas,Presidio County,7683
2008,Texas,Rains County,11022
2008,Texas,Randall County,116518
2008,Texas,Reagan County,3339
2008,Texas,Real County,3241
2008,Texas,Red River County,12922
2008,Texas,Reeves County,13211
2008,Texas,Refugio County,7430
2008,Texas,Roberts County,904
2008,Texas,Robertson County,16535
2008,Texas,Rockwall County,73929
2008,Texas,Runnels County,10444
2008,Texas,Rusk County,52195
2008,Texas,Sabine County,10565
2008,Texas,San Augustine County,9039
2008,Texas,San Jacinto County,25889
2008,Texas,San Patricio County,66417
2008,Texas,San Saba County,5965
2008,Texas,Schleicher County,3255
2008,Texas,Scurry County,16478
2008,Texas,Shackelford County,3314
2008,Texas,Shelby County,25381
2008,Texas,Sherman County,3035
2008,Texas,Smith County,203263
2008,Texas,Somervell County,8233
2008,Texas,Starr County,59763
2008,Texas,Stephens County,9556
2008,Texas,Sterling County,1169
2008,Texas,Stonewall County,1443
2008,Texas,Sutton County,4321
2008,Texas,Swisher County,7802
2008,Texas,Tarrant County,1745602
2008,Texas,Taylor County,128903
2008,Texas,Terrell County,884
2008,Texas,Terry County,12394
2008,Texas,Throckmorton County,1635
2008,Texas,Titus County,30963
2008,Texas,Tom Green County,107639
2008,Texas,Travis County,980699
2008,Texas,Trinity County,14380
2008,Texas,Tyler County,21570
2008,Texas,Upshur County,38706
2008,Texas,Upton County,3231
2008,Texas,Uvalde County,26206
2008,Texas,Val Verde County,47882
2008,Texas,Van Zandt County,52470
2008,Texas,Victoria County,85762
2008,Texas,Walker County,65726
2008,Texas,Waller County,40578
2008,Texas,Ward County,10588
2008,Texas,Washington County,32869
2008,Texas,Webb County,240287
2008,Texas,Wharton County,40893
2008,Texas,Wheeler County,5199
2008,Texas,Wichita County,130340
2008,Texas,Wilbarger County,13506
2008,Texas,Willacy County,21763
2008,Texas,Williamson County,395437
2008,Texas,Wilson County,41657
2008,Texas,Winkler County,7024
2008,Texas,Wise County,58181
2008,Texas,Wood County,41722
2008,Texas,Yoakum County,7765
2008,Texas,Young County,18104
2008,Texas,Zapata County,13640
2008,Texas,Zavala County,11725
2008,Utah,Beaver County,6413
2008,Utah,Box Elder County,48437
2008,Utah,Cache County,106824
2008,Utah,Carbon County,20596
2008,Utah,Daggett County,993
2008,Utah,Davis County,295801
2008,Utah,Duchesne County,17412
2008,Utah,Emery County,10740
2008,Utah,Garfield County,5010
2008,Utah,Grand County,8981
2008,Utah,Iron County,44547
2008,Utah,Juab County,10024
2008,Utah,Kane County,6853
2008,Utah,Millard County,12146
2008,Utah,Morgan County,9126
2008,Utah,Piute County,1511
2008,Utah,Rich County,2227
2008,Utah,Salt Lake County,999553
2008,Utah,San Juan County,14436
2008,Utah,Sanpete County,26959
2008,Utah,Sevier County,20599
2008,Utah,Summit County,35229
2008,Utah,Tooele County,55909
2008,Utah,Uintah County,31009
2008,Utah,Utah County,487615
2008,Utah,Wasatch County,22120
2008,Utah,Washington County,135552
2008,Utah,Wayne County,2731
2008,Utah,Weber County,223676
2008,Vermont,Addison County,36905
2008,Vermont,Bennington County,37168
2008,Vermont,Caledonia County,31167
2008,Vermont,Chittenden County,154659
2008,Vermont,Essex County,6404
2008,Vermont,Franklin County,47462
2008,Vermont,Grand Isle County,7211
2008,Vermont,Lamoille County,23971
2008,Vermont,Orange County,29032
2008,Vermont,Orleans County,27269
2008,Vermont,Rutland County,62368
2008,Vermont,Washington County,59278
2008,Vermont,Windham County,44407
2008,Vermont,Windsor County,56850
2008,Virginia,Accomack County,33970
2008,Virginia,Albemarle County,97081
2008,Virginia,Alexandria City,132949
2008,Virginia,Alleghany County,16404
2008,Virginia,Amelia County,12563
2008,Virginia,Amherst County,32510
2008,Virginia,Appomattox County,14795
2008,Virginia,Arlington County,196305
2008,Virginia,Augusta County,73555
2008,Virginia,Bath County,4778
2008,Virginia,Bedford County,67594
2008,Virginia,Bland County,6921
2008,Virginia,Botetourt County,32955
2008,Virginia,Bristol City,17631
2008,Virginia,Brunswick County,17791
2008,Virginia,Buchanan County,24371
2008,Virginia,Buckingham County,16819
2008,Virginia,Buena Vista City,6664
2008,Virginia,Campbell County,54232
2008,Virginia,Caroline County,28011
2008,Virginia,Carroll County,30067
2008,Virginia,Charles City County,7232
2008,Virginia,Charlotte County,12654
2008,Virginia,Charlottesville City,42130
2008,Virginia,Chesapeake City,218458
2008,Virginia,Chesterfield County,309837
2008,Virginia,Clarke County,14092
2008,Virginia,Colonial Heights City,17387
2008,Virginia,Covington City,5991
2008,Virginia,Craig County,5167
2008,Virginia,Culpeper County,46056
2008,Virginia,Cumberland County,9849
2008,Virginia,Danville City,43765
2008,Virginia,Dickenson County,16078
2008,Virginia,Dinwiddie County,27694
2008,Virginia,Emporia City,5820
2008,Virginia,Essex County,10920
2008,Virginia,Fairfax County,1044178
2008,Virginia,Fairfax City,22112
2008,Virginia,Falls Church City,11219
2008,Virginia,Fauquier County,64558
2008,Virginia,Floyd County,15101
2008,Virginia,Fluvanna County,25461
2008,Virginia,Franklin County,55284
2008,Virginia,Franklin City,8538
2008,Virginia,Frederick County,76060
2008,Virginia,Fredericksburg City,23277
2008,Virginia,Galax City,6888
2008,Virginia,Giles County,17168
2008,Virginia,Gloucester County,36638
2008,Virginia,Goochland County,21285
2008,Virginia,Grayson County,15938
2008,Virginia,Greene County,18131
2008,Virginia,Greensville County,12206
2008,Virginia,Halifax County,36347
2008,Virginia,Hampton City,138957
2008,Virginia,Hanover County,99404
2008,Virginia,Harrisonburg City,47286
2008,Virginia,Henrico County,300198
2008,Virginia,Henry County,55073
2008,Virginia,Highland County,2403
2008,Virginia,Hopewell City,22576
2008,Virginia,Isle Of Wight County,34955
2008,Virginia,James City County,64436
2008,Virginia,King George County,22996
2008,Virginia,King William County,15604
2008,Virginia,King And Queen County,6916
2008,Virginia,Lancaster County,11481
2008,Virginia,Lee County,25463
2008,Virginia,Lexington City,6963
2008,Virginia,Loudoun County,292570
2008,Virginia,Louisa County,32475
2008,Virginia,Lunenburg County,12936
2008,Virginia,Lynchburg City,74018
2008,Virginia,Madison County,13332
2008,Virginia,Manassas Park City,12744
2008,Virginia,Manassas City,34858
2008,Virginia,Martinsville City,14040
2008,Virginia,Mathews County,9041
2008,Virginia,Mecklenburg County,32920
2008,Virginia,Middlesex County,10806
2008,Virginia,Montgomery County,92724
2008,Virginia,Nelson County,15050
2008,Virginia,New Kent County,17728
2008,Virginia,Newport News City,181287
2008,Virginia,Norfolk City,241201
2008,Virginia,Northampton County,12586
2008,Virginia,Northumberland County,12496
2008,Virginia,Norton City,3861
2008,Virginia,Nottoway County,15847
2008,Virginia,Orange County,33077
2008,Virginia,Page County,24208
2008,Virginia,Patrick County,18677
2008,Virginia,Petersburg City,32321
2008,Virginia,Pittsylvania County,63472
2008,Virginia,Poquoson City,12103
2008,Virginia,Portsmouth City,95802
2008,Virginia,Powhatan County,27745
2008,Virginia,Prince Edward County,22959
2008,Virginia,Prince George County,35059
2008,Virginia,Prince William County,374776
2008,Virginia,Pulaski County,35051
2008,Virginia,Radford City,16304
2008,Virginia,Rappahannock County,7420
2008,Virginia,Richmond County,9386
2008,Virginia,Richmond City,202254
2008,Virginia,Roanoke County,91704
2008,Virginia,Roanoke City,95813
2008,Virginia,Rockbridge County,22363
2008,Virginia,Rockingham County,75075
2008,Virginia,Russell County,28831
2008,Virginia,Salem City,24673
2008,Virginia,Scott County,23237
2008,Virginia,Shenandoah County,41720
2008,Virginia,Smyth County,32386
2008,Virginia,Southampton County,18706
2008,Virginia,Spotsylvania County,120195
2008,Virginia,Stafford County,124323
2008,Virginia,Staunton City,23945
2008,Virginia,Suffolk City,82603
2008,Virginia,Surry County,7061
2008,Virginia,Sussex County,12215
2008,Virginia,Tazewell County,45020
2008,Virginia,Virginia Beach City,433331
2008,Virginia,Warren County,37259
2008,Virginia,Washington County,54475
2008,Virginia,Waynesboro City,20920
2008,Virginia,Westmoreland County,17305
2008,Virginia,Williamsburg City,13296
2008,Virginia,Winchester City,26004
2008,Virginia,Wise County,41489
2008,Virginia,Wythe County,29123
2008,Virginia,York County,64944
2008,Washington,Adams County,17782
2008,Washington,Asotin County,21393
2008,Washington,Benton County,166573
2008,Washington,Chelan County,70813
2008,Washington,Clallam County,70769
2008,Washington,Clark County,415282
2008,Washington,Columbia County,3903
2008,Washington,Cowlitz County,101688
2008,Washington,Douglas County,37216
2008,Washington,Ferry County,7439
2008,Washington,Franklin County,70775
2008,Washington,Garfield County,2244
2008,Washington,Grant County,84944
2008,Washington,Grays Harbor County,72027
2008,Washington,Island County,78375
2008,Washington,Jefferson County,29648
2008,Washington,King County,1875020
2008,Washington,Kitsap County,246912
2008,Washington,Kittitas County,40015
2008,Washington,Klickitat County,20135
2008,Washington,Lewis County,74899
2008,Washington,Lincoln County,10608
2008,Washington,Mason County,59785
2008,Washington,Okanogan County,40235
2008,Washington,Pacific County,21305
2008,Washington,Pend Oreille County,12985
2008,Washington,Pierce County,785400
2008,Washington,San Juan County,15590
2008,Washington,Skagit County,115808
2008,Washington,Skamania County,10918
2008,Washington,Snohomish County,694622
2008,Washington,Spokane County,462263
2008,Washington,Stevens County,43398
2008,Washington,Thurston County,244332
2008,Washington,Wahkiakum County,4033
2008,Washington,Walla Walla County,57315
2008,Washington,Whatcom County,196708
2008,Washington,Whitman County,43802
2008,Washington,Yakima County,235272
2008,West Virginia,Barbour County,16241
2008,West Virginia,Berkeley County,101629
2008,West Virginia,Boone County,24794
2008,West Virginia,Braxton County,14587
2008,West Virginia,Brooke County,24168
2008,West Virginia,Cabell County,95209
2008,West Virginia,Calhoun County,7621
2008,West Virginia,Clay County,9603
2008,West Virginia,Doddridge County,8034
2008,West Virginia,Fayette County,46171
2008,West Virginia,Gilmer County,8408
2008,West Virginia,Grant County,12022
2008,West Virginia,Greenbrier County,35457
2008,West Virginia,Hampshire County,23664
2008,West Virginia,Hancock County,30802
2008,West Virginia,Hardy County,13793
2008,West Virginia,Harrison County,68441
2008,West Virginia,Jackson County,29101
2008,West Virginia,Jefferson County,52184
2008,West Virginia,Kanawha County,192414
2008,West Virginia,Lewis County,16422
2008,West Virginia,Lincoln County,21881
2008,West Virginia,Logan County,36548
2008,West Virginia,Marion County,56141
2008,West Virginia,Marshall County,33248
2008,West Virginia,Mason County,27097
2008,West Virginia,Mcdowell County,22494
2008,West Virginia,Mercer County,61848
2008,West Virginia,Mineral County,27824
2008,West Virginia,Mingo County,26850
2008,West Virginia,Monongalia County,92200
2008,West Virginia,Monroe County,13607
2008,West Virginia,Morgan County,17520
2008,West Virginia,Nicholas County,26138
2008,West Virginia,Ohio County,44469
2008,West Virginia,Pendleton County,7761
2008,West Virginia,Pleasants County,7702
2008,West Virginia,Pocahontas County,8807
2008,West Virginia,Preston County,33067
2008,West Virginia,Putnam County,55051
2008,West Virginia,Raleigh County,78379
2008,West Virginia,Randolph County,29236
2008,West Virginia,Ritchie County,10516
2008,West Virginia,Roane County,15048
2008,West Virginia,Summers County,13712
2008,West Virginia,Taylor County,16792
2008,West Virginia,Tucker County,7160
2008,West Virginia,Tyler County,9363
2008,West Virginia,Upshur County,23929
2008,West Virginia,Wayne County,42767
2008,West Virginia,Webster County,9260
2008,West Virginia,Wetzel County,16645
2008,West Virginia,Wirt County,5745
2008,West Virginia,Wood County,86783
2008,West Virginia,Wyoming County,23957
2008,Wisconsin,Adams County,21101
2008,Wisconsin,Ashland County,16145
2008,Wisconsin,Barron County,46009
2008,Wisconsin,Bayfield County,15160
2008,Wisconsin,Brown County,244016
2008,Wisconsin,Buffalo County,13734
2008,Wisconsin,Burnett County,15696
2008,Wisconsin,Calumet County,48014
2008,Wisconsin,Chippewa County,61524
2008,Wisconsin,Clark County,34644
2008,Wisconsin,Columbia County,56362
2008,Wisconsin,Crawford County,16808
2008,Wisconsin,Dane County,477791
2008,Wisconsin,Dodge County,89239
2008,Wisconsin,Door County,28023
2008,Wisconsin,Douglas County,43830
2008,Wisconsin,Dunn County,43382
2008,Wisconsin,Eau Claire County,97176
2008,Wisconsin,Florence County,4564
2008,Wisconsin,Fond Du Lac County,101122
2008,Wisconsin,Forest County,9620
2008,Wisconsin,Grant County,50834
2008,Wisconsin,Green County,36598
2008,Wisconsin,Green Lake County,19102
2008,Wisconsin,Iowa County,23701
2008,Wisconsin,Iron County,6101
2008,Wisconsin,Jackson County,20348
2008,Wisconsin,Jefferson County,83140
2008,Wisconsin,Juneau County,26825
2008,Wisconsin,Kenosha County,164636
2008,Wisconsin,Kewaunee County,20636
2008,Wisconsin,La Crosse County,112761
2008,Wisconsin,Lafayette County,16768
2008,Wisconsin,Langlade County,20248
2008,Wisconsin,Lincoln County,29094
2008,Wisconsin,Manitowoc County,81698
2008,Wisconsin,Marathon County,133036
2008,Wisconsin,Marinette County,42019
2008,Wisconsin,Marquette County,15485
2008,Wisconsin,Menominee County,4214
2008,Wisconsin,Milwaukee County,934752
2008,Wisconsin,Monroe County,44157
2008,Wisconsin,Oconto County,37816
2008,Wisconsin,Oneida County,36500
2008,Wisconsin,Outagamie County,174388
2008,Wisconsin,Ozaukee County,85994
2008,Wisconsin,Pepin County,7545
2008,Wisconsin,Pierce County,40758
2008,Wisconsin,Polk County,44331
2008,Wisconsin,Portage County,69641
2008,Wisconsin,Price County,14411
2008,Wisconsin,Racine County,194730
2008,Wisconsin,Richland County,18205
2008,Wisconsin,Rock County,160647
2008,Wisconsin,Rusk County,14884
2008,Wisconsin,Sauk County,61231
2008,Wisconsin,Sawyer County,16650
2008,Wisconsin,Shawano County,41894
2008,Wisconsin,Sheboygan County,115652
2008,Wisconsin,St. Croix County,83192
2008,Wisconsin,Taylor County,20577
2008,Wisconsin,Trempealeau County,28452
2008,Wisconsin,Vernon County,29431
2008,Wisconsin,Vilas County,21767
2008,Wisconsin,Walworth County,101916
2008,Wisconsin,Washburn County,16003
2008,Wisconsin,Washington County,130795
2008,Wisconsin,Waukesha County,386691
2008,Wisconsin,Waupaca County,52593
2008,Wisconsin,Waushara County,24760
2008,Wisconsin,Winnebago County,164910
2008,Wisconsin,Wood County,74519
2008,Wyoming,Albany County,34643
2008,Wyoming,Big Horn County,11419
2008,Wyoming,Campbell County,42846
2008,Wyoming,Carbon County,15658
2008,Wyoming,Converse County,13486
2008,Wyoming,Crook County,6823
2008,Wyoming,Fremont County,38907
2008,Wyoming,Goshen County,12772
2008,Wyoming,Hot Springs County,4698
2008,Wyoming,Johnson County,8460
2008,Wyoming,Laramie County,89077
2008,Wyoming,Lincoln County,17629
2008,Wyoming,Natrona County,73682
2008,Wyoming,Niobrara County,2467
2008,Wyoming,Park County,27594
2008,Wyoming,Platte County,8622
2008,Wyoming,Sheridan County,28465
2008,Wyoming,Sublette County,9474
2008,Wyoming,Sweetwater County,42358
2008,Wyoming,Teton County,20988
2008,Wyoming,Uinta County,20613
2008,Wyoming,Washakie County,8229
2008,Wyoming,Weston County,7133
2012,Alabama,Autauga County,55574
2012,Alabama,Baldwin County,191053
2012,Alabama,Barbour County,27301
2012,Alabama,Bibb County,22680
2012,Alabama,Blount County,57855
2012,Alabama,Bullock County,10679
2012,Alabama,Butler County,20565
2012,Alabama,Calhoun County,117843
2012,Alabama,Chambers County,34491
2012,Alabama,Cherokee County,25657
2012,Alabama,Chilton County,43706
2012,Alabama,Choctaw County,13609
2012,Alabama,Clarke County,25091
2012,Alabama,Clay County,13678
2012,Alabama,Cleburne County,14907
2012,Alabama,Coffee County,51227
2012,Alabama,Colbert County,54990
2012,Alabama,Conecuh County,12969
2012,Alabama,Coosa County,11278
2012,Alabama,Covington County,37937
2012,Alabama,Crenshaw County,13798
2012,Alabama,Cullman County,81083
2012,Alabama,Dale County,50368
2012,Alabama,Dallas County,43252
2012,Alabama,Dekalb County,70900
2012,Alabama,Elmore County,81546
2012,Alabama,Escambia County,38120
2012,Alabama,Etowah County,104486
2012,Alabama,Fayette County,16973
2012,Alabama,Franklin County,31828
2012,Alabama,Geneva County,26986
2012,Alabama,Greene County,8780
2012,Alabama,Hale County,15393
2012,Alabama,Henry County,17139
2012,Alabama,Houston County,103561
2012,Alabama,Jackson County,53318
2012,Alabama,Jefferson County,662275
2012,Alabama,Lamar County,14292
2012,Alabama,Lauderdale County,92739
2012,Alabama,Lawrence County,33829
2012,Alabama,Lee County,150421
2012,Alabama,Limestone County,87803
2012,Alabama,Lowndes County,11005
2012,Alabama,Macon County,20983
2012,Alabama,Madison County,345133
2012,Alabama,Marengo County,20497
2012,Alabama,Marion County,30404
2012,Alabama,Marshall County,94412
2012,Alabama,Mobile County,414272
2012,Alabama,Monroe County,22414
2012,Alabama,Montgomery County,229782
2012,Alabama,Morgan County,120949
2012,Alabama,Perry County,10112
2012,Alabama,Pickens County,19157
2012,Alabama,Pike County,33231
2012,Alabama,Randolph County,22334
2012,Alabama,Russell County,57771
2012,Alabama,Shelby County,201481
2012,Alabama,St. Clair County,84919
2012,Alabama,Sumter County,13461
2012,Alabama,Talladega County,82637
2012,Alabama,Tallapoosa County,41313
2012,Alabama,Tuscaloosa County,202553
2012,Alabama,Walker County,66575
2012,Alabama,Washington County,16998
2012,Alabama,Wilcox County,11382
2012,Alabama,Winston County,24192
2012,Arizona,Apache County,70902
2012,Arizona,Cochise County,131619
2012,Arizona,Coconino County,136692
2012,Arizona,Gila County,52779
2012,Arizona,Graham County,36890
2012,Arizona,Greenlee County,8809
2012,Arizona,La Paz County,19424
2012,Arizona,Maricopa County,3916733
2012,Arizona,Mohave County,202748
2012,Arizona,Navajo County,106171
2012,Arizona,Pima County,989728
2012,Arizona,Pinal County,370875
2012,Arizona,Santa Cruz County,47520
2012,Arizona,Yavapai County,211360
2012,Arizona,Yuma County,199550
2012,Arkansas,Arkansas County,18941
2012,Arkansas,Ashley County,21430
2012,Arkansas,Baxter County,40953
2012,Arkansas,Benton County,234477
2012,Arkansas,Boone County,37279
2012,Arkansas,Bradley County,11229
2012,Arkansas,Calhoun County,5190
2012,Arkansas,Carroll County,27622
2012,Arkansas,Chicot County,11548
2012,Arkansas,Clark County,22598
2012,Arkansas,Clay County,15740
2012,Arkansas,Cleburne County,25713
2012,Arkansas,Cleveland County,8517
2012,Arkansas,Columbia County,24274
2012,Arkansas,Conway County,21070
2012,Arkansas,Craighead County,99862
2012,Arkansas,Crawford County,61190
2012,Arkansas,Crittenden County,50135
2012,Arkansas,Cross County,17844
2012,Arkansas,Dallas County,7873
2012,Arkansas,Desha County,12631
2012,Arkansas,Drew County,18636
2012,Arkansas,Faulkner County,117851
2012,Arkansas,Franklin County,17785
2012,Arkansas,Fulton County,12089
2012,Arkansas,Garland County,97129
2012,Arkansas,Grant County,17935
2012,Arkansas,Greene County,43277
2012,Arkansas,Hempstead County,22066
2012,Arkansas,Hot Spring County,33338
2012,Arkansas,Howard County,13595
2012,Arkansas,Independence County,36989
2012,Arkansas,Izard County,13539
2012,Arkansas,Jackson County,17707
2012,Arkansas,Jefferson County,74969
2012,Arkansas,Johnson County,25742
2012,Arkansas,Lafayette County,7376
2012,Arkansas,Lawrence County,16993
2012,Arkansas,Lee County,10172
2012,Arkansas,Lincoln County,14178
2012,Arkansas,Little River County,12880
2012,Arkansas,Logan County,21862
2012,Arkansas,Lonoke County,70157
2012,Arkansas,Madison County,15581
2012,Arkansas,Marion County,16644
2012,Arkansas,Miller County,43544
2012,Arkansas,Mississippi County,45600
2012,Arkansas,Monroe County,7896
2012,Arkansas,Montgomery County,9227
2012,Arkansas,Nevada County,8950
2012,Arkansas,Newton County,7960
2012,Arkansas,Ouachita County,25274
2012,Arkansas,Perry County,10252
2012,Arkansas,Phillips County,20543
2012,Arkansas,Pike County,11138
2012,Arkansas,Poinsett County,24210
2012,Arkansas,Polk County,20298
2012,Arkansas,Pope County,62448
2012,Arkansas,Prairie County,8552
2012,Arkansas,Pulaski County,390766
2012,Arkansas,Randolph County,17917
2012,Arkansas,Saline County,111405
2012,Arkansas,Scott County,10937
2012,Arkansas,Searcy County,8004
2012,Arkansas,Sebastian County,127678
2012,Arkansas,Sevier County,16978
2012,Arkansas,Sharp County,17009
2012,Arkansas,St. Francis County,27553
2012,Arkansas,Stone County,12486
2012,Arkansas,Union County,41033
2012,Arkansas,Van Buren County,16999
2012,Arkansas,Washington County,212624
2012,Arkansas,White County,78237
2012,Arkansas,Woodruff County,7055
2012,Arkansas,Yell County,21614
2012,California,Alameda County,1557493
2012,California,Alpine County,1132
2012,California,Amador County,37201
2012,California,Butte County,220257
2012,California,Calaveras County,44588
2012,California,Colusa County,21338
2012,California,Contra Costa County,1080252
2012,California,Del Norte County,28144
2012,California,El Dorado County,180188
2012,California,Fresno County,946501
2012,California,Glenn County,27966
2012,California,Humboldt County,134864
2012,California,Imperial County,176314
2012,California,Inyo County,18560
2012,California,Kern County,856159
2012,California,Kings County,150814
2012,California,Lake County,64785
2012,California,Lassen County,34193
2012,California,Los Angeles County,9941529
2012,California,Madera County,151216
2012,California,Marin County,257071
2012,California,Mariposa County,17901
2012,California,Mendocino County,88471
2012,California,Merced County,261286
2012,California,Modoc County,9336
2012,California,Mono County,14033
2012,California,Monterey County,425838
2012,California,Napa County,138847
2012,California,Nevada County,98741
2012,California,Orange County,3082360
2012,California,Placer County,360834
2012,California,Plumas County,19560
2012,California,Riverside County,2245681
2012,California,Sacramento County,1450783
2012,California,San Benito County,56794
2012,California,San Bernardino County,2071687
2012,California,San Diego County,3167098
2012,California,San Francisco County,829730
2012,California,San Joaquin County,702187
2012,California,San Luis Obispo County,274141
2012,California,San Mateo County,740539
2012,California,Santa Barbara County,430298
2012,California,Santa Clara County,1842795
2012,California,Santa Cruz County,266401
2012,California,Shasta County,178556
2012,California,Sierra County,3136
2012,California,Siskiyou County,44248
2012,California,Solano County,421014
2012,California,Sonoma County,489361
2012,California,Stanislaus County,520895
2012,California,Sutter County,94835
2012,California,Tehama County,63467
2012,California,Trinity County,14363
2012,California,Tulare County,450715
2012,California,Tuolumne County,54454
2012,California,Ventura County,833548
2012,California,Yolo County,203745
2012,California,Yuba County,73169
2012,Colorado,Adams County,460610
2012,Colorado,Alamosa County,15720
2012,Colorado,Arapahoe County,596511
2012,Colorado,Archuleta County,11954
2012,Colorado,Baca County,3706
2012,Colorado,Bent County,5902
2012,Colorado,Boulder County,305549
2012,Colorado,Chaffee County,17905
2012,Colorado,Cheyenne County,1858
2012,Colorado,Clear Creek County,8971
2012,Colorado,Conejos County,8089
2012,Colorado,Costilla County,3502
2012,Colorado,Crowley County,5501
2012,Colorado,Custer County,4110
2012,Colorado,Delta County,30495
2012,Colorado,Denver County,630936
2012,Colorado,Dolores County,2063
2012,Colorado,Douglas County,298666
2012,Colorado,Eagle County,52486
2012,Colorado,El Paso County,646651
2012,Colorado,Elbert County,23023
2012,Colorado,Fremont County,47302
2012,Colorado,Garfield County,57070
2012,Colorado,Gilpin County,5333
2012,Colorado,Grand County,14206
2012,Colorado,Gunnison County,15245
2012,Colorado,Hinsdale County,798
2012,Colorado,Huerfano County,6547
2012,Colorado,Jackson County,1323
2012,Colorado,Jefferson County,546624
2012,Colorado,Kiowa County,1412
2012,Colorado,Kit Carson County,8077
2012,Colorado,La Plata County,52284
2012,Colorado,Lake County,7130
2012,Colorado,Larimer County,310820
2012,Colorado,Las Animas County,15027
2012,Colorado,Lincoln County,5437
2012,Colorado,Logan County,22233
2012,Colorado,Mesa County,147429
2012,Colorado,Mineral County,739
2012,Colorado,Moffat County,13204
2012,Colorado,Montezuma County,25372
2012,Colorado,Montrose County,40559
2012,Colorado,Morgan County,28280
2012,Colorado,Otero County,18738
2012,Colorado,Ouray County,4482
2012,Colorado,Park County,15711
2012,Colorado,Phillips County,4454
2012,Colorado,Pitkin County,17183
2012,Colorado,Prowers County,12402
2012,Colorado,Pueblo County,160450
2012,Colorado,Rio Blanco County,6805
2012,Colorado,Rio Grande County,11926
2012,Colorado,Routt County,23121
2012,Colorado,Saguache County,6212
2012,Colorado,San Juan County,683
2012,Colorado,San Miguel County,7580
2012,Colorado,Sedgwick County,2410
2012,Colorado,Summit County,28394
2012,Colorado,Teller County,23288
2012,Colorado,Washington County,4678
2012,Colorado,Weld County,263395
2012,Colorado,Yuma County,10095
2012,Connecticut,Fairfield County,938418
2012,Connecticut,Hartford County,899846
2012,Connecticut,Litchfield County,188770
2012,Connecticut,Middlesex County,166193
2012,Connecticut,New Haven County,867409
2012,Connecticut,New London County,274897
2012,Connecticut,Tolland County,151793
2012,Connecticut,Windham County,117889
2012,Delaware,Kent County,167056
2012,Delaware,New Castle County,547127
2012,Delaware,Sussex County,202471
2012,District Of Columbia,District Of Columbia,630643
2012,Florida,Alachua County,253279
2012,Florida,Baker County,26772
2012,Florida,Bay County,172523
2012,Florida,Bradford County,26996
2012,Florida,Brevard County,547029
2012,Florida,Broward County,1811203
2012,Florida,Calhoun County,14568
2012,Florida,Charlotte County,161310
2012,Florida,Citrus County,139531
2012,Florida,Clay County,193243
2012,Florida,Collier County,328767
2012,Florida,Columbia County,67276
2012,Florida,Desoto County,34009
2012,Florida,Dixie County,16087
2012,Florida,Duval County,887094
2012,Florida,Escambia County,303577
2012,Florida,Flagler County,97911
2012,Florida,Franklin County,11665
2012,Florida,Gadsden County,46210
2012,Florida,Gilchrist County,16691
2012,Florida,Glades County,12219
2012,Florida,Gulf County,15918
2012,Florida,Hamilton County,14608
2012,Florida,Hardee County,27091
2012,Florida,Hendry County,37180
2012,Florida,Hernando County,172039
2012,Florida,Highlands County,97044
2012,Florida,Hillsborough County,1272274
2012,Florida,Holmes County,19711
2012,Florida,Indian River County,140018
2012,Florida,Jackson County,49373
2012,Florida,Jefferson County,14222
2012,Florida,Lafayette County,8739
2012,Florida,Lake County,306128
2012,Florida,Lee County,638613
2012,Florida,Leon County,283024
2012,Florida,Levy County,40022
2012,Florida,Liberty County,8216
2012,Florida,Madison County,18809
2012,Florida,Manatee County,331764
2012,Florida,Marion County,334842
2012,Florida,Martin County,148231
2012,Florida,Miami-Dade County,2574500
2012,Florida,Monroe County,76606
2012,Florida,Nassau County,74512
2012,Florida,Okaloosa County,189762
2012,Florida,Okeechobee County,39101
2012,Florida,Orange County,1208772
2012,Florida,Osceola County,290249
2012,Florida,Palm Beach County,1351960
2012,Florida,Pasco County,468683
2012,Florida,Pinellas County,917811
2012,Florida,Polk County,612187
2012,Florida,Putnam County,72624
2012,Florida,Santa Rosa County,158275
2012,Florida,Sarasota County,384849
2012,Florida,Seminole County,429956
2012,Florida,St. Johns County,201711
2012,Florida,St. Lucie County,281716
2012,Florida,Sumter County,99906
2012,Florida,Suwannee County,43245
2012,Florida,Taylor County,22806
2012,Florida,Union County,15480
2012,Florida,Volusia County,495266
2012,Florida,Wakulla County,30774
2012,Florida,Walton County,57052
2012,Florida,Washington County,24627
2012,Georgia,Appling County,18395
2012,Georgia,Atkinson County,8230
2012,Georgia,Bacon County,11169
2012,Georgia,Baker County,3342
2012,Georgia,Baldwin County,46221
2012,Georgia,Banks County,17833
2012,Georgia,Barrow County,69756
2012,Georgia,Bartow County,100198
2012,Georgia,Ben Hill County,17725
2012,Georgia,Berrien County,18877
2012,Georgia,Bibb County,157683
2012,Georgia,Bleckley County,12801
2012,Georgia,Brantley County,18251
2012,Georgia,Brooks County,15813
2012,Georgia,Bryan County,33244
2012,Georgia,Bulloch County,73220
2012,Georgia,Burke County,23491
2012,Georgia,Butts County,23455
2012,Georgia,Calhoun County,6424
2012,Georgia,Camden County,51284
2012,Georgia,Candler County,11095
2012,Georgia,Carroll County,110936
2012,Georgia,Catoosa County,64874
2012,Georgia,Charlton County,13149
2012,Georgia,Chatham County,277469
2012,Georgia,Chattahoochee County,12039
2012,Georgia,Chattooga County,25657
2012,Georgia,Cherokee County,221295
2012,Georgia,Clarke County,120067
2012,Georgia,Clay County,3099
2012,Georgia,Clayton County,266450
2012,Georgia,Clinch County,6723
2012,Georgia,Cobb County,707245
2012,Georgia,Coffee County,43090
2012,Georgia,Colquitt County,46099
2012,Georgia,Columbia County,131777
2012,Georgia,Cook County,16891
2012,Georgia,Coweta County,129675
2012,Georgia,Crawford County,12530
2012,Georgia,Crisp County,23144
2012,Georgia,Dade County,16563
2012,Georgia,Dawson County,22491
2012,Georgia,Dekalb County,711309
2012,Georgia,Decatur County,28099
2012,Georgia,Dodge County,21377
2012,Georgia,Dooly County,13958
2012,Georgia,Dougherty County,94467
2012,Georgia,Douglas County,132806
2012,Georgia,Early County,10814
2012,Georgia,Echols County,3901
2012,Georgia,Effingham County,53211
2012,Georgia,Elbert County,19646
2012,Georgia,Emanuel County,22778
2012,Georgia,Evans County,10705
2012,Georgia,Fannin County,23368
2012,Georgia,Fayette County,108150
2012,Georgia,Floyd County,95939
2012,Georgia,Forsyth County,187264
2012,Georgia,Franklin County,21913
2012,Georgia,Fulton County,971598
2012,Georgia,Gilmer County,28166
2012,Georgia,Glascock County,3086
2012,Georgia,Glynn County,80646
2012,Georgia,Gordon County,55447
2012,Georgia,Grady County,25665
2012,Georgia,Greene County,16153
2012,Georgia,Gwinnett County,840253
2012,Georgia,Habersham County,43390
2012,Georgia,Hall County,183462
2012,Georgia,Hancock County,9130
2012,Georgia,Haralson County,28248
2012,Georgia,Harris County,32291
2012,Georgia,Hart County,25387
2012,Georgia,Heard County,11533
2012,Georgia,Henry County,208623
2012,Georgia,Houston County,146560
2012,Georgia,Irwin County,9659
2012,Georgia,Jackson County,60965
2012,Georgia,Jasper County,13676
2012,Georgia,Jeff Davis County,15100
2012,Georgia,Jefferson County,16444
2012,Georgia,Jenkins County,9098
2012,Georgia,Johnson County,9896
2012,Georgia,Jones County,28517
2012,Georgia,Lamar County,17867
2012,Georgia,Lanier County,10284
2012,Georgia,Laurens County,48276
2012,Georgia,Lee County,29383
2012,Georgia,Liberty County,64997
2012,Georgia,Lincoln County,7691
2012,Georgia,Long County,15141
2012,Georgia,Lowndes County,114162
2012,Georgia,Lumpkin County,30554
2012,Georgia,Macon County,14144
2012,Georgia,Madison County,28037
2012,Georgia,Marion County,8452
2012,Georgia,Mcduffie County,21728
2012,Georgia,Mcintosh County,13121
2012,Georgia,Meriwether County,21208
2012,Georgia,Miller County,6085
2012,Georgia,Mitchell County,23106
2012,Georgia,Monroe County,26340
2012,Georgia,Montgomery County,8783
2012,Georgia,Morgan County,17932
2012,Georgia,Murray County,39301
2012,Georgia,Muscogee County,201434
2012,Georgia,Newton County,100849
2012,Georgia,Oconee County,33718
2012,Georgia,Oglethorpe County,14383
2012,Georgia,Paulding County,143908
2012,Georgia,Peach County,28035
2012,Georgia,Pickens County,29307
2012,Georgia,Pierce County,18951
2012,Georgia,Pike County,17734
2012,Georgia,Polk County,41115
2012,Georgia,Pulaski County,11419
2012,Georgia,Putnam County,21049
2012,Georgia,Quitman County,2398
2012,Georgia,Rabun County,16224
2012,Georgia,Randolph County,7244
2012,Georgia,Richmond County,202793
2012,Georgia,Rockdale County,86056
2012,Georgia,Schley County,4873
2012,Georgia,Screven County,14187
2012,Georgia,Seminole County,9113
2012,Georgia,Spalding County,63695
2012,Georgia,Stephens County,25879
2012,Georgia,Stewart County,5799
2012,Georgia,Sumter County,31577
2012,Georgia,Talbot County,6549
2012,Georgia,Taliaferro County,1673
2012,Georgia,Tattnall County,24892
2012,Georgia,Taylor County,8377
2012,Georgia,Telfair County,15620
2012,Georgia,Terrell County,9369
2012,Georgia,Thomas County,44855
2012,Georgia,Tift County,41096
2012,Georgia,Toombs County,27194
2012,Georgia,Towns County,10626
2012,Georgia,Treutlen County,6690
2012,Georgia,Troup County,68149
2012,Georgia,Turner County,8697
2012,Georgia,Twiggs County,8541
2012,Georgia,Union County,21221
2012,Georgia,Upson County,26833
2012,Georgia,Walker County,67951
2012,Georgia,Walton County,85063
2012,Georgia,Ware County,35994
2012,Georgia,Warren County,5543
2012,Georgia,Washington County,20744
2012,Georgia,Wayne County,30362
2012,Georgia,Webster County,2713
2012,Georgia,Wheeler County,7866
2012,Georgia,White County,26957
2012,Georgia,Whitfield County,102677
2012,Georgia,Wilcox County,9123
2012,Georgia,Wilkes County,10062
2012,Georgia,Wilkinson County,9485
2012,Georgia,Worth County,21528
2012,Hawaii,Hawaii County,188611
2012,Hawaii,Honolulu County,989372
2012,Hawaii,Kauai County,68973
2012,Hawaii,Maui County,158212
2012,Idaho,Ada County,409814
2012,Idaho,Adams County,3900
2012,Idaho,Bannock County,83418
2012,Idaho,Bear Lake County,5945
2012,Idaho,Benewah County,9153
2012,Idaho,Bingham County,45707
2012,Idaho,Blaine County,21339
2012,Idaho,Boise County,6693
2012,Idaho,Bonner County,40480
2012,Idaho,Bonneville County,107346
2012,Idaho,Boundary County,10692
2012,Idaho,Butte County,2746
2012,Idaho,Camas County,1070
2012,Idaho,Canyon County,192802
2012,Idaho,Caribou County,6745
2012,Idaho,Cassia County,23355
2012,Idaho,Clark County,874
2012,Idaho,Clearwater County,8555
2012,Idaho,Custer County,4329
2012,Idaho,Elmore County,26585
2012,Idaho,Franklin County,12814
2012,Idaho,Fremont County,13015
2012,Idaho,Gem County,16760
2012,Idaho,Gooding County,15259
2012,Idaho,Idaho County,16396
2012,Idaho,Jefferson County,26749
2012,Idaho,Jerome County,22496
2012,Idaho,Kootenai County,142605
2012,Idaho,Latah County,37854
2012,Idaho,Lemhi County,7749
2012,Idaho,Lewis County,3751
2012,Idaho,Lincoln County,5219
2012,Idaho,Madison County,40557
2012,Idaho,Minidoka County,20264
2012,Idaho,Nez Perce County,39822
2012,Idaho,Oneida County,4236
2012,Idaho,Owyhee County,11381
2012,Idaho,Payette County,22884
2012,Idaho,Power County,7885
2012,Idaho,Shoshone County,12772
2012,Idaho,Teton County,9958
2012,Idaho,Twin Falls County,79006
2012,Idaho,Valley County,9555
2012,Idaho,Washington County,10076
2012,Illinois,Adams County,67313
2012,Illinois,Alexander County,7644
2012,Illinois,Bond County,17624
2012,Illinois,Boone County,53841
2012,Illinois,Brown County,6822
2012,Illinois,Bureau County,34537
2012,Illinois,Calhoun County,4935
2012,Illinois,Carroll County,15440
2012,Illinois,Cass County,13660
2012,Illinois,Champaign County,203884
2012,Illinois,Christian County,34935
2012,Illinois,Clark County,16292
2012,Illinois,Clay County,13748
2012,Illinois,Clinton County,37784
2012,Illinois,Coles County,52510
2012,Illinois,Cook County,5273820
2012,Illinois,Crawford County,19616
2012,Illinois,Cumberland County,10903
2012,Illinois,De Witt County,16503
2012,Illinois,Dekalb County,103411
2012,Illinois,Douglas County,19933
2012,Illinois,Dupage County,931755
2012,Illinois,Edgar County,18151
2012,Illinois,Edwards County,6695
2012,Illinois,Effingham County,34400
2012,Illinois,Fayette County,22213
2012,Illinois,Ford County,14004
2012,Illinois,Franklin County,39781
2012,Illinois,Fulton County,36530
2012,Illinois,Gallatin County,5423
2012,Illinois,Greene County,13482
2012,Illinois,Grundy County,50502
2012,Illinois,Hamilton County,8364
2012,Illinois,Hancock County,18854
2012,Illinois,Hardin County,4241
2012,Illinois,Henderson County,7006
2012,Illinois,Henry County,50421
2012,Illinois,Iroquois County,29329
2012,Illinois,Jackson County,58229
2012,Illinois,Jasper County,9624
2012,Illinois,Jefferson County,38616
2012,Illinois,Jersey County,22690
2012,Illinois,Jo Daviess County,22720
2012,Illinois,Johnson County,13063
2012,Illinois,Kane County,517210
2012,Illinois,Kankakee County,112679
2012,Illinois,Kendall County,118612
2012,Illinois,Knox County,52466
2012,Illinois,Lasalle County,113313
2012,Illinois,Lake County,706490
2012,Illinois,Lawrence County,16678
2012,Illinois,Lee County,35298
2012,Illinois,Livingston County,38596
2012,Illinois,Logan County,30251
2012,Illinois,Macon County,110316
2012,Illinois,Macoupin County,47112
2012,Illinois,Madison County,268766
2012,Illinois,Marion County,39154
2012,Illinois,Marshall County,12349
2012,Illinois,Mason County,14285
2012,Illinois,Massac County,15175
2012,Illinois,Mcdonough County,32076
2012,Illinois,Mchenry County,309109
2012,Illinois,Mclean County,172673
2012,Illinois,Menard County,12736
2012,Illinois,Mercer County,16254
2012,Illinois,Monroe County,33368
2012,Illinois,Montgomery County,29656
2012,Illinois,Morgan County,35194
2012,Illinois,Moultrie County,14911
2012,Illinois,Ogle County,53101
2012,Illinois,Peoria County,188174
2012,Illinois,Perry County,21895
2012,Illinois,Piatt County,16575
2012,Illinois,Pike County,16100
2012,Illinois,Pope County,4378
2012,Illinois,Pulaski County,5958
2012,Illinois,Putnam County,5892
2012,Illinois,Randolph County,32731
2012,Illinois,Richland County,16201
2012,Illinois,Rock Island County,148484
2012,Illinois,Saline County,25027
2012,Illinois,Sangamon County,199917
2012,Illinois,Schuyler County,7486
2012,Illinois,Scott County,5290
2012,Illinois,Shelby County,22119
2012,Illinois,St. Clair County,268468
2012,Illinois,Stark County,5769
2012,Illinois,Stephenson County,47043
2012,Illinois,Tazewell County,136212
2012,Illinois,Union County,17766
2012,Illinois,Vermilion County,80676
2012,Illinois,Wabash County,11720
2012,Illinois,Warren County,17766
2012,Illinois,Washington County,14586
2012,Illinois,Wayne County,16694
2012,Illinois,White County,14628
2012,Illinois,Whiteside County,57965
2012,Illinois,Will County,684025
2012,Illinois,Williamson County,66943
2012,Illinois,Winnebago County,292938
2012,Illinois,Woodford County,38918
2012,Indiana,Adams County,34397
2012,Indiana,Allen County,361803
2012,Indiana,Bartholomew County,78529
2012,Indiana,Benton County,8818
2012,Indiana,Blackford County,12596
2012,Indiana,Boone County,59447
2012,Indiana,Brown County,15134
2012,Indiana,Carroll County,20123
2012,Indiana,Cass County,38850
2012,Indiana,Clark County,112331
2012,Indiana,Clay County,26837
2012,Indiana,Clinton County,33094
2012,Indiana,Crawford County,10646
2012,Indiana,Daviess County,32077
2012,Indiana,Dekalb County,42246
2012,Indiana,Dearborn County,49943
2012,Indiana,Decatur County,26017
2012,Indiana,Delaware County,116671
2012,Indiana,Dubois County,42318
2012,Indiana,Elkhart County,199160
2012,Indiana,Fayette County,24050
2012,Indiana,Floyd County,75643
2012,Indiana,Fountain County,17116
2012,Indiana,Franklin County,23036
2012,Indiana,Fulton County,20734
2012,Indiana,Gibson County,33347
2012,Indiana,Grant County,69393
2012,Indiana,Greene County,32636
2012,Indiana,Hamilton County,290865
2012,Indiana,Hancock County,70729
2012,Indiana,Harrison County,38779
2012,Indiana,Hendricks County,151274
2012,Indiana,Henry County,49313
2012,Indiana,Howard County,83051
2012,Indiana,Huntington County,37027
2012,Indiana,Jackson County,43489
2012,Indiana,Jasper County,33371
2012,Indiana,Jay County,21356
2012,Indiana,Jefferson County,32663
2012,Indiana,Jennings County,28158
2012,Indiana,Johnson County,143877
2012,Indiana,Knox County,37919
2012,Indiana,Kosciusko County,77854
2012,Indiana,Lagrange County,37751
2012,Indiana,Laporte County,111910
2012,Indiana,Lake County,496028
2012,Indiana,Lawrence County,46015
2012,Indiana,Madison County,130315
2012,Indiana,Marion County,922412
2012,Indiana,Marshall County,46940
2012,Indiana,Martin County,10255
2012,Indiana,Miami County,36679
2012,Indiana,Monroe County,139642
2012,Indiana,Montgomery County,38087
2012,Indiana,Morgan County,69441
2012,Indiana,Newton County,14024
2012,Indiana,Noble County,47103
2012,Indiana,Ohio County,6070
2012,Indiana,Orange County,19795
2012,Indiana,Owen County,21475
2012,Indiana,Parke County,16957
2012,Indiana,Perry County,19378
2012,Indiana,Pike County,12586
2012,Indiana,Porter County,166253
2012,Indiana,Posey County,25598
2012,Indiana,Pulaski County,13039
2012,Indiana,Putnam County,37482
2012,Indiana,Randolph County,25907
2012,Indiana,Ripley County,28574
2012,Indiana,Rush County,17135
2012,Indiana,Scott County,23853
2012,Indiana,Shelby County,44298
2012,Indiana,Spencer County,20688
2012,Indiana,St. Joseph County,266859
2012,Indiana,Starke County,23241
2012,Indiana,Steuben County,34083
2012,Indiana,Sullivan County,21257
2012,Indiana,Switzerland County,10235
2012,Indiana,Tippecanoe County,177008
2012,Indiana,Tipton County,15697
2012,Indiana,Union County,7347
2012,Indiana,Vanderburgh County,180595
2012,Indiana,Vermillion County,15941
2012,Indiana,Vigo County,108439
2012,Indiana,Wabash County,32428
2012,Indiana,Warren County,8447
2012,Indiana,Warrick County,60527
2012,Indiana,Washington County,27923
2012,Indiana,Wayne County,68417
2012,Indiana,Wells County,27723
2012,Indiana,White County,24585
2012,Indiana,Whitley County,33326
2012,Iowa,Adair County,7558
2012,Iowa,Adams County,3934
2012,Iowa,Allamakee County,14236
2012,Iowa,Appanoose County,12676
2012,Iowa,Audubon County,5901
2012,Iowa,Benton County,25849
2012,Iowa,Black Hawk County,131947
2012,Iowa,Boone County,26228
2012,Iowa,Bremer County,24424
2012,Iowa,Buchanan County,20833
2012,Iowa,Buena Vista County,20789
2012,Iowa,Butler County,14961
2012,Iowa,Calhoun County,10001
2012,Iowa,Carroll County,20826
2012,Iowa,Cass County,13761
2012,Iowa,Cedar County,18296
2012,Iowa,Cerro Gordo County,43901
2012,Iowa,Cherokee County,12052
2012,Iowa,Chickasaw County,12320
2012,Iowa,Clarke County,9420
2012,Iowa,Clay County,16621
2012,Iowa,Clayton County,17872
2012,Iowa,Clinton County,48706
2012,Iowa,Crawford County,17209
2012,Iowa,Dallas County,73035
2012,Iowa,Davis County,8719
2012,Iowa,Decatur County,8205
2012,Iowa,Delaware County,17683
2012,Iowa,Des Moines County,40260
2012,Iowa,Dickinson County,16972
2012,Iowa,Dubuque County,95558
2012,Iowa,Emmet County,10004
2012,Iowa,Fayette County,20808
2012,Iowa,Floyd County,16110
2012,Iowa,Franklin County,10509
2012,Iowa,Fremont County,7100
2012,Iowa,Greene County,9167
2012,Iowa,Grundy County,12460
2012,Iowa,Guthrie County,10740
2012,Iowa,Hamilton County,15386
2012,Iowa,Hancock County,11234
2012,Iowa,Hardin County,17412
2012,Iowa,Harrison County,14615
2012,Iowa,Henry County,20168
2012,Iowa,Howard County,9616
2012,Iowa,Humboldt County,9746
2012,Iowa,Ida County,7082
2012,Iowa,Iowa County,16300
2012,Iowa,Jackson County,19733
2012,Iowa,Jasper County,36729
2012,Iowa,Jefferson County,16680
2012,Iowa,Johnson County,137032
2012,Iowa,Jones County,20604
2012,Iowa,Keokuk County,10408
2012,Iowa,Kossuth County,15434
2012,Iowa,Lee County,35554
2012,Iowa,Linn County,216106
2012,Iowa,Louisa County,11321
2012,Iowa,Lucas County,8799
2012,Iowa,Lyon County,11799
2012,Iowa,Madison County,15656
2012,Iowa,Mahaska County,22361
2012,Iowa,Marion County,33327
2012,Iowa,Marshall County,41171
2012,Iowa,Mills County,14794
2012,Iowa,Mitchell County,10701
2012,Iowa,Monona County,9126
2012,Iowa,Monroe County,8030
2012,Iowa,Montgomery County,10630
2012,Iowa,Muscatine County,43095
2012,Iowa,O'Brien County,14257
2012,Iowa,Osceola County,6251
2012,Iowa,Page County,15734
2012,Iowa,Palo Alto County,9313
2012,Iowa,Plymouth County,24946
2012,Iowa,Pocahontas County,7248
2012,Iowa,Polk County,444460
2012,Iowa,Pottawattamie County,93035
2012,Iowa,Poweshiek County,18797
2012,Iowa,Ringgold County,4991
2012,Iowa,Sac County,10209
2012,Iowa,Scott County,168741
2012,Iowa,Shelby County,12101
2012,Iowa,Sioux County,34481
2012,Iowa,Story County,92147
2012,Iowa,Tama County,17574
2012,Iowa,Taylor County,6208
2012,Iowa,Union County,12585
2012,Iowa,Van Buren County,7482
2012,Iowa,Wapello County,35526
2012,Iowa,Warren County,46979
2012,Iowa,Washington County,22038
2012,Iowa,Wayne County,6345
2012,Iowa,Webster County,37581
2012,Iowa,Winnebago County,10699
2012,Iowa,Winneshiek County,21087
2012,Iowa,Woodbury County,102986
2012,Iowa,Worth County,7513
2012,Iowa,Wright County,13134
2012,Kansas,Allen County,13327
2012,Kansas,Anderson County,7897
2012,Kansas,Atchison County,16840
2012,Kansas,Barber County,4833
2012,Kansas,Barton County,27461
2012,Kansas,Bourbon County,14845
2012,Kansas,Brown County,9866
2012,Kansas,Butler County,65774
2012,Kansas,Chase County,2737
2012,Kansas,Chautauqua County,3589
2012,Kansas,Cherokee County,21113
2012,Kansas,Cheyenne County,2667
2012,Kansas,Clark County,2169
2012,Kansas,Clay County,8513
2012,Kansas,Cloud County,9490
2012,Kansas,Coffey County,8510
2012,Kansas,Comanche County,1913
2012,Kansas,Cowley County,36236
2012,Kansas,Crawford County,39378
2012,Kansas,Decatur County,2882
2012,Kansas,Dickinson County,19724
2012,Kansas,Doniphan County,7887
2012,Kansas,Douglas County,112514
2012,Kansas,Edwards County,3002
2012,Kansas,Elk County,2656
2012,Kansas,Ellis County,29152
2012,Kansas,Ellsworth County,6541
2012,Kansas,Finney County,37642
2012,Kansas,Ford County,34907
2012,Kansas,Franklin County,25903
2012,Kansas,Geary County,38971
2012,Kansas,Gove County,2781
2012,Kansas,Graham County,2585
2012,Kansas,Grant County,7889
2012,Kansas,Gray County,5888
2012,Kansas,Greeley County,1285
2012,Kansas,Greenwood County,6451
2012,Kansas,Hamilton County,2661
2012,Kansas,Harper County,5890
2012,Kansas,Harvey County,34695
2012,Kansas,Haskell County,4173
2012,Kansas,Hodgeman County,1914
2012,Kansas,Jackson County,13418
2012,Kansas,Jefferson County,18703
2012,Kansas,Jewell County,3074
2012,Kansas,Johnson County,560418
2012,Kansas,Kearny County,4021
2012,Kansas,Kingman County,7931
2012,Kansas,Kiowa County,2511
2012,Kansas,Labette County,21290
2012,Kansas,Lane County,1695
2012,Kansas,Leavenworth County,77635
2012,Kansas,Lincoln County,3169
2012,Kansas,Linn County,9462
2012,Kansas,Logan County,2799
2012,Kansas,Lyon County,33332
2012,Kansas,Marion County,12409
2012,Kansas,Marshall County,10113
2012,Kansas,Mcpherson County,29615
2012,Kansas,Meade County,4383
2012,Kansas,Miami County,32654
2012,Kansas,Mitchell County,6278
2012,Kansas,Montgomery County,34462
2012,Kansas,Morris County,5809
2012,Kansas,Morton County,3161
2012,Kansas,Nemaha County,10103
2012,Kansas,Neosho County,16419
2012,Kansas,Ness County,3058
2012,Kansas,Norton County,5613
2012,Kansas,Osage County,16171
2012,Kansas,Osborne County,3826
2012,Kansas,Ottawa County,6032
2012,Kansas,Pawnee County,6839
2012,Kansas,Phillips County,5472
2012,Kansas,Pottawatomie County,22493
2012,Kansas,Pratt County,9771
2012,Kansas,Rawlins County,2520
2012,Kansas,Reno County,64221
2012,Kansas,Republic County,4854
2012,Kansas,Rice County,9991
2012,Kansas,Riley County,77289
2012,Kansas,Rooks County,5235
2012,Kansas,Rush County,3208
2012,Kansas,Russell County,6961
2012,Kansas,Saline County,55917
2012,Kansas,Scott County,4935
2012,Kansas,Sedgwick County,505185
2012,Kansas,Seward County,23556
2012,Kansas,Shawnee County,179612
2012,Kansas,Sheridan County,2474
2012,Kansas,Sherman County,6151
2012,Kansas,Smith County,3763
2012,Kansas,Stafford County,4356
2012,Kansas,Stanton County,2182
2012,Kansas,Stevens County,5707
2012,Kansas,Sumner County,23578
2012,Kansas,Thomas County,7993
2012,Kansas,Trego County,2947
2012,Kansas,Wabaunsee County,6990
2012,Kansas,Wallace County,1520
2012,Kansas,Washington County,5751
2012,Kansas,Wichita County,2243
2012,Kansas,Wilson County,9176
2012,Kansas,Woodson County,3294
2012,Kansas,Wyandotte County,160265
2012,Kentucky,Adair County,18791
2012,Kentucky,Allen County,20048
2012,Kentucky,Anderson County,21930
2012,Kentucky,Ballard County,8259
2012,Kentucky,Barren County,42646
2012,Kentucky,Bath County,11837
2012,Kentucky,Bell County,27940
2012,Kentucky,Boone County,123664
2012,Kentucky,Bourbon County,20127
2012,Kentucky,Boyd County,49603
2012,Kentucky,Boyle County,29092
2012,Kentucky,Bracken County,8483
2012,Kentucky,Breathitt County,13863
2012,Kentucky,Breckinridge County,20052
2012,Kentucky,Bullitt County,75925
2012,Kentucky,Butler County,12660
2012,Kentucky,Caldwell County,12973
2012,Kentucky,Calloway County,37574
2012,Kentucky,Campbell County,91441
2012,Kentucky,Carlisle County,5054
2012,Kentucky,Carroll County,10894
2012,Kentucky,Carter County,27633
2012,Kentucky,Casey County,15989
2012,Kentucky,Christian County,75240
2012,Kentucky,Clark County,35809
2012,Kentucky,Clay County,21671
2012,Kentucky,Clinton County,10082
2012,Kentucky,Crittenden County,9253
2012,Kentucky,Cumberland County,6698
2012,Kentucky,Daviess County,98181
2012,Kentucky,Edmonson County,12084
2012,Kentucky,Elliott County,7621
2012,Kentucky,Estill County,14518
2012,Kentucky,Fayette County,305581
2012,Kentucky,Fleming County,14636
2012,Kentucky,Floyd County,39325
2012,Kentucky,Franklin County,49553
2012,Kentucky,Fulton County,6681
2012,Kentucky,Gallatin County,8527
2012,Kentucky,Garrard County,16830
2012,Kentucky,Grant County,24429
2012,Kentucky,Graves County,37503
2012,Kentucky,Grayson County,25784
2012,Kentucky,Green County,11329
2012,Kentucky,Greenup County,36919
2012,Kentucky,Hancock County,8725
2012,Kentucky,Hardin County,108152
2012,Kentucky,Harlan County,28947
2012,Kentucky,Harrison County,18563
2012,Kentucky,Hart County,18451
2012,Kentucky,Henderson County,46413
2012,Kentucky,Henry County,15241
2012,Kentucky,Hickman County,4782
2012,Kentucky,Hopkins County,46784
2012,Kentucky,Jackson County,13218
2012,Kentucky,Jefferson County,755182
2012,Kentucky,Jessamine County,49226
2012,Kentucky,Johnson County,23560
2012,Kentucky,Kenton County,162044
2012,Kentucky,Knott County,16043
2012,Kentucky,Knox County,31296
2012,Kentucky,Larue County,14159
2012,Kentucky,Laurel County,59870
2012,Kentucky,Lawrence County,16074
2012,Kentucky,Lee County,7602
2012,Kentucky,Leslie County,11330
2012,Kentucky,Letcher County,24065
2012,Kentucky,Lewis County,13797
2012,Kentucky,Lincoln County,24365
2012,Kentucky,Livingston County,9400
2012,Kentucky,Logan County,26749
2012,Kentucky,Lyon County,8565
2012,Kentucky,Madison County,85126
2012,Kentucky,Magoffin County,12971
2012,Kentucky,Marion County,19996
2012,Kentucky,Marshall County,31380
2012,Kentucky,Martin County,12780
2012,Kentucky,Mason County,17485
2012,Kentucky,Mccracken County,66109
2012,Kentucky,Mccreary County,18008
2012,Kentucky,Mclean County,9489
2012,Kentucky,Meade County,29572
2012,Kentucky,Menifee County,6250
2012,Kentucky,Mercer County,21505
2012,Kentucky,Metcalfe County,10026
2012,Kentucky,Monroe County,11017
2012,Kentucky,Montgomery County,26858
2012,Kentucky,Morgan County,13660
2012,Kentucky,Muhlenberg County,31481
2012,Kentucky,Nelson County,44477
2012,Kentucky,Nicholas County,7091
2012,Kentucky,Ohio County,23992
2012,Kentucky,Oldham County,62264
2012,Kentucky,Owen County,10829
2012,Kentucky,Owsley County,4619
2012,Kentucky,Pendleton County,14571
2012,Kentucky,Perry County,28957
2012,Kentucky,Pike County,64920
2012,Kentucky,Powell County,12673
2012,Kentucky,Pulaski County,63433
2012,Kentucky,Robertson County,2229
2012,Kentucky,Rockcastle County,16905
2012,Kentucky,Rowan County,23811
2012,Kentucky,Russell County,17654
2012,Kentucky,Scott County,48760
2012,Kentucky,Shelby County,43391
2012,Kentucky,Simpson County,17775
2012,Kentucky,Spencer County,17484
2012,Kentucky,Taylor County,25109
2012,Kentucky,Todd County,12577
2012,Kentucky,Trigg County,14259
2012,Kentucky,Trimble County,8842
2012,Kentucky,Union County,14920
2012,Kentucky,Warren County,117534
2012,Kentucky,Washington County,11791
2012,Kentucky,Wayne County,20672
2012,Kentucky,Webster County,13485
2012,Kentucky,Whitley County,35853
2012,Kentucky,Wolfe County,7074
2012,Kentucky,Woodford County,25148
2012,Louisiana,Acadia Parish,61003
2012,Louisiana,Allen Parish,24997
2012,Louisiana,Ascension Parish,111835
2012,Louisiana,Assumption Parish,22915
2012,Louisiana,Avoyelles Parish,41502
2012,Louisiana,Beauregard Parish,36050
2012,Louisiana,Bienville Parish,14181
2012,Louisiana,Bossier Parish,123479
2012,Louisiana,Caddo Parish,257243
2012,Louisiana,Calcasieu Parish,197478
2012,Louisiana,Caldwell Parish,9987
2012,Louisiana,Cameron Parish,6317
2012,Louisiana,Catahoula Parish,10156
2012,Louisiana,Claiborne Parish,16552
2012,Louisiana,Concordia Parish,20424
2012,Louisiana,De Soto Parish,26841
2012,Louisiana,East Baton Rouge Parish,446752
2012,Louisiana,East Carroll Parish,7761
2012,Louisiana,East Feliciana Parish,19981
2012,Louisiana,Evangeline Parish,33526
2012,Louisiana,Franklin Parish,20570
2012,Louisiana,Grant Parish,22376
2012,Louisiana,Iberia Parish,73609
2012,Louisiana,Iberville Parish,32890
2012,Louisiana,Jackson Parish,16145
2012,Louisiana,Jefferson Davis Parish,31666
2012,Louisiana,Jefferson Parish,435782
2012,Louisiana,Lasalle Parish,14815
2012,Louisiana,Lafayette Parish,226550
2012,Louisiana,Lafourche Parish,97109
2012,Louisiana,Lincoln Parish,47435
2012,Louisiana,Livingston Parish,131306
2012,Louisiana,Madison Parish,12052
2012,Louisiana,Morehouse Parish,27660
2012,Louisiana,Natchitoches Parish,39277
2012,Louisiana,Orleans Parish,368561
2012,Louisiana,Ouachita Parish,156978
2012,Louisiana,Plaquemines Parish,23918
2012,Louisiana,Pointe Coupee Parish,22488
2012,Louisiana,Rapides Parish,132264
2012,Louisiana,Red River Parish,8915
2012,Louisiana,Richland Parish,20914
2012,Louisiana,Sabine Parish,23952
2012,Louisiana,St. Bernard Parish,40643
2012,Louisiana,St. Charles Parish,52324
2012,Louisiana,St. Helena Parish,11174
2012,Louisiana,St. James Parish,21501
2012,Louisiana,St. John The Baptist Parish,44690
2012,Louisiana,St. Landry Parish,83687
2012,Louisiana,St. Martin Parish,52365
2012,Louisiana,St. Mary Parish,53767
2012,Louisiana,St. Tammany Parish,239508
2012,Louisiana,Tangipahoa Parish,122946
2012,Louisiana,Tensas Parish,4985
2012,Louisiana,Terrebonne Parish,111649
2012,Louisiana,Union Parish,22293
2012,Louisiana,Vermilion Parish,58169
2012,Louisiana,Vernon Parish,54342
2012,Louisiana,Washington Parish,46585
2012,Louisiana,Webster Parish,40677
2012,Louisiana,West Baton Rouge Parish,24275
2012,Louisiana,West Carroll Parish,11287
2012,Louisiana,West Feliciana Parish,15430
2012,Louisiana,Winn Parish,15081
2012,Maine,Androscoggin County,108087
2012,Maine,Aroostook County,70820
2012,Maine,Cumberland County,284938
2012,Maine,Franklin County,30521
2012,Maine,Hancock County,54569
2012,Maine,Kennebec County,121789
2012,Maine,Knox County,39761
2012,Maine,Lincoln County,34254
2012,Maine,Oxford County,57417
2012,Maine,Penobscot County,153499
2012,Maine,Piscataquis County,17230
2012,Maine,Sagadahoc County,35270
2012,Maine,Somerset County,51782
2012,Maine,Waldo County,38874
2012,Maine,Washington County,32482
2012,Maine,York County,199661
2012,Maryland,Allegany County,73491
2012,Maryland,Anne Arundel County,551798
2012,Maryland,Baltimore County,824365
2012,Maryland,Baltimore City,622372
2012,Maryland,Calvert County,89690
2012,Maryland,Caroline County,32586
2012,Maryland,Carroll County,167938
2012,Maryland,Cecil County,101851
2012,Maryland,Charles County,151202
2012,Maryland,Dorchester County,32628
2012,Maryland,Frederick County,241406
2012,Maryland,Garrett County,29951
2012,Maryland,Harford County,249582
2012,Maryland,Howard County,300223
2012,Maryland,Kent County,19968
2012,Maryland,Montgomery County,1007469
2012,Maryland,Prince George'S County,895476
2012,Maryland,Queen Anne'S County,48243
2012,Maryland,Somerset County,25849
2012,Maryland,St. Mary's County,108688
2012,Maryland,Talbot County,38098
2012,Maryland,Washington County,149887
2012,Maryland,Wicomico County,100496
2012,Maryland,Worcester County,51597
2012,Massachusetts,Barnstable County,218386
2012,Massachusetts,Berkshire County,131271
2012,Massachusetts,Bristol County,554033
2012,Massachusetts,Dukes County,17540
2012,Massachusetts,Essex County,761561
2012,Massachusetts,Franklin County,71876
2012,Massachusetts,Hampden County,467258
2012,Massachusetts,Hampshire County,160673
2012,Massachusetts,Middlesex County,1547904
2012,Massachusetts,Nantucket County,10966
2012,Massachusetts,Norfolk County,686739
2012,Massachusetts,Plymouth County,501192
2012,Massachusetts,Suffolk County,750181
2012,Massachusetts,Worcester County,814352
2012,Michigan,Alcona County,10494
2012,Michigan,Alger County,9408
2012,Michigan,Allegan County,111894
2012,Michigan,Alpena County,29305
2012,Michigan,Antrim County,23245
2012,Michigan,Arenac County,15504
2012,Michigan,Baraga County,8713
2012,Michigan,Barry County,59125
2012,Michigan,Bay County,107267
2012,Michigan,Benzie County,17346
2012,Michigan,Berrien County,156913
2012,Michigan,Branch County,44101
2012,Michigan,Calhoun County,134886
2012,Michigan,Cass County,51793
2012,Michigan,Charlevoix County,26170
2012,Michigan,Cheboygan County,25791
2012,Michigan,Chippewa County,38944
2012,Michigan,Clare County,30800
2012,Michigan,Clinton County,76025
2012,Michigan,Crawford County,13725
2012,Michigan,Delta County,37119
2012,Michigan,Dickinson County,26348
2012,Michigan,Eaton County,107784
2012,Michigan,Emmet County,32980
2012,Michigan,Genesee County,418460
2012,Michigan,Gladwin County,25530
2012,Michigan,Gogebic County,16147
2012,Michigan,Grand Traverse County,89626
2012,Michigan,Gratiot County,42279
2012,Michigan,Hillsdale County,46291
2012,Michigan,Houghton County,37218
2012,Michigan,Huron County,32605
2012,Michigan,Ingham County,282220
2012,Michigan,Ionia County,64385
2012,Michigan,Iosco County,25465
2012,Michigan,Iron County,11694
2012,Michigan,Isabella County,69514
2012,Michigan,Jackson County,160666
2012,Michigan,Kalamazoo County,254436
2012,Michigan,Kalkaska County,17088
2012,Michigan,Kent County,615749
2012,Michigan,Keweenaw County,2154
2012,Michigan,Lake County,11569
2012,Michigan,Lapeer County,88398
2012,Michigan,Leelanau County,21508
2012,Michigan,Lenawee County,99352
2012,Michigan,Livingston County,183148
2012,Michigan,Luce County,6296
2012,Michigan,Mackinac County,11065
2012,Michigan,Macomb County,851921
2012,Michigan,Manistee County,24749
2012,Michigan,Marquette County,67827
2012,Michigan,Mason County,28640
2012,Michigan,Mecosta County,42573
2012,Michigan,Menominee County,23928
2012,Michigan,Midland County,83747
2012,Michigan,Missaukee County,14987
2012,Michigan,Monroe County,151788
2012,Michigan,Montcalm County,63789
2012,Michigan,Montmorency County,9476
2012,Michigan,Muskegon County,170623
2012,Michigan,Newaygo County,48045
2012,Michigan,Oakland County,1228027
2012,Michigan,Oceana County,26277
2012,Michigan,Ogemaw County,21323
2012,Michigan,Ontonagon County,6444
2012,Michigan,Osceola County,23206
2012,Michigan,Oscoda County,8544
2012,Michigan,Otsego County,24128
2012,Michigan,Ottawa County,271367
2012,Michigan,Presque Isle County,13156
2012,Michigan,Roscommon County,24066
2012,Michigan,Saginaw County,198414
2012,Michigan,Sanilac County,42251
2012,Michigan,Schoolcraft County,8339
2012,Michigan,Shiawassee County,69410
2012,Michigan,St. Clair County,160868
2012,Michigan,St. Joseph County,61003
2012,Michigan,Tuscola County,54930
2012,Michigan,Van Buren County,75326
2012,Michigan,Washtenaw County,353845
2012,Michigan,Wayne County,1806930
2012,Michigan,Wexford County,32511
2012,Minnesota,Aitkin County,15998
2012,Minnesota,Anoka County,337106
2012,Minnesota,Becker County,33147
2012,Minnesota,Beltrami County,44890
2012,Minnesota,Benton County,38765
2012,Minnesota,Big Stone County,5183
2012,Minnesota,Blue Earth County,65180
2012,Minnesota,Brown County,25639
2012,Minnesota,Carlton County,35349
2012,Minnesota,Carver County,93958
2012,Minnesota,Cass County,28452
2012,Minnesota,Chippewa County,12294
2012,Minnesota,Chisago County,53436
2012,Minnesota,Clay County,60376
2012,Minnesota,Clearwater County,8576
2012,Minnesota,Cook County,5220
2012,Minnesota,Cottonwood County,11631
2012,Minnesota,Crow Wing County,62936
2012,Minnesota,Dakota County,406570
2012,Minnesota,Dodge County,20241
2012,Minnesota,Douglas County,36454
2012,Minnesota,Faribault County,14235
2012,Minnesota,Fillmore County,20854
2012,Minnesota,Freeborn County,31136
2012,Minnesota,Goodhue County,46438
2012,Minnesota,Grant County,5938
2012,Minnesota,Hennepin County,1187536
2012,Minnesota,Houston County,18811
2012,Minnesota,Hubbard County,20360
2012,Minnesota,Isanti County,38130
2012,Minnesota,Itasca County,45091
2012,Minnesota,Jackson County,10356
2012,Minnesota,Kanabec County,15893
2012,Minnesota,Kandiyohi County,42509
2012,Minnesota,Kittson County,4492
2012,Minnesota,Koochiching County,13157
2012,Minnesota,Lac Qui Parle County,7158
2012,Minnesota,Lake County,10851
2012,Minnesota,Lake Of The Woods County,3950
2012,Minnesota,Le Sueur County,27638
2012,Minnesota,Lincoln County,5768
2012,Minnesota,Lyon County,25615
2012,Minnesota,Mahnomen County,5490
2012,Minnesota,Marshall County,9407
2012,Minnesota,Martin County,20572
2012,Minnesota,Mcleod County,36161
2012,Minnesota,Meeker County,23064
2012,Minnesota,Mille Lacs County,25702
2012,Minnesota,Morrison County,33277
2012,Minnesota,Mower County,39374
2012,Minnesota,Murray County,8576
2012,Minnesota,Nicollet County,33028
2012,Minnesota,Nobles County,21916
2012,Minnesota,Norman County,6625
2012,Minnesota,Olmsted County,147781
2012,Minnesota,Otter Tail County,57526
2012,Minnesota,Pennington County,14147
2012,Minnesota,Pine County,29080
2012,Minnesota,Pipestone County,9466
2012,Minnesota,Polk County,31570
2012,Minnesota,Pope County,10896
2012,Minnesota,Ramsey County,521903
2012,Minnesota,Red Lake County,4035
2012,Minnesota,Redwood County,15891
2012,Minnesota,Renville County,15348
2012,Minnesota,Rice County,64440
2012,Minnesota,Rock County,9572
2012,Minnesota,Roseau County,15564
2012,Minnesota,Scott County,135279
2012,Minnesota,Sherburne County,89185
2012,Minnesota,Sibley County,15098
2012,Minnesota,St. Louis County,200727
2012,Minnesota,Stearns County,151118
2012,Minnesota,Steele County,36497
2012,Minnesota,Stevens County,9717
2012,Minnesota,Swift County,9787
2012,Minnesota,Todd County,24758
2012,Minnesota,Traverse County,3438
2012,Minnesota,Wabasha County,21491
2012,Minnesota,Wadena County,13676
2012,Minnesota,Waseca County,19269
2012,Minnesota,Washington County,244333
2012,Minnesota,Watonwan County,11216
2012,Minnesota,Wilkin County,6671
2012,Minnesota,Winona County,51158
2012,Minnesota,Wright County,127608
2012,Minnesota,Yellow Medicine County,10148
2012,Mississippi,Adams County,32004
2012,Mississippi,Alcorn County,36720
2012,Mississippi,Amite County,13043
2012,Mississippi,Attala County,19105
2012,Mississippi,Benton County,8494
2012,Mississippi,Bolivar County,34148
2012,Mississippi,Calhoun County,14596
2012,Mississippi,Carroll County,10450
2012,Mississippi,Chickasaw County,17522
2012,Mississippi,Choctaw County,8459
2012,Mississippi,Claiborne County,9396
2012,Mississippi,Clarke County,16580
2012,Mississippi,Clay County,20239
2012,Mississippi,Coahoma County,25553
2012,Mississippi,Copiah County,29125
2012,Mississippi,Covington County,19397
2012,Mississippi,Desoto County,165989
2012,Mississippi,Forrest County,77125
2012,Mississippi,Franklin County,7899
2012,Mississippi,George County,22897
2012,Mississippi,Greene County,14336
2012,Mississippi,Grenada County,21837
2012,Mississippi,Hancock County,44864
2012,Mississippi,Harrison County,193617
2012,Mississippi,Hinds County,247723
2012,Mississippi,Holmes County,18965
2012,Mississippi,Humphreys County,9187
2012,Mississippi,Issaquena County,1414
2012,Mississippi,Itawamba County,23427
2012,Mississippi,Jackson County,139883
2012,Mississippi,Jasper County,16560
2012,Mississippi,Jefferson County,7741
2012,Mississippi,Jefferson Davis County,12148
2012,Mississippi,Jones County,68245
2012,Mississippi,Kemper County,10257
2012,Mississippi,Lafayette County,50582
2012,Mississippi,Lamar County,58210
2012,Mississippi,Lauderdale County,80042
2012,Mississippi,Lawrence County,12577
2012,Mississippi,Leake County,22850
2012,Mississippi,Lee County,84305
2012,Mississippi,Leflore County,30892
2012,Mississippi,Lincoln County,35050
2012,Mississippi,Lowndes County,59724
2012,Mississippi,Madison County,98623
2012,Mississippi,Marion County,26328
2012,Mississippi,Marshall County,36212
2012,Mississippi,Monroe County,36186
2012,Mississippi,Montgomery County,10629
2012,Mississippi,Neshoba County,29762
2012,Mississippi,Newton County,21586
2012,Mississippi,Noxubee County,11154
2012,Mississippi,Oktibbeha County,49310
2012,Mississippi,Panola County,34265
2012,Mississippi,Pearl River County,55072
2012,Mississippi,Perry County,11916
2012,Mississippi,Pike County,40372
2012,Mississippi,Pontotoc County,30027
2012,Mississippi,Prentiss County,25361
2012,Mississippi,Quitman County,7661
2012,Mississippi,Rankin County,146099
2012,Mississippi,Scott County,28335
2012,Mississippi,Sharkey County,4695
2012,Mississippi,Simpson County,27263
2012,Mississippi,Smith County,15980
2012,Mississippi,Stone County,18052
2012,Mississippi,Sunflower County,28672
2012,Mississippi,Tallahatchie County,14808
2012,Mississippi,Tate County,28429
2012,Mississippi,Tippah County,21916
2012,Mississippi,Tishomingo County,19519
2012,Mississippi,Tunica County,10519
2012,Mississippi,Union County,27103
2012,Mississippi,Walthall County,14976
2012,Mississippi,Warren County,48163
2012,Mississippi,Washington County,50439
2012,Mississippi,Wayne County,20518
2012,Mississippi,Webster County,10145
2012,Mississippi,Wilkinson County,9497
2012,Mississippi,Winston County,18946
2012,Mississippi,Yalobusha County,12502
2012,Mississippi,Yazoo County,28139
2012,Missouri,Adair County,25662
2012,Missouri,Andrew County,17423
2012,Missouri,Atchison County,5556
2012,Missouri,Audrain County,25551
2012,Missouri,Barry County,35027
2012,Missouri,Barton County,12301
2012,Missouri,Bates County,16564
2012,Missouri,Benton County,18954
2012,Missouri,Bollinger County,12092
2012,Missouri,Boone County,169083
2012,Missouri,Buchanan County,89517
2012,Missouri,Butler County,42954
2012,Missouri,Caldwell County,9029
2012,Missouri,Callaway County,44281
2012,Missouri,Camden County,43405
2012,Missouri,Cape Girardeau County,77587
2012,Missouri,Carroll County,9050
2012,Missouri,Carter County,6092
2012,Missouri,Cass County,100730
2012,Missouri,Cedar County,13875
2012,Missouri,Chariton County,7683
2012,Missouri,Christian County,79370
2012,Missouri,Clark County,6925
2012,Missouri,Clay County,227740
2012,Missouri,Clinton County,20705
2012,Missouri,Cole County,76678
2012,Missouri,Cooper County,17505
2012,Missouri,Crawford County,24621
2012,Missouri,Dade County,7559
2012,Missouri,Dallas County,16679
2012,Missouri,Daviess County,8324
2012,Missouri,Dekalb County,12809
2012,Missouri,Dent County,15413
2012,Missouri,Douglas County,13184
2012,Missouri,Dunklin County,31692
2012,Missouri,Franklin County,101401
2012,Missouri,Gasconade County,14954
2012,Missouri,Gentry County,6689
2012,Missouri,Greene County,281478
2012,Missouri,Grundy County,10369
2012,Missouri,Harrison County,8691
2012,Missouri,Henry County,22200
2012,Missouri,Hickory County,9154
2012,Missouri,Holt County,4670
2012,Missouri,Howard County,10233
2012,Missouri,Howell County,40422
2012,Missouri,Iron County,10413
2012,Missouri,Jackson County,680113
2012,Missouri,Jasper County,116076
2012,Missouri,Jefferson County,219974
2012,Missouri,Johnson County,54285
2012,Missouri,Knox County,4046
2012,Missouri,Laclede County,35520
2012,Missouri,Lafayette County,33062
2012,Missouri,Lawrence County,38336
2012,Missouri,Lewis County,10167
2012,Missouri,Lincoln County,53200
2012,Missouri,Linn County,12494
2012,Missouri,Livingston County,15002
2012,Missouri,Macon County,15574
2012,Missouri,Madison County,12494
2012,Missouri,Maries County,8939
2012,Missouri,Marion County,28766
2012,Missouri,Mcdonald County,23066
2012,Missouri,Mercer County,3701
2012,Missouri,Miller County,24344
2012,Missouri,Mississippi County,14231
2012,Missouri,Moniteau County,15634
2012,Missouri,Monroe County,8692
2012,Missouri,Montgomery County,11967
2012,Missouri,Morgan County,20139
2012,Missouri,New Madrid County,18388
2012,Missouri,Newton County,58699
2012,Missouri,Nodaway County,23207
2012,Missouri,Oregon County,10567
2012,Missouri,Osage County,13782
2012,Missouri,Ozark County,9479
2012,Missouri,Pemiscot County,18079
2012,Missouri,Perry County,18941
2012,Missouri,Pettis County,42412
2012,Missouri,Phelps County,45283
2012,Missouri,Pike County,18556
2012,Missouri,Platte County,92341
2012,Missouri,Polk County,30880
2012,Missouri,Pulaski County,53803
2012,Missouri,Putnam County,4944
2012,Missouri,Ralls County,10245
2012,Missouri,Randolph County,25383
2012,Missouri,Ray County,23131
2012,Missouri,Reynolds County,6523
2012,Missouri,Ripley County,13441
2012,Missouri,Saline County,23658
2012,Missouri,Schuyler County,4274
2012,Missouri,Scotland County,4834
2012,Missouri,Scott County,39116
2012,Missouri,Shannon County,8070
2012,Missouri,Shelby County,6257
2012,Missouri,St. Charles County,369185
2012,Missouri,St. Clair County,9457
2012,Missouri,St. Francois County,65880
2012,Missouri,St. Louis County,1003039
2012,Missouri,St. Louis City,320207
2012,Missouri,Ste. Genevieve County,17993
2012,Missouri,Stoddard County,29741
2012,Missouri,Stone County,31621
2012,Missouri,Sullivan County,6548
2012,Missouri,Taney County,52918
2012,Missouri,Texas County,25649
2012,Missouri,Vernon County,20777
2012,Missouri,Warren County,32559
2012,Missouri,Washington County,24840
2012,Missouri,Wayne County,13000
2012,Missouri,Webster County,36295
2012,Missouri,Worth County,2083
2012,Missouri,Wright County,18532
2012,Montana,Beaverhead County,9329
2012,Montana,Big Horn County,12994
2012,Montana,Blaine County,6778
2012,Montana,Broadwater County,5843
2012,Montana,Carbon County,10047
2012,Montana,Carter County,1195
2012,Montana,Cascade County,82332
2012,Montana,Chouteau County,5975
2012,Montana,Custer County,11920
2012,Montana,Daniels County,1777
2012,Montana,Dawson County,9318
2012,Montana,Deer Lodge County,9266
2012,Montana,Fallon County,3070
2012,Montana,Fergus County,11471
2012,Montana,Flathead County,91390
2012,Montana,Gallatin County,93231
2012,Montana,Garfield County,1222
2012,Montana,Glacier County,13700
2012,Montana,Golden Valley County,826
2012,Montana,Granite County,3033
2012,Montana,Hill County,16375
2012,Montana,Jefferson County,11260
2012,Montana,Judith Basin County,2010
2012,Montana,Lake County,29072
2012,Montana,Lewis And Clark County,64954
2012,Montana,Liberty County,2301
2012,Montana,Lincoln County,19356
2012,Montana,Madison County,7600
2012,Montana,Mccone County,1716
2012,Montana,Meagher County,1907
2012,Montana,Mineral County,4134
2012,Montana,Missoula County,110349
2012,Montana,Musselshell County,4713
2012,Montana,Park County,15699
2012,Montana,Petroleum County,505
2012,Montana,Phillips County,4190
2012,Montana,Pondera County,6174
2012,Montana,Powder River County,1760
2012,Montana,Powell County,7105
2012,Montana,Prairie County,1145
2012,Montana,Ravalli County,40457
2012,Montana,Richland County,10903
2012,Montana,Roosevelt County,10818
2012,Montana,Rosebud County,9230
2012,Montana,Sanders County,11450
2012,Montana,Sheridan County,3611
2012,Montana,Silver Bow County,34505
2012,Montana,Stillwater County,8967
2012,Montana,Sweet Grass County,3579
2012,Montana,Teton County,6062
2012,Montana,Toole County,5284
2012,Montana,Treasure County,730
2012,Montana,Valley County,7558
2012,Montana,Wheatland County,2074
2012,Montana,Wibaux County,1034
2012,Montana,Yellowstone County,152171
2012,Nebraska,Adams County,31310
2012,Nebraska,Antelope County,6554
2012,Nebraska,Arthur County,470
2012,Nebraska,Banner County,662
2012,Nebraska,Blaine County,491
2012,Nebraska,Boone County,5484
2012,Nebraska,Box Butte County,11290
2012,Nebraska,Boyd County,2048
2012,Nebraska,Brown County,3032
2012,Nebraska,Buffalo County,47634
2012,Nebraska,Burt County,6734
2012,Nebraska,Butler County,8333
2012,Nebraska,Cass County,25199
2012,Nebraska,Cedar County,8689
2012,Nebraska,Chase County,4027
2012,Nebraska,Cherry County,5658
2012,Nebraska,Cheyenne County,10156
2012,Nebraska,Clay County,6358
2012,Nebraska,Colfax County,10535
2012,Nebraska,Cuming County,9130
2012,Nebraska,Custer County,10815
2012,Nebraska,Dakota County,21043
2012,Nebraska,Dawes County,9096
2012,Nebraska,Dawson County,24094
2012,Nebraska,Deuel County,1965
2012,Nebraska,Dixon County,5885
2012,Nebraska,Dodge County,36777
2012,Nebraska,Douglas County,533323
2012,Nebraska,Dundy County,1975
2012,Nebraska,Fillmore County,5719
2012,Nebraska,Franklin County,3170
2012,Nebraska,Frontier County,2701
2012,Nebraska,Furnas County,4877
2012,Nebraska,Gage County,21706
2012,Nebraska,Garden County,1991
2012,Nebraska,Garfield County,1963
2012,Nebraska,Gosper County,2058
2012,Nebraska,Grant County,622
2012,Nebraska,Greeley County,2430
2012,Nebraska,Hall County,60494
2012,Nebraska,Hamilton County,9080
2012,Nebraska,Harlan County,3355
2012,Nebraska,Hayes County,904
2012,Nebraska,Hitchcock County,2834
2012,Nebraska,Holt County,10406
2012,Nebraska,Hooker County,731
2012,Nebraska,Howard County,6296
2012,Nebraska,Jefferson County,7570
2012,Nebraska,Johnson County,5240
2012,Nebraska,Kearney County,6520
2012,Nebraska,Keith County,8311
2012,Nebraska,Keya Paha County,797
2012,Nebraska,Kimball County,3783
2012,Nebraska,Knox County,8595
2012,Nebraska,Lancaster County,294051
2012,Nebraska,Lincoln County,36021
2012,Nebraska,Logan County,779
2012,Nebraska,Loup County,597
2012,Nebraska,Madison County,35250
2012,Nebraska,Mcpherson County,492
2012,Nebraska,Merrick County,7813
2012,Nebraska,Morrill County,4920
2012,Nebraska,Nance County,3643
2012,Nebraska,Nemaha County,7170
2012,Nebraska,Nuckolls County,4424
2012,Nebraska,Otoe County,15678
2012,Nebraska,Pawnee County,2778
2012,Nebraska,Perkins County,2926
2012,Nebraska,Phelps County,9198
2012,Nebraska,Pierce County,7217
2012,Nebraska,Platte County,32878
2012,Nebraska,Polk County,5270
2012,Nebraska,Red Willow County,11057
2012,Nebraska,Richardson County,8298
2012,Nebraska,Rock County,1401
2012,Nebraska,Saline County,14473
2012,Nebraska,Sarpy County,166203
2012,Nebraska,Saunders County,20897
2012,Nebraska,Scotts Bluff County,37089
2012,Nebraska,Seward County,16994
2012,Nebraska,Sheridan County,5323
2012,Nebraska,Sherman County,3074
2012,Nebraska,Sioux County,1308
2012,Nebraska,Stanton County,6084
2012,Nebraska,Thayer County,5173
2012,Nebraska,Thomas County,689
2012,Nebraska,Thurston County,6833
2012,Nebraska,Valley County,4207
2012,Nebraska,Washington County,19961
2012,Nebraska,Wayne County,9557
2012,Nebraska,Webster County,3726
2012,Nebraska,Wheeler County,794
2012,Nebraska,York County,13974
2012,Nevada,Carson City,54922
2012,Nevada,Churchill County,24308
2012,Nevada,Clark County,1980175
2012,Nevada,Douglas County,47009
2012,Nevada,Elko County,51158
2012,Nevada,Esmeralda County,758
2012,Nevada,Eureka County,1938
2012,Nevada,Humboldt County,17151
2012,Nevada,Lander County,5968
2012,Nevada,Lincoln County,5220
2012,Nevada,Lyon County,51227
2012,Nevada,Mineral County,4671
2012,Nevada,Nye County,44458
2012,Nevada,Pershing County,6769
2012,Nevada,Storey County,3814
2012,Nevada,Washoe County,429809
2012,Nevada,White Pine County,9935
2012,New Hampshire,Belknap County,60930
2012,New Hampshire,Carroll County,47940
2012,New Hampshire,Cheshire County,77014
2012,New Hampshire,Coos County,31984
2012,New Hampshire,Grafton County,89776
2012,New Hampshire,Hillsborough County,405384
2012,New Hampshire,Merrimack County,147461
2012,New Hampshire,Rockingham County,298972
2012,New Hampshire,Strafford County,124717
2012,New Hampshire,Sullivan County,43194
2012,New Jersey,Atlantic County,277178
2012,New Jersey,Bergen County,921715
2012,New Jersey,Burlington County,454059
2012,New Jersey,Camden County,515332
2012,New Jersey,Cape May County,97050
2012,New Jersey,Cumberland County,158339
2012,New Jersey,Essex County,799101
2012,New Jersey,Gloucester County,291915
2012,New Jersey,Hudson County,664066
2012,New Jersey,Hunterdon County,127552
2012,New Jersey,Mercer County,373046
2012,New Jersey,Middlesex County,828221
2012,New Jersey,Monmouth County,633215
2012,New Jersey,Morris County,499619
2012,New Jersey,Ocean County,585484
2012,New Jersey,Passaic County,508715
2012,New Jersey,Salem County,65962
2012,New Jersey,Somerset County,330978
2012,New Jersey,Sussex County,147900
2012,New Jersey,Union County,547312
2012,New Jersey,Warren County,108489
2012,New Mexico,Bernalillo County,672565
2012,New Mexico,Catron County,3626
2012,New Mexico,Chaves County,65867
2012,New Mexico,Cibola County,27580
2012,New Mexico,Colfax County,13335
2012,New Mexico,Curry County,50720
2012,New Mexico,De Baca County,1959
2012,New Mexico,Doña Ana County,214163
2012,New Mexico,Eddy County,55302
2012,New Mexico,Grant County,29518
2012,New Mexico,Guadalupe County,4630
2012,New Mexico,Harding County,704
2012,New Mexico,Hidalgo County,4793
2012,New Mexico,Lea County,66992
2012,New Mexico,Lincoln County,20283
2012,New Mexico,Los Alamos County,18235
2012,New Mexico,Luna County,25267
2012,New Mexico,Mckinley County,72803
2012,New Mexico,Mora County,4616
2012,New Mexico,Otero County,66228
2012,New Mexico,Quay County,8921
2012,New Mexico,Rio Arriba County,40580
2012,New Mexico,Roosevelt County,20505
2012,New Mexico,San Juan County,129369
2012,New Mexico,San Miguel County,29096
2012,New Mexico,Sandoval County,135482
2012,New Mexico,Santa Fe County,147458
2012,New Mexico,Sierra County,12018
2012,New Mexico,Socorro County,17484
2012,New Mexico,Taos County,33183
2012,New Mexico,Torrance County,16062
2012,New Mexico,Union County,4419
2012,New Mexico,Valencia County,76519
2012,New York,Albany County,308179
2012,New York,Allegany County,48391
2012,New York,Bronx County,1425939
2012,New York,Broome County,200667
2012,New York,Cattaraugus County,79587
2012,New York,Cayuga County,79535
2012,New York,Chautauqua County,133644
2012,New York,Chemung County,89448
2012,New York,Chenango County,49975
2012,New York,Clinton County,81715
2012,New York,Columbia County,62895
2012,New York,Cortland County,48922
2012,New York,Delaware County,47270
2012,New York,Dutchess County,297539
2012,New York,Erie County,928112
2012,New York,Essex County,38979
2012,New York,Franklin County,51238
2012,New York,Fulton County,54923
2012,New York,Genesee County,59967
2012,New York,Greene County,48750
2012,New York,Hamilton County,4969
2012,New York,Herkimer County,64025
2012,New York,Jefferson County,122150
2012,New York,Kings County,2611093
2012,New York,Lewis County,27268
2012,New York,Livingston County,64617
2012,New York,Madison County,71859
2012,New York,Monroe County,751444
2012,New York,Montgomery County,49905
2012,New York,Nassau County,1359255
2012,New York,New York County,1641641
2012,New York,Niagara County,215596
2012,New York,Oneida County,234772
2012,New York,Onondaga County,470883
2012,New York,Ontario County,109169
2012,New York,Orange County,377386
2012,New York,Orleans County,42450
2012,New York,Oswego County,121689
2012,New York,Otsego County,61681
2012,New York,Putnam County,99395
2012,New York,Queens County,2310213
2012,New York,Rensselaer County,160083
2012,New York,Richmond County,475075
2012,New York,Rockland County,319873
2012,New York,Saratoga County,223715
2012,New York,Schenectady County,155626
2012,New York,Schoharie County,31724
2012,New York,Schuyler County,18549
2012,New York,Seneca County,35299
2012,New York,St. Lawrence County,112645
2012,New York,Steuben County,98620
2012,New York,Suffolk County,1508218
2012,New York,Sullivan County,77579
2012,New York,Tioga County,50399
2012,New York,Tompkins County,103790
2012,New York,Ulster County,182458
2012,New York,Warren County,65870
2012,New York,Washington County,63137
2012,New York,Wayne County,93444
2012,New York,Westchester County,968129
2012,New York,Wyoming County,41916
2012,New York,Yates County,25332
2012,North Carolina,Alamance County,153405
2012,North Carolina,Alexander County,36690
2012,North Carolina,Alleghany County,10874
2012,North Carolina,Anson County,25878
2012,North Carolina,Ashe County,26780
2012,North Carolina,Avery County,17668
2012,North Carolina,Beaufort County,46879
2012,North Carolina,Bertie County,20297
2012,North Carolina,Bladen County,34056
2012,North Carolina,Brunswick County,109569
2012,North Carolina,Buncombe County,245154
2012,North Carolina,Burke County,89304
2012,North Carolina,Cabarrus County,185585
2012,North Carolina,Caldwell County,81738
2012,North Carolina,Camden County,9873
2012,North Carolina,Carteret County,67359
2012,North Carolina,Caswell County,23096
2012,North Carolina,Catawba County,154828
2012,North Carolina,Chatham County,64732
2012,North Carolina,Cherokee County,26990
2012,North Carolina,Chowan County,14660
2012,North Carolina,Clay County,10576
2012,North Carolina,Cleveland County,97482
2012,North Carolina,Columbus County,56566
2012,North Carolina,Craven County,105205
2012,North Carolina,Cumberland County,329741
2012,North Carolina,Currituck County,23872
2012,North Carolina,Dare County,34261
2012,North Carolina,Davidson County,163032
2012,North Carolina,Davie County,41181
2012,North Carolina,Duplin County,57170
2012,North Carolina,Durham County,282399
2012,North Carolina,Edgecombe County,55190
2012,North Carolina,Forsyth County,357403
2012,North Carolina,Franklin County,60777
2012,North Carolina,Gaston County,208306
2012,North Carolina,Gates County,11658
2012,North Carolina,Graham County,8602
2012,North Carolina,Granville County,57685
2012,North Carolina,Greene County,21087
2012,North Carolina,Guilford County,500868
2012,North Carolina,Halifax County,53505
2012,North Carolina,Harnett County,121498
2012,North Carolina,Haywood County,58487
2012,North Carolina,Henderson County,107367
2012,North Carolina,Hertford County,24233
2012,North Carolina,Hoke County,49682
2012,North Carolina,Hyde County,5627
2012,North Carolina,Iredell County,163137
2012,North Carolina,Jackson County,40467
2012,North Carolina,Johnston County,174672
2012,North Carolina,Jones County,10038
2012,North Carolina,Lee County,59489
2012,North Carolina,Lenoir County,58972
2012,North Carolina,Lincoln County,78529
2012,North Carolina,Macon County,34058
2012,North Carolina,Madison County,20793
2012,North Carolina,Martin County,23801
2012,North Carolina,Mcdowell County,44729
2012,North Carolina,Mecklenburg County,965126
2012,North Carolina,Mitchell County,15326
2012,North Carolina,Montgomery County,27175
2012,North Carolina,Moore County,89496
2012,North Carolina,Nash County,95277
2012,North Carolina,New Hanover County,206773
2012,North Carolina,Northampton County,20898
2012,North Carolina,Onslow County,191008
2012,North Carolina,Orange County,137822
2012,North Carolina,Pamlico County,12919
2012,North Carolina,Pasquotank County,40474
2012,North Carolina,Pender County,52812
2012,North Carolina,Perquimans County,13450
2012,North Carolina,Person County,39014
2012,North Carolina,Pitt County,170247
2012,North Carolina,Polk County,19882
2012,North Carolina,Randolph County,142231
2012,North Carolina,Richmond County,46028
2012,North Carolina,Robeson County,132394
2012,North Carolina,Rockingham County,92676
2012,North Carolina,Rowan County,138518
2012,North Carolina,Rutherford County,66636
2012,North Carolina,Sampson County,62728
2012,North Carolina,Scotland County,35984
2012,North Carolina,Stanly County,60329
2012,North Carolina,Stokes County,46445
2012,North Carolina,Surry County,73213
2012,North Carolina,Swain County,14033
2012,North Carolina,Transylvania County,32521
2012,North Carolina,Tyrrell County,4001
2012,North Carolina,Union County,206927
2012,North Carolina,Vance County,44628
2012,North Carolina,Wake County,952587
2012,North Carolina,Warren County,20549
2012,North Carolina,Washington County,12543
2012,North Carolina,Watauga County,51563
2012,North Carolina,Wayne County,123089
2012,North Carolina,Wilkes County,68427
2012,North Carolina,Wilson County,80677
2012,North Carolina,Yadkin County,38055
2012,North Carolina,Yancey County,17714
2012,North Dakota,Adams County,2330
2012,North Dakota,Barnes County,11104
2012,North Dakota,Benson County,6582
2012,North Dakota,Billings County,932
2012,North Dakota,Bottineau County,6622
2012,North Dakota,Bowman County,3204
2012,North Dakota,Burke County,2202
2012,North Dakota,Burleigh County,86296
2012,North Dakota,Cass County,157744
2012,North Dakota,Cavalier County,3917
2012,North Dakota,Dickey County,5274
2012,North Dakota,Divide County,2228
2012,North Dakota,Dunn County,3872
2012,North Dakota,Eddy County,2385
2012,North Dakota,Emmons County,3491
2012,North Dakota,Foster County,3427
2012,North Dakota,Golden Valley County,1803
2012,North Dakota,Grand Forks County,68466
2012,North Dakota,Grant County,2363
2012,North Dakota,Griggs County,2365
2012,North Dakota,Hettinger County,2551
2012,North Dakota,Kidder County,2432
2012,North Dakota,Lamoure County,4096
2012,North Dakota,Logan County,1939
2012,North Dakota,Mchenry County,5712
2012,North Dakota,Mcintosh County,2767
2012,North Dakota,Mckenzie County,7873
2012,North Dakota,Mclean County,9467
2012,North Dakota,Mercer County,8508
2012,North Dakota,Morton County,28502
2012,North Dakota,Mountrail County,8586
2012,North Dakota,Nelson County,3103
2012,North Dakota,Oliver County,1837
2012,North Dakota,Pembina County,7254
2012,North Dakota,Pierce County,4454
2012,North Dakota,Ramsey County,11634
2012,North Dakota,Ransom County,5590
2012,North Dakota,Renville County,2552
2012,North Dakota,Richland County,16310
2012,North Dakota,Rolette County,13956
2012,North Dakota,Sargent County,3882
2012,North Dakota,Sheridan County,1281
2012,North Dakota,Sioux County,4269
2012,North Dakota,Slope County,761
2012,North Dakota,Stark County,27301
2012,North Dakota,Steele County,1930
2012,North Dakota,Stutsman County,21236
2012,North Dakota,Towner County,2302
2012,North Dakota,Traill County,8078
2012,North Dakota,Walsh County,11045
2012,North Dakota,Ward County,65927
2012,North Dakota,Wells County,4291
2012,North Dakota,Williams County,27314
2012,Ohio,Adams County,28265
2012,Ohio,Allen County,105258
2012,Ohio,Ashland County,53024
2012,Ohio,Ashtabula County,100460
2012,Ohio,Athens County,63929
2012,Ohio,Auglaize County,45948
2012,Ohio,Belmont County,69788
2012,Ohio,Brown County,44332
2012,Ohio,Butler County,371755
2012,Ohio,Carroll County,28506
2012,Ohio,Champaign County,39518
2012,Ohio,Clark County,137673
2012,Ohio,Clermont County,199800
2012,Ohio,Clinton County,41838
2012,Ohio,Columbiana County,106772
2012,Ohio,Coshocton County,36846
2012,Ohio,Crawford County,42917
2012,Ohio,Cuyahoga County,1273974
2012,Ohio,Darke County,52671
2012,Ohio,Defiance County,38941
2012,Ohio,Delaware County,181549
2012,Ohio,Erie County,76830
2012,Ohio,Fairfield County,147227
2012,Ohio,Fayette County,28853
2012,Ohio,Franklin County,1199247
2012,Ohio,Fulton County,42493
2012,Ohio,Gallia County,30745
2012,Ohio,Geauga County,94224
2012,Ohio,Greene County,163943
2012,Ohio,Guernsey County,39801
2012,Ohio,Hamilton County,805265
2012,Ohio,Hancock County,75345
2012,Ohio,Hardin County,31459
2012,Ohio,Harrison County,15556
2012,Ohio,Henry County,27993
2012,Ohio,Highland County,42973
2012,Ohio,Hocking County,29288
2012,Ohio,Holmes County,43179
2012,Ohio,Huron County,59331
2012,Ohio,Jackson County,32908
2012,Ohio,Jefferson County,68586
2012,Ohio,Knox County,60854
2012,Ohio,Lake County,230214
2012,Ohio,Lawrence County,61958
2012,Ohio,Licking County,167765
2012,Ohio,Logan County,45575
2012,Ohio,Lorain County,302021
2012,Ohio,Lucas County,437433
2012,Ohio,Madison County,42814
2012,Ohio,Mahoning County,236156
2012,Ohio,Marion County,66401
2012,Ohio,Medina County,174027
2012,Ohio,Meigs County,23458
2012,Ohio,Mercer County,40995
2012,Ohio,Miami County,103249
2012,Ohio,Monroe County,14454
2012,Ohio,Montgomery County,535653
2012,Ohio,Morgan County,14805
2012,Ohio,Morrow County,34739
2012,Ohio,Muskingum County,85884
2012,Ohio,Noble County,14616
2012,Ohio,Ottawa County,41250
2012,Ohio,Paulding County,19277
2012,Ohio,Perry County,35808
2012,Ohio,Pickaway County,56214
2012,Ohio,Pike County,28221
2012,Ohio,Portage County,161239
2012,Ohio,Preble County,41855
2012,Ohio,Putnam County,34374
2012,Ohio,Richland County,123516
2012,Ohio,Ross County,77495
2012,Ohio,Sandusky County,60577
2012,Ohio,Scioto County,78687
2012,Ohio,Seneca County,56130
2012,Ohio,Shelby County,49117
2012,Ohio,Stark County,375966
2012,Ohio,Summit County,540984
2012,Ohio,Trumbull County,208318
2012,Ohio,Tuscarawas County,92744
2012,Ohio,Union County,53482
2012,Ohio,Van Wert County,28811
2012,Ohio,Vinton County,13182
2012,Ohio,Warren County,218321
2012,Ohio,Washington County,61479
2012,Ohio,Wayne County,115316
2012,Ohio,Williams County,37641
2012,Ohio,Wood County,128727
2012,Ohio,Wyandot County,22588
2012,Oklahoma,Adair County,21893
2012,Oklahoma,Alfalfa County,5662
2012,Oklahoma,Atoka County,14087
2012,Oklahoma,Beaver County,5548
2012,Oklahoma,Beckham County,23259
2012,Oklahoma,Blaine County,9644
2012,Oklahoma,Bryan County,42855
2012,Oklahoma,Caddo County,29328
2012,Oklahoma,Canadian County,123034
2012,Oklahoma,Carter County,47937
2012,Oklahoma,Cherokee County,47558
2012,Oklahoma,Choctaw County,15072
2012,Oklahoma,Cimarron County,2427
2012,Oklahoma,Cleveland County,268234
2012,Oklahoma,Coal County,5828
2012,Oklahoma,Comanche County,126416
2012,Oklahoma,Cotton County,6122
2012,Oklahoma,Craig County,14745
2012,Oklahoma,Creek County,70813
2012,Oklahoma,Custer County,28538
2012,Oklahoma,Delaware County,41116
2012,Oklahoma,Dewey County,4733
2012,Oklahoma,Ellis County,4059
2012,Oklahoma,Garfield County,61770
2012,Oklahoma,Garvin County,26882
2012,Oklahoma,Grady County,52773
2012,Oklahoma,Grant County,4488
2012,Oklahoma,Greer County,6002
2012,Oklahoma,Harmon County,2896
2012,Oklahoma,Harper County,3627
2012,Oklahoma,Haskell County,12570
2012,Oklahoma,Hughes County,13705
2012,Oklahoma,Jackson County,26323
2012,Oklahoma,Jefferson County,6195
2012,Oklahoma,Johnston County,10833
2012,Oklahoma,Kay County,45756
2012,Oklahoma,Kingfisher County,14891
2012,Oklahoma,Kiowa County,9303
2012,Oklahoma,Latimer County,10858
2012,Oklahoma,Le Flore County,49942
2012,Oklahoma,Lincoln County,33818
2012,Oklahoma,Logan County,43241
2012,Oklahoma,Love County,9560
2012,Oklahoma,Major County,7750
2012,Oklahoma,Marshall County,15625
2012,Oklahoma,Mayes County,40684
2012,Oklahoma,Mcclain County,35697
2012,Oklahoma,Mccurtain County,32909
2012,Oklahoma,Mcintosh County,20041
2012,Oklahoma,Murray County,13604
2012,Oklahoma,Muskogee County,70218
2012,Oklahoma,Noble County,11496
2012,Oklahoma,Nowata County,10440
2012,Oklahoma,Okfuskee County,12222
2012,Oklahoma,Oklahoma County,742004
2012,Oklahoma,Okmulgee County,39198
2012,Oklahoma,Osage County,47251
2012,Oklahoma,Ottawa County,32047
2012,Oklahoma,Pawnee County,16259
2012,Oklahoma,Payne County,78726
2012,Oklahoma,Pittsburg County,45563
2012,Oklahoma,Pontotoc County,37994
2012,Oklahoma,Pottawatomie County,70411
2012,Oklahoma,Pushmataha County,11223
2012,Oklahoma,Roger Mills County,3744
2012,Oklahoma,Rogers County,88609
2012,Oklahoma,Seminole County,25230
2012,Oklahoma,Sequoyah County,41550
2012,Oklahoma,Stephens County,44835
2012,Oklahoma,Texas County,21902
2012,Oklahoma,Tillman County,7764
2012,Oklahoma,Tulsa County,618240
2012,Oklahoma,Wagoner County,74632
2012,Oklahoma,Washington County,51736
2012,Oklahoma,Washita County,11603
2012,Oklahoma,Woods County,8836
2012,Oklahoma,Woodward County,20812
2012,Oregon,Baker County,16093
2012,Oregon,Benton County,87134
2012,Oregon,Clackamas County,383254
2012,Oregon,Clatsop County,37582
2012,Oregon,Columbia County,49160
2012,Oregon,Coos County,62733
2012,Oregon,Crook County,20563
2012,Oregon,Curry County,22316
2012,Oregon,Deschutes County,160836
2012,Oregon,Douglas County,106928
2012,Oregon,Gilliam County,1958
2012,Oregon,Grant County,7337
2012,Oregon,Harney County,7282
2012,Oregon,Hood River County,22693
2012,Oregon,Jackson County,206287
2012,Oregon,Jefferson County,21758
2012,Oregon,Josephine County,82804
2012,Oregon,Klamath County,66100
2012,Oregon,Lake County,7835
2012,Oregon,Lane County,355220
2012,Oregon,Lincoln County,46154
2012,Oregon,Linn County,117817
2012,Oregon,Malheur County,30900
2012,Oregon,Marion County,319173
2012,Oregon,Morrow County,11343
2012,Oregon,Multnomah County,760559
2012,Oregon,Polk County,76260
2012,Oregon,Sherman County,1762
2012,Oregon,Tillamook County,25286
2012,Oregon,Umatilla County,77527
2012,Oregon,Union County,25715
2012,Oregon,Wallowa County,6847
2012,Oregon,Wasco County,25424
2012,Oregon,Washington County,548014
2012,Oregon,Wheeler County,1426
2012,Oregon,Yamhill County,99984
2012,Pennsylvania,Adams County,101493
2012,Pennsylvania,Allegheny County,1239548
2012,Pennsylvania,Armstrong County,68495
2012,Pennsylvania,Beaver County,171256
2012,Pennsylvania,Bedford County,49523
2012,Pennsylvania,Berks County,415286
2012,Pennsylvania,Blair County,126909
2012,Pennsylvania,Bradford County,62923
2012,Pennsylvania,Bucks County,629665
2012,Pennsylvania,Butler County,186084
2012,Pennsylvania,Cambria County,142548
2012,Pennsylvania,Cameron County,5015
2012,Pennsylvania,Carbon County,64938
2012,Pennsylvania,Centre County,155099
2012,Pennsylvania,Chester County,507797
2012,Pennsylvania,Clarion County,39215
2012,Pennsylvania,Clearfield County,81804
2012,Pennsylvania,Clinton County,39601
2012,Pennsylvania,Columbia County,66997
2012,Pennsylvania,Crawford County,87746
2012,Pennsylvania,Cumberland County,240257
2012,Pennsylvania,Dauphin County,271560
2012,Pennsylvania,Delaware County,563070
2012,Pennsylvania,Elk County,31909
2012,Pennsylvania,Erie County,281875
2012,Pennsylvania,Fayette County,135351
2012,Pennsylvania,Forest County,7585
2012,Pennsylvania,Franklin County,151578
2012,Pennsylvania,Fulton County,14711
2012,Pennsylvania,Greene County,38095
2012,Pennsylvania,Huntingdon County,45810
2012,Pennsylvania,Indiana County,88118
2012,Pennsylvania,Jefferson County,45104
2012,Pennsylvania,Juniata County,24347
2012,Pennsylvania,Lackawanna County,215715
2012,Pennsylvania,Lancaster County,528454
2012,Pennsylvania,Lawrence County,90080
2012,Pennsylvania,Lebanon County,135892
2012,Pennsylvania,Lehigh County,355555
2012,Pennsylvania,Luzerne County,323114
2012,Pennsylvania,Lycoming County,117426
2012,Pennsylvania,Mckean County,43156
2012,Pennsylvania,Mercer County,116085
2012,Pennsylvania,Mifflin County,46768
2012,Pennsylvania,Monroe County,168249
2012,Pennsylvania,Montgomery County,813970
2012,Pennsylvania,Montour County,18436
2012,Pennsylvania,Northampton County,300671
2012,Pennsylvania,Northumberland County,94694
2012,Pennsylvania,Perry County,45714
2012,Pennsylvania,Philadelphia County,1557188
2012,Pennsylvania,Pike County,56897
2012,Pennsylvania,Potter County,17536
2012,Pennsylvania,Schuylkill County,147625
2012,Pennsylvania,Snyder County,39753
2012,Pennsylvania,Somerset County,77265
2012,Pennsylvania,Sullivan County,6386
2012,Pennsylvania,Susquehanna County,42556
2012,Pennsylvania,Tioga County,42617
2012,Pennsylvania,Union County,44815
2012,Pennsylvania,Venango County,54181
2012,Pennsylvania,Warren County,41178
2012,Pennsylvania,Washington County,208904
2012,Pennsylvania,Wayne County,52234
2012,Pennsylvania,Westmoreland County,364392
2012,Pennsylvania,Wyoming County,28268
2012,Pennsylvania,York County,438917
2012,Rhode Island,Bristol County,49811
2012,Rhode Island,Kent County,165929
2012,Rhode Island,Newport County,84051
2012,Rhode Island,Providence County,636730
2012,Rhode Island,Washington County,127235
2012,South Carolina,Abbeville County,24992
2012,South Carolina,Aiken County,162117
2012,South Carolina,Allendale County,9896
2012,South Carolina,Anderson County,188796
2012,South Carolina,Bamberg County,15535
2012,South Carolina,Barnwell County,22302
2012,South Carolina,Beaufort County,165633
2012,South Carolina,Berkeley County,188677
2012,South Carolina,Calhoun County,14772
2012,South Carolina,Charleston County,362961
2012,South Carolina,Cherokee County,55572
2012,South Carolina,Chester County,32712
2012,South Carolina,Chesterfield County,45534
2012,South Carolina,Clarendon County,33785
2012,South Carolina,Colleton County,38343
2012,South Carolina,Darlington County,67222
2012,South Carolina,Dillon County,31056
2012,South Carolina,Dorchester County,141806
2012,South Carolina,Edgefield County,26217
2012,South Carolina,Fairfield County,23159
2012,South Carolina,Florence County,137861
2012,South Carolina,Georgetown County,60272
2012,South Carolina,Greenville County,464988
2012,South Carolina,Greenwood County,69575
2012,South Carolina,Hampton County,20781
2012,South Carolina,Horry County,278770
2012,South Carolina,Jasper County,25184
2012,South Carolina,Kershaw County,61862
2012,South Carolina,Lancaster County,78385
2012,South Carolina,Laurens County,66177
2012,South Carolina,Lee County,18583
2012,South Carolina,Lexington County,267850
2012,South Carolina,Marion County,32153
2012,South Carolina,Marlboro County,28475
2012,South Carolina,Mccormick County,9946
2012,South Carolina,Newberry County,37380
2012,South Carolina,Oconee County,74283
2012,South Carolina,Orangeburg County,91160
2012,South Carolina,Pickens County,120684
2012,South Carolina,Richland County,392617
2012,South Carolina,Saluda County,19529
2012,South Carolina,Spartanburg County,288995
2012,South Carolina,Sumter County,107738
2012,South Carolina,Union County,28238
2012,South Carolina,Williamsburg County,33799
2012,South Carolina,York County,232986
2012,South Dakota,Aurora County,2765
2012,South Dakota,Beadle County,18136
2012,South Dakota,Bennett County,3443
2012,South Dakota,Bon Homme County,7056
2012,South Dakota,Brookings County,32520
2012,South Dakota,Brown County,37461
2012,South Dakota,Brule County,5288
2012,South Dakota,Buffalo County,2011
2012,South Dakota,Butte County,10156
2012,South Dakota,Campbell County,1404
2012,South Dakota,Charles Mix County,9212
2012,South Dakota,Clark County,3607
2012,South Dakota,Clay County,14241
2012,South Dakota,Codington County,27657
2012,South Dakota,Corson County,4032
2012,South Dakota,Custer County,8159
2012,South Dakota,Davison County,19979
2012,South Dakota,Day County,5612
2012,South Dakota,Deuel County,4363
2012,South Dakota,Dewey County,5401
2012,South Dakota,Douglas County,2928
2012,South Dakota,Edmunds County,4047
2012,South Dakota,Fall River County,7032
2012,South Dakota,Faulk County,2313
2012,South Dakota,Grant County,7522
2012,South Dakota,Gregory County,4199
2012,South Dakota,Haakon County,1922
2012,South Dakota,Hamlin County,5931
2012,South Dakota,Hand County,3382
2012,South Dakota,Hanson County,3376
2012,South Dakota,Harding County,1302
2012,South Dakota,Hughes County,17532
2012,South Dakota,Hutchinson County,7287
2012,South Dakota,Hyde County,1423
2012,South Dakota,Jackson County,3056
2012,South Dakota,Jerauld County,1983
2012,South Dakota,Jones County,987
2012,South Dakota,Kingsbury County,5275
2012,South Dakota,Lake County,11421
2012,South Dakota,Lawrence County,24331
2012,South Dakota,Lincoln County,48992
2012,South Dakota,Lyman County,3758
2012,South Dakota,Marshall County,4565
2012,South Dakota,Mccook County,5596
2012,South Dakota,Mcpherson County,2438
2012,South Dakota,Meade County,26146
2012,South Dakota,Mellette County,2015
2012,South Dakota,Miner County,2320
2012,South Dakota,Minnehaha County,175082
2012,South Dakota,Moody County,6448
2012,South Dakota,Pennington County,102866
2012,South Dakota,Perkins County,3032
2012,South Dakota,Potter County,2410
2012,South Dakota,Roberts County,10311
2012,South Dakota,Sanborn County,2322
2012,South Dakota,Oglala Lakota County,13951
2012,South Dakota,Spink County,6742
2012,South Dakota,Stanley County,2950
2012,South Dakota,Sully County,1441
2012,South Dakota,Todd County,9696
2012,South Dakota,Tripp County,5577
2012,South Dakota,Turner County,8374
2012,South Dakota,Union County,14959
2012,South Dakota,Walworth County,5449
2012,South Dakota,Yankton County,22721
2012,South Dakota,Ziebach County,2817
2012,Tennessee,Anderson County,75157
2012,Tennessee,Bedford County,45277
2012,Tennessee,Benton County,16377
2012,Tennessee,Bledsoe County,12873
2012,Tennessee,Blount County,124237
2012,Tennessee,Bradley County,101006
2012,Tennessee,Campbell County,40414
2012,Tennessee,Cannon County,13726
2012,Tennessee,Carroll County,28812
2012,Tennessee,Carter County,57329
2012,Tennessee,Cheatham County,39225
2012,Tennessee,Chester County,17064
2012,Tennessee,Claiborne County,31781
2012,Tennessee,Clay County,7697
2012,Tennessee,Cocke County,35487
2012,Tennessee,Coffee County,53263
2012,Tennessee,Crockett County,14547
2012,Tennessee,Cumberland County,56936
2012,Tennessee,Davidson County,654487
2012,Tennessee,Dekalb County,18713
2012,Tennessee,Decatur County,11593
2012,Tennessee,Dickson County,50233
2012,Tennessee,Dyer County,38185
2012,Tennessee,Fayette County,38794
2012,Tennessee,Fentress County,17861
2012,Tennessee,Franklin County,40775
2012,Tennessee,Gibson County,49951
2012,Tennessee,Giles County,29158
2012,Tennessee,Grainger County,22677
2012,Tennessee,Greene County,68921
2012,Tennessee,Grundy County,13591
2012,Tennessee,Hamblen County,62635
2012,Tennessee,Hamilton County,344768
2012,Tennessee,Hancock County,6687
2012,Tennessee,Hardeman County,26735
2012,Tennessee,Hardin County,26241
2012,Tennessee,Hawkins County,56556
2012,Tennessee,Haywood County,18463
2012,Tennessee,Henderson County,28040
2012,Tennessee,Henry County,32391
2012,Tennessee,Hickman County,24103
2012,Tennessee,Houston County,8427
2012,Tennessee,Humphreys County,18373
2012,Tennessee,Jackson County,11546
2012,Tennessee,Jefferson County,52215
2012,Tennessee,Johnson County,18191
2012,Tennessee,Knox County,441903
2012,Tennessee,Lake County,7723
2012,Tennessee,Lauderdale County,27615
2012,Tennessee,Lawrence County,42110
2012,Tennessee,Lewis County,12000
2012,Tennessee,Lincoln County,33563
2012,Tennessee,Loudon County,49880
2012,Tennessee,Macon County,22580
2012,Tennessee,Madison County,98643
2012,Tennessee,Marion County,28219
2012,Tennessee,Marshall County,30850
2012,Tennessee,Maury County,82609
2012,Tennessee,Mcminn County,52246
2012,Tennessee,Mcnairy County,26185
2012,Tennessee,Meigs County,11733
2012,Tennessee,Monroe County,44930
2012,Tennessee,Montgomery County,186489
2012,Tennessee,Moore County,6296
2012,Tennessee,Morgan County,21822
2012,Tennessee,Obion County,31458
2012,Tennessee,Overton County,22164
2012,Tennessee,Perry County,7913
2012,Tennessee,Pickett County,5034
2012,Tennessee,Polk County,16791
2012,Tennessee,Putnam County,73350
2012,Tennessee,Rhea County,32263
2012,Tennessee,Roane County,53548
2012,Tennessee,Robertson County,66961
2012,Tennessee,Rutherford County,275359
2012,Tennessee,Scott County,22122
2012,Tennessee,Sequatchie County,14502
2012,Tennessee,Sevier County,92228
2012,Tennessee,Shelby County,937825
2012,Tennessee,Smith County,19108
2012,Tennessee,Stewart County,13275
2012,Tennessee,Sullivan County,156242
2012,Tennessee,Sumner County,166411
2012,Tennessee,Tipton County,61345
2012,Tennessee,Trousdale County,7843
2012,Tennessee,Unicoi County,18285
2012,Tennessee,Union County,19038
2012,Tennessee,Van Buren County,5708
2012,Tennessee,Warren County,39632
2012,Tennessee,Washington County,125541
2012,Tennessee,Wayne County,16903
2012,Tennessee,Weakley County,34465
2012,Tennessee,White County,25986
2012,Tennessee,Williamson County,194111
2012,Tennessee,Wilson County,119285
2012,Texas,Anderson County,58088
2012,Texas,Andrews County,16036
2012,Texas,Angelina County,87404
2012,Texas,Aransas County,23482
2012,Texas,Archer County,8776
2012,Texas,Armstrong County,1947
2012,Texas,Atascosa County,45844
2012,Texas,Austin County,28595
2012,Texas,Bailey County,7173
2012,Texas,Bandera County,19930
2012,Texas,Bastrop County,76147
2012,Texas,Baylor County,3578
2012,Texas,Bee County,32142
2012,Texas,Bell County,325603
2012,Texas,Bexar County,1785877
2012,Texas,Blanco County,10429
2012,Texas,Borden County,597
2012,Texas,Bosque County,18035
2012,Texas,Bowie County,92915
2012,Texas,Brazoria County,322655
2012,Texas,Brazos County,200733
2012,Texas,Brewster County,9329
2012,Texas,Briscoe County,1560
2012,Texas,Brooks County,7216
2012,Texas,Brown County,37892
2012,Texas,Burleson County,17239
2012,Texas,Burnet County,43328
2012,Texas,Caldwell County,39087
2012,Texas,Calhoun County,21340
2012,Texas,Callahan County,13402
2012,Texas,Cameron County,415018
2012,Texas,Camp County,12348
2012,Texas,Carson County,6075
2012,Texas,Cass County,29693
2012,Texas,Castro County,8239
2012,Texas,Chambers County,36812
2012,Texas,Cherokee County,50723
2012,Texas,Childress County,6988
2012,Texas,Clay County,10450
2012,Texas,Cochran County,2953
2012,Texas,Coke County,3186
2012,Texas,Coleman County,8576
2012,Texas,Collin County,835050
2012,Texas,Collingsworth County,2968
2012,Texas,Colorado County,20488
2012,Texas,Comal County,114601
2012,Texas,Comanche County,13688
2012,Texas,Concho County,4191
2012,Texas,Cooke County,38807
2012,Texas,Coryell County,79947
2012,Texas,Cottle County,1486
2012,Texas,Crane County,4497
2012,Texas,Crockett County,3614
2012,Texas,Crosby County,5924
2012,Texas,Culberson County,2325
2012,Texas,Dallam County,7021
2012,Texas,Dallas County,2450855
2012,Texas,Dawson County,13493
2012,Texas,Dewitt County,20283
2012,Texas,Deaf Smith County,19416
2012,Texas,Delta County,5211
2012,Texas,Denton County,705736
2012,Texas,Dickens County,2238
2012,Texas,Dimmit County,10164
2012,Texas,Donley County,3635
2012,Texas,Duval County,11279
2012,Texas,Eastland County,18316
2012,Texas,Ector County,143963
2012,Texas,Edwards County,1877
2012,Texas,El Paso County,837663
2012,Texas,Ellis County,154306
2012,Texas,Erath County,39286
2012,Texas,Falls County,17499
2012,Texas,Fannin County,33556
2012,Texas,Fayette County,24402
2012,Texas,Fisher County,3808
2012,Texas,Floyd County,6285
2012,Texas,Foard County,1301
2012,Texas,Fort Bend County,622289
2012,Texas,Franklin County,10533
2012,Texas,Freestone County,19386
2012,Texas,Frio County,17477
2012,Texas,Gaines County,18235
2012,Texas,Galveston County,302512
2012,Texas,Garza County,6319
2012,Texas,Gillespie County,25117
2012,Texas,Glasscock County,1208
2012,Texas,Goliad County,7190
2012,Texas,Gonzales County,19627
2012,Texas,Gray County,22811
2012,Texas,Grayson County,121347
2012,Texas,Gregg County,123142
2012,Texas,Grimes County,26642
2012,Texas,Guadalupe County,140308
2012,Texas,Hale County,36170
2012,Texas,Hall County,3240
2012,Texas,Hamilton County,8177
2012,Texas,Hansford County,5529
2012,Texas,Hardeman County,3997
2012,Texas,Hardin County,54681
2012,Texas,Harris County,4261816
2012,Texas,Harrison County,66811
2012,Texas,Hartley County,6073
2012,Texas,Haskell County,5815
2012,Texas,Hays County,168922
2012,Texas,Hemphill County,4007
2012,Texas,Henderson County,78656
2012,Texas,Hidalgo County,807220
2012,Texas,Hill County,34931
2012,Texas,Hockley County,22731
2012,Texas,Hood County,51785
2012,Texas,Hopkins County,35220
2012,Texas,Houston County,23029
2012,Texas,Howard County,35091
2012,Texas,Hudspeth County,2967
2012,Texas,Hunt County,87081
2012,Texas,Hutchinson County,22000
2012,Texas,Irion County,1569
2012,Texas,Jack County,8867
2012,Texas,Jackson County,14304
2012,Texas,Jasper County,35297
2012,Texas,Jeff Davis County,2243
2012,Texas,Jefferson County,252954
2012,Texas,Jim Hogg County,5198
2012,Texas,Jim Wells County,41310
2012,Texas,Johnson County,153665
2012,Texas,Jones County,19824
2012,Texas,Karnes County,14672
2012,Texas,Kaufman County,107408
2012,Texas,Kendall County,34665
2012,Texas,Kenedy County,439
2012,Texas,Kent County,819
2012,Texas,Kerr County,49667
2012,Texas,Kimble County,4499
2012,Texas,King County,265
2012,Texas,Kinney County,3525
2012,Texas,Kleberg County,32236
2012,Texas,Knox County,3656
2012,Texas,La Salle County,6962
2012,Texas,Lamar County,49713
2012,Texas,Lamb County,13934
2012,Texas,Lampasas County,20036
2012,Texas,Lavaca County,19562
2012,Texas,Lee County,16523
2012,Texas,Leon County,16343
2012,Texas,Liberty County,76559
2012,Texas,Limestone County,23402
2012,Texas,Lipscomb County,3429
2012,Texas,Live Oak County,11452
2012,Texas,Llano County,19108
2012,Texas,Loving County,62
2012,Texas,Lubbock County,285300
2012,Texas,Lynn County,5698
2012,Texas,Madison County,13525
2012,Texas,Marion County,10342
2012,Texas,Martin County,4851
2012,Texas,Mason County,3972
2012,Texas,Matagorda County,36426
2012,Texas,Maverick County,55604
2012,Texas,Mcculloch County,8185
2012,Texas,Mclennan County,239678
2012,Texas,Mcmullen County,702
2012,Texas,Medina County,46487
2012,Texas,Menard County,2170
2012,Texas,Midland County,145652
2012,Texas,Milam County,24123
2012,Texas,Mills County,4745
2012,Texas,Mitchell County,9513
2012,Texas,Montague County,19485
2012,Texas,Montgomery County,484288
2012,Texas,Moore County,22578
2012,Texas,Morris County,12606
2012,Texas,Motley County,1168
2012,Texas,Nacogdoches County,65832
2012,Texas,Navarro County,48624
2012,Texas,Newton County,14147
2012,Texas,Nolan County,14920
2012,Texas,Nueces County,345710
2012,Texas,Ochiltree County,10694
2012,Texas,Oldham County,1964
2012,Texas,Orange County,83327
2012,Texas,Palo Pinto County,27667
2012,Texas,Panola County,23846
2012,Texas,Parker County,119773
2012,Texas,Parmer County,10267
2012,Texas,Pecos County,15444
2012,Texas,Polk County,44969
2012,Texas,Potter County,123213
2012,Texas,Presidio County,7526
2012,Texas,Rains County,10847
2012,Texas,Randall County,125346
2012,Texas,Reagan County,3376
2012,Texas,Real County,3203
2012,Texas,Red River County,12623
2012,Texas,Reeves County,13988
2012,Texas,Refugio County,7233
2012,Texas,Roberts County,940
2012,Texas,Robertson County,16359
2012,Texas,Rockwall County,82578
2012,Texas,Runnels County,10231
2012,Texas,Rusk County,53250
2012,Texas,Sabine County,10389
2012,Texas,San Augustine County,8717
2012,Texas,San Jacinto County,26551
2012,Texas,San Patricio County,65664
2012,Texas,San Saba County,5922
2012,Texas,Schleicher County,3187
2012,Texas,Scurry County,17183
2012,Texas,Shackelford County,3318
2012,Texas,Shelby County,25833
2012,Texas,Sherman County,2982
2012,Texas,Smith County,214434
2012,Texas,Somervell County,8573
2012,Texas,Starr County,62313
2012,Texas,Stephens County,9556
2012,Texas,Sterling County,1205
2012,Texas,Stonewall County,1428
2012,Texas,Sutton County,3829
2012,Texas,Swisher County,7768
2012,Texas,Tarrant County,1881041
2012,Texas,Taylor County,135070
2012,Texas,Terrell County,926
2012,Texas,Terry County,12542
2012,Texas,Throckmorton County,1602
2012,Texas,Titus County,32236
2012,Texas,Tom Green County,113343
2012,Texas,Travis County,1095951
2012,Texas,Trinity County,14099
2012,Texas,Tyler County,21107
2012,Texas,Upshur County,39661
2012,Texas,Upton County,3195
2012,Texas,Uvalde County,26252
2012,Texas,Val Verde County,48643
2012,Texas,Van Zandt County,52710
2012,Texas,Victoria County,88976
2012,Texas,Walker County,69578
2012,Texas,Waller County,44336
2012,Texas,Ward County,10735
2012,Texas,Washington County,33930
2012,Texas,Webb County,258134
2012,Texas,Wharton County,41106
2012,Texas,Wheeler County,5601
2012,Texas,Wichita County,130913
2012,Texas,Wilbarger County,13363
2012,Texas,Willacy County,21972
2012,Texas,Williamson County,455546
2012,Texas,Wilson County,43907
2012,Texas,Winkler County,7345
2012,Texas,Wise County,59911
2012,Texas,Wood County,42121
2012,Texas,Yoakum County,7831
2012,Texas,Young County,18263
2012,Texas,Zapata County,14200
2012,Texas,Zavala County,11532
2012,Utah,Beaver County,6569
2012,Utah,Box Elder County,50397
2012,Utah,Cache County,116710
2012,Utah,Carbon County,21156
2012,Utah,Daggett County,1079
2012,Utah,Davis County,316987
2012,Utah,Duchesne County,18930
2012,Utah,Emery County,10873
2012,Utah,Garfield County,5074
2012,Utah,Grand County,9314
2012,Utah,Iron County,46843
2012,Utah,Juab County,10225
2012,Utah,Kane County,7125
2012,Utah,Millard County,12400
2012,Utah,Morgan County,9794
2012,Utah,Piute County,1488
2012,Utah,Rich County,2270
2012,Utah,Salt Lake County,1068851
2012,Utah,San Juan County,14881
2012,Utah,Sanpete County,27313
2012,Utah,Sevier County,20608
2012,Utah,Summit County,37880
2012,Utah,Tooele County,59536
2012,Utah,Uintah County,34581
2012,Utah,Utah County,542665
2012,Utah,Wasatch County,25289
2012,Utah,Washington County,143548
2012,Utah,Wayne County,2648
2012,Utah,Weber County,236326
2012,Vermont,Addison County,37006
2012,Vermont,Bennington County,37062
2012,Vermont,Caledonia County,31138
2012,Vermont,Chittenden County,159678
2012,Vermont,Essex County,6172
2012,Vermont,Franklin County,48392
2012,Vermont,Grand Isle County,6998
2012,Vermont,Lamoille County,25087
2012,Vermont,Orange County,29022
2012,Vermont,Orleans County,27280
2012,Vermont,Rutland County,61422
2012,Vermont,Washington County,59756
2012,Vermont,Windham County,44892
2012,Vermont,Windsor County,56788
2012,Virginia,Accomack County,33525
2012,Virginia,Albemarle County,101920
2012,Virginia,Alexandria City,147512
2012,Virginia,Alleghany County,16138
2012,Virginia,Amelia County,12788
2012,Virginia,Amherst County,32549
2012,Virginia,Appomattox County,15258
2012,Virginia,Arlington County,221343
2012,Virginia,Augusta County,73815
2012,Virginia,Bath County,4658
2012,Virginia,Bedford County,75679
2012,Virginia,Bland County,6695
2012,Virginia,Botetourt County,33109
2012,Virginia,Bristol City,17699
2012,Virginia,Brunswick County,16969
2012,Virginia,Buchanan County,23751
2012,Virginia,Buckingham County,16993
2012,Virginia,Buena Vista City,6800
2012,Virginia,Campbell County,54912
2012,Virginia,Caroline County,28954
2012,Virginia,Carroll County,29710
2012,Virginia,Charles City County,7100
2012,Virginia,Charlotte County,12326
2012,Virginia,Charlottesville City,44498
2012,Virginia,Chesapeake City,228741
2012,Virginia,Chesterfield County,325585
2012,Virginia,Clarke County,14293
2012,Virginia,Colonial Heights City,17613
2012,Virginia,Covington City,5870
2012,Virginia,Craig County,5094
2012,Virginia,Culpeper County,47660
2012,Virginia,Cumberland County,9784
2012,Virginia,Danville City,43325
2012,Virginia,Dickenson County,15704
2012,Virginia,Dinwiddie County,28042
2012,Virginia,Emporia City,5923
2012,Virginia,Essex County,11053
2012,Virginia,Fairfax County,1120242
2012,Virginia,Fairfax City,23073
2012,Virginia,Falls Church City,13139
2012,Virginia,Fauquier County,66919
2012,Virginia,Floyd County,15365
2012,Virginia,Fluvanna County,25851
2012,Virginia,Franklin County,55895
2012,Virginia,Franklin City,8565
2012,Virginia,Frederick County,80389
2012,Virginia,Fredericksburg City,26858
2012,Virginia,Galax City,6946
2012,Virginia,Giles County,17049
2012,Virginia,Gloucester County,37122
2012,Virginia,Goochland County,21523
2012,Virginia,Grayson County,15103
2012,Virginia,Greene County,18931
2012,Virginia,Greensville County,11767
2012,Virginia,Halifax County,35800
2012,Virginia,Hampton City,137609
2012,Virginia,Hanover County,100750
2012,Virginia,Harrisonburg City,51006
2012,Virginia,Henrico County,315727
2012,Virginia,Henry County,53206
2012,Virginia,Highland County,2241
2012,Virginia,Hopewell City,22452
2012,Virginia,Isle Of Wight County,35562
2012,Virginia,James City County,69631
2012,Virginia,King George County,24487
2012,Virginia,King William County,16038
2012,Virginia,King And Queen County,6928
2012,Virginia,Lancaster County,11188
2012,Virginia,Lee County,25172
2012,Virginia,Lexington City,7039
2012,Virginia,Loudoun County,337876
2012,Virginia,Louisa County,33272
2012,Virginia,Lunenburg County,12563
2012,Virginia,Lynchburg City,76735
2012,Virginia,Madison County,13254
2012,Virginia,Manassas Park City,15228
2012,Virginia,Manassas City,40705
2012,Virginia,Martinsville City,13769
2012,Virginia,Mathews County,8855
2012,Virginia,Mecklenburg County,31610
2012,Virginia,Middlesex County,10862
2012,Virginia,Montgomery County,95959
2012,Virginia,Nelson County,14796
2012,Virginia,New Kent County,19023
2012,Virginia,Newport News City,181710
2012,Virginia,Norfolk City,245103
2012,Virginia,Northampton County,12333
2012,Virginia,Northumberland County,12367
2012,Virginia,Norton City,4060
2012,Virginia,Nottoway County,15862
2012,Virginia,Orange County,33975
2012,Virginia,Page County,23788
2012,Virginia,Patrick County,18357
2012,Virginia,Petersburg City,32667
2012,Virginia,Pittsylvania County,63004
2012,Virginia,Poquoson City,12163
2012,Virginia,Portsmouth City,97174
2012,Virginia,Powhatan County,28255
2012,Virginia,Prince Edward County,22935
2012,Virginia,Prince George County,38133
2012,Virginia,Prince William County,431361
2012,Virginia,Pulaski County,34692
2012,Virginia,Radford City,16236
2012,Virginia,Rappahannock County,7424
2012,Virginia,Richmond County,9041
2012,Virginia,Richmond City,209697
2012,Virginia,Roanoke County,93313
2012,Virginia,Roanoke City,98232
2012,Virginia,Rockbridge County,22356
2012,Virginia,Rockingham County,77470
2012,Virginia,Russell County,28229
2012,Virginia,Salem City,25200
2012,Virginia,Scott County,22948
2012,Virginia,Shenandoah County,42608
2012,Virginia,Smyth County,31839
2012,Virginia,Southampton County,18577
2012,Virginia,Spotsylvania County,126322
2012,Virginia,Stafford County,133645
2012,Virginia,Staunton City,23949
2012,Virginia,Suffolk City,85498
2012,Virginia,Surry County,6884
2012,Virginia,Sussex County,11897
2012,Virginia,Tazewell County,44243
2012,Virginia,Virginia Beach City,447019
2012,Virginia,Warren County,37966
2012,Virginia,Washington County,55151
2012,Virginia,Waynesboro City,20969
2012,Virginia,Westmoreland County,17595
2012,Virginia,Williamsburg City,14573
2012,Virginia,Winchester City,27089
2012,Virginia,Wise County,40674
2012,Virginia,Wythe County,29259
2012,Virginia,York County,66090
2012,Washington,Adams County,19061
2012,Washington,Asotin County,21817
2012,Washington,Benton County,182595
2012,Washington,Chelan County,73826
2012,Washington,Clallam County,71607
2012,Washington,Clark County,438351
2012,Washington,Columbia County,3955
2012,Washington,Cowlitz County,101566
2012,Washington,Douglas County,39057
2012,Washington,Ferry County,7537
2012,Washington,Franklin County,85693
2012,Washington,Garfield County,2207
2012,Washington,Grant County,91295
2012,Washington,Grays Harbor County,71752
2012,Washington,Island County,79296
2012,Washington,Jefferson County,29879
2012,Washington,King County,2011662
2012,Washington,Kitsap County,255048
2012,Washington,Kittitas County,40609
2012,Washington,Klickitat County,20660
2012,Washington,Lewis County,75538
2012,Washington,Lincoln County,10388
2012,Washington,Mason County,60193
2012,Washington,Okanogan County,41067
2012,Washington,Pacific County,20703
2012,Washington,Pend Oreille County,12864
2012,Washington,Pierce County,817753
2012,Washington,San Juan County,15879
2012,Washington,Skagit County,117509
2012,Washington,Skamania County,11192
2012,Washington,Snohomish County,732037
2012,Washington,Spokane County,478399
2012,Washington,Stevens County,43539
2012,Washington,Thurston County,258994
2012,Washington,Wahkiakum County,3982
2012,Washington,Walla Walla County,59640
2012,Washington,Whatcom County,204080
2012,Washington,Whitman County,46282
2012,Washington,Yakima County,247146
2012,West Virginia,Barbour County,16642
2012,West Virginia,Berkeley County,107137
2012,West Virginia,Boone County,24501
2012,West Virginia,Braxton County,14153
2012,West Virginia,Brooke County,23854
2012,West Virginia,Cabell County,97520
2012,West Virginia,Calhoun County,7433
2012,West Virginia,Clay County,9137
2012,West Virginia,Doddridge County,8168
2012,West Virginia,Fayette County,45486
2012,West Virginia,Gilmer County,8663
2012,West Virginia,Grant County,11680
2012,West Virginia,Greenbrier County,35563
2012,West Virginia,Hampshire County,23643
2012,West Virginia,Hancock County,30574
2012,West Virginia,Hardy County,13990
2012,West Virginia,Harrison County,68869
2012,West Virginia,Jackson County,29118
2012,West Virginia,Jefferson County,54785
2012,West Virginia,Kanawha County,193174
2012,West Virginia,Lewis County,16717
2012,West Virginia,Lincoln County,21674
2012,West Virginia,Logan County,36502
2012,West Virginia,Marion County,56835
2012,West Virginia,Marshall County,32909
2012,West Virginia,Mason County,27016
2012,West Virginia,Mcdowell County,21770
2012,West Virginia,Mercer County,62725
2012,West Virginia,Mineral County,27933
2012,West Virginia,Mingo County,26311
2012,West Virginia,Monongalia County,100807
2012,West Virginia,Monroe County,13305
2012,West Virginia,Morgan County,17252
2012,West Virginia,Nicholas County,26303
2012,West Virginia,Ohio County,44270
2012,West Virginia,Pendleton County,7297
2012,West Virginia,Pleasants County,7581
2012,West Virginia,Pocahontas County,8629
2012,West Virginia,Preston County,34083
2012,West Virginia,Putnam County,56673
2012,West Virginia,Raleigh County,79613
2012,West Virginia,Randolph County,29270
2012,West Virginia,Ritchie County,10008
2012,West Virginia,Roane County,14794
2012,West Virginia,Summers County,13726
2012,West Virginia,Taylor County,16964
2012,West Virginia,Tucker County,7064
2012,West Virginia,Tyler County,8998
2012,West Virginia,Upshur County,24364
2012,West Virginia,Wayne County,41891
2012,West Virginia,Webster County,9045
2012,West Virginia,Wetzel County,16232
2012,West Virginia,Wirt County,5652
2012,West Virginia,Wood County,86922
2012,West Virginia,Wyoming County,23481
2012,Wisconsin,Adams County,20446
2012,Wisconsin,Ashland County,15966
2012,Wisconsin,Barron County,46131
2012,Wisconsin,Bayfield County,15273
2012,Wisconsin,Brown County,253629
2012,Wisconsin,Buffalo County,13404
2012,Wisconsin,Burnett County,15556
2012,Wisconsin,Calumet County,50143
2012,Wisconsin,Chippewa County,63402
2012,Wisconsin,Clark County,34407
2012,Wisconsin,Columbia County,56656
2012,Wisconsin,Crawford County,16523
2012,Wisconsin,Dane County,505315
2012,Wisconsin,Dodge County,88589
2012,Wisconsin,Door County,28029
2012,Wisconsin,Douglas County,43907
2012,Wisconsin,Dunn County,43807
2012,Wisconsin,Eau Claire County,100992
2012,Wisconsin,Florence County,4426
2012,Wisconsin,Fond Du Lac County,102060
2012,Wisconsin,Forest County,9206
2012,Wisconsin,Grant County,51053
2012,Wisconsin,Green County,36852
2012,Wisconsin,Green Lake County,19019
2012,Wisconsin,Iowa County,23595
2012,Wisconsin,Iron County,5985
2012,Wisconsin,Jackson County,20611
2012,Wisconsin,Jefferson County,84343
2012,Wisconsin,Juneau County,26740
2012,Wisconsin,Kenosha County,167129
2012,Wisconsin,Kewaunee County,20540
2012,Wisconsin,La Crosse County,117100
2012,Wisconsin,Lafayette County,16782
2012,Wisconsin,Langlade County,19695
2012,Wisconsin,Lincoln County,28690
2012,Wisconsin,Manitowoc County,81296
2012,Wisconsin,Marathon County,134912
2012,Wisconsin,Marinette County,41720
2012,Wisconsin,Marquette County,15241
2012,Wisconsin,Menominee County,4296
2012,Wisconsin,Milwaukee County,953185
2012,Wisconsin,Monroe County,44927
2012,Wisconsin,Oconto County,37567
2012,Wisconsin,Oneida County,36157
2012,Wisconsin,Outagamie County,179429
2012,Wisconsin,Ozaukee County,87483
2012,Wisconsin,Pepin County,7388
2012,Wisconsin,Pierce County,40632
2012,Wisconsin,Polk County,43795
2012,Wisconsin,Portage County,70288
2012,Wisconsin,Price County,14023
2012,Wisconsin,Racine County,194992
2012,Wisconsin,Richland County,17824
2012,Wisconsin,Rock County,160236
2012,Wisconsin,Rusk County,14339
2012,Wisconsin,Sauk County,62672
2012,Wisconsin,Sawyer County,16839
2012,Wisconsin,Shawano County,41532
2012,Wisconsin,Sheboygan County,115389
2012,Wisconsin,St. Croix County,85522
2012,Wisconsin,Taylor County,20279
2012,Wisconsin,Trempealeau County,29544
2012,Wisconsin,Vernon County,29991
2012,Wisconsin,Vilas County,21483
2012,Wisconsin,Walworth County,103449
2012,Wisconsin,Washburn County,16048
2012,Wisconsin,Washington County,132816
2012,Wisconsin,Waukesha County,393125
2012,Wisconsin,Waupaca County,52171
2012,Wisconsin,Waushara County,24476
2012,Wisconsin,Winnebago County,168630
2012,Wisconsin,Wood County,74682
2012,Wyoming,Albany County,36969
2012,Wyoming,Big Horn County,11733
2012,Wyoming,Campbell County,47971
2012,Wyoming,Carbon County,15667
2012,Wyoming,Converse County,14010
2012,Wyoming,Crook County,7042
2012,Wyoming,Fremont County,40992
2012,Wyoming,Goshen County,13479
2012,Wyoming,Hot Springs County,4878
2012,Wyoming,Johnson County,8614
2012,Wyoming,Laramie County,94762
2012,Wyoming,Lincoln County,17822
2012,Wyoming,Natrona County,78482
2012,Wyoming,Niobrara County,2520
2012,Wyoming,Park County,28902
2012,Wyoming,Platte County,8742
2012,Wyoming,Sheridan County,29566
2012,Wyoming,Sublette County,10236
2012,Wyoming,Sweetwater County,44931
2012,Wyoming,Teton County,21614
2012,Wyoming,Uinta County,21071
2012,Wyoming,Washakie County,8394
2012,Wyoming,Weston County,7094
2016,Alabama,Autauga County,56979
2016,Alabama,Baldwin County,210148
2016,Alabama,Barbour County,26186
2016,Alabama,Bibb County,22654
2016,Alabama,Blount County,58237
2016,Alabama,Bullock County,10589
2016,Alabama,Butler County,19742
2016,Alabama,Calhoun County,116746
2016,Alabama,Chambers County,34862
2016,Alabama,Cherokee County,24924
2016,Alabama,Chilton County,44225
2016,Alabama,Choctaw County,13171
2016,Alabama,Clarke County,24147
2016,Alabama,Clay County,14071
2016,Alabama,Cleburne County,14923
2016,Alabama,Coffee County,51469
2016,Alabama,Colbert County,55629
2016,Alabama,Conecuh County,12289
2016,Alabama,Coosa County,10631
2016,Alabama,Covington County,37757
2016,Alabama,Crenshaw County,13588
2016,Alabama,Cullman County,84633
2016,Alabama,Dale County,49629
2016,Alabama,Dallas County,41378
2016,Alabama,Dekalb County,71080
2016,Alabama,Elmore County,84966
2016,Alabama,Escambia County,37751
2016,Alabama,Etowah County,103527
2016,Alabama,Fayette County,16632
2016,Alabama,Franklin County,32030
2016,Alabama,Geneva County,26659
2016,Alabama,Greene County,8295
2016,Alabama,Hale County,14919
2016,Alabama,Henry County,17025
2016,Alabama,Houston County,104774
2016,Alabama,Jackson County,52645
2016,Alabama,Jefferson County,671873
2016,Alabama,Lamar County,14043
2016,Alabama,Lauderdale County,92668
2016,Alabama,Lawrence County,33326
2016,Alabama,Lee County,164310
2016,Alabama,Limestone County,94195
2016,Alabama,Lowndes County,10655
2016,Alabama,Macon County,20072
2016,Alabama,Madison County,363402
2016,Alabama,Marengo County,19866
2016,Alabama,Marion County,29704
2016,Alabama,Marshall County,95533
2016,Alabama,Mobile County,416224
2016,Alabama,Monroe County,21085
2016,Alabama,Montgomery County,229783
2016,Alabama,Morgan County,121316
2016,Alabama,Perry County,9388
2016,Alabama,Pickens County,19902
2016,Alabama,Pike County,33558
2016,Alabama,Randolph County,21941
2016,Alabama,Russell County,58906
2016,Alabama,Shelby County,213016
2016,Alabama,St. Clair County,87728
2016,Alabama,Sumter County,13022
2016,Alabama,Talladega County,81894
2016,Alabama,Tallapoosa County,41308
2016,Alabama,Tuscaloosa County,216926
2016,Alabama,Walker County,65850
2016,Alabama,Washington County,16194
2016,Alabama,Wilcox County,11077
2016,Alabama,Winston County,23904
2016,Arizona,Apache County,67727
2016,Arizona,Cochise County,124592
2016,Arizona,Coconino County,141966
2016,Arizona,Gila County,52760
2016,Arizona,Graham County,37480
2016,Arizona,Greenlee County,9767
2016,Arizona,La Paz County,17615
2016,Arizona,Maricopa County,4170720
2016,Arizona,Mohave County,203855
2016,Arizona,Navajo County,105337
2016,Arizona,Pima County,1007353
2016,Arizona,Pinal County,385383
2016,Arizona,Santa Cruz County,46939
2016,Arizona,Yavapai County,222870
2016,Arizona,Yuma County,198914
2016,Arkansas,Arkansas County,18023
2016,Arkansas,Ashley County,20285
2016,Arkansas,Baxter County,40778
2016,Arkansas,Benton County,258016
2016,Arkansas,Boone County,37117
2016,Arkansas,Bradley County,10868
2016,Arkansas,Calhoun County,4907
2016,Arkansas,Carroll County,27674
2016,Arkansas,Chicot County,11055
2016,Arkansas,Clark County,22173
2016,Arkansas,Clay County,15144
2016,Arkansas,Cleburne County,24996
2016,Arkansas,Cleveland County,7995
2016,Arkansas,Columbia County,23644
2016,Arkansas,Conway County,20678
2016,Arkansas,Craighead County,105605
2016,Arkansas,Crawford County,60230
2016,Arkansas,Crittenden County,49567
2016,Arkansas,Cross County,17421
2016,Arkansas,Dallas County,7174
2016,Arkansas,Desha County,12029
2016,Arkansas,Drew County,18149
2016,Arkansas,Faulkner County,120212
2016,Arkansas,Franklin County,17195
2016,Arkansas,Fulton County,11887
2016,Arkansas,Garland County,98596
2016,Arkansas,Grant County,17792
2016,Arkansas,Greene County,44846
2016,Arkansas,Hempstead County,21244
2016,Arkansas,Hot Spring County,32968
2016,Arkansas,Howard County,13122
2016,Arkansas,Independence County,37200
2016,Arkansas,Izard County,13475
2016,Arkansas,Jackson County,17357
2016,Arkansas,Jefferson County,71375
2016,Arkansas,Johnson County,25660
2016,Arkansas,Lafayette County,6706
2016,Arkansas,Lawrence County,16531
2016,Arkansas,Lee County,9323
2016,Arkansas,Lincoln County,13721
2016,Arkansas,Little River County,12308
2016,Arkansas,Logan County,21560
2016,Arkansas,Lonoke County,71917
2016,Arkansas,Madison County,16073
2016,Arkansas,Marion County,16452
2016,Arkansas,Miller County,43380
2016,Arkansas,Mississippi County,43142
2016,Arkansas,Monroe County,7305
2016,Arkansas,Montgomery County,8622
2016,Arkansas,Nevada County,8483
2016,Arkansas,Newton County,7596
2016,Arkansas,Ouachita County,23658
2016,Arkansas,Perry County,10055
2016,Arkansas,Phillips County,18505
2016,Arkansas,Pike County,10521
2016,Arkansas,Poinsett County,23761
2016,Arkansas,Polk County,19825
2016,Arkansas,Pope County,63345
2016,Arkansas,Prairie County,8443
2016,Arkansas,Pulaski County,398138
2016,Arkansas,Randolph County,17665
2016,Arkansas,Saline County,117572
2016,Arkansas,Scott County,10121
2016,Arkansas,Searcy County,7957
2016,Arkansas,Sebastian County,127669
2016,Arkansas,Sevier County,16382
2016,Arkansas,Sharp County,16953
2016,Arkansas,St. Francis County,25268
2016,Arkansas,Stone County,12340
2016,Arkansas,Union County,40379
2016,Arkansas,Van Buren County,16220
2016,Arkansas,Washington County,230832
2016,Arkansas,White County,77769
2016,Arkansas,Woodruff County,6594
2016,Arkansas,Yell County,20927
2016,California,Alameda County,1661218
2016,California,Alpine County,1110
2016,California,Amador County,37711
2016,California,Butte County,224502
2016,California,Calaveras County,44674
2016,California,Colusa County,21653
2016,California,Contra Costa County,1145072
2016,California,Del Norte County,27272
2016,California,El Dorado County,184846
2016,California,Fresno County,981015
2016,California,Glenn County,28156
2016,California,Humboldt County,137219
2016,California,Imperial County,179400
2016,California,Inyo County,18497
2016,California,Kern County,886002
2016,California,Kings County,149073
2016,California,Lake County,66187
2016,California,Lassen County,32302
2016,California,Los Angeles County,10123015
2016,California,Madera County,152851
2016,California,Marin County,263455
2016,California,Mariposa County,17468
2016,California,Mendocino County,90592
2016,California,Merced County,268786
2016,California,Modoc County,8898
2016,California,Mono County,13436
2016,California,Monterey County,437926
2016,California,Napa County,141730
2016,California,Nevada County,100539
2016,California,Orange County,3174414
2016,California,Placer County,380615
2016,California,Plumas County,19191
2016,California,Riverside County,2336394
2016,California,Sacramento County,1527967
2016,California,San Benito County,59520
2016,California,San Bernardino County,2126834
2016,California,San Diego County,3283104
2016,California,San Francisco County,873473
2016,California,San Joaquin County,740281
2016,California,San Luis Obispo County,281794
2016,California,San Mateo County,770258
2016,California,Santa Barbara County,445953
2016,California,Santa Clara County,1942556
2016,California,Santa Cruz County,274504
2016,California,Shasta County,180391
2016,California,Sierra County,3144
2016,California,Siskiyou County,43837
2016,California,Solano County,442637
2016,California,Sonoma County,501269
2016,California,Stanislaus County,540539
2016,California,Sutter County,97664
2016,California,Tehama County,64173
2016,California,Trinity County,15240
2016,California,Tulare County,462017
2016,California,Tuolumne County,54430
2016,California,Ventura County,847646
2016,California,Yolo County,213311
2016,California,Yuba County,76028
2016,Colorado,Adams County,497852
2016,Colorado,Alamosa County,16143
2016,Colorado,Arapahoe County,638103
2016,Colorado,Archuleta County,12315
2016,Colorado,Baca County,3490
2016,Colorado,Bent County,5977
2016,Colorado,Boulder County,324071
2016,Colorado,Chaffee County,18421
2016,Colorado,Cheyenne County,1813
2016,Colorado,Clear Creek County,9229
2016,Colorado,Conejos County,7603
2016,Colorado,Costilla County,3415
2016,Colorado,Crowley County,5368
2016,Colorado,Custer County,4285
2016,Colorado,Delta County,30413
2016,Colorado,Denver County,685082
2016,Colorado,Dolores County,2206
2016,Colorado,Douglas County,328237
2016,Colorado,Eagle County,55011
2016,Colorado,El Paso County,690756
2016,Colorado,Elbert County,24429
2016,Colorado,Fremont County,47683
2016,Colorado,Garfield County,59685
2016,Colorado,Gilpin County,5646
2016,Colorado,Grand County,15141
2016,Colorado,Gunnison County,16043
2016,Colorado,Hinsdale County,772
2016,Colorado,Huerfano County,6530
2016,Colorado,Jackson County,1349
2016,Colorado,Jefferson County,571512
2016,Colorado,Kiowa County,1352
2016,Colorado,Kit Carson County,7601
2016,Colorado,La Plata County,54888
2016,Colorado,Lake County,7233
2016,Colorado,Larimer County,338940
2016,Colorado,Las Animas County,14171
2016,Colorado,Lincoln County,5532
2016,Colorado,Logan County,22072
2016,Colorado,Mesa County,150073
2016,Colorado,Mineral County,812
2016,Colorado,Moffat County,13246
2016,Colorado,Montezuma County,25715
2016,Colorado,Montrose County,40861
2016,Colorado,Morgan County,28280
2016,Colorado,Otero County,18577
2016,Colorado,Ouray County,4722
2016,Colorado,Park County,16424
2016,Colorado,Phillips County,4411
2016,Colorado,Pitkin County,17676
2016,Colorado,Prowers County,11882
2016,Colorado,Pueblo County,164016
2016,Colorado,Rio Blanco County,6560
2016,Colorado,Rio Grande County,11515
2016,Colorado,Routt County,24287
2016,Colorado,Saguache County,6083
2016,Colorado,San Juan County,665
2016,Colorado,San Miguel County,8009
2016,Colorado,Sedgwick County,2493
2016,Colorado,Summit County,30814
2016,Colorado,Teller County,23630
2016,Colorado,Washington County,4793
2016,Colorado,Weld County,294582
2016,Colorado,Yuma County,10024
2016,Connecticut,Fairfield County,953776
2016,Connecticut,Hartford County,899975
2016,Connecticut,Litchfield County,186112
2016,Connecticut,Middlesex County,164837
2016,Connecticut,New Haven County,865595
2016,Connecticut,New London County,270650
2016,Connecticut,Tolland County,150634
2016,Connecticut,Windham County,116035
2016,Delaware,Kent County,173906
2016,Delaware,New Castle County,561343
2016,Delaware,Sussex County,217897
2016,District Of Columbia,District Of Columbia,673428
2016,Florida,Alachua County,268800
2016,Florida,Baker County,27107
2016,Florida,Bay County,185722
2016,Florida,Bradford County,26599
2016,Florida,Brevard County,577132
2016,Florida,Broward County,1904711
2016,Florida,Calhoun County,14056
2016,Florida,Charlotte County,173794
2016,Florida,Citrus County,143864
2016,Florida,Clay County,205552
2016,Florida,Collier County,355995
2016,Florida,Columbia County,67556
2016,Florida,Desoto County,33468
2016,Florida,Dixie County,16277
2016,Florida,Duval County,945772
2016,Florida,Escambia County,312032
2016,Florida,Flagler County,106081
2016,Florida,Franklin County,11989
2016,Florida,Gadsden County,45066
2016,Florida,Gilchrist County,17004
2016,Florida,Glades County,12151
2016,Florida,Gulf County,16493
2016,Florida,Hamilton County,13983
2016,Florida,Hardee County,26279
2016,Florida,Hendry County,38196
2016,Florida,Hernando County,180618
2016,Florida,Highlands County,98725
2016,Florida,Hillsborough County,1377020
2016,Florida,Holmes County,19447
2016,Florida,Indian River County,149900
2016,Florida,Jackson County,49053
2016,Florida,Jefferson County,13995
2016,Florida,Lafayette County,8618
2016,Florida,Lake County,341658
2016,Florida,Lee County,707252
2016,Florida,Leon County,285064
2016,Florida,Levy County,40403
2016,Florida,Liberty County,8064
2016,Florida,Madison County,17889
2016,Florida,Manatee County,369426
2016,Florida,Marion County,350449
2016,Florida,Martin County,156199
2016,Florida,Miami-Dade County,2684411
2016,Florida,Monroe County,82549
2016,Florida,Nassau County,80074
2016,Florida,Okaloosa County,200368
2016,Florida,Okeechobee County,39122
2016,Florida,Orange County,1344595
2016,Florida,Osceola County,341840
2016,Florida,Palm Beach County,1442613
2016,Florida,Pasco County,507343
2016,Florida,Pinellas County,949274
2016,Florida,Polk County,656847
2016,Florida,Putnam County,71543
2016,Florida,Santa Rosa County,170197
2016,Florida,Sarasota County,408573
2016,Florida,Seminole County,454404
2016,Florida,St. Johns County,233933
2016,Florida,St. Lucie County,302093
2016,Florida,Sumter County,117192
2016,Florida,Suwannee County,43049
2016,Florida,Taylor County,22228
2016,Florida,Union County,15851
2016,Florida,Volusia County,525088
2016,Florida,Wakulla County,31656
2016,Florida,Walton County,65036
2016,Florida,Washington County,24135
2016,Georgia,Appling County,18477
2016,Georgia,Atkinson County,8224
2016,Georgia,Bacon County,11315
2016,Georgia,Baker County,3107
2016,Georgia,Baldwin County,44423
2016,Georgia,Banks County,17473
2016,Georgia,Barrow County,76076
2016,Georgia,Bartow County,103298
2016,Georgia,Ben Hill County,17590
2016,Georgia,Berrien County,18184
2016,Georgia,Bibb County,155940
2016,Georgia,Bleckley County,12628
2016,Georgia,Brantley County,17673
2016,Georgia,Brooks County,16279
2016,Georgia,Bryan County,38560
2016,Georgia,Bulloch County,74954
2016,Georgia,Burke County,23852
2016,Georgia,Butts County,23805
2016,Georgia,Calhoun County,5958
2016,Georgia,Camden County,52274
2016,Georgia,Candler County,10852
2016,Georgia,Carroll County,114815
2016,Georgia,Catoosa County,66298
2016,Georgia,Charlton County,12291
2016,Georgia,Chatham County,292459
2016,Georgia,Chattahoochee County,9358
2016,Georgia,Chattooga County,24909
2016,Georgia,Cherokee County,243609
2016,Georgia,Clarke County,125295
2016,Georgia,Clay County,2993
2016,Georgia,Clayton County,282344
2016,Georgia,Clinch County,6858
2016,Georgia,Cobb County,750788
2016,Georgia,Coffee County,42810
2016,Georgia,Colquitt County,45665
2016,Georgia,Columbia County,145334
2016,Georgia,Cook County,17131
2016,Georgia,Coweta County,137953
2016,Georgia,Crawford County,12148
2016,Georgia,Crisp County,21635
2016,Georgia,Dade County,16346
2016,Georgia,Dawson County,23609
2016,Georgia,Dekalb County,748758
2016,Georgia,Decatur County,28487
2016,Georgia,Dodge County,20493
2016,Georgia,Dooly County,12602
2016,Georgia,Dougherty County,89673
2016,Georgia,Douglas County,139627
2016,Georgia,Early County,10792
2016,Georgia,Echols County,3757
2016,Georgia,Effingham County,58291
2016,Georgia,Elbert County,19314
2016,Georgia,Emanuel County,22548
2016,Georgia,Evans County,10705
2016,Georgia,Fannin County,24361
2016,Georgia,Fayette County,113533
2016,Georgia,Floyd County,96716
2016,Georgia,Forsyth County,222011
2016,Georgia,Franklin County,22294
2016,Georgia,Fulton County,1018635
2016,Georgia,Gilmer County,29551
2016,Georgia,Glascock County,2917
2016,Georgia,Glynn County,83535
2016,Georgia,Gordon County,56338
2016,Georgia,Grady County,25957
2016,Georgia,Greene County,16996
2016,Georgia,Gwinnett County,914732
2016,Georgia,Habersham County,44215
2016,Georgia,Hall County,194304
2016,Georgia,Hancock County,8789
2016,Georgia,Haralson County,28648
2016,Georgia,Harris County,32856
2016,Georgia,Hart County,25113
2016,Georgia,Heard County,11248
2016,Georgia,Henry County,222639
2016,Georgia,Houston County,153868
2016,Georgia,Irwin County,9476
2016,Georgia,Jackson County,65384
2016,Georgia,Jasper County,13882
2016,Georgia,Jeff Davis County,14696
2016,Georgia,Jefferson County,16031
2016,Georgia,Jenkins County,8779
2016,Georgia,Johnson County,9367
2016,Georgia,Jones County,28314
2016,Georgia,Lamar County,18022
2016,Georgia,Lanier County,9947
2016,Georgia,Laurens County,48555
2016,Georgia,Lee County,31051
2016,Georgia,Liberty County,63103
2016,Georgia,Lincoln County,7658
2016,Georgia,Long County,15969
2016,Georgia,Lowndes County,114516
2016,Georgia,Lumpkin County,31058
2016,Georgia,Macon County,13058
2016,Georgia,Madison County,28710
2016,Georgia,Marion County,7878
2016,Georgia,Mcduffie County,21754
2016,Georgia,Mcintosh County,11941
2016,Georgia,Meriwether County,20710
2016,Georgia,Miller County,6099
2016,Georgia,Mitchell County,22498
2016,Georgia,Monroe County,26891
2016,Georgia,Montgomery County,8718
2016,Georgia,Morgan County,18445
2016,Georgia,Murray County,39295
2016,Georgia,Muscogee County,202900
2016,Georgia,Newton County,106206
2016,Georgia,Oconee County,37478
2016,Georgia,Oglethorpe County,14386
2016,Georgia,Paulding County,153077
2016,Georgia,Peach County,27175
2016,Georgia,Pickens County,30789
2016,Georgia,Pierce County,19253
2016,Georgia,Pike County,17787
2016,Georgia,Polk County,41632
2016,Georgia,Pulaski County,10473
2016,Georgia,Putnam County,21265
2016,Georgia,Quitman County,2297
2016,Georgia,Rabun County,16273
2016,Georgia,Randolph County,6966
2016,Georgia,Richmond County,204860
2016,Georgia,Rockdale County,90668
2016,Georgia,Schley County,4762
2016,Georgia,Screven County,14064
2016,Georgia,Seminole County,9101
2016,Georgia,Spalding County,64528
2016,Georgia,Stephens County,26118
2016,Georgia,Stewart County,5277
2016,Georgia,Sumter County,30524
2016,Georgia,Talbot County,6099
2016,Georgia,Taliaferro County,1618
2016,Georgia,Tattnall County,23782
2016,Georgia,Taylor County,8097
2016,Georgia,Telfair County,13894
2016,Georgia,Terrell County,9274
2016,Georgia,Thomas County,45856
2016,Georgia,Tift County,40976
2016,Georgia,Toombs County,27209
2016,Georgia,Towns County,11602
2016,Georgia,Treutlen County,6449
2016,Georgia,Troup County,69505
2016,Georgia,Turner County,8665
2016,Georgia,Twiggs County,8209
2016,Georgia,Union County,22328
2016,Georgia,Upson County,26998
2016,Georgia,Walker County,67023
2016,Georgia,Walton County,90066
2016,Georgia,Ware County,35947
2016,Georgia,Warren County,5348
2016,Georgia,Washington County,20217
2016,Georgia,Wayne County,30125
2016,Georgia,Webster County,2459
2016,Georgia,Wheeler County,7827
2016,Georgia,White County,26935
2016,Georgia,Whitfield County,103625
2016,Georgia,Wilcox County,8982
2016,Georgia,Wilkes County,9721
2016,Georgia,Wilkinson County,9034
2016,Georgia,Worth County,21209
2016,Hawaii,Hawaii County,196950
2016,Hawaii,Honolulu County,1023810
2016,Hawaii,Kauai County,72389
2016,Hawaii,Maui County,163585
2016,Idaho,Ada County,447102
2016,Idaho,Adams County,3923
2016,Idaho,Bannock County,83751
2016,Idaho,Bear Lake County,6075
2016,Idaho,Benewah County,9100
2016,Idaho,Bingham County,45837
2016,Idaho,Blaine County,22646
2016,Idaho,Boise County,6825
2016,Idaho,Bonner County,42737
2016,Idaho,Bonneville County,113710
2016,Idaho,Boundary County,11371
2016,Idaho,Butte County,2537
2016,Idaho,Camas County,1047
2016,Idaho,Canyon County,208846
2016,Idaho,Caribou County,6800
2016,Idaho,Cassia County,23727
2016,Idaho,Clark County,836
2016,Idaho,Clearwater County,8591
2016,Idaho,Custer County,4096
2016,Idaho,Elmore County,26932
2016,Idaho,Franklin County,13381
2016,Idaho,Fremont County,13048
2016,Idaho,Gem County,17345
2016,Idaho,Gooding County,15184
2016,Idaho,Idaho County,16102
2016,Idaho,Jefferson County,28125
2016,Idaho,Jerome County,23229
2016,Idaho,Kootenai County,154421
2016,Idaho,Latah County,38399
2016,Idaho,Lemhi County,7658
2016,Idaho,Lewis County,3658
2016,Idaho,Lincoln County,5170
2016,Idaho,Madison County,47013
2016,Idaho,Minidoka County,20909
2016,Idaho,Nez Perce County,41063
2016,Idaho,Oneida County,4336
2016,Idaho,Owyhee County,11285
2016,Idaho,Payette County,23446
2016,Idaho,Power County,7799
2016,Idaho,Shoshone County,12618
2016,Idaho,Teton County,10707
2016,Idaho,Twin Falls County,85075
2016,Idaho,Valley County,10470
2016,Idaho,Washington County,10163
2016,Illinois,Adams County,66947
2016,Illinois,Alexander County,6233
2016,Illinois,Bond County,16793
2016,Illinois,Boone County,53869
2016,Illinois,Brown County,6441
2016,Illinois,Bureau County,33913
2016,Illinois,Calhoun County,4737
2016,Illinois,Carroll County,15488
2016,Illinois,Cass County,13325
2016,Illinois,Champaign County,208131
2016,Illinois,Christian County,34415
2016,Illinois,Clark County,15935
2016,Illinois,Clay County,13415
2016,Illinois,Clinton County,37250
2016,Illinois,Coles County,49532
2016,Illinois,Cook County,5319801
2016,Illinois,Crawford County,19199
2016,Illinois,Cumberland County,10741
2016,Illinois,De Witt County,16189
2016,Illinois,Dekalb County,101515
2016,Illinois,Douglas County,19877
2016,Illinois,Dupage County,939839
2016,Illinois,Edgar County,17484
2016,Illinois,Edwards County,6461
2016,Illinois,Effingham County,34546
2016,Illinois,Fayette County,21706
2016,Illinois,Ford County,13698
2016,Illinois,Franklin County,38839
2016,Illinois,Fulton County,35344
2016,Illinois,Gallatin County,5254
2016,Illinois,Greene County,12625
2016,Illinois,Grundy County,51273
2016,Illinois,Hamilton County,8134
2016,Illinois,Hancock County,18275
2016,Illinois,Hardin County,3892
2016,Illinois,Henderson County,6771
2016,Illinois,Henry County,49950
2016,Illinois,Iroquois County,28312
2016,Illinois,Jackson County,56402
2016,Illinois,Jasper County,9420
2016,Illinois,Jefferson County,38080
2016,Illinois,Jersey County,21888
2016,Illinois,Jo Daviess County,22321
2016,Illinois,Johnson County,13034
2016,Illinois,Kane County,521083
2016,Illinois,Kankakee County,110188
2016,Illinois,Kendall County,125540
2016,Illinois,Knox County,51385
2016,Illinois,Lasalle County,111286
2016,Illinois,Lake County,716547
2016,Illinois,Lawrence County,16028
2016,Illinois,Lee County,34722
2016,Illinois,Livingston County,36319
2016,Illinois,Logan County,28868
2016,Illinois,Macon County,106838
2016,Illinois,Macoupin County,45859
2016,Illinois,Madison County,267558
2016,Illinois,Marion County,38436
2016,Illinois,Marshall County,12129
2016,Illinois,Mason County,13574
2016,Illinois,Massac County,14762
2016,Illinois,Mcdonough County,29573
2016,Illinois,Mchenry County,309534
2016,Illinois,Mclean County,172910
2016,Illinois,Menard County,12553
2016,Illinois,Mercer County,15858
2016,Illinois,Monroe County,34170
2016,Illinois,Montgomery County,29156
2016,Illinois,Morgan County,34309
2016,Illinois,Moultrie County,14707
2016,Illinois,Ogle County,52043
2016,Illinois,Peoria County,187394
2016,Illinois,Perry County,21536
2016,Illinois,Piatt County,16704
2016,Illinois,Pike County,15387
2016,Illinois,Pope County,3952
2016,Illinois,Pulaski County,5586
2016,Illinois,Putnam County,5647
2016,Illinois,Randolph County,31557
2016,Illinois,Richland County,16011
2016,Illinois,Rock Island County,147157
2016,Illinois,Saline County,24533
2016,Illinois,Sangamon County,199436
2016,Illinois,Schuyler County,7124
2016,Illinois,Scott County,5052
2016,Illinois,Shelby County,21499
2016,Illinois,St. Clair County,262703
2016,Illinois,Stark County,5600
2016,Illinois,Stephenson County,45924
2016,Illinois,Tazewell County,134179
2016,Illinois,Union County,17556
2016,Illinois,Vermilion County,77933
2016,Illinois,Wabash County,11600
2016,Illinois,Warren County,17349
2016,Illinois,Washington County,14143
2016,Illinois,Wayne County,16645
2016,Illinois,White County,14368
2016,Illinois,Whiteside County,57041
2016,Illinois,Will County,692678
2016,Illinois,Williamson County,67921
2016,Illinois,Winnebago County,288419
2016,Illinois,Woodford County,39136
2016,Indiana,Adams County,35185
2016,Indiana,Allen County,371905
2016,Indiana,Bartholomew County,80978
2016,Indiana,Benton County,8640
2016,Indiana,Blackford County,12301
2016,Indiana,Boone County,65377
2016,Indiana,Brown County,15241
2016,Indiana,Carroll County,19996
2016,Indiana,Cass County,38146
2016,Indiana,Clark County,116917
2016,Indiana,Clay County,26331
2016,Indiana,Clinton County,32725
2016,Indiana,Crawford County,10505
2016,Indiana,Daviess County,32900
2016,Indiana,Dekalb County,42417
2016,Indiana,Dearborn County,50025
2016,Indiana,Decatur County,26501
2016,Indiana,Delaware County,114635
2016,Indiana,Dubois County,43114
2016,Indiana,Elkhart County,204104
2016,Indiana,Fayette County,23524
2016,Indiana,Floyd County,77799
2016,Indiana,Fountain County,16445
2016,Indiana,Franklin County,22775
2016,Indiana,Fulton County,20413
2016,Indiana,Gibson County,33155
2016,Indiana,Grant County,67517
2016,Indiana,Greene County,31366
2016,Indiana,Hamilton County,319120
2016,Indiana,Hancock County,74163
2016,Indiana,Harrison County,39015
2016,Indiana,Hendricks County,161882
2016,Indiana,Henry County,48892
2016,Indiana,Howard County,82945
2016,Indiana,Huntington County,36436
2016,Indiana,Jackson County,45362
2016,Indiana,Jasper County,33063
2016,Indiana,Jay County,21049
2016,Indiana,Jefferson County,32871
2016,Indiana,Jennings County,27704
2016,Indiana,Johnson County,152662
2016,Indiana,Knox County,37181
2016,Indiana,Kosciusko County,79455
2016,Indiana,Lagrange County,39366
2016,Indiana,Laporte County,111969
2016,Indiana,Lake County,493370
2016,Indiana,Lawrence County,45264
2016,Indiana,Madison County,129634
2016,Indiana,Marion County,952979
2016,Indiana,Marshall County,46601
2016,Indiana,Martin County,10009
2016,Indiana,Miami County,36415
2016,Indiana,Monroe County,140582
2016,Indiana,Montgomery County,37981
2016,Indiana,Morgan County,70366
2016,Indiana,Newton County,13948
2016,Indiana,Noble County,47184
2016,Indiana,Ohio County,5931
2016,Indiana,Orange County,19615
2016,Indiana,Owen County,21196
2016,Indiana,Parke County,16490
2016,Indiana,Perry County,19014
2016,Indiana,Pike County,12294
2016,Indiana,Porter County,169037
2016,Indiana,Posey County,25571
2016,Indiana,Pulaski County,12703
2016,Indiana,Putnam County,36673
2016,Indiana,Randolph County,25231
2016,Indiana,Ripley County,28759
2016,Indiana,Rush County,16709
2016,Indiana,Scott County,24060
2016,Indiana,Shelby County,44354
2016,Indiana,Spencer County,20229
2016,Indiana,St. Joseph County,270829
2016,Indiana,Starke County,23233
2016,Indiana,Steuben County,34138
2016,Indiana,Sullivan County,20846
2016,Indiana,Switzerland County,10020
2016,Indiana,Tippecanoe County,184442
2016,Indiana,Tipton County,15263
2016,Indiana,Union County,7142
2016,Indiana,Vanderburgh County,180203
2016,Indiana,Vermillion County,15634
2016,Indiana,Vigo County,107532
2016,Indiana,Wabash County,31659
2016,Indiana,Warren County,8315
2016,Indiana,Warrick County,62496
2016,Indiana,Washington County,27731
2016,Indiana,Wayne County,67170
2016,Indiana,Wells County,27909
2016,Indiana,White County,24434
2016,Indiana,Whitley County,33452
2016,Iowa,Adair County,7264
2016,Iowa,Adams County,3758
2016,Iowa,Allamakee County,14085
2016,Iowa,Appanoose County,12411
2016,Iowa,Audubon County,5738
2016,Iowa,Benton County,25691
2016,Iowa,Black Hawk County,133262
2016,Iowa,Boone County,26684
2016,Iowa,Bremer County,24588
2016,Iowa,Buchanan County,20550
2016,Iowa,Buena Vista County,20969
2016,Iowa,Butler County,14663
2016,Iowa,Calhoun County,10053
2016,Iowa,Carroll County,20843
2016,Iowa,Cass County,13376
2016,Iowa,Cedar County,18342
2016,Iowa,Cerro Gordo County,43655
2016,Iowa,Cherokee County,11660
2016,Iowa,Chickasaw County,12183
2016,Iowa,Clarke County,9517
2016,Iowa,Clay County,16524
2016,Iowa,Clayton County,17451
2016,Iowa,Clinton County,47269
2016,Iowa,Crawford County,16876
2016,Iowa,Dallas County,86464
2016,Iowa,Davis County,8931
2016,Iowa,Decatur County,7959
2016,Iowa,Delaware County,17608
2016,Iowa,Des Moines County,39755
2016,Iowa,Dickinson County,17254
2016,Iowa,Dubuque County,97861
2016,Iowa,Emmet County,9742
2016,Iowa,Fayette County,19954
2016,Iowa,Floyd County,15925
2016,Iowa,Franklin County,10172
2016,Iowa,Fremont County,6834
2016,Iowa,Greene County,8972
2016,Iowa,Grundy County,12367
2016,Iowa,Guthrie County,10584
2016,Iowa,Hamilton County,15270
2016,Iowa,Hancock County,11039
2016,Iowa,Hardin County,17335
2016,Iowa,Harrison County,14442
2016,Iowa,Henry County,20300
2016,Iowa,Howard County,9444
2016,Iowa,Humboldt County,9592
2016,Iowa,Ida County,7063
2016,Iowa,Iowa County,16527
2016,Iowa,Jackson County,19542
2016,Iowa,Jasper County,37125
2016,Iowa,Jefferson County,16357
2016,Iowa,Johnson County,146756
2016,Iowa,Jones County,20390
2016,Iowa,Keokuk County,10119
2016,Iowa,Kossuth County,15179
2016,Iowa,Lee County,34454
2016,Iowa,Linn County,223864
2016,Iowa,Louisa County,11098
2016,Iowa,Lucas County,8625
2016,Iowa,Lyon County,11906
2016,Iowa,Madison County,15850
2016,Iowa,Mahaska County,22197
2016,Iowa,Marion County,33297
2016,Iowa,Marshall County,40509
2016,Iowa,Mills County,14818
2016,Iowa,Mitchell County,10615
2016,Iowa,Monona County,8879
2016,Iowa,Monroe County,7724
2016,Iowa,Montgomery County,10382
2016,Iowa,Muscatine County,43424
2016,Iowa,O'Brien County,14209
2016,Iowa,Osceola County,6221
2016,Iowa,Page County,15424
2016,Iowa,Palo Alto County,9130
2016,Iowa,Plymouth County,25513
2016,Iowa,Pocahontas County,7137
2016,Iowa,Polk County,473778
2016,Iowa,Pottawattamie County,93843
2016,Iowa,Poweshiek County,18470
2016,Iowa,Ringgold County,4900
2016,Iowa,Sac County,9936
2016,Iowa,Scott County,173216
2016,Iowa,Shelby County,11853
2016,Iowa,Sioux County,35488
2016,Iowa,Story County,97294
2016,Iowa,Tama County,17419
2016,Iowa,Taylor County,6077
2016,Iowa,Union County,12367
2016,Iowa,Van Buren County,7335
2016,Iowa,Wapello County,35537
2016,Iowa,Warren County,49587
2016,Iowa,Washington County,22502
2016,Iowa,Wayne County,6483
2016,Iowa,Webster County,37495
2016,Iowa,Winnebago County,10851
2016,Iowa,Winneshiek County,20542
2016,Iowa,Woodbury County,104418
2016,Iowa,Worth County,7522
2016,Iowa,Wright County,13144
2016,Kansas,Allen County,12730
2016,Kansas,Anderson County,7748
2016,Kansas,Atchison County,16546
2016,Kansas,Barber County,4577
2016,Kansas,Barton County,26733
2016,Kansas,Bourbon County,14531
2016,Kansas,Brown County,9633
2016,Kansas,Butler County,66951
2016,Kansas,Chase County,2623
2016,Kansas,Chautauqua County,3438
2016,Kansas,Cherokee County,20023
2016,Kansas,Cheyenne County,2664
2016,Kansas,Clark County,2076
2016,Kansas,Clay County,8146
2016,Kansas,Cloud County,9292
2016,Kansas,Coffey County,8455
2016,Kansas,Comanche County,1834
2016,Kansas,Cowley County,35538
2016,Kansas,Crawford County,39208
2016,Kansas,Decatur County,2817
2016,Kansas,Dickinson County,19015
2016,Kansas,Doniphan County,7701
2016,Kansas,Douglas County,117526
2016,Kansas,Edwards County,2991
2016,Kansas,Elk County,2498
2016,Kansas,Ellis County,29091
2016,Kansas,Ellsworth County,6501
2016,Kansas,Finney County,38315
2016,Kansas,Ford County,35129
2016,Kansas,Franklin County,25732
2016,Kansas,Geary County,38247
2016,Kansas,Gove County,2672
2016,Kansas,Graham County,2566
2016,Kansas,Grant County,7815
2016,Kansas,Gray County,5835
2016,Kansas,Greeley County,1329
2016,Kansas,Greenwood County,6172
2016,Kansas,Hamilton County,2664
2016,Kansas,Harper County,5747
2016,Kansas,Harvey County,34574
2016,Kansas,Haskell County,3920
2016,Kansas,Hodgeman County,1805
2016,Kansas,Jackson County,13319
2016,Kansas,Jefferson County,18406
2016,Kansas,Jewell County,2941
2016,Kansas,Johnson County,588741
2016,Kansas,Kearny County,4027
2016,Kansas,Kingman County,7696
2016,Kansas,Kiowa County,2508
2016,Kansas,Labette County,20671
2016,Kansas,Lane County,1631
2016,Kansas,Leavenworth County,80221
2016,Kansas,Lincoln County,3046
2016,Kansas,Linn County,9551
2016,Kansas,Logan County,2834
2016,Kansas,Lyon County,32778
2016,Kansas,Marion County,12095
2016,Kansas,Marshall County,10044
2016,Kansas,Mcpherson County,29545
2016,Kansas,Meade County,4243
2016,Kansas,Miami County,32885
2016,Kansas,Mitchell County,6126
2016,Kansas,Montgomery County,32792
2016,Kansas,Morris County,5439
2016,Kansas,Morton County,2898
2016,Kansas,Nemaha County,10194
2016,Kansas,Neosho County,16114
2016,Kansas,Ness County,2913
2016,Kansas,Norton County,5571
2016,Kansas,Osage County,15816
2016,Kansas,Osborne County,3641
2016,Kansas,Ottawa County,5911
2016,Kansas,Pawnee County,6644
2016,Kansas,Phillips County,5268
2016,Kansas,Pottawatomie County,24072
2016,Kansas,Pratt County,9588
2016,Kansas,Rawlins County,2523
2016,Kansas,Reno County,63260
2016,Kansas,Republic County,4739
2016,Kansas,Rice County,9783
2016,Kansas,Riley County,74664
2016,Kansas,Rooks County,5157
2016,Kansas,Rush County,3054
2016,Kansas,Russell County,6919
2016,Kansas,Saline County,55183
2016,Kansas,Scott County,5196
2016,Kansas,Sedgwick County,516141
2016,Kansas,Seward County,23456
2016,Kansas,Shawnee County,180076
2016,Kansas,Sheridan County,2445
2016,Kansas,Sherman County,6041
2016,Kansas,Smith County,3682
2016,Kansas,Stafford County,4208
2016,Kansas,Stanton County,2184
2016,Kansas,Stevens County,5571
2016,Kansas,Sumner County,23016
2016,Kansas,Thomas County,7981
2016,Kansas,Trego County,2871
2016,Kansas,Wabaunsee County,6868
2016,Kansas,Wallace County,1492
2016,Kansas,Washington County,5628
2016,Kansas,Wichita County,2174
2016,Kansas,Wilson County,8862
2016,Kansas,Woodson County,3240
2016,Kansas,Wyandotte County,167260
2016,Kentucky,Adair County,18881
2016,Kentucky,Allen County,20229
2016,Kentucky,Anderson County,22832
2016,Kentucky,Ballard County,8000
2016,Kentucky,Barren County,43888
2016,Kentucky,Bath County,12405
2016,Kentucky,Bell County,26254
2016,Kentucky,Boone County,130226
2016,Kentucky,Bourbon County,20337
2016,Kentucky,Boyd County,49189
2016,Kentucky,Boyle County,30166
2016,Kentucky,Bracken County,8419
2016,Kentucky,Breathitt County,13873
2016,Kentucky,Breckinridge County,19911
2016,Kentucky,Bullitt County,79327
2016,Kentucky,Butler County,12455
2016,Kentucky,Caldwell County,12592
2016,Kentucky,Calloway County,37398
2016,Kentucky,Campbell County,92216
2016,Kentucky,Carlisle County,4854
2016,Kentucky,Carroll County,10683
2016,Kentucky,Carter County,27313
2016,Kentucky,Casey County,15673
2016,Kentucky,Christian County,72703
2016,Kentucky,Clark County,36187
2016,Kentucky,Clay County,21019
2016,Kentucky,Clinton County,9656
2016,Kentucky,Crittenden County,9219
2016,Kentucky,Cumberland County,6318
2016,Kentucky,Daviess County,100941
2016,Kentucky,Edmonson County,12038
2016,Kentucky,Elliott County,7453
2016,Kentucky,Estill County,14347
2016,Kentucky,Fayette County,316854
2016,Kentucky,Fleming County,14791
2016,Kentucky,Floyd County,37511
2016,Kentucky,Franklin County,50615
2016,Kentucky,Fulton County,6525
2016,Kentucky,Gallatin County,8660
2016,Kentucky,Garrard County,16894
2016,Kentucky,Grant County,24657
2016,Kentucky,Graves County,37042
2016,Kentucky,Grayson County,26069
2016,Kentucky,Green County,11061
2016,Kentucky,Greenup County,36465
2016,Kentucky,Hancock County,8966
2016,Kentucky,Hardin County,106751
2016,Kentucky,Harlan County,27712
2016,Kentucky,Harrison County,18453
2016,Kentucky,Hart County,18677
2016,Kentucky,Henderson County,46193
2016,Kentucky,Henry County,15578
2016,Kentucky,Hickman County,4717
2016,Kentucky,Hopkins County,46077
2016,Kentucky,Jackson County,13114
2016,Kentucky,Jefferson County,777157
2016,Kentucky,Jessamine County,51585
2016,Kentucky,Johnson County,23286
2016,Kentucky,Kenton County,165895
2016,Kentucky,Knott County,15279
2016,Kentucky,Knox County,30933
2016,Kentucky,Larue County,14301
2016,Kentucky,Laurel County,60992
2016,Kentucky,Lawrence County,16379
2016,Kentucky,Lee County,6941
2016,Kentucky,Leslie County,10940
2016,Kentucky,Letcher County,22920
2016,Kentucky,Lewis County,13392
2016,Kentucky,Lincoln County,24238
2016,Kentucky,Livingston County,9093
2016,Kentucky,Logan County,26747
2016,Kentucky,Lyon County,8578
2016,Kentucky,Madison County,88844
2016,Kentucky,Magoffin County,12410
2016,Kentucky,Marion County,19321
2016,Kentucky,Marshall County,31600
2016,Kentucky,Martin County,12090
2016,Kentucky,Mason County,17262
2016,Kentucky,Mccracken County,66736
2016,Kentucky,Mccreary County,17440
2016,Kentucky,Mclean County,9364
2016,Kentucky,Meade County,28843
2016,Kentucky,Menifee County,6208
2016,Kentucky,Mercer County,21884
2016,Kentucky,Metcalfe County,10159
2016,Kentucky,Monroe County,11013
2016,Kentucky,Montgomery County,27660
2016,Kentucky,Morgan County,13624
2016,Kentucky,Muhlenberg County,31411
2016,Kentucky,Nelson County,45727
2016,Kentucky,Nicholas County,7281
2016,Kentucky,Ohio County,24099
2016,Kentucky,Oldham County,65889
2016,Kentucky,Owen County,10860
2016,Kentucky,Owsley County,4296
2016,Kentucky,Pendleton County,14650
2016,Kentucky,Perry County,29057
2016,Kentucky,Pike County,61350
2016,Kentucky,Powell County,12820
2016,Kentucky,Pulaski County,63795
2016,Kentucky,Robertson County,2168
2016,Kentucky,Rockcastle County,16440
2016,Kentucky,Rowan County,24446
2016,Kentucky,Russell County,17787
2016,Kentucky,Scott County,52854
2016,Kentucky,Shelby County,45710
2016,Kentucky,Simpson County,18613
2016,Kentucky,Spencer County,18293
2016,Kentucky,Taylor County,25627
2016,Kentucky,Todd County,12255
2016,Kentucky,Trigg County,13884
2016,Kentucky,Trimble County,8590
2016,Kentucky,Union County,14316
2016,Kentucky,Warren County,127026
2016,Kentucky,Washington County,12034
2016,Kentucky,Wayne County,20325
2016,Kentucky,Webster County,13245
2016,Kentucky,Whitley County,36308
2016,Kentucky,Wolfe County,6860
2016,Kentucky,Woodford County,26241
2016,Louisiana,Acadia Parish,60042
2016,Louisiana,Allen Parish,23969
2016,Louisiana,Ascension Parish,120526
2016,Louisiana,Assumption Parish,22340
2016,Louisiana,Avoyelles Parish,40741
2016,Louisiana,Beauregard Parish,36206
2016,Louisiana,Bienville Parish,13758
2016,Louisiana,Bossier Parish,126785
2016,Louisiana,Caddo Parish,248679
2016,Louisiana,Calcasieu Parish,209009
2016,Louisiana,Caldwell Parish,9920
2016,Louisiana,Cameron Parish,6019
2016,Louisiana,Catahoula Parish,9621
2016,Louisiana,Claiborne Parish,15289
2016,Louisiana,Concordia Parish,19752
2016,Louisiana,De Soto Parish,26674
2016,Louisiana,East Baton Rouge Parish,457233
2016,Louisiana,East Carroll Parish,7739
2016,Louisiana,East Feliciana Parish,19858
2016,Louisiana,Evangeline Parish,33063
2016,Louisiana,Franklin Parish,20366
2016,Louisiana,Grant Parish,22251
2016,Louisiana,Iberia Parish,73204
2016,Louisiana,Iberville Parish,31636
2016,Louisiana,Jackson Parish,15528
2016,Louisiana,Jefferson Davis Parish,31993
2016,Louisiana,Jefferson Parish,441677
2016,Louisiana,Lasalle Parish,14903
2016,Louisiana,Lafayette Parish,238825
2016,Louisiana,Lafourche Parish,98432
2016,Louisiana,Lincoln Parish,48620
2016,Louisiana,Livingston Parish,139223
2016,Louisiana,Madison Parish,11046
2016,Louisiana,Morehouse Parish,26692
2016,Louisiana,Natchitoches Parish,38840
2016,Louisiana,Orleans Parish,388416
2016,Louisiana,Ouachita Parish,161705
2016,Louisiana,Plaquemines Parish,23586
2016,Louisiana,Pointe Coupee Parish,21604
2016,Louisiana,Rapides Parish,132511
2016,Louisiana,Red River Parish,8184
2016,Louisiana,Richland Parish,20451
2016,Louisiana,Sabine Parish,23008
2016,Louisiana,St. Bernard Parish,43423
2016,Louisiana,St. Charles Parish,52517
2016,Louisiana,St. Helena Parish,10921
2016,Louisiana,St. James Parish,21046
2016,Louisiana,St. John The Baptist Parish,43369
2016,Louisiana,St. Landry Parish,84441
2016,Louisiana,St. Martin Parish,52999
2016,Louisiana,St. Mary Parish,52575
2016,Louisiana,St. Tammany Parish,253659
2016,Louisiana,Tangipahoa Parish,128788
2016,Louisiana,Tensas Parish,4618
2016,Louisiana,Terrebonne Parish,112758
2016,Louisiana,Union Parish,21862
2016,Louisiana,Vermilion Parish,58819
2016,Louisiana,Vernon Parish,52137
2016,Louisiana,Washington Parish,46163
2016,Louisiana,Webster Parish,39094
2016,Louisiana,West Baton Rouge Parish,26231
2016,Louisiana,West Carroll Parish,10554
2016,Louisiana,West Feliciana Parish,15207
2016,Louisiana,Winn Parish,14471
2016,Maine,Androscoggin County,108971
2016,Maine,Aroostook County,68414
2016,Maine,Cumberland County,294845
2016,Maine,Franklin County,29642
2016,Maine,Hancock County,54747
2016,Maine,Kennebec County,122037
2016,Maine,Knox County,40181
2016,Maine,Lincoln County,34268
2016,Maine,Oxford County,57163
2016,Maine,Penobscot County,151714
2016,Maine,Piscataquis County,16811
2016,Maine,Sagadahoc County,35612
2016,Maine,Somerset County,50453
2016,Maine,Waldo County,39300
2016,Maine,Washington County,31411
2016,Maine,York County,204723
2016,Maryland,Allegany County,70764
2016,Maryland,Anne Arundel County,571107
2016,Maryland,Baltimore County,846014
2016,Maryland,Baltimore City,614701
2016,Maryland,Calvert County,90961
2016,Maryland,Caroline County,32696
2016,Maryland,Carroll County,169557
2016,Maryland,Cecil County,102805
2016,Maryland,Charles County,158867
2016,Maryland,Dorchester County,32672
2016,Maryland,Frederick County,251993
2016,Maryland,Garrett County,29326
2016,Maryland,Harford County,253148
2016,Maryland,Howard County,318361
2016,Maryland,Kent County,19655
2016,Maryland,Montgomery County,1045323
2016,Maryland,Prince George'S County,944503
2016,Maryland,Queen Anne'S County,48404
2016,Maryland,Somerset County,25334
2016,Maryland,St. Mary's County,111444
2016,Maryland,Talbot County,37456
2016,Maryland,Washington County,151928
2016,Maryland,Wicomico County,101978
2016,Maryland,Worcester County,51559
2016,Massachusetts,Barnstable County,223614
2016,Massachusetts,Berkshire County,129821
2016,Massachusetts,Bristol County,566270
2016,Massachusetts,Dukes County,19300
2016,Massachusetts,Essex County,791755
2016,Massachusetts,Franklin County,71155
2016,Massachusetts,Hampden County,468567
2016,Massachusetts,Hampshire County,162102
2016,Massachusetts,Middlesex County,1608748
2016,Massachusetts,Nantucket County,12892
2016,Massachusetts,Norfolk County,707880
2016,Massachusetts,Plymouth County,517108
2016,Massachusetts,Suffolk County,789716
2016,Massachusetts,Worcester County,840736
2016,Michigan,Alcona County,10139
2016,Michigan,Alger County,9005
2016,Michigan,Allegan County,116097
2016,Michigan,Alpena County,29050
2016,Michigan,Antrim County,23074
2016,Michigan,Arenac County,15139
2016,Michigan,Baraga County,8499
2016,Michigan,Barry County,60078
2016,Michigan,Bay County,105219
2016,Michigan,Benzie County,17597
2016,Michigan,Berrien County,155128
2016,Michigan,Branch County,44315
2016,Michigan,Calhoun County,134706
2016,Michigan,Cass County,51265
2016,Michigan,Charlevoix County,26151
2016,Michigan,Cheboygan County,25577
2016,Michigan,Chippewa County,37550
2016,Michigan,Clare County,30392
2016,Michigan,Clinton County,77232
2016,Michigan,Crawford County,13124
2016,Michigan,Delta County,36993
2016,Michigan,Dickinson County,26009
2016,Michigan,Eaton County,108586
2016,Michigan,Emmet County,33374
2016,Michigan,Genesee County,409659
2016,Michigan,Gladwin County,25111
2016,Michigan,Gogebic County,15637
2016,Michigan,Grand Traverse County,93153
2016,Michigan,Gratiot County,41782
2016,Michigan,Hillsdale County,45846
2016,Michigan,Houghton County,37649
2016,Michigan,Huron County,31906
2016,Michigan,Ingham County,285821
2016,Michigan,Ionia County,65591
2016,Michigan,Iosco County,25335
2016,Michigan,Iron County,11517
2016,Michigan,Isabella County,68009
2016,Michigan,Jackson County,160228
2016,Michigan,Kalamazoo County,258871
2016,Michigan,Kalkaska County,17238
2016,Michigan,Kent County,643879
2016,Michigan,Keweenaw County,2102
2016,Michigan,Lake County,12159
2016,Michigan,Lapeer County,88777
2016,Michigan,Leelanau County,21865
2016,Michigan,Lenawee County,99456
2016,Michigan,Livingston County,189537
2016,Michigan,Luce County,5825
2016,Michigan,Mackinac County,10710
2016,Michigan,Macomb County,874325
2016,Michigan,Manistee County,24657
2016,Michigan,Marquette County,66527
2016,Michigan,Mason County,28769
2016,Michigan,Mecosta County,40594
2016,Michigan,Menominee County,23750
2016,Michigan,Midland County,83498
2016,Michigan,Missaukee County,14967
2016,Michigan,Monroe County,151924
2016,Michigan,Montcalm County,64902
2016,Michigan,Montmorency County,9101
2016,Michigan,Muskegon County,174542
2016,Michigan,Newaygo County,48256
2016,Michigan,Oakland County,1263517
2016,Michigan,Oceana County,26260
2016,Michigan,Ogemaw County,20765
2016,Michigan,Ontonagon County,6019
2016,Michigan,Osceola County,22840
2016,Michigan,Oscoda County,8152
2016,Michigan,Otsego County,24655
2016,Michigan,Ottawa County,285072
2016,Michigan,Presque Isle County,12918
2016,Michigan,Roscommon County,23453
2016,Michigan,Saginaw County,192650
2016,Michigan,Sanilac County,41287
2016,Michigan,Schoolcraft County,7928
2016,Michigan,Shiawassee County,68770
2016,Michigan,St. Clair County,160119
2016,Michigan,St. Joseph County,60807
2016,Michigan,Tuscola County,53886
2016,Michigan,Van Buren County,75323
2016,Michigan,Washtenaw County,370179
2016,Michigan,Wayne County,1791753
2016,Michigan,Wexford County,33067
2016,Minnesota,Aitkin County,15642
2016,Minnesota,Anoka County,349554
2016,Minnesota,Becker County,34151
2016,Minnesota,Beltrami County,45303
2016,Minnesota,Benton County,39939
2016,Minnesota,Big Stone County,5140
2016,Minnesota,Blue Earth County,66957
2016,Minnesota,Brown County,25907
2016,Minnesota,Carlton County,35788
2016,Minnesota,Carver County,100816
2016,Minnesota,Cass County,29142
2016,Minnesota,Chippewa County,12543
2016,Minnesota,Chisago County,54549
2016,Minnesota,Clay County,63497
2016,Minnesota,Clearwater County,8552
2016,Minnesota,Cook County,5455
2016,Minnesota,Cottonwood County,11529
2016,Minnesota,Crow Wing County,64098
2016,Minnesota,Dakota County,423064
2016,Minnesota,Dodge County,20468
2016,Minnesota,Douglas County,37599
2016,Minnesota,Faribault County,14034
2016,Minnesota,Fillmore County,20971
2016,Minnesota,Freeborn County,30747
2016,Minnesota,Goodhue County,46998
2016,Minnesota,Grant County,5955
2016,Minnesota,Hennepin County,1244490
2016,Minnesota,Houston County,18867
2016,Minnesota,Hubbard County,20450
2016,Minnesota,Isanti County,38709
2016,Minnesota,Itasca County,45008
2016,Minnesota,Jackson County,10087
2016,Minnesota,Kanabec County,15662
2016,Minnesota,Kandiyohi County,43030
2016,Minnesota,Kittson County,4307
2016,Minnesota,Koochiching County,12583
2016,Minnesota,Lac Qui Parle County,6842
2016,Minnesota,Lake County,10664
2016,Minnesota,Lake Of The Woods County,3799
2016,Minnesota,Le Sueur County,27674
2016,Minnesota,Lincoln County,5737
2016,Minnesota,Lyon County,25930
2016,Minnesota,Mahnomen County,5434
2016,Minnesota,Marshall County,9191
2016,Minnesota,Martin County,20226
2016,Minnesota,Mcleod County,36380
2016,Minnesota,Meeker County,23145
2016,Minnesota,Mille Lacs County,25798
2016,Minnesota,Morrison County,33397
2016,Minnesota,Mower County,39490
2016,Minnesota,Murray County,8316
2016,Minnesota,Nicollet County,33762
2016,Minnesota,Nobles County,22394
2016,Minnesota,Norman County,6602
2016,Minnesota,Olmsted County,155770
2016,Minnesota,Otter Tail County,58670
2016,Minnesota,Pennington County,14287
2016,Minnesota,Pine County,28548
2016,Minnesota,Pipestone County,9439
2016,Minnesota,Polk County,31820
2016,Minnesota,Pope County,10999
2016,Minnesota,Ramsey County,543890
2016,Minnesota,Red Lake County,3918
2016,Minnesota,Redwood County,15421
2016,Minnesota,Renville County,14777
2016,Minnesota,Rice County,65868
2016,Minnesota,Rock County,9652
2016,Minnesota,Roseau County,15696
2016,Minnesota,Scott County,143780
2016,Minnesota,Sherburne County,92447
2016,Minnesota,Sibley County,14878
2016,Minnesota,St. Louis County,200941
2016,Minnesota,Stearns County,155053
2016,Minnesota,Steele County,37151
2016,Minnesota,Stevens County,9757
2016,Minnesota,Swift County,9878
2016,Minnesota,Todd County,24731
2016,Minnesota,Traverse County,3423
2016,Minnesota,Wabasha County,21305
2016,Minnesota,Wadena County,13747
2016,Minnesota,Waseca County,19064
2016,Minnesota,Washington County,254356
2016,Minnesota,Watonwan County,11286
2016,Minnesota,Wilkin County,6552
2016,Minnesota,Winona County,50368
2016,Minnesota,Wright County,133323
2016,Minnesota,Yellow Medicine County,9861
2016,Mississippi,Adams County,31038
2016,Mississippi,Alcorn County,35867
2016,Mississippi,Amite County,12738
2016,Mississippi,Attala County,18437
2016,Mississippi,Benton County,7810
2016,Mississippi,Bolivar County,32939
2016,Mississippi,Calhoun County,13907
2016,Mississippi,Carroll County,10329
2016,Mississippi,Chickasaw County,17280
2016,Mississippi,Choctaw County,8385
2016,Mississippi,Claiborne County,9294
2016,Mississippi,Clarke County,16048
2016,Mississippi,Clay County,19391
2016,Mississippi,Coahoma County,23668
2016,Mississippi,Copiah County,28881
2016,Mississippi,Covington County,19033
2016,Mississippi,Desoto County,174474
2016,Mississippi,Forrest County,77515
2016,Mississippi,Franklin County,7727
2016,Mississippi,George County,23593
2016,Mississippi,Greene County,13562
2016,Mississippi,Grenada County,21824
2016,Mississippi,Hancock County,45510
2016,Mississippi,Harrison County,202696
2016,Mississippi,Hinds County,241394
2016,Mississippi,Holmes County,18122
2016,Mississippi,Humphreys County,8496
2016,Mississippi,Issaquena County,1374
2016,Mississippi,Itawamba County,23775
2016,Mississippi,Jackson County,141354
2016,Mississippi,Jasper County,16593
2016,Mississippi,Jefferson County,7462
2016,Mississippi,Jefferson Davis County,11685
2016,Mississippi,Jones County,67970
2016,Mississippi,Kemper County,9665
2016,Mississippi,Lafayette County,54491
2016,Mississippi,Lamar County,61580
2016,Mississippi,Lauderdale County,76836
2016,Mississippi,Lawrence County,12501
2016,Mississippi,Leake County,21839
2016,Mississippi,Lee County,83479
2016,Mississippi,Leflore County,30035
2016,Mississippi,Lincoln County,34946
2016,Mississippi,Lowndes County,59844
2016,Mississippi,Madison County,105397
2016,Mississippi,Marion County,25107
2016,Mississippi,Marshall County,34809
2016,Mississippi,Monroe County,35281
2016,Mississippi,Montgomery County,10310
2016,Mississippi,Neshoba County,29515
2016,Mississippi,Newton County,21747
2016,Mississippi,Noxubee County,10888
2016,Mississippi,Oktibbeha County,50879
2016,Mississippi,Panola County,33788
2016,Mississippi,Pearl River County,55302
2016,Mississippi,Perry County,11837
2016,Mississippi,Pike County,40418
2016,Mississippi,Pontotoc County,30743
2016,Mississippi,Prentiss County,25389
2016,Mississippi,Quitman County,6987
2016,Mississippi,Rankin County,152832
2016,Mississippi,Scott County,28307
2016,Mississippi,Sharkey County,4256
2016,Mississippi,Simpson County,26549
2016,Mississippi,Smith County,14959
2016,Mississippi,Stone County,18190
2016,Mississippi,Sunflower County,27232
2016,Mississippi,Tallahatchie County,13723
2016,Mississippi,Tate County,28060
2016,Mississippi,Tippah County,22082
2016,Mississippi,Tishomingo County,19182
2016,Mississippi,Tunica County,10363
2016,Mississippi,Union County,27640
2016,Mississippi,Walthall County,14311
2016,Mississippi,Warren County,46841
2016,Mississippi,Washington County,48338
2016,Mississippi,Wayne County,20170
2016,Mississippi,Webster County,9920
2016,Mississippi,Wilkinson County,9134
2016,Mississippi,Winston County,18260
2016,Mississippi,Yalobusha County,12775
2016,Mississippi,Yazoo County,27456
2016,Missouri,Adair County,25218
2016,Missouri,Andrew County,17662
2016,Missouri,Atchison County,5415
2016,Missouri,Audrain County,25899
2016,Missouri,Barry County,34353
2016,Missouri,Barton County,11838
2016,Missouri,Bates County,16200
2016,Missouri,Benton County,18804
2016,Missouri,Bollinger County,11220
2016,Missouri,Boone County,177178
2016,Missouri,Buchanan County,87835
2016,Missouri,Butler County,42673
2016,Missouri,Caldwell County,8889
2016,Missouri,Callaway County,44714
2016,Missouri,Camden County,42680
2016,Missouri,Cape Girardeau County,79960
2016,Missouri,Carroll County,8777
2016,Missouri,Carter County,5712
2016,Missouri,Cass County,103400
2016,Missouri,Cedar County,13788
2016,Missouri,Chariton County,7520
2016,Missouri,Christian County,83369
2016,Missouri,Clark County,6612
2016,Missouri,Clay County,239128
2016,Missouri,Clinton County,20939
2016,Missouri,Cole County,77296
2016,Missouri,Cooper County,17605
2016,Missouri,Crawford County,23817
2016,Missouri,Dade County,7606
2016,Missouri,Dallas County,16351
2016,Missouri,Daviess County,8310
2016,Missouri,Dekalb County,12592
2016,Missouri,Dent County,14774
2016,Missouri,Douglas County,12265
2016,Missouri,Dunklin County,30188
2016,Missouri,Franklin County,102953
2016,Missouri,Gasconade County,14864
2016,Missouri,Gentry County,6408
2016,Missouri,Greene County,290694
2016,Missouri,Grundy County,10207
2016,Missouri,Harrison County,8476
2016,Missouri,Henry County,21554
2016,Missouri,Hickory County,8561
2016,Missouri,Holt County,4437
2016,Missouri,Howard County,10129
2016,Missouri,Howell County,39824
2016,Missouri,Iron County,9763
2016,Missouri,Jackson County,699875
2016,Missouri,Jasper County,120034
2016,Missouri,Jefferson County,223684
2016,Missouri,Johnson County,53583
2016,Missouri,Knox County,3803
2016,Missouri,Laclede County,35572
2016,Missouri,Lafayette County,32532
2016,Missouri,Lawrence County,38066
2016,Missouri,Lewis County,10234
2016,Missouri,Lincoln County,54959
2016,Missouri,Linn County,12135
2016,Missouri,Livingston County,15130
2016,Missouri,Macon County,15209
2016,Missouri,Madison County,12536
2016,Missouri,Maries County,8599
2016,Missouri,Marion County,28759
2016,Missouri,Mcdonald County,23022
2016,Missouri,Mercer County,3634
2016,Missouri,Miller County,24346
2016,Missouri,Mississippi County,13596
2016,Missouri,Moniteau County,15880
2016,Missouri,Monroe County,8632
2016,Missouri,Montgomery County,11447
2016,Missouri,Morgan County,20271
2016,Missouri,New Madrid County,17630
2016,Missouri,Newton County,58356
2016,Missouri,Nodaway County,22129
2016,Missouri,Oregon County,9625
2016,Missouri,Osage County,13429
2016,Missouri,Ozark County,8868
2016,Missouri,Pemiscot County,17089
2016,Missouri,Perry County,19085
2016,Missouri,Pettis County,42588
2016,Missouri,Phelps County,44870
2016,Missouri,Pike County,18513
2016,Missouri,Platte County,99154
2016,Missouri,Polk County,30837
2016,Missouri,Pulaski County,53337
2016,Missouri,Putnam County,4816
2016,Missouri,Ralls County,10282
2016,Missouri,Randolph County,25120
2016,Missouri,Ray County,22881
2016,Missouri,Reynolds County,6288
2016,Missouri,Ripley County,12133
2016,Missouri,Saline County,23433
2016,Missouri,Schuyler County,4169
2016,Missouri,Scotland County,4807
2016,Missouri,Scott County,38612
2016,Missouri,Shannon County,7495
2016,Missouri,Shelby County,6156
2016,Missouri,St. Charles County,390751
2016,Missouri,St. Clair County,9100
2016,Missouri,St. Francois County,66585
2016,Missouri,St. Louis County,1004125
2016,Missouri,St. Louis City,314796
2016,Missouri,Ste. Genevieve County,18216
2016,Missouri,Stoddard County,29295
2016,Missouri,Stone County,30704
2016,Missouri,Sullivan County,6303
2016,Missouri,Taney County,54636
2016,Missouri,Texas County,25429
2016,Missouri,Vernon County,20247
2016,Missouri,Warren County,33356
2016,Missouri,Washington County,24157
2016,Missouri,Wayne County,12094
2016,Missouri,Webster County,37726
2016,Missouri,Worth County,2015
2016,Missouri,Wright County,18111
2016,Montana,Beaverhead County,9372
2016,Montana,Big Horn County,13431
2016,Montana,Blaine County,6979
2016,Montana,Broadwater County,6020
2016,Montana,Carbon County,10218
2016,Montana,Carter County,1280
2016,Montana,Cascade County,83532
2016,Montana,Chouteau County,5898
2016,Montana,Custer County,12166
2016,Montana,Daniels County,1736
2016,Montana,Dawson County,9500
2016,Montana,Deer Lodge County,9196
2016,Montana,Fallon County,3222
2016,Montana,Fergus County,11547
2016,Montana,Flathead County,97235
2016,Montana,Gallatin County,106677
2016,Montana,Garfield County,1233
2016,Montana,Glacier County,13788
2016,Montana,Golden Valley County,808
2016,Montana,Granite County,3258
2016,Montana,Hill County,16384
2016,Montana,Jefferson County,11610
2016,Montana,Judith Basin County,1955
2016,Montana,Lake County,29865
2016,Montana,Lewis And Clark County,67541
2016,Montana,Liberty County,2151
2016,Montana,Lincoln County,18948
2016,Montana,Madison County,7896
2016,Montana,Mccone County,1772
2016,Montana,Meagher County,1909
2016,Montana,Mineral County,4140
2016,Montana,Missoula County,114490
2016,Montana,Musselshell County,4695
2016,Montana,Park County,16420
2016,Montana,Petroleum County,492
2016,Montana,Phillips County,4308
2016,Montana,Pondera County,6085
2016,Montana,Powder River County,1762
2016,Montana,Powell County,6912
2016,Montana,Prairie County,1172
2016,Montana,Ravalli County,41589
2016,Montana,Richland County,11751
2016,Montana,Roosevelt County,11122
2016,Montana,Rosebud County,8935
2016,Montana,Sanders County,11668
2016,Montana,Sheridan County,3780
2016,Montana,Silver Bow County,34792
2016,Montana,Stillwater County,8809
2016,Montana,Sweet Grass County,3610
2016,Montana,Teton County,6029
2016,Montana,Toole County,5146
2016,Montana,Treasure County,715
2016,Montana,Valley County,7692
2016,Montana,Wheatland County,2082
2016,Montana,Wibaux County,1043
2016,Montana,Yellowstone County,159402
2016,Nebraska,Adams County,31610
2016,Nebraska,Antelope County,6357
2016,Nebraska,Arthur County,443
2016,Nebraska,Banner County,651
2016,Nebraska,Blaine County,448
2016,Nebraska,Boone County,5496
2016,Nebraska,Box Butte County,11224
2016,Nebraska,Boyd County,1943
2016,Nebraska,Brown County,2953
2016,Nebraska,Buffalo County,49149
2016,Nebraska,Burt County,6668
2016,Nebraska,Butler County,8215
2016,Nebraska,Cass County,25835
2016,Nebraska,Cedar County,8575
2016,Nebraska,Chase County,3931
2016,Nebraska,Cherry County,5634
2016,Nebraska,Cheyenne County,10293
2016,Nebraska,Clay County,6058
2016,Nebraska,Colfax County,10684
2016,Nebraska,Cuming County,9065
2016,Nebraska,Custer County,10740
2016,Nebraska,Dakota County,21218
2016,Nebraska,Dawes County,8789
2016,Nebraska,Dawson County,24093
2016,Nebraska,Deuel County,1882
2016,Nebraska,Dixon County,5733
2016,Nebraska,Dodge County,37229
2016,Nebraska,Douglas County,562603
2016,Nebraska,Dundy County,1796
2016,Nebraska,Fillmore County,5644
2016,Nebraska,Franklin County,2960
2016,Nebraska,Frontier County,2602
2016,Nebraska,Furnas County,4734
2016,Nebraska,Gage County,21760
2016,Nebraska,Garden County,1922
2016,Nebraska,Garfield County,1902
2016,Nebraska,Gosper County,1971
2016,Nebraska,Grant County,654
2016,Nebraska,Greeley County,2307
2016,Nebraska,Hall County,62482
2016,Nebraska,Hamilton County,9273
2016,Nebraska,Harlan County,3284
2016,Nebraska,Hayes County,855
2016,Nebraska,Hitchcock County,2716
2016,Nebraska,Holt County,10307
2016,Nebraska,Hooker County,720
2016,Nebraska,Howard County,6393
2016,Nebraska,Jefferson County,7264
2016,Nebraska,Johnson County,5352
2016,Nebraska,Kearney County,6598
2016,Nebraska,Keith County,8336
2016,Nebraska,Keya Paha County,791
2016,Nebraska,Kimball County,3618
2016,Nebraska,Knox County,8548
2016,Nebraska,Lancaster County,312040
2016,Nebraska,Lincoln County,35644
2016,Nebraska,Logan County,781
2016,Nebraska,Loup County,593
2016,Nebraska,Madison County,35403
2016,Nebraska,Mcpherson County,455
2016,Nebraska,Merrick County,7755
2016,Nebraska,Morrill County,4814
2016,Nebraska,Nance County,3471
2016,Nebraska,Nemaha County,7021
2016,Nebraska,Nuckolls County,4254
2016,Nebraska,Otoe County,15899
2016,Nebraska,Pawnee County,2661
2016,Nebraska,Perkins County,2888
2016,Nebraska,Phelps County,9173
2016,Nebraska,Pierce County,7229
2016,Nebraska,Platte County,33557
2016,Nebraska,Polk County,5196
2016,Nebraska,Red Willow County,10810
2016,Nebraska,Richardson County,8049
2016,Nebraska,Rock County,1336
2016,Nebraska,Saline County,14397
2016,Nebraska,Sarpy County,179825
2016,Nebraska,Saunders County,21246
2016,Nebraska,Scotts Bluff County,36902
2016,Nebraska,Seward County,17357
2016,Nebraska,Sheridan County,5218
2016,Nebraska,Sherman County,2991
2016,Nebraska,Sioux County,1226
2016,Nebraska,Stanton County,5948
2016,Nebraska,Thayer County,5169
2016,Nebraska,Thomas County,689
2016,Nebraska,Thurston County,6870
2016,Nebraska,Valley County,4167
2016,Nebraska,Washington County,20243
2016,Nebraska,Wayne County,9567
2016,Nebraska,Webster County,3553
2016,Nebraska,Wheeler County,794
2016,Nebraska,York County,14117
2016,Nevada,Carson City,55967
2016,Nevada,Churchill County,24070
2016,Nevada,Clark County,2113943
2016,Nevada,Douglas County,48022
2016,Nevada,Elko County,52464
2016,Nevada,Esmeralda County,747
2016,Nevada,Eureka County,1796
2016,Nevada,Humboldt County,17018
2016,Nevada,Lander County,5829
2016,Nevada,Lincoln County,4731
2016,Nevada,Lyon County,53453
2016,Nevada,Mineral County,4404
2016,Nevada,Nye County,45669
2016,Nevada,Pershing County,6628
2016,Nevada,Storey County,3938
2016,Nevada,Washoe County,456431
2016,Nevada,White Pine County,9504
2016,New Hampshire,Belknap County,62108
2016,New Hampshire,Carroll County,48150
2016,New Hampshire,Cheshire County,76261
2016,New Hampshire,Coos County,31933
2016,New Hampshire,Grafton County,90497
2016,New Hampshire,Hillsborough County,414216
2016,New Hampshire,Merrimack County,150112
2016,New Hampshire,Rockingham County,306755
2016,New Hampshire,Strafford County,128185
2016,New Hampshire,Sullivan County,42961
2016,New Jersey,Atlantic County,274213
2016,New Jersey,Bergen County,943424
2016,New Jersey,Burlington County,456513
2016,New Jersey,Camden County,517383
2016,New Jersey,Cape May County,96001
2016,New Jersey,Cumberland County,157105
2016,New Jersey,Essex County,831982
2016,New Jersey,Gloucester County,296561
2016,New Jersey,Hudson County,701148
2016,New Jersey,Hunterdon County,127459
2016,New Jersey,Mercer County,380199
2016,New Jersey,Middlesex County,849828
2016,New Jersey,Monmouth County,638423
2016,New Jersey,Morris County,504927
2016,New Jersey,Ocean County,606336
2016,New Jersey,Passaic County,518399
2016,New Jersey,Salem County,64744
2016,New Jersey,Somerset County,339769
2016,New Jersey,Sussex County,144497
2016,New Jersey,Union County,564854
2016,New Jersey,Warren County,108609
2016,New Mexico,Bernalillo County,674662
2016,New Mexico,Catron County,3505
2016,New Mexico,Chaves County,65926
2016,New Mexico,Cibola County,27500
2016,New Mexico,Colfax County,12509
2016,New Mexico,Curry County,50028
2016,New Mexico,De Baca County,1842
2016,New Mexico,Doña Ana County,213862
2016,New Mexico,Eddy County,60071
2016,New Mexico,Grant County,28778
2016,New Mexico,Guadalupe County,4488
2016,New Mexico,Harding County,695
2016,New Mexico,Hidalgo County,4353
2016,New Mexico,Lea County,71993
2016,New Mexico,Lincoln County,19649
2016,New Mexico,Los Alamos County,18205
2016,New Mexico,Luna County,25329
2016,New Mexico,Mckinley County,74219
2016,New Mexico,Mora County,4343
2016,New Mexico,Otero County,65689
2016,New Mexico,Quay County,8710
2016,New Mexico,Rio Arriba County,40305
2016,New Mexico,Roosevelt County,19671
2016,New Mexico,San Juan County,126839
2016,New Mexico,San Miguel County,28007
2016,New Mexico,Sandoval County,140769
2016,New Mexico,Santa Fe County,150784
2016,New Mexico,Sierra County,11574
2016,New Mexico,Socorro County,17024
2016,New Mexico,Taos County,34081
2016,New Mexico,Torrance County,15213
2016,New Mexico,Union County,4197
2016,New Mexico,Valencia County,74862
2016,New York,Albany County,314486
2016,New York,Allegany County,47535
2016,New York,Bronx County,1484928
2016,New York,Broome County,200068
2016,New York,Cattaraugus County,78356
2016,New York,Cayuga County,77728
2016,New York,Chautauqua County,130173
2016,New York,Chemung County,86486
2016,New York,Chenango County,48538
2016,New York,Clinton County,80478
2016,New York,Columbia County,62037
2016,New York,Cortland County,47654
2016,New York,Delaware County,45547
2016,New York,Dutchess County,294484
2016,New York,Erie County,941531
2016,New York,Essex County,37957
2016,New York,Franklin County,49536
2016,New York,Fulton County,53845
2016,New York,Genesee County,58809
2016,New York,Greene County,47928
2016,New York,Hamilton County,5020
2016,New York,Herkimer County,61862
2016,New York,Jefferson County,118321
2016,New York,Kings County,2726337
2016,New York,Lewis County,26874
2016,New York,Livingston County,63558
2016,New York,Madison County,69820
2016,New York,Monroe County,755191
2016,New York,Montgomery County,49433
2016,New York,Nassau County,1382459
2016,New York,New York County,1684128
2016,New York,Niagara County,213976
2016,New York,Oneida County,233132
2016,New York,Onondaga County,474540
2016,New York,Ontario County,110814
2016,New York,Orange County,387868
2016,New York,Orleans County,41422
2016,New York,Oswego County,119517
2016,New York,Otsego County,59907
2016,New York,Putnam County,98185
2016,New York,Queens County,2412601
2016,New York,Rensselaer County,161024
2016,New York,Richmond County,486598
2016,New York,Rockland County,330652
2016,New York,Saratoga County,230489
2016,New York,Schenectady County,156089
2016,New York,Schoharie County,30443
2016,New York,Schuyler County,18098
2016,New York,Seneca County,34575
2016,New York,St. Lawrence County,110221
2016,New York,Steuben County,96189
2016,New York,Suffolk County,1517810
2016,New York,Sullivan County,76688
2016,New York,Tioga County,49142
2016,New York,Tompkins County,105790
2016,New York,Ulster County,181552
2016,New York,Warren County,65725
2016,New York,Washington County,62148
2016,New York,Wayne County,91950
2016,New York,Westchester County,993783
2016,New York,Wyoming County,41044
2016,New York,Yates County,25055
2016,North Carolina,Alamance County,160652
2016,North Carolina,Alexander County,36465
2016,North Carolina,Alleghany County,10732
2016,North Carolina,Anson County,23960
2016,North Carolina,Ashe County,26203
2016,North Carolina,Avery County,17590
2016,North Carolina,Beaufort County,45845
2016,North Carolina,Bertie County,18878
2016,North Carolina,Bladen County,31576
2016,North Carolina,Brunswick County,119562
2016,North Carolina,Buncombe County,259092
2016,North Carolina,Burke County,87608
2016,North Carolina,Cabarrus County,205146
2016,North Carolina,Caldwell County,80840
2016,North Carolina,Camden County,10017
2016,North Carolina,Carteret County,67672
2016,North Carolina,Caswell County,22893
2016,North Carolina,Catawba County,156766
2016,North Carolina,Chatham County,70183
2016,North Carolina,Cherokee County,27711
2016,North Carolina,Chowan County,14111
2016,North Carolina,Clay County,10549
2016,North Carolina,Cleveland County,97451
2016,North Carolina,Columbus County,53602
2016,North Carolina,Craven County,102293
2016,North Carolina,Cumberland County,332558
2016,North Carolina,Currituck County,25228
2016,North Carolina,Dare County,35551
2016,North Carolina,Davidson County,164408
2016,North Carolina,Davie County,41639
2016,North Carolina,Duplin County,52954
2016,North Carolina,Durham County,307113
2016,North Carolina,Edgecombe County,51956
2016,North Carolina,Forsyth County,370771
2016,North Carolina,Franklin County,62935
2016,North Carolina,Gaston County,217811
2016,North Carolina,Gates County,10931
2016,North Carolina,Graham County,8260
2016,North Carolina,Granville County,59029
2016,North Carolina,Greene County,20779
2016,North Carolina,Guilford County,525215
2016,North Carolina,Halifax County,51164
2016,North Carolina,Harnett County,128735
2016,North Carolina,Haywood County,59994
2016,North Carolina,Henderson County,112477
2016,North Carolina,Hertford County,23139
2016,North Carolina,Hoke County,50817
2016,North Carolina,Hyde County,5261
2016,North Carolina,Iredell County,173733
2016,North Carolina,Jackson County,42104
2016,North Carolina,Johnston County,191729
2016,North Carolina,Jones County,9497
2016,North Carolina,Lee County,60300
2016,North Carolina,Lenoir County,56818
2016,North Carolina,Lincoln County,80640
2016,North Carolina,Macon County,34972
2016,North Carolina,Madison County,21068
2016,North Carolina,Martin County,22982
2016,North Carolina,Mcdowell County,44111
2016,North Carolina,Mecklenburg County,1051691
2016,North Carolina,Mitchell County,15001
2016,North Carolina,Montgomery County,26348
2016,North Carolina,Moore County,93490
2016,North Carolina,Nash County,94203
2016,North Carolina,New Hanover County,218410
2016,North Carolina,Northampton County,19057
2016,North Carolina,Onslow County,193288
2016,North Carolina,Orange County,142713
2016,North Carolina,Pamlico County,12503
2016,North Carolina,Pasquotank County,39592
2016,North Carolina,Pender County,56279
2016,North Carolina,Perquimans County,13035
2016,North Carolina,Person County,38833
2016,North Carolina,Pitt County,169586
2016,North Carolina,Polk County,19393
2016,North Carolina,Randolph County,142950
2016,North Carolina,Richmond County,44102
2016,North Carolina,Robeson County,124833
2016,North Carolina,Rockingham County,91199
2016,North Carolina,Rowan County,142232
2016,North Carolina,Rutherford County,64677
2016,North Carolina,Sampson County,60474
2016,North Carolina,Scotland County,35009
2016,North Carolina,Stanly County,60453
2016,North Carolina,Stokes County,45142
2016,North Carolina,Surry County,71804
2016,North Carolina,Swain County,14130
2016,North Carolina,Transylvania County,32521
2016,North Carolina,Tyrrell County,3683
2016,North Carolina,Union County,223227
2016,North Carolina,Vance County,43234
2016,North Carolina,Wake County,1049825
2016,North Carolina,Warren County,19316
2016,North Carolina,Washington County,11749
2016,North Carolina,Watauga County,52743
2016,North Carolina,Wayne County,120208
2016,North Carolina,Wilkes County,67231
2016,North Carolina,Wilson County,79310
2016,North Carolina,Yadkin County,37388
2016,North Carolina,Yancey County,17837
2016,North Dakota,Adams County,2327
2016,North Dakota,Barnes County,11172
2016,North Dakota,Benson County,6325
2016,North Dakota,Billings County,982
2016,North Dakota,Bottineau County,6626
2016,North Dakota,Bowman County,3205
2016,North Dakota,Burke County,2274
2016,North Dakota,Burleigh County,96056
2016,North Dakota,Cass County,175147
2016,North Dakota,Cavalier County,3802
2016,North Dakota,Dickey County,5148
2016,North Dakota,Divide County,2337
2016,North Dakota,Dunn County,4128
2016,North Dakota,Eddy County,2394
2016,North Dakota,Emmons County,3384
2016,North Dakota,Foster County,3439
2016,North Dakota,Golden Valley County,1854
2016,North Dakota,Grand Forks County,72929
2016,North Dakota,Grant County,2426
2016,North Dakota,Griggs County,2307
2016,North Dakota,Hettinger County,2624
2016,North Dakota,Kidder County,2429
2016,North Dakota,Lamoure County,4148
2016,North Dakota,Logan County,1918
2016,North Dakota,Mchenry County,5745
2016,North Dakota,Mcintosh County,2649
2016,North Dakota,Mckenzie County,12283
2016,North Dakota,Mclean County,9868
2016,North Dakota,Mercer County,8728
2016,North Dakota,Morton County,31914
2016,North Dakota,Mountrail County,9814
2016,North Dakota,Nelson County,3021
2016,North Dakota,Oliver County,1864
2016,North Dakota,Pembina County,7136
2016,North Dakota,Pierce County,4234
2016,North Dakota,Ramsey County,11690
2016,North Dakota,Ransom County,5705
2016,North Dakota,Renville County,2514
2016,North Dakota,Richland County,16537
2016,North Dakota,Rolette County,13481
2016,North Dakota,Sargent County,3856
2016,North Dakota,Sheridan County,1336
2016,North Dakota,Sioux County,4282
2016,North Dakota,Slope County,763
2016,North Dakota,Stark County,32003
2016,North Dakota,Steele County,1852
2016,North Dakota,Stutsman County,21800
2016,North Dakota,Towner County,2284
2016,North Dakota,Traill County,8027
2016,North Dakota,Walsh County,10881
2016,North Dakota,Ward County,71086
2016,North Dakota,Wells County,4208
2016,North Dakota,Williams County,35839
2016,Ohio,Adams County,27754
2016,Ohio,Allen County,103710
2016,Ohio,Ashland County,52874
2016,Ohio,Ashtabula County,98688
2016,Ohio,Athens County,64446
2016,Ohio,Auglaize County,46220
2016,Ohio,Belmont County,68808
2016,Ohio,Brown County,43777
2016,Ohio,Butler County,381658
2016,Ohio,Carroll County,27503
2016,Ohio,Champaign County,38592
2016,Ohio,Clark County,136123
2016,Ohio,Clermont County,204093
2016,Ohio,Clinton County,41950
2016,Ohio,Columbiana County,104261
2016,Ohio,Coshocton County,36722
2016,Ohio,Crawford County,42495
2016,Ohio,Cuyahoga County,1275717
2016,Ohio,Darke County,52062
2016,Ohio,Defiance County,38426
2016,Ohio,Delaware County,198317
2016,Ohio,Erie County,76086
2016,Ohio,Fairfield County,152590
2016,Ohio,Fayette County,28927
2016,Ohio,Franklin County,1275185
2016,Ohio,Fulton County,42790
2016,Ohio,Gallia County,29834
2016,Ohio,Geauga County,95120
2016,Ohio,Greene County,164215
2016,Ohio,Guernsey County,39000
2016,Ohio,Hamilton County,819268
2016,Ohio,Hancock County,75460
2016,Ohio,Hardin County,30897
2016,Ohio,Harrison County,14895
2016,Ohio,Henry County,27730
2016,Ohio,Highland County,43030
2016,Ohio,Hocking County,28342
2016,Ohio,Holmes County,44001
2016,Ohio,Huron County,58693
2016,Ohio,Jackson County,32675
2016,Ohio,Jefferson County,67073
2016,Ohio,Knox County,61157
2016,Ohio,Lake County,231282
2016,Ohio,Lawrence County,60206
2016,Ohio,Licking County,172522
2016,Ohio,Logan County,45599
2016,Ohio,Lorain County,307408
2016,Ohio,Lucas County,434744
2016,Ohio,Madison County,42895
2016,Ohio,Mahoning County,231560
2016,Ohio,Marion County,65757
2016,Ohio,Medina County,178054
2016,Ohio,Meigs County,22862
2016,Ohio,Mercer County,41560
2016,Ohio,Miami County,105394
2016,Ohio,Monroe County,13940
2016,Ohio,Montgomery County,535576
2016,Ohio,Morgan County,14402
2016,Ohio,Morrow County,34652
2016,Ohio,Muskingum County,86183
2016,Ohio,Noble County,14292
2016,Ohio,Ottawa County,40543
2016,Ohio,Paulding County,18917
2016,Ohio,Perry County,35528
2016,Ohio,Pickaway County,57455
2016,Ohio,Pike County,27702
2016,Ohio,Portage County,162067
2016,Ohio,Preble County,41242
2016,Ohio,Putnam County,34467
2016,Ohio,Richland County,123742
2016,Ohio,Ross County,77266
2016,Ohio,Sandusky County,59617
2016,Ohio,Scioto County,76116
2016,Ohio,Seneca County,55552
2016,Ohio,Shelby County,48644
2016,Ohio,Stark County,376474
2016,Ohio,Summit County,541720
2016,Ohio,Trumbull County,204836
2016,Ohio,Tuscarawas County,93486
2016,Ohio,Union County,57502
2016,Ohio,Van Wert County,28679
2016,Ohio,Vinton County,12901
2016,Ohio,Warren County,229713
2016,Ohio,Washington County,60695
2016,Ohio,Wayne County,117374
2016,Ohio,Williams County,37271
2016,Ohio,Wood County,130600
2016,Ohio,Wyandot County,22193
2016,Oklahoma,Adair County,20708
2016,Oklahoma,Alfalfa County,5917
2016,Oklahoma,Atoka County,14037
2016,Oklahoma,Beaver County,5315
2016,Oklahoma,Beckham County,22969
2016,Oklahoma,Blaine County,9187
2016,Oklahoma,Bryan County,43968
2016,Oklahoma,Caddo County,28550
2016,Oklahoma,Canadian County,137919
2016,Oklahoma,Carter County,48249
2016,Oklahoma,Cherokee County,47648
2016,Oklahoma,Choctaw County,14583
2016,Oklahoma,Cimarron County,2262
2016,Oklahoma,Cleveland County,283644
2016,Oklahoma,Coal County,5447
2016,Oklahoma,Comanche County,121518
2016,Oklahoma,Cotton County,5825
2016,Oklahoma,Craig County,14419
2016,Oklahoma,Creek County,71304
2016,Oklahoma,Custer County,29072
2016,Oklahoma,Delaware County,40255
2016,Oklahoma,Dewey County,4668
2016,Oklahoma,Ellis County,4025
2016,Oklahoma,Garfield County,63712
2016,Oklahoma,Garvin County,26667
2016,Oklahoma,Grady County,53979
2016,Oklahoma,Grant County,4332
2016,Oklahoma,Greer County,5815
2016,Oklahoma,Harmon County,2656
2016,Oklahoma,Harper County,3554
2016,Oklahoma,Haskell County,12016
2016,Oklahoma,Hughes County,13547
2016,Oklahoma,Jackson County,25759
2016,Oklahoma,Jefferson County,5846
2016,Oklahoma,Johnston County,10738
2016,Oklahoma,Kay County,45114
2016,Oklahoma,Kingfisher County,15258
2016,Oklahoma,Kiowa County,8877
2016,Oklahoma,Latimer County,10134
2016,Oklahoma,Le Flore County,49032
2016,Oklahoma,Lincoln County,33930
2016,Oklahoma,Logan County,46603
2016,Oklahoma,Love County,10000
2016,Oklahoma,Major County,7885
2016,Oklahoma,Marshall County,15165
2016,Oklahoma,Mayes County,39707
2016,Oklahoma,Mcclain County,38941
2016,Oklahoma,Mccurtain County,31875
2016,Oklahoma,Mcintosh County,19340
2016,Oklahoma,Murray County,13874
2016,Oklahoma,Muskogee County,68140
2016,Oklahoma,Noble County,11307
2016,Oklahoma,Nowata County,9942
2016,Oklahoma,Okfuskee County,11778
2016,Oklahoma,Oklahoma County,780594
2016,Oklahoma,Okmulgee County,38069
2016,Oklahoma,Osage County,46802
2016,Oklahoma,Ottawa County,31203
2016,Oklahoma,Pawnee County,15949
2016,Oklahoma,Payne County,81846
2016,Oklahoma,Pittsburg County,44454
2016,Oklahoma,Pontotoc County,38302
2016,Oklahoma,Pottawatomie County,71736
2016,Oklahoma,Pushmataha County,10959
2016,Oklahoma,Roger Mills County,3612
2016,Oklahoma,Rogers County,92429
2016,Oklahoma,Seminole County,24717
2016,Oklahoma,Sequoyah County,40459
2016,Oklahoma,Stephens County,43860
2016,Oklahoma,Texas County,22087
2016,Oklahoma,Tillman County,7349
2016,Oklahoma,Tulsa County,654282
2016,Oklahoma,Wagoner County,76698
2016,Oklahoma,Washington County,52323
2016,Oklahoma,Washita County,11475
2016,Oklahoma,Woods County,9104
2016,Oklahoma,Woodward County,21367
2016,Oregon,Baker County,16226
2016,Oregon,Benton County,91236
2016,Oregon,Clackamas County,407318
2016,Oregon,Clatsop County,39140
2016,Oregon,Columbia County,50773
2016,Oregon,Coos County,63486
2016,Oregon,Crook County,22180
2016,Oregon,Curry County,22752
2016,Oregon,Deschutes County,179229
2016,Oregon,Douglas County,108168
2016,Oregon,Gilliam County,1877
2016,Oregon,Grant County,7200
2016,Oregon,Harney County,7323
2016,Oregon,Hood River County,23501
2016,Oregon,Jackson County,215567
2016,Oregon,Jefferson County,22811
2016,Oregon,Josephine County,85641
2016,Oregon,Klamath County,66740
2016,Oregon,Lake County,7965
2016,Oregon,Lane County,369207
2016,Oregon,Lincoln County,47783
2016,Oregon,Linn County,121549
2016,Oregon,Malheur County,30801
2016,Oregon,Marion County,333670
2016,Oregon,Morrow County,11571
2016,Oregon,Multnomah County,803780
2016,Oregon,Polk County,81588
2016,Oregon,Sherman County,1752
2016,Oregon,Tillamook County,26141
2016,Oregon,Umatilla County,78134
2016,Oregon,Union County,25843
2016,Oregon,Wallowa County,7043
2016,Oregon,Wasco County,25929
2016,Oregon,Washington County,583590
2016,Oregon,Wheeler County,1365
2016,Oregon,Yamhill County,104286
2016,Pennsylvania,Adams County,102585
2016,Pennsylvania,Allegheny County,1250277
2016,Pennsylvania,Armstrong County,67220
2016,Pennsylvania,Beaver County,170164
2016,Pennsylvania,Bedford County,48398
2016,Pennsylvania,Berks County,420730
2016,Pennsylvania,Blair County,124724
2016,Pennsylvania,Bradford County,60877
2016,Pennsylvania,Bucks County,637653
2016,Pennsylvania,Butler County,189394
2016,Pennsylvania,Cambria County,137251
2016,Pennsylvania,Cameron County,4817
2016,Pennsylvania,Carbon County,63945
2016,Pennsylvania,Centre County,160049
2016,Pennsylvania,Chester County,521623
2016,Pennsylvania,Clarion County,37892
2016,Pennsylvania,Clearfield County,81293
2016,Pennsylvania,Clinton County,38626
2016,Pennsylvania,Columbia County,66039
2016,Pennsylvania,Crawford County,86356
2016,Pennsylvania,Cumberland County,250247
2016,Pennsylvania,Dauphin County,278478
2016,Pennsylvania,Delaware County,569985
2016,Pennsylvania,Elk County,31321
2016,Pennsylvania,Erie County,277916
2016,Pennsylvania,Fayette County,132559
2016,Pennsylvania,Forest County,7328
2016,Pennsylvania,Franklin County,154102
2016,Pennsylvania,Fulton County,14531
2016,Pennsylvania,Greene County,37352
2016,Pennsylvania,Huntingdon County,45025
2016,Pennsylvania,Indiana County,84896
2016,Pennsylvania,Jefferson County,44872
2016,Pennsylvania,Juniata County,23827
2016,Pennsylvania,Lackawanna County,215229
2016,Pennsylvania,Lancaster County,542484
2016,Pennsylvania,Lawrence County,87891
2016,Pennsylvania,Lebanon County,139486
2016,Pennsylvania,Lehigh County,364807
2016,Pennsylvania,Luzerne County,322417
2016,Pennsylvania,Lycoming County,115482
2016,Pennsylvania,Mckean County,41714
2016,Pennsylvania,Mercer County,113831
2016,Pennsylvania,Mifflin County,46325
2016,Pennsylvania,Monroe County,165140
2016,Pennsylvania,Montgomery County,834515
2016,Pennsylvania,Montour County,18262
2016,Pennsylvania,Northampton County,305995
2016,Pennsylvania,Northumberland County,93115
2016,Pennsylvania,Perry County,45678
2016,Pennsylvania,Philadelphia County,1590773
2016,Pennsylvania,Pike County,56605
2016,Pennsylvania,Potter County,16895
2016,Pennsylvania,Schuylkill County,144864
2016,Pennsylvania,Snyder County,40085
2016,Pennsylvania,Somerset County,75549
2016,Pennsylvania,Sullivan County,6069
2016,Pennsylvania,Susquehanna County,40248
2016,Pennsylvania,Tioga County,41660
2016,Pennsylvania,Union County,44473
2016,Pennsylvania,Venango County,52476
2016,Pennsylvania,Warren County,39789
2016,Pennsylvania,Washington County,209006
2016,Pennsylvania,Wayne County,51322
2016,Pennsylvania,Westmoreland County,359115
2016,Pennsylvania,Wyoming County,27213
2016,Pennsylvania,York County,447808
2016,Rhode Island,Bristol County,50340
2016,Rhode Island,Kent County,167410
2016,Rhode Island,Newport County,85701
2016,Rhode Island,Providence County,650196
2016,Rhode Island,Washington County,128784
2016,South Carolina,Abbeville County,24575
2016,South Carolina,Aiken County,164926
2016,South Carolina,Allendale County,8833
2016,South Carolina,Anderson County,195495
2016,South Carolina,Bamberg County,14067
2016,South Carolina,Barnwell County,21444
2016,South Carolina,Beaufort County,178838
2016,South Carolina,Berkeley County,205968
2016,South Carolina,Calhoun County,14476
2016,South Carolina,Charleston County,392013
2016,South Carolina,Cherokee County,56015
2016,South Carolina,Chester County,32310
2016,South Carolina,Chesterfield County,44623
2016,South Carolina,Clarendon County,32771
2016,South Carolina,Colleton County,38258
2016,South Carolina,Darlington County,65002
2016,South Carolina,Dillon County,29382
2016,South Carolina,Dorchester County,154086
2016,South Carolina,Edgefield County,25675
2016,South Carolina,Fairfield County,21909
2016,South Carolina,Florence County,138192
2016,South Carolina,Georgetown County,61661
2016,South Carolina,Greenville County,496307
2016,South Carolina,Greenwood County,69092
2016,South Carolina,Hampton County,19923
2016,South Carolina,Horry County,314125
2016,South Carolina,Jasper County,26570
2016,South Carolina,Kershaw County,63134
2016,South Carolina,Lancaster County,87273
2016,South Carolina,Laurens County,66480
2016,South Carolina,Lee County,17368
2016,South Carolina,Lexington County,280917
2016,South Carolina,Marion County,31091
2016,South Carolina,Marlboro County,27610
2016,South Carolina,Mccormick County,9654
2016,South Carolina,Newberry County,37508
2016,South Carolina,Oconee County,75699
2016,South Carolina,Orangeburg County,87555
2016,South Carolina,Pickens County,125459
2016,South Carolina,Richland County,407936
2016,South Carolina,Saluda County,19257
2016,South Carolina,Spartanburg County,303005
2016,South Carolina,Sumter County,106685
2016,South Carolina,Union County,27776
2016,South Carolina,Williamsburg County,32556
2016,South Carolina,York County,254905
2016,South Dakota,Aurora County,2778
2016,South Dakota,Beadle County,18524
2016,South Dakota,Bennett County,3436
2016,South Dakota,Bon Homme County,7016
2016,South Dakota,Brookings County,33595
2016,South Dakota,Brown County,38559
2016,South Dakota,Brule County,5191
2016,South Dakota,Buffalo County,2021
2016,South Dakota,Butte County,9946
2016,South Dakota,Campbell County,1381
2016,South Dakota,Charles Mix County,9419
2016,South Dakota,Clark County,3663
2016,South Dakota,Clay County,14436
2016,South Dakota,Codington County,28145
2016,South Dakota,Corson County,4001
2016,South Dakota,Custer County,8177
2016,South Dakota,Davison County,20093
2016,South Dakota,Day County,5550
2016,South Dakota,Deuel County,4209
2016,South Dakota,Dewey County,5421
2016,South Dakota,Douglas County,2867
2016,South Dakota,Edmunds County,4031
2016,South Dakota,Fall River County,6939
2016,South Dakota,Faulk County,2203
2016,South Dakota,Grant County,7559
2016,South Dakota,Gregory County,4023
2016,South Dakota,Haakon County,1886
2016,South Dakota,Hamlin County,5875
2016,South Dakota,Hand County,3287
2016,South Dakota,Hanson County,3369
2016,South Dakota,Harding County,1261
2016,South Dakota,Hughes County,17855
2016,South Dakota,Hutchinson County,7413
2016,South Dakota,Hyde County,1314
2016,South Dakota,Jackson County,2943
2016,South Dakota,Jerauld County,1804
2016,South Dakota,Jones County,919
2016,South Dakota,Kingsbury County,5097
2016,South Dakota,Lake County,11690
2016,South Dakota,Lawrence County,25147
2016,South Dakota,Lincoln County,56174
2016,South Dakota,Lyman County,3856
2016,South Dakota,Marshall County,4478
2016,South Dakota,Mccook County,5600
2016,South Dakota,Mcpherson County,2443
2016,South Dakota,Meade County,28193
2016,South Dakota,Mellette County,1968
2016,South Dakota,Miner County,2294
2016,South Dakota,Minnehaha County,187277
2016,South Dakota,Moody County,6378
2016,South Dakota,Pennington County,105281
2016,South Dakota,Perkins County,2960
2016,South Dakota,Potter County,2457
2016,South Dakota,Roberts County,10157
2016,South Dakota,Sanborn County,2380
2016,South Dakota,Oglala Lakota County,14178
2016,South Dakota,Spink County,6500
2016,South Dakota,Stanley County,2938
2016,South Dakota,Sully County,1443
2016,South Dakota,Todd County,9649
2016,South Dakota,Tripp County,5664
2016,South Dakota,Turner County,8459
2016,South Dakota,Union County,15612
2016,South Dakota,Walworth County,5468
2016,South Dakota,Yankton County,23008
2016,South Dakota,Ziebach County,2699
2016,Tennessee,Anderson County,75338
2016,Tennessee,Bedford County,47515
2016,Tennessee,Benton County,15901
2016,Tennessee,Bledsoe County,14567
2016,Tennessee,Blount County,128842
2016,Tennessee,Bradley County,104271
2016,Tennessee,Campbell County,39467
2016,Tennessee,Cannon County,13700
2016,Tennessee,Carroll County,28351
2016,Tennessee,Carter County,56409
2016,Tennessee,Cheatham County,39789
2016,Tennessee,Chester County,17088
2016,Tennessee,Claiborne County,31690
2016,Tennessee,Clay County,7636
2016,Tennessee,Cocke County,35109
2016,Tennessee,Coffee County,54864
2016,Tennessee,Crockett County,14284
2016,Tennessee,Cumberland County,58399
2016,Tennessee,Davidson County,699940
2016,Tennessee,Dekalb County,18992
2016,Tennessee,Decatur County,11624
2016,Tennessee,Dickson County,51947
2016,Tennessee,Dyer County,37558
2016,Tennessee,Fayette County,40004
2016,Tennessee,Fentress County,17906
2016,Tennessee,Franklin County,41772
2016,Tennessee,Gibson County,50040
2016,Tennessee,Giles County,29668
2016,Tennessee,Grainger County,23080
2016,Tennessee,Greene County,68993
2016,Tennessee,Grundy County,13307
2016,Tennessee,Hamblen County,63285
2016,Tennessee,Hamilton County,355219
2016,Tennessee,Hancock County,6682
2016,Tennessee,Hardeman County,25928
2016,Tennessee,Hardin County,26509
2016,Tennessee,Hawkins County,56549
2016,Tennessee,Haywood County,18321
2016,Tennessee,Henderson County,27708
2016,Tennessee,Henry County,32248
2016,Tennessee,Hickman County,24386
2016,Tennessee,Houston County,8116
2016,Tennessee,Humphreys County,18621
2016,Tennessee,Jackson County,11467
2016,Tennessee,Jefferson County,52910
2016,Tennessee,Johnson County,17857
2016,Tennessee,Knox County,459242
2016,Tennessee,Lake County,7543
2016,Tennessee,Lauderdale County,25089
2016,Tennessee,Lawrence County,42942
2016,Tennessee,Lewis County,12035
2016,Tennessee,Lincoln County,34107
2016,Tennessee,Loudon County,51532
2016,Tennessee,Macon County,23623
2016,Tennessee,Madison County,97843
2016,Tennessee,Marion County,28325
2016,Tennessee,Marshall County,31716
2016,Tennessee,Maury County,91002
2016,Tennessee,Mcminn County,52157
2016,Tennessee,Mcnairy County,25948
2016,Tennessee,Meigs County,12140
2016,Tennessee,Monroe County,45416
2016,Tennessee,Montgomery County,199109
2016,Tennessee,Moore County,6303
2016,Tennessee,Morgan County,21522
2016,Tennessee,Obion County,30955
2016,Tennessee,Overton County,21969
2016,Tennessee,Perry County,8046
2016,Tennessee,Pickett County,5051
2016,Tennessee,Polk County,17245
2016,Tennessee,Putnam County,75457
2016,Tennessee,Rhea County,32212
2016,Tennessee,Roane County,52767
2016,Tennessee,Robertson County,69862
2016,Tennessee,Rutherford County,310161
2016,Tennessee,Scott County,21749
2016,Tennessee,Sequatchie County,15174
2016,Tennessee,Sevier County,96175
2016,Tennessee,Shelby County,932284
2016,Tennessee,Smith County,19327
2016,Tennessee,Stewart County,13094
2016,Tennessee,Sullivan County,156026
2016,Tennessee,Sumner County,180542
2016,Tennessee,Tipton County,60694
2016,Tennessee,Trousdale County,10088
2016,Tennessee,Unicoi County,17817
2016,Tennessee,Union County,19031
2016,Tennessee,Van Buren County,5876
2016,Tennessee,Warren County,40076
2016,Tennessee,Washington County,129180
2016,Tennessee,Wayne County,16562
2016,Tennessee,Weakley County,33339
2016,Tennessee,White County,26314
2016,Tennessee,Williamson County,221615
2016,Tennessee,Wilson County,132962
2016,Texas,Anderson County,57632
2016,Texas,Andrews County,17593
2016,Texas,Angelina County,87362
2016,Texas,Aransas County,25263
2016,Texas,Archer County,8672
2016,Texas,Armstrong County,1823
2016,Texas,Atascosa County,47023
2016,Texas,Austin County,29715
2016,Texas,Bailey County,7231
2016,Texas,Bandera County,19875
2016,Texas,Bastrop County,86536
2016,Texas,Baylor County,3594
2016,Texas,Bee County,31867
2016,Texas,Bell County,342770
2016,Texas,Bexar County,1919382
2016,Texas,Blanco County,10764
2016,Texas,Borden County,614
2016,Texas,Bosque County,17782
2016,Texas,Bowie County,93150
2016,Texas,Brazoria County,348806
2016,Texas,Brazos County,221074
2016,Texas,Brewster County,9398
2016,Texas,Briscoe County,1436
2016,Texas,Brooks County,7259
2016,Texas,Brown County,38301
2016,Texas,Burleson County,17314
2016,Texas,Burnet County,45684
2016,Texas,Caldwell County,42315
2016,Texas,Calhoun County,21317
2016,Texas,Callahan County,13550
2016,Texas,Cameron County,418918
2016,Texas,Camp County,12367
2016,Texas,Carson County,6052
2016,Texas,Cass County,29106
2016,Texas,Castro County,7689
2016,Texas,Chambers County,41035
2016,Texas,Cherokee County,50349
2016,Texas,Childress County,6886
2016,Texas,Clay County,10061
2016,Texas,Cochran County,2704
2016,Texas,Coke County,3221
2016,Texas,Coleman County,8145
2016,Texas,Collin County,944901
2016,Texas,Collingsworth County,2858
2016,Texas,Colorado County,20435
2016,Texas,Comal County,133587
2016,Texas,Comanche County,13458
2016,Texas,Concho County,4438
2016,Texas,Cooke County,39552
2016,Texas,Coryell County,78902
2016,Texas,Cottle County,1402
2016,Texas,Crane County,4707
2016,Texas,Crockett County,3393
2016,Texas,Crosby County,5603
2016,Texas,Culberson County,2239
2016,Texas,Dallam County,7219
2016,Texas,Dallas County,2576376
2016,Texas,Dawson County,12664
2016,Texas,Dewitt County,20383
2016,Texas,Deaf Smith County,18956
2016,Texas,Delta County,5052
2016,Texas,Denton County,803978
2016,Texas,Dickens County,1950
2016,Texas,Dimmit County,9820
2016,Texas,Donley County,3360
2016,Texas,Duval County,10619
2016,Texas,Eastland County,17830
2016,Texas,Ector County,156334
2016,Texas,Edwards County,1601
2016,Texas,El Paso County,849514
2016,Texas,Ellis County,169829
2016,Texas,Erath County,41036
2016,Texas,Falls County,17075
2016,Texas,Fannin County,33813
2016,Texas,Fayette County,24324
2016,Texas,Fisher County,3793
2016,Texas,Floyd County,5662
2016,Texas,Foard County,1172
2016,Texas,Fort Bend County,737688
2016,Texas,Franklin County,10408
2016,Texas,Freestone County,19387
2016,Texas,Frio County,18304
2016,Texas,Gaines County,20283
2016,Texas,Galveston County,332962
2016,Texas,Garza County,5936
2016,Texas,Gillespie County,26060
2016,Texas,Glasscock County,1166
2016,Texas,Goliad County,7132
2016,Texas,Gonzales County,19961
2016,Texas,Gray County,22403
2016,Texas,Grayson County,126866
2016,Texas,Gregg County,123460
2016,Texas,Grimes County,27358
2016,Texas,Guadalupe County,156317
2016,Texas,Hale County,33846
2016,Texas,Hall County,3031
2016,Texas,Hamilton County,8041
2016,Texas,Hansford County,5563
2016,Texas,Hardeman County,3702
2016,Texas,Hardin County,55064
2016,Texas,Harris County,4620800
2016,Texas,Harrison County,68151
2016,Texas,Hartley County,5682
2016,Texas,Haskell County,5560
2016,Texas,Hays County,206013
2016,Texas,Hemphill County,3852
2016,Texas,Henderson County,79176
2016,Texas,Hidalgo County,845787
2016,Texas,Hill County,34450
2016,Texas,Hockley County,22156
2016,Texas,Hood County,55631
2016,Texas,Hopkins County,35917
2016,Texas,Houston County,22385
2016,Texas,Howard County,35109
2016,Texas,Hudspeth County,3188
2016,Texas,Hunt County,92168
2016,Texas,Hutchinson County,21473
2016,Texas,Irion County,1538
2016,Texas,Jack County,8439
2016,Texas,Jackson County,14962
2016,Texas,Jasper County,33894
2016,Texas,Jeff Davis County,2084
2016,Texas,Jefferson County,259409
2016,Texas,Jim Hogg County,5031
2016,Texas,Jim Wells County,40199
2016,Texas,Johnson County,163536
2016,Texas,Jones County,19831
2016,Texas,Karnes County,15000
2016,Texas,Kaufman County,120368
2016,Texas,Kendall County,39422
2016,Texas,Kenedy County,406
2016,Texas,Kent County,731
2016,Texas,Kerr County,51316
2016,Texas,Kimble County,4341
2016,Texas,King County,278
2016,Texas,Kinney County,3297
2016,Texas,Kleberg County,31704
2016,Texas,Knox County,3527
2016,Texas,La Salle County,7067
2016,Texas,Lamar County,49665
2016,Texas,Lamb County,13383
2016,Texas,Lampasas County,20494
2016,Texas,Lavaca County,19969
2016,Texas,Lee County,17015
2016,Texas,Leon County,16096
2016,Texas,Liberty County,81882
2016,Texas,Limestone County,22697
2016,Texas,Lipscomb County,3448
2016,Texas,Live Oak County,11429
2016,Texas,Llano County,20181
2016,Texas,Loving County,49
2016,Texas,Lubbock County,300208
2016,Texas,Lynn County,5509
2016,Texas,Madison County,13531
2016,Texas,Marion County,10011
2016,Texas,Martin County,5281
2016,Texas,Mason County,3925
2016,Texas,Matagorda County,36843
2016,Texas,Maverick County,57570
2016,Texas,Mcculloch County,7966
2016,Texas,Mclennan County,248432
2016,Texas,Mcmullen County,729
2016,Texas,Medina County,48338
2016,Texas,Menard County,2001
2016,Texas,Midland County,159171
2016,Texas,Milam County,24695
2016,Texas,Mills County,4644
2016,Texas,Mitchell County,8982
2016,Texas,Montague County,19408
2016,Texas,Montgomery County,554396
2016,Texas,Moore County,22046
2016,Texas,Morris County,12163
2016,Texas,Motley County,1090
2016,Texas,Nacogdoches County,65433
2016,Texas,Navarro County,49701
2016,Texas,Newton County,13367
2016,Texas,Nolan County,15031
2016,Texas,Nueces County,355488
2016,Texas,Ochiltree County,10488
2016,Texas,Oldham County,1841
2016,Texas,Orange County,85813
2016,Texas,Palo Pinto County,27587
2016,Texas,Panola County,22981
2016,Texas,Parker County,129791
2016,Texas,Parmer County,9983
2016,Texas,Pecos County,15521
2016,Texas,Polk County,46131
2016,Texas,Potter County,121847
2016,Texas,Presidio County,6866
2016,Texas,Rains County,11060
2016,Texas,Randall County,133297
2016,Texas,Reagan County,3441
2016,Texas,Real County,2967
2016,Texas,Red River County,11904
2016,Texas,Reeves County,14458
2016,Texas,Refugio County,7203
2016,Texas,Roberts County,917
2016,Texas,Robertson County,16575
2016,Texas,Rockwall County,93039
2016,Texas,Runnels County,9995
2016,Texas,Rusk County,51490
2016,Texas,Sabine County,10008
2016,Texas,San Augustine County,8080
2016,Texas,San Jacinto County,26617
2016,Texas,San Patricio County,68444
2016,Texas,San Saba County,5730
2016,Texas,Schleicher County,2860
2016,Texas,Scurry County,17591
2016,Texas,Shackelford County,3215
2016,Texas,Shelby County,24949
2016,Texas,Sherman County,2901
2016,Texas,Smith County,224097
2016,Texas,Somervell County,8714
2016,Texas,Starr County,64702
2016,Texas,Stephens County,9238
2016,Texas,Sterling County,1379
2016,Texas,Stonewall County,1337
2016,Texas,Sutton County,3662
2016,Texas,Swisher County,7211
2016,Texas,Tarrant County,2018639
2016,Texas,Taylor County,138963
2016,Texas,Terrell County,841
2016,Texas,Terry County,12520
2016,Texas,Throckmorton County,1520
2016,Texas,Titus County,31430
2016,Texas,Tom Green County,117796
2016,Texas,Travis County,1203597
2016,Texas,Trinity County,13768
2016,Texas,Tyler County,20313
2016,Texas,Upshur County,40086
2016,Texas,Upton County,3503
2016,Texas,Uvalde County,25714
2016,Texas,Val Verde County,47998
2016,Texas,Van Zandt County,55792
2016,Texas,Victoria County,92013
2016,Texas,Walker County,74521
2016,Texas,Waller County,49979
2016,Texas,Ward County,11324
2016,Texas,Washington County,34726
2016,Texas,Webb County,265518
2016,Texas,Wharton County,41553
2016,Texas,Wheeler County,5548
2016,Texas,Wichita County,129083
2016,Texas,Wilbarger County,13086
2016,Texas,Willacy County,21110
2016,Texas,Williamson County,526546
2016,Texas,Wilson County,46953
2016,Texas,Winkler County,7859
2016,Texas,Wise County,63083
2016,Texas,Wood County,43011
2016,Texas,Yoakum County,8012
2016,Texas,Young County,18067
2016,Texas,Zapata County,14235
2016,Texas,Zavala County,10785
2016,Utah,Beaver County,6654
2016,Utah,Box Elder County,53528
2016,Utah,Cache County,124528
2016,Utah,Carbon County,20155
2016,Utah,Daggett County,1028
2016,Utah,Davis County,343935
2016,Utah,Duchesne County,20032
2016,Utah,Emery County,10033
2016,Utah,Garfield County,4984
2016,Utah,Grand County,9536
2016,Utah,Iron County,50261
2016,Utah,Juab County,10839
2016,Utah,Kane County,7162
2016,Utah,Millard County,12454
2016,Utah,Morgan County,11318
2016,Utah,Piute County,1436
2016,Utah,Rich County,2342
2016,Utah,Salt Lake County,1133833
2016,Utah,San Juan County,14873
2016,Utah,Sanpete County,27455
2016,Utah,Sevier County,20994
2016,Utah,Summit County,40547
2016,Utah,Tooele County,63882
2016,Utah,Uintah County,36073
2016,Utah,Utah County,598592
2016,Utah,Wasatch County,30291
2016,Utah,Washington County,157683
2016,Utah,Wayne County,2516
2016,Utah,Weber County,247313
2016,Vermont,Addison County,37238
2016,Vermont,Bennington County,37165
2016,Vermont,Caledonia County,30465
2016,Vermont,Chittenden County,164343
2016,Vermont,Essex County,6089
2016,Vermont,Franklin County,49186
2016,Vermont,Grand Isle County,6990
2016,Vermont,Lamoille County,25723
2016,Vermont,Orange County,29185
2016,Vermont,Orleans County,27055
2016,Vermont,Rutland County,60830
2016,Vermont,Washington County,59334
2016,Vermont,Windham County,45648
2016,Vermont,Windsor County,57146
2016,Virginia,Accomack County,33595
2016,Virginia,Albemarle County,107817
2016,Virginia,Alexandria City,156992
2016,Virginia,Alleghany County,15679
2016,Virginia,Amelia County,12936
2016,Virginia,Amherst County,31650
2016,Virginia,Appomattox County,15585
2016,Virginia,Arlington County,231052
2016,Virginia,Augusta County,75474
2016,Virginia,Bath County,4452
2016,Virginia,Bedford County,77815
2016,Virginia,Bland County,6488
2016,Virginia,Botetourt County,33266
2016,Virginia,Bristol City,17119
2016,Virginia,Brunswick County,16459
2016,Virginia,Buchanan County,21995
2016,Virginia,Buckingham County,16827
2016,Virginia,Buena Vista City,6625
2016,Virginia,Campbell County,55583
2016,Virginia,Caroline County,30103
2016,Virginia,Carroll County,29204
2016,Virginia,Charles City County,6961
2016,Virginia,Charlotte County,11908
2016,Virginia,Charlottesville City,46664
2016,Virginia,Chesapeake City,239344
2016,Virginia,Chesterfield County,343242
2016,Virginia,Clarke County,14413
2016,Virginia,Colonial Heights City,18020
2016,Virginia,Covington City,5749
2016,Virginia,Craig County,5011
2016,Virginia,Culpeper County,49812
2016,Virginia,Cumberland County,9573
2016,Virginia,Danville City,43350
2016,Virginia,Dickenson County,15008
2016,Virginia,Dinwiddie County,27956
2016,Virginia,Emporia City,5786
2016,Virginia,Essex County,10849
2016,Virginia,Fairfax County,1143814
2016,Virginia,Fairfax City,23775
2016,Virginia,Falls Church City,13684
2016,Virginia,Fauquier County,69811
2016,Virginia,Floyd County,15482
2016,Virginia,Fluvanna County,26123
2016,Virginia,Franklin County,55062
2016,Virginia,Franklin City,8424
2016,Virginia,Frederick County,85116
2016,Virginia,Fredericksburg City,27548
2016,Virginia,Galax City,6883
2016,Virginia,Giles County,16925
2016,Virginia,Gloucester County,37880
2016,Virginia,Goochland County,22900
2016,Virginia,Grayson County,15750
2016,Virginia,Greene County,19590
2016,Virginia,Greensville County,11573
2016,Virginia,Halifax County,35168
2016,Virginia,Hampton City,136600
2016,Virginia,Hanover County,105482
2016,Virginia,Harrisonburg City,52769
2016,Virginia,Henrico County,326601
2016,Virginia,Henry County,51953
2016,Virginia,Highland County,2233
2016,Virginia,Hopewell City,22971
2016,Virginia,Isle Of Wight County,37034
2016,Virginia,James City County,74551
2016,Virginia,King George County,25627
2016,Virginia,King William County,16583
2016,Virginia,King And Queen County,6837
2016,Virginia,Lancaster County,10952
2016,Virginia,Lee County,23475
2016,Virginia,Lexington City,7190
2016,Virginia,Loudoun County,385677
2016,Virginia,Louisa County,34966
2016,Virginia,Lunenburg County,12129
2016,Virginia,Lynchburg City,78229
2016,Virginia,Madison County,13427
2016,Virginia,Manassas Park City,15929
2016,Virginia,Manassas City,42416
2016,Virginia,Martinsville City,13723
2016,Virginia,Mathews County,8624
2016,Virginia,Mecklenburg County,30569
2016,Virginia,Middlesex County,10782
2016,Virginia,Montgomery County,99028
2016,Virginia,Nelson County,14788
2016,Virginia,New Kent County,20669
2016,Virginia,Newport News City,184810
2016,Virginia,Norfolk City,242865
2016,Virginia,Northampton County,12348
2016,Virginia,Northumberland County,12024
2016,Virginia,Norton City,3813
2016,Virginia,Nottoway County,15793
2016,Virginia,Orange County,34567
2016,Virginia,Page County,23485
2016,Virginia,Patrick County,17880
2016,Virginia,Petersburg City,33247
2016,Virginia,Pittsylvania County,62033
2016,Virginia,Poquoson City,12071
2016,Virginia,Portsmouth City,97115
2016,Virginia,Powhatan County,28654
2016,Virginia,Prince Edward County,22348
2016,Virginia,Prince George County,40743
2016,Virginia,Prince William County,461372
2016,Virginia,Pulaski County,34153
2016,Virginia,Radford City,15979
2016,Virginia,Rappahannock County,7411
2016,Virginia,Richmond County,8658
2016,Virginia,Richmond City,222266
2016,Virginia,Roanoke County,95026
2016,Virginia,Roanoke City,99934
2016,Virginia,Rockbridge County,22389
2016,Virginia,Rockingham County,80291
2016,Virginia,Russell County,26866
2016,Virginia,Salem City,25295
2016,Virginia,Scott County,22047
2016,Virginia,Shenandoah County,43171
2016,Virginia,Smyth County,30943
2016,Virginia,Southampton County,18287
2016,Virginia,Spotsylvania County,132664
2016,Virginia,Stafford County,144185
2016,Virginia,Staunton City,24611
2016,Virginia,Suffolk City,89853
2016,Virginia,Surry County,6672
2016,Virginia,Sussex County,11340
2016,Virginia,Tazewell County,42133
2016,Virginia,Virginia Beach City,456591
2016,Virginia,Warren County,39386
2016,Virginia,Washington County,54293
2016,Virginia,Waynesboro City,21493
2016,Virginia,Westmoreland County,17867
2016,Virginia,Williamsburg City,15043
2016,Virginia,Winchester City,28002
2016,Virginia,Wise County,38352
2016,Virginia,Wythe County,28698
2016,Virginia,York County,68519
2016,Washington,Adams County,19659
2016,Washington,Asotin County,22035
2016,Washington,Benton County,194115
2016,Washington,Chelan County,76794
2016,Washington,Clallam County,73842
2016,Washington,Clark County,470963
2016,Washington,Columbia County,3923
2016,Washington,Cowlitz County,104476
2016,Washington,Douglas County,40937
2016,Washington,Ferry County,7171
2016,Washington,Franklin County,90139
2016,Washington,Garfield County,2248
2016,Washington,Grant County,94152
2016,Washington,Grays Harbor County,71463
2016,Washington,Island County,82409
2016,Washington,Jefferson County,31145
2016,Washington,King County,2167737
2016,Washington,Kitsap County,265179
2016,Washington,Kittitas County,42072
2016,Washington,Klickitat County,21350
2016,Washington,Lewis County,76946
2016,Washington,Lincoln County,10222
2016,Washington,Mason County,60788
2016,Washington,Okanogan County,41211
2016,Washington,Pacific County,21608
2016,Washington,Pend Oreille County,12731
2016,Washington,Pierce County,869506
2016,Washington,San Juan County,16460
2016,Washington,Skagit County,123086
2016,Washington,Skamania County,11551
2016,Washington,Snohomish County,787324
2016,Washington,Spokane County,504922
2016,Washington,Stevens County,44312
2016,Washington,Thurston County,274884
2016,Washington,Wahkiakum County,4085
2016,Washington,Walla Walla County,60942
2016,Washington,Whatcom County,214202
2016,Washington,Whitman County,47863
2016,Washington,Yakima County,252336
2016,West Virginia,Barbour County,16121
2016,West Virginia,Berkeley County,113935
2016,West Virginia,Boone County,23207
2016,West Virginia,Braxton County,13486
2016,West Virginia,Brooke County,23168
2016,West Virginia,Cabell County,97337
2016,West Virginia,Calhoun County,6911
2016,West Virginia,Clay County,8621
2016,West Virginia,Doddridge County,8209
2016,West Virginia,Fayette County,43107
2016,West Virginia,Gilmer County,7884
2016,West Virginia,Grant County,11257
2016,West Virginia,Greenbrier County,34625
2016,West Virginia,Hampshire County,23269
2016,West Virginia,Hancock County,29940
2016,West Virginia,Hardy County,14205
2016,West Virginia,Harrison County,67712
2016,West Virginia,Jackson County,28730
2016,West Virginia,Jefferson County,56247
2016,West Virginia,Kanawha County,188810
2016,West Virginia,Lewis County,17029
2016,West Virginia,Lincoln County,21295
2016,West Virginia,Logan County,34162
2016,West Virginia,Marion County,56678
2016,West Virginia,Marshall County,31964
2016,West Virginia,Mason County,26356
2016,West Virginia,Mcdowell County,20442
2016,West Virginia,Mercer County,61427
2016,West Virginia,Mineral County,27512
2016,West Virginia,Mingo County,25028
2016,West Virginia,Monongalia County,105306
2016,West Virginia,Monroe County,12955
2016,West Virginia,Morgan County,17154
2016,West Virginia,Nicholas County,25505
2016,West Virginia,Ohio County,43362
2016,West Virginia,Pendleton County,6502
2016,West Virginia,Pleasants County,7632
2016,West Virginia,Pocahontas County,8322
2016,West Virginia,Preston County,34298
2016,West Virginia,Putnam County,57294
2016,West Virginia,Raleigh County,77234
2016,West Virginia,Randolph County,28712
2016,West Virginia,Ritchie County,9308
2016,West Virginia,Roane County,14444
2016,West Virginia,Summers County,12691
2016,West Virginia,Taylor County,16964
2016,West Virginia,Tucker County,7013
2016,West Virginia,Tyler County,8822
2016,West Virginia,Upshur County,24443
2016,West Virginia,Wayne County,40690
2016,West Virginia,Webster County,8732
2016,West Virginia,Wetzel County,15358
2016,West Virginia,Wirt County,5432
2016,West Virginia,Wood County,86566
2016,West Virginia,Wyoming County,22522
2016,Wisconsin,Adams County,20082
2016,Wisconsin,Ashland County,16001
2016,Wisconsin,Barron County,46234
2016,Wisconsin,Bayfield County,15518
2016,Wisconsin,Brown County,262170
2016,Wisconsin,Buffalo County,13318
2016,Wisconsin,Burnett County,15837
2016,Wisconsin,Calumet County,50967
2016,Wisconsin,Chippewa County,64517
2016,Wisconsin,Clark County,34438
2016,Wisconsin,Columbia County,57405
2016,Wisconsin,Crawford County,16277
2016,Wisconsin,Dane County,537961
2016,Wisconsin,Dodge County,88572
2016,Wisconsin,Door County,28718
2016,Wisconsin,Douglas County,43852
2016,Wisconsin,Dunn County,44358
2016,Wisconsin,Eau Claire County,103349
2016,Wisconsin,Florence County,4480
2016,Wisconsin,Fond Du Lac County,102904
2016,Wisconsin,Forest County,9162
2016,Wisconsin,Grant County,52527
2016,Wisconsin,Green County,37037
2016,Wisconsin,Green Lake County,18670
2016,Wisconsin,Iowa County,23499
2016,Wisconsin,Iron County,5923
2016,Wisconsin,Jackson County,20792
2016,Wisconsin,Jefferson County,84425
2016,Wisconsin,Juneau County,26248
2016,Wisconsin,Kenosha County,167611
2016,Wisconsin,Kewaunee County,20476
2016,Wisconsin,La Crosse County,119245
2016,Wisconsin,Lafayette County,16723
2016,Wisconsin,Langlade County,19294
2016,Wisconsin,Lincoln County,28368
2016,Wisconsin,Manitowoc County,80961
2016,Wisconsin,Marathon County,136579
2016,Wisconsin,Marinette County,41296
2016,Wisconsin,Marquette County,15125
2016,Wisconsin,Menominee County,4342
2016,Wisconsin,Milwaukee County,950992
2016,Wisconsin,Monroe County,45282
2016,Wisconsin,Oconto County,37891
2016,Wisconsin,Oneida County,36684
2016,Wisconsin,Outagamie County,185910
2016,Wisconsin,Ozaukee County,89374
2016,Wisconsin,Pepin County,7287
2016,Wisconsin,Pierce County,41216
2016,Wisconsin,Polk County,44018
2016,Wisconsin,Portage County,70071
2016,Wisconsin,Price County,13910
2016,Wisconsin,Racine County,196001
2016,Wisconsin,Richland County,17570
2016,Wisconsin,Rock County,161705
2016,Wisconsin,Rusk County,14181
2016,Wisconsin,Sauk County,64446
2016,Wisconsin,Sawyer County,17215
2016,Wisconsin,Shawano County,40983
2016,Wisconsin,Sheboygan County,116763
2016,Wisconsin,St. Croix County,88882
2016,Wisconsin,Taylor County,20047
2016,Wisconsin,Trempealeau County,30223
2016,Wisconsin,Vernon County,30451
2016,Wisconsin,Vilas County,21956
2016,Wisconsin,Walworth County,104246
2016,Wisconsin,Washburn County,16156
2016,Wisconsin,Washington County,134527
2016,Wisconsin,Waukesha County,399308
2016,Wisconsin,Waupaca County,51992
2016,Wisconsin,Waushara County,24225
2016,Wisconsin,Winnebago County,169827
2016,Wisconsin,Wood County,74214
2016,Wyoming,Albany County,36803
2016,Wyoming,Big Horn County,11870
2016,Wyoming,Campbell County,49131
2016,Wyoming,Carbon County,15577
2016,Wyoming,Converse County,14044
2016,Wyoming,Crook County,7232
2016,Wyoming,Fremont County,40148
2016,Wyoming,Goshen County,12863
2016,Wyoming,Hot Springs County,4785
2016,Wyoming,Johnson County,8404
2016,Wyoming,Laramie County,98069
2016,Wyoming,Lincoln County,18766
2016,Wyoming,Natrona County,80643
2016,Wyoming,Niobrara County,2581
2016,Wyoming,Park County,29467
2016,Wyoming,Platte County,8709
2016,Wyoming,Sheridan County,30104
2016,Wyoming,Sublette County,9295
2016,Wyoming,Sweetwater County,44040
2016,Wyoming,Teton County,23174
2016,Wyoming,Uinta County,20885
2016,Wyoming,Washakie County,8135
2016,Wyoming,Weston County,7282
2020,Alabama,Autauga County,58814
2020,Alabama,Baldwin County,231766
2020,Alabama,Barbour County,25225
2020,Alabama,Bibb County,22302
2020,Alabama,Blount County,59132
2020,Alabama,Bullock County,10357
2020,Alabama,Butler County,19049
2020,Alabama,Calhoun County,116441
2020,Alabama,Chambers County,34780
2020,Alabama,Cherokee County,24968
2020,Alabama,Chilton County,45010
2020,Alabama,Choctaw County,12664
2020,Alabama,Clarke County,23086
2020,Alabama,Clay County,14238
2020,Alabama,Cleburne County,15059
2020,Alabama,Coffee County,53461
2020,Alabama,Colbert County,57236
2020,Alabama,Conecuh County,11595
2020,Alabama,Coosa County,10391
2020,Alabama,Covington County,37564
2020,Alabama,Crenshaw County,13196
2020,Alabama,Cullman County,87863
2020,Alabama,Dale County,49321
2020,Alabama,Dallas County,38460
2020,Alabama,Dekalb County,71607
2020,Alabama,Elmore County,87981
2020,Alabama,Escambia County,36762
2020,Alabama,Etowah County,103436
2020,Alabama,Fayette County,16327
2020,Alabama,Franklin County,32112
2020,Alabama,Geneva County,26661
2020,Alabama,Greene County,7730
2020,Alabama,Hale County,14792
2020,Alabama,Henry County,17145
2020,Alabama,Houston County,107212
2020,Alabama,Jackson County,52581
2020,Alabama,Jefferson County,674716
2020,Alabama,Lamar County,13977
2020,Alabama,Lauderdale County,93565
2020,Alabama,Lawrence County,33070
2020,Alabama,Lee County,174243
2020,Alabama,Limestone County,103563
2020,Alabama,Lowndes County,10309
2020,Alabama,Macon County,19534
2020,Alabama,Madison County,388161
2020,Alabama,Marengo County,19321
2020,Alabama,Marion County,29343
2020,Alabama,Marshall County,97608
2020,Alabama,Mobile County,414806
2020,Alabama,Monroe County,19771
2020,Alabama,Montgomery County,228948
2020,Alabama,Morgan County,123423
2020,Alabama,Perry County,8514
2020,Alabama,Pickens County,19125
2020,Alabama,Pike County,33005
2020,Alabama,Randolph County,21963
2020,Alabama,Russell County,59182
2020,Alabama,Shelby County,223029
2020,Alabama,St. Clair County,91106
2020,Alabama,Sumter County,12341
2020,Alabama,Talladega County,82149
2020,Alabama,Tallapoosa County,41314
2020,Alabama,Tuscaloosa County,227039
2020,Alabama,Walker County,65343
2020,Alabama,Washington County,15388
2020,Alabama,Wilcox County,10598
2020,Alabama,Winston County,23541
2020,Arizona,Apache County,66024
2020,Arizona,Cochise County,125445
2020,Arizona,Coconino County,145100
2020,Arizona,Gila County,53275
2020,Arizona,Graham County,38534
2020,Arizona,Greenlee County,9562
2020,Arizona,La Paz County,16556
2020,Arizona,Maricopa County,4420574
2020,Arizona,Mohave County,213268
2020,Arizona,Navajo County,106715
2020,Arizona,Pima County,1043436
2020,Arizona,Pinal County,425261
2020,Arizona,Santa Cruz County,47667
2020,Arizona,Yavapai County,236211
2020,Arizona,Yuma County,203877
2020,Arkansas,Arkansas County,17146
2020,Arkansas,Ashley County,19064
2020,Arkansas,Baxter County,41639
2020,Arkansas,Benton County,284331
2020,Arkansas,Boone County,37365
2020,Arkansas,Bradley County,10543
2020,Arkansas,Calhoun County,4742
2020,Arkansas,Carroll County,28265
2020,Arkansas,Chicot County,10209
2020,Arkansas,Clark County,21444
2020,Arkansas,Clay County,14555
2020,Arkansas,Cleburne County,24706
2020,Arkansas,Cleveland County,7551
2020,Arkansas,Columbia County,22797
2020,Arkansas,Conway County,20710
2020,Arkansas,Craighead County,111236
2020,Arkansas,Crawford County,60128
2020,Arkansas,Crittenden County,48169
2020,Arkansas,Cross County,16831
2020,Arkansas,Dallas County,6481
2020,Arkansas,Desha County,11391
2020,Arkansas,Drew County,17348
2020,Arkansas,Faulkner County,123496
2020,Arkansas,Franklin County,17098
2020,Arkansas,Fulton County,12077
2020,Arkansas,Garland County,100171
2020,Arkansas,Grant County,17960
2020,Arkansas,Greene County,45743
2020,Arkansas,Hempstead County,20071
2020,Arkansas,Hot Spring County,33043
2020,Arkansas,Howard County,12785
2020,Arkansas,Independence County,37941
2020,Arkansas,Izard County,13572
2020,Arkansas,Jackson County,16756
2020,Arkansas,Jefferson County,67253
2020,Arkansas,Johnson County,25755
2020,Arkansas,Lafayette County,6308
2020,Arkansas,Lawrence County,16222
2020,Arkansas,Lee County,8596
2020,Arkansas,Lincoln County,12939
2020,Arkansas,Little River County,12024
2020,Arkansas,Logan County,21133
2020,Arkansas,Lonoke County,74011
2020,Arkansas,Madison County,16520
2020,Arkansas,Marion County,16826
2020,Arkansas,Miller County,42595
2020,Arkansas,Mississippi County,40690
2020,Arkansas,Monroe County,6801
2020,Arkansas,Montgomery County,8483
2020,Arkansas,Nevada County,8313
2020,Arkansas,Newton County,7224
2020,Arkansas,Ouachita County,22652
2020,Arkansas,Perry County,10015
2020,Arkansas,Phillips County,16567
2020,Arkansas,Pike County,10167
2020,Arkansas,Poinsett County,22963
2020,Arkansas,Polk County,19219
2020,Arkansas,Pope County,63382
2020,Arkansas,Prairie County,8286
2020,Arkansas,Pulaski County,399124
2020,Arkansas,Randolph County,18574
2020,Arkansas,Saline County,123422
2020,Arkansas,Scott County,9836
2020,Arkansas,Searcy County,7833
2020,Arkansas,Sebastian County,127796
2020,Arkansas,Sevier County,15840
2020,Arkansas,Sharp County,17271
2020,Arkansas,St. Francis County,23092
2020,Arkansas,Stone County,12359
2020,Arkansas,Union County,39054
2020,Arkansas,Van Buren County,15795
2020,Arkansas,Washington County,245865
2020,Arkansas,White County,76826
2020,Arkansas,Woodruff County,6271
2020,Arkansas,Yell County,20261
2020,California,Alameda County,1682370
2020,California,Alpine County,1202
2020,California,Amador County,40473
2020,California,Butte County,211631
2020,California,Calaveras County,45282
2020,California,Colusa County,21830
2020,California,Contra Costa County,1165946
2020,California,Del Norte County,27744
2020,California,El Dorado County,191188
2020,California,Fresno County,1008653
2020,California,Glenn County,28918
2020,California,Humboldt County,136455
2020,California,Imperial County,179707
2020,California,Inyo County,19022
2020,California,Kern County,909226
2020,California,Kings County,152490
2020,California,Lake County,68161
2020,California,Lassen County,32733
2020,California,Los Angeles County,10014010
2020,California,Madera County,156256
2020,California,Marin County,262321
2020,California,Mariposa County,17134
2020,California,Mendocino County,91587
2020,California,Merced County,281204
2020,California,Modoc County,8703
2020,California,Mono County,13201
2020,California,Monterey County,439038
2020,California,Napa County,138017
2020,California,Nevada County,102235
2020,California,Orange County,3186989
2020,California,Placer County,404733
2020,California,Plumas County,19792
2020,California,Riverside County,2418195
2020,California,Sacramento County,1585057
2020,California,San Benito County,64208
2020,California,San Bernardino County,2181667
2020,California,San Diego County,3298638
2020,California,San Francisco County,873968
2020,California,San Joaquin County,779240
2020,California,San Luis Obispo County,282432
2020,California,San Mateo County,764434
2020,California,Santa Barbara County,448232
2020,California,Santa Clara County,1936253
2020,California,Santa Cruz County,270863
2020,California,Shasta County,182157
2020,California,Sierra County,3234
2020,California,Siskiyou County,44077
2020,California,Solano County,453490
2020,California,Sonoma County,488866
2020,California,Stanislaus County,552876
2020,California,Sutter County,99626
2020,California,Tehama County,65826
2020,California,Trinity County,16113
2020,California,Tulare County,473116
2020,California,Tuolumne County,55623
2020,California,Ventura County,843853
2020,California,Yolo County,216397
2020,California,Yuba County,81573
2020,Colorado,Adams County,519572
2020,Colorado,Alamosa County,16379
2020,Colorado,Arapahoe County,655076
2020,Colorado,Archuleta County,13357
2020,Colorado,Baca County,3512
2020,Colorado,Bent County,5653
2020,Colorado,Boulder County,330765
2020,Colorado,Chaffee County,19473
2020,Colorado,Cheyenne County,1747
2020,Colorado,Clear Creek County,9395
2020,Colorado,Conejos County,7459
2020,Colorado,Costilla County,3493
2020,Colorado,Crowley County,5922
2020,Colorado,Custer County,4702
2020,Colorado,Delta County,31200
2020,Colorado,Denver County,715522
2020,Colorado,Dolores County,2329
2020,Colorado,Douglas County,357982
2020,Colorado,Eagle County,55729
2020,Colorado,El Paso County,730400
2020,Colorado,Elbert County,26065
2020,Colorado,Fremont County,48939
2020,Colorado,Garfield County,61683
2020,Colorado,Gilpin County,5806
2020,Colorado,Grand County,15712
2020,Colorado,Gunnison County,16921
2020,Colorado,Hinsdale County,784
2020,Colorado,Huerfano County,6814
2020,Colorado,Jackson County,1380
2020,Colorado,Jefferson County,582913
2020,Colorado,Kiowa County,1454
2020,Colorado,Kit Carson County,7081
2020,Colorado,La Plata County,55638
2020,Colorado,Lake County,7433
2020,Colorado,Larimer County,359066
2020,Colorado,Las Animas County,14552
2020,Colorado,Lincoln County,5673
2020,Colorado,Logan County,21527
2020,Colorado,Mesa County,155703
2020,Colorado,Mineral County,864
2020,Colorado,Moffat County,13298
2020,Colorado,Montezuma County,25848
2020,Colorado,Montrose County,42676
2020,Colorado,Morgan County,29109
2020,Colorado,Otero County,18688
2020,Colorado,Ouray County,4880
2020,Colorado,Park County,17398
2020,Colorado,Phillips County,4536
2020,Colorado,Pitkin County,17355
2020,Colorado,Prowers County,12002
2020,Colorado,Pueblo County,168163
2020,Colorado,Rio Blanco County,6526
2020,Colorado,Rio Grande County,11538
2020,Colorado,Routt County,24829
2020,Colorado,Saguache County,6368
2020,Colorado,San Juan County,704
2020,Colorado,San Miguel County,8073
2020,Colorado,Sedgwick County,2405
2020,Colorado,Summit County,31058
2020,Colorado,Teller County,24712
2020,Colorado,Washington County,4816
2020,Colorado,Weld County,328982
2020,Colorado,Yuma County,9981
2020,Connecticut,Fairfield County,957430
2020,Connecticut,Hartford County,899505
2020,Connecticut,Litchfield County,185178
2020,Connecticut,Middlesex County,164245
2020,Connecticut,New Haven County,864841
2020,Connecticut,New London County,268547
2020,Connecticut,Tolland County,149788
2020,Connecticut,Windham County,116417
2020,Delaware,Kent County,181852
2020,Delaware,New Castle County,570723
2020,Delaware,Sussex County,237376
2020,District Of Columbia,District Of Columbia,689548
2020,Florida,Alachua County,278475
2020,Florida,Baker County,28257
2020,Florida,Bay County,175214
2020,Florida,Bradford County,28304
2020,Florida,Brevard County,606611
2020,Florida,Broward County,1944380
2020,Florida,Calhoun County,13643
2020,Florida,Charlotte County,186851
2020,Florida,Citrus County,153848
2020,Florida,Clay County,218246
2020,Florida,Collier County,375760
2020,Florida,Columbia County,69700
2020,Florida,Desoto County,33979
2020,Florida,Dixie County,16757
2020,Florida,Duval County,995566
2020,Florida,Escambia County,321909
2020,Florida,Flagler County,115377
2020,Florida,Franklin County,12446
2020,Florida,Gadsden County,43818
2020,Florida,Gilchrist County,17856
2020,Florida,Glades County,12126
2020,Florida,Gulf County,14189
2020,Florida,Hamilton County,14006
2020,Florida,Hardee County,25328
2020,Florida,Hendry County,39621
2020,Florida,Hernando County,194513
2020,Florida,Highlands County,101242
2020,Florida,Hillsborough County,1459758
2020,Florida,Holmes County,19654
2020,Florida,Indian River County,159788
2020,Florida,Jackson County,47320
2020,Florida,Jefferson County,14509
2020,Florida,Lafayette County,8226
2020,Florida,Lake County,383955
2020,Florida,Lee County,760820
2020,Florida,Leon County,292205
2020,Florida,Levy County,42916
2020,Florida,Liberty County,7977
2020,Florida,Madison County,17971
2020,Florida,Manatee County,399712
2020,Florida,Marion County,375905
2020,Florida,Martin County,158431
2020,Florida,Miami-Dade County,2701767
2020,Florida,Monroe County,82868
2020,Florida,Nassau County,90353
2020,Florida,Okaloosa County,211671
2020,Florida,Okeechobee County,39643
2020,Florida,Orange County,1429916
2020,Florida,Osceola County,388655
2020,Florida,Palm Beach County,1492188
2020,Florida,Pasco County,561886
2020,Florida,Pinellas County,959101
2020,Florida,Polk County,725044
2020,Florida,Putnam County,73320
2020,Florida,Santa Rosa County,188001
2020,Florida,Sarasota County,434016
2020,Florida,Seminole County,470858
2020,Florida,St. Johns County,273425
2020,Florida,St. Lucie County,329228
2020,Florida,Sumter County,129752
2020,Florida,Suwannee County,43470
2020,Florida,Taylor County,21799
2020,Florida,Union County,16142
2020,Florida,Volusia County,553547
2020,Florida,Wakulla County,33765
2020,Florida,Walton County,75305
2020,Florida,Washington County,25320
2020,Georgia,Appling County,18448
2020,Georgia,Atkinson County,8290
2020,Georgia,Bacon County,11145
2020,Georgia,Baker County,2873
2020,Georgia,Baldwin County,43802
2020,Georgia,Banks County,18043
2020,Georgia,Barrow County,83508
2020,Georgia,Bartow County,108898
2020,Georgia,Ben Hill County,17194
2020,Georgia,Berrien County,18165
2020,Georgia,Bibb County,157349
2020,Georgia,Bleckley County,12586
2020,Georgia,Brantley County,18020
2020,Georgia,Brooks County,16301
2020,Georgia,Bryan County,44739
2020,Georgia,Bulloch County,81102
2020,Georgia,Burke County,24599
2020,Georgia,Butts County,25429
2020,Georgia,Calhoun County,5578
2020,Georgia,Camden County,54768
2020,Georgia,Candler County,10986
2020,Georgia,Carroll County,119143
2020,Georgia,Catoosa County,67875
2020,Georgia,Charlton County,12516
2020,Georgia,Chatham County,295291
2020,Georgia,Chattahoochee County,9566
2020,Georgia,Chattooga County,24971
2020,Georgia,Cherokee County,266623
2020,Georgia,Clarke County,128671
2020,Georgia,Clay County,2846
2020,Georgia,Clayton County,297593
2020,Georgia,Clinch County,6749
2020,Georgia,Cobb County,766144
2020,Georgia,Coffee County,43094
2020,Georgia,Colquitt County,45899
2020,Georgia,Columbia County,156007
2020,Georgia,Cook County,17232
2020,Georgia,Coweta County,146164
2020,Georgia,Crawford County,12124
2020,Georgia,Crisp County,20133
2020,Georgia,Dade County,16245
2020,Georgia,Dawson County,26801
2020,Georgia,Dekalb County,764379
2020,Georgia,Decatur County,29373
2020,Georgia,Dodge County,19931
2020,Georgia,Dooly County,11217
2020,Georgia,Dougherty County,85792
2020,Georgia,Douglas County,144238
2020,Georgia,Early County,10850
2020,Georgia,Echols County,3703
2020,Georgia,Effingham County,64770
2020,Georgia,Elbert County,19637
2020,Georgia,Emanuel County,22766
2020,Georgia,Evans County,10774
2020,Georgia,Fannin County,25319
2020,Georgia,Fayette County,119192
2020,Georgia,Floyd County,98584
2020,Georgia,Forsyth County,251285
2020,Georgia,Franklin County,23417
2020,Georgia,Fulton County,1066709
2020,Georgia,Gilmer County,31350
2020,Georgia,Glascock County,2884
2020,Georgia,Glynn County,84501
2020,Georgia,Gordon County,57546
2020,Georgia,Grady County,26239
2020,Georgia,Greene County,18915
2020,Georgia,Gwinnett County,957057
2020,Georgia,Habersham County,46026
2020,Georgia,Hall County,203134
2020,Georgia,Hancock County,8732
2020,Georgia,Haralson County,29922
2020,Georgia,Harris County,34672
2020,Georgia,Hart County,25833
2020,Georgia,Heard County,11409
2020,Georgia,Henry County,240716
2020,Georgia,Houston County,163634
2020,Georgia,Irwin County,9666
2020,Georgia,Jackson County,75905
2020,Georgia,Jasper County,14597
2020,Georgia,Jeff Davis County,14780
2020,Georgia,Jefferson County,15714
2020,Georgia,Jenkins County,8675
2020,Georgia,Johnson County,9194
2020,Georgia,Jones County,28352
2020,Georgia,Lamar County,18500
2020,Georgia,Lanier County,9882
2020,Georgia,Laurens County,49570
2020,Georgia,Lee County,33160
2020,Georgia,Liberty County,65258
2020,Georgia,Lincoln County,7687
2020,Georgia,Long County,16172
2020,Georgia,Lowndes County,118247
2020,Georgia,Lumpkin County,33482
2020,Georgia,Macon County,12086
2020,Georgia,Madison County,30122
2020,Georgia,Marion County,7506
2020,Georgia,Mcduffie County,21631
2020,Georgia,Mcintosh County,10973
2020,Georgia,Meriwether County,20618
2020,Georgia,Miller County,5999
2020,Georgia,Mitchell County,21764
2020,Georgia,Monroe County,27960
2020,Georgia,Montgomery County,8608
2020,Georgia,Morgan County,20095
2020,Georgia,Murray County,39972
2020,Georgia,Muscogee County,206929
2020,Georgia,Newton County,112477
2020,Georgia,Oconee County,41800
2020,Georgia,Oglethorpe County,14823
2020,Georgia,Paulding County,168657
2020,Georgia,Peach County,27987
2020,Georgia,Pickens County,33215
2020,Georgia,Pierce County,19712
2020,Georgia,Pike County,18882
2020,Georgia,Polk County,42856
2020,Georgia,Pulaski County,9853
2020,Georgia,Putnam County,22045
2020,Georgia,Quitman County,2237
2020,Georgia,Rabun County,16880
2020,Georgia,Randolph County,6424
2020,Georgia,Richmond County,206604
2020,Georgia,Rockdale County,93574
2020,Georgia,Schley County,4547
2020,Georgia,Screven County,14063
2020,Georgia,Seminole County,9148
2020,Georgia,Spalding County,67306
2020,Georgia,Stephens County,26777
2020,Georgia,Stewart County,5314
2020,Georgia,Sumter County,29622
2020,Georgia,Talbot County,5733
2020,Georgia,Taliaferro County,1559
2020,Georgia,Tattnall County,22842
2020,Georgia,Taylor County,7814
2020,Georgia,Telfair County,12478
2020,Georgia,Terrell County,9183
2020,Georgia,Thomas County,45803
2020,Georgia,Tift County,41350
2020,Georgia,Toombs County,27032
2020,Georgia,Towns County,12489
2020,Georgia,Treutlen County,6404
2020,Georgia,Troup County,69422
2020,Georgia,Turner County,9004
2020,Georgia,Twiggs County,8024
2020,Georgia,Union County,24632
2020,Georgia,Upson County,27699
2020,Georgia,Walker County,67650
2020,Georgia,Walton County,96677
2020,Georgia,Ware County,36242
2020,Georgia,Warren County,5213
2020,Georgia,Washington County,19991
2020,Georgia,Wayne County,30140
2020,Georgia,Webster County,2348
2020,Georgia,Wheeler County,7477
2020,Georgia,White County,28000
2020,Georgia,Whitfield County,102872
2020,Georgia,Wilcox County,8763
2020,Georgia,Wilkes County,9560
2020,Georgia,Wilkinson County,8867
2020,Georgia,Worth County,20781
2020,Hawaii,Hawaii County,200630
2020,Hawaii,Honolulu County,1016514
2020,Hawaii,Kauai County,73297
2020,Hawaii,Maui County,164758
2020,Idaho,Ada County,494982
2020,Idaho,Adams County,4382
2020,Idaho,Bannock County,87015
2020,Idaho,Bear Lake County,6370
2020,Idaho,Benewah County,9531
2020,Idaho,Bingham County,47989
2020,Idaho,Blaine County,24280
2020,Idaho,Boise County,7610
2020,Idaho,Bonner County,47111
2020,Idaho,Bonneville County,123958
2020,Idaho,Boundary County,12059
2020,Idaho,Butte County,2579
2020,Idaho,Camas County,1073
2020,Idaho,Canyon County,231108
2020,Idaho,Caribou County,7028
2020,Idaho,Cassia County,24660
2020,Idaho,Clark County,788
2020,Idaho,Clearwater County,8728
2020,Idaho,Custer County,4269
2020,Idaho,Elmore County,28667
2020,Idaho,Franklin County,14196
2020,Idaho,Fremont County,13385
2020,Idaho,Gem County,19124
2020,Idaho,Gooding County,15597
2020,Idaho,Idaho County,16551
2020,Idaho,Jefferson County,30898
2020,Idaho,Jerome County,24238
2020,Idaho,Kootenai County,171365
2020,Idaho,Latah County,39519
2020,Idaho,Lemhi County,7971
2020,Idaho,Lewis County,3529
2020,Idaho,Lincoln County,5126
2020,Idaho,Madison County,52909
2020,Idaho,Minidoka County,21614
2020,Idaho,Nez Perce County,42090
2020,Idaho,Oneida County,4567
2020,Idaho,Owyhee County,11913
2020,Idaho,Payette County,25389
2020,Idaho,Power County,7874
2020,Idaho,Shoshone County,13174
2020,Idaho,Teton County,11632
2020,Idaho,Twin Falls County,90048
2020,Idaho,Valley County,11743
2020,Idaho,Washington County,10490
2020,Illinois,Adams County,65734
2020,Illinois,Alexander County,5242
2020,Illinois,Bond County,16728
2020,Illinois,Boone County,53454
2020,Illinois,Brown County,6250
2020,Illinois,Bureau County,33256
2020,Illinois,Calhoun County,4437
2020,Illinois,Carroll County,15706
2020,Illinois,Cass County,13037
2020,Illinois,Champaign County,205869
2020,Illinois,Christian County,34032
2020,Illinois,Clark County,15455
2020,Illinois,Clay County,13294
2020,Illinois,Clinton County,36893
2020,Illinois,Coles County,46855
2020,Illinois,Cook County,5275554
2020,Illinois,Crawford County,18680
2020,Illinois,Cumberland County,10453
2020,Illinois,De Witt County,15512
2020,Illinois,Dekalb County,100417
2020,Illinois,Douglas County,19739
2020,Illinois,Dupage County,932872
2020,Illinois,Edgar County,16862
2020,Illinois,Edwards County,6243
2020,Illinois,Effingham County,34673
2020,Illinois,Fayette County,21497
2020,Illinois,Ford County,13531
2020,Illinois,Franklin County,37800
2020,Illinois,Fulton County,33604
2020,Illinois,Gallatin County,4946
2020,Illinois,Greene County,11988
2020,Illinois,Grundy County,52539
2020,Illinois,Hamilton County,7996
2020,Illinois,Hancock County,17621
2020,Illinois,Hardin County,3650
2020,Illinois,Henderson County,6387
2020,Illinois,Henry County,49285
2020,Illinois,Iroquois County,27072
2020,Illinois,Jackson County,52981
2020,Illinois,Jasper County,9285
2020,Illinois,Jefferson County,37107
2020,Illinois,Jersey County,21512
2020,Illinois,Jo Daviess County,22038
2020,Illinois,Johnson County,13309
2020,Illinois,Kane County,516535
2020,Illinois,Kankakee County,107490
2020,Illinois,Kendall County,131864
2020,Illinois,Knox County,49975
2020,Illinois,Lasalle County,109640
2020,Illinois,Lake County,714331
2020,Illinois,Lawrence County,15285
2020,Illinois,Lee County,34140
2020,Illinois,Livingston County,35811
2020,Illinois,Logan County,27970
2020,Illinois,Macon County,103986
2020,Illinois,Macoupin County,44959
2020,Illinois,Madison County,265869
2020,Illinois,Marion County,37730
2020,Illinois,Marshall County,11740
2020,Illinois,Mason County,13083
2020,Illinois,Massac County,14172
2020,Illinois,Mcdonough County,27236
2020,Illinois,Mchenry County,310217
2020,Illinois,Mclean County,170952
2020,Illinois,Menard County,12296
2020,Illinois,Mercer County,15696
2020,Illinois,Monroe County,34955
2020,Illinois,Montgomery County,28290
2020,Illinois,Morgan County,32917
2020,Illinois,Moultrie County,14529
2020,Illinois,Ogle County,51796
2020,Illinois,Peoria County,181826
2020,Illinois,Perry County,20941
2020,Illinois,Piatt County,16667
2020,Illinois,Pike County,14734
2020,Illinois,Pope County,3768
2020,Illinois,Pulaski County,5191
2020,Illinois,Putnam County,5634
2020,Illinois,Randolph County,30160
2020,Illinois,Richland County,15812
2020,Illinois,Rock Island County,144681
2020,Illinois,Saline County,23761
2020,Illinois,Sangamon County,196351
2020,Illinois,Schuyler County,6898
2020,Illinois,Scott County,4949
2020,Illinois,Shelby County,20994
2020,Illinois,St. Clair County,257392
2020,Illinois,Stark County,5397
2020,Illinois,Stephenson County,44629
2020,Illinois,Tazewell County,131355
2020,Illinois,Union County,17243
2020,Illinois,Vermilion County,74180
2020,Illinois,Wabash County,11361
2020,Illinois,Warren County,16830
2020,Illinois,Washington County,13754
2020,Illinois,Wayne County,16176
2020,Illinois,White County,13882
2020,Illinois,Whiteside County,55680
2020,Illinois,Will County,696375
2020,Illinois,Williamson County,67147
2020,Illinois,Winnebago County,285340
2020,Illinois,Woodford County,38469
2020,Indiana,Adams County,35808
2020,Indiana,Allen County,385422
2020,Indiana,Bartholomew County,82211
2020,Indiana,Benton County,8717
2020,Indiana,Blackford County,12113
2020,Indiana,Boone County,70810
2020,Indiana,Brown County,15476
2020,Indiana,Carroll County,20304
2020,Indiana,Cass County,37865
2020,Indiana,Clark County,121094
2020,Indiana,Clay County,26468
2020,Indiana,Clinton County,33188
2020,Indiana,Crawford County,10527
2020,Indiana,Daviess County,33379
2020,Indiana,Dekalb County,43276
2020,Indiana,Dearborn County,50683
2020,Indiana,Decatur County,26470
2020,Indiana,Delaware County,111904
2020,Indiana,Dubois County,43634
2020,Indiana,Elkhart County,207056
2020,Indiana,Fayette County,23392
2020,Indiana,Floyd County,80480
2020,Indiana,Fountain County,16475
2020,Indiana,Franklin County,22783
2020,Indiana,Fulton County,20479
2020,Indiana,Gibson County,33003
2020,Indiana,Grant County,66673
2020,Indiana,Greene County,30810
2020,Indiana,Hamilton County,347462
2020,Indiana,Hancock County,79843
2020,Indiana,Harrison County,39640
2020,Indiana,Hendricks County,174786
2020,Indiana,Henry County,48913
2020,Indiana,Howard County,83660
2020,Indiana,Huntington County,36655
2020,Indiana,Jackson County,46425
2020,Indiana,Jasper County,32912
2020,Indiana,Jay County,20477
2020,Indiana,Jefferson County,33143
2020,Indiana,Jennings County,27614
2020,Indiana,Johnson County,161769
2020,Indiana,Knox County,36280
2020,Indiana,Kosciusko County,80242
2020,Indiana,Lagrange County,40448
2020,Indiana,Laporte County,112420
2020,Indiana,Lake County,498701
2020,Indiana,Lawrence County,45012
2020,Indiana,Madison County,130121
2020,Indiana,Marion County,977206
2020,Indiana,Marshall County,46093
2020,Indiana,Martin County,9806
2020,Indiana,Miami County,35966
2020,Indiana,Monroe County,139712
2020,Indiana,Montgomery County,37937
2020,Indiana,Morgan County,71784
2020,Indiana,Newton County,13830
2020,Indiana,Noble County,47462
2020,Indiana,Ohio County,5938
2020,Indiana,Orange County,19869
2020,Indiana,Owen County,21321
2020,Indiana,Parke County,16166
2020,Indiana,Perry County,19170
2020,Indiana,Pike County,12248
2020,Indiana,Porter County,173221
2020,Indiana,Posey County,25225
2020,Indiana,Pulaski County,12516
2020,Indiana,Putnam County,36723
2020,Indiana,Randolph County,24504
2020,Indiana,Ripley County,28993
2020,Indiana,Rush County,16759
2020,Indiana,Scott County,24380
2020,Indiana,Shelby County,45041
2020,Indiana,Spencer County,19806
2020,Indiana,St. Joseph County,272910
2020,Indiana,Starke County,23378
2020,Indiana,Steuben County,34441
2020,Indiana,Sullivan County,20820
2020,Indiana,Switzerland County,9739
2020,Indiana,Tippecanoe County,186243
2020,Indiana,Tipton County,15351
2020,Indiana,Union County,7085
2020,Indiana,Vanderburgh County,180129
2020,Indiana,Vermillion County,15443
2020,Indiana,Vigo County,106156
2020,Indiana,Wabash County,30979
2020,Indiana,Warren County,8434
2020,Indiana,Warrick County,63898
2020,Indiana,Washington County,28184
2020,Indiana,Wayne County,66539
2020,Indiana,Wells County,28185
2020,Indiana,White County,24690
2020,Indiana,Whitley County,34196
2020,Iowa,Adair County,7496
2020,Iowa,Adams County,3704
2020,Iowa,Allamakee County,14057
2020,Iowa,Appanoose County,12316
2020,Iowa,Audubon County,5675
2020,Iowa,Benton County,25576
2020,Iowa,Black Hawk County,131152
2020,Iowa,Boone County,26719
2020,Iowa,Bremer County,24990
2020,Iowa,Buchanan County,20566
2020,Iowa,Buena Vista County,20819
2020,Iowa,Butler County,14329
2020,Iowa,Calhoun County,9919
2020,Iowa,Carroll County,20768
2020,Iowa,Cass County,13125
2020,Iowa,Cedar County,18502
2020,Iowa,Cerro Gordo County,43124
2020,Iowa,Cherokee County,11657
2020,Iowa,Chickasaw County,12009
2020,Iowa,Clarke County,9745
2020,Iowa,Clay County,16388
2020,Iowa,Clayton County,17048
2020,Iowa,Clinton County,46466
2020,Iowa,Crawford County,16524
2020,Iowa,Dallas County,99679
2020,Iowa,Davis County,9111
2020,Iowa,Decatur County,7644
2020,Iowa,Delaware County,17488
2020,Iowa,Des Moines County,38902
2020,Iowa,Dickinson County,17708
2020,Iowa,Dubuque County,99268
2020,Iowa,Emmet County,9381
2020,Iowa,Fayette County,19515
2020,Iowa,Floyd County,15628
2020,Iowa,Franklin County,10012
2020,Iowa,Fremont County,6604
2020,Iowa,Greene County,8765
2020,Iowa,Grundy County,12331
2020,Iowa,Guthrie County,10622
2020,Iowa,Hamilton County,15040
2020,Iowa,Hancock County,10791
2020,Iowa,Hardin County,16881
2020,Iowa,Harrison County,14580
2020,Iowa,Henry County,20479
2020,Iowa,Howard County,9472
2020,Iowa,Humboldt County,9599
2020,Iowa,Ida County,7006
2020,Iowa,Iowa County,16665
2020,Iowa,Jackson County,19485
2020,Iowa,Jasper County,37812
2020,Iowa,Jefferson County,15661
2020,Iowa,Johnson County,152849
2020,Iowa,Jones County,20647
2020,Iowa,Keokuk County,10028
2020,Iowa,Kossuth County,14826
2020,Iowa,Lee County,33562
2020,Iowa,Linn County,230301
2020,Iowa,Louisa County,10837
2020,Iowa,Lucas County,8628
2020,Iowa,Lyon County,11935
2020,Iowa,Madison County,16545
2020,Iowa,Mahaska County,22187
2020,Iowa,Marion County,33425
2020,Iowa,Marshall County,40106
2020,Iowa,Mills County,14487
2020,Iowa,Mitchell County,10569
2020,Iowa,Monona County,8759
2020,Iowa,Monroe County,7567
2020,Iowa,Montgomery County,10326
2020,Iowa,Muscatine County,43230
2020,Iowa,O'Brien County,14181
2020,Iowa,Osceola County,6198
2020,Iowa,Page County,15209
2020,Iowa,Palo Alto County,9001
2020,Iowa,Plymouth County,25702
2020,Iowa,Pocahontas County,7075
2020,Iowa,Polk County,492395
2020,Iowa,Pottawattamie County,93670
2020,Iowa,Poweshiek County,18659
2020,Iowa,Ringgold County,4662
2020,Iowa,Sac County,9818
2020,Iowa,Scott County,174670
2020,Iowa,Shelby County,11741
2020,Iowa,Sioux County,35874
2020,Iowa,Story County,98532
2020,Iowa,Tama County,17137
2020,Iowa,Taylor County,5893
2020,Iowa,Union County,12145
2020,Iowa,Van Buren County,7200
2020,Iowa,Wapello County,35435
2020,Iowa,Warren County,52404
2020,Iowa,Washington County,22561
2020,Iowa,Wayne County,6493
2020,Iowa,Webster County,37005
2020,Iowa,Winnebago County,10680
2020,Iowa,Winneshiek County,20061
2020,Iowa,Woodbury County,105945
2020,Iowa,Worth County,7444
2020,Iowa,Wright County,12945
2020,Kansas,Allen County,12519
2020,Kansas,Anderson County,7841
2020,Kansas,Atchison County,16347
2020,Kansas,Barber County,4230
2020,Kansas,Barton County,25489
2020,Kansas,Bourbon County,14358
2020,Kansas,Brown County,9511
2020,Kansas,Butler County,67388
2020,Kansas,Chase County,2574
2020,Kansas,Chautauqua County,3380
2020,Kansas,Cherokee County,19360
2020,Kansas,Cheyenne County,2614
2020,Kansas,Clark County,1992
2020,Kansas,Clay County,8111
2020,Kansas,Cloud County,9028
2020,Kansas,Coffey County,8355
2020,Kansas,Comanche County,1685
2020,Kansas,Cowley County,34536
2020,Kansas,Crawford County,38970
2020,Kansas,Decatur County,2767
2020,Kansas,Dickinson County,18400
2020,Kansas,Doniphan County,7510
2020,Kansas,Douglas County,118786
2020,Kansas,Edwards County,2909
2020,Kansas,Elk County,2482
2020,Kansas,Ellis County,28927
2020,Kansas,Ellsworth County,6374
2020,Kansas,Finney County,38466
2020,Kansas,Ford County,34287
2020,Kansas,Franklin County,26003
2020,Kansas,Geary County,36737
2020,Kansas,Gove County,2720
2020,Kansas,Graham County,2418
2020,Kansas,Grant County,7352
2020,Kansas,Gray County,5649
2020,Kansas,Greeley County,1280
2020,Kansas,Greenwood County,6021
2020,Kansas,Hamilton County,2517
2020,Kansas,Harper County,5490
2020,Kansas,Harvey County,34024
2020,Kansas,Haskell County,3779
2020,Kansas,Hodgeman County,1722
2020,Kansas,Jackson County,13226
2020,Kansas,Jefferson County,18374
2020,Kansas,Jewell County,2920
2020,Kansas,Johnson County,609863
2020,Kansas,Kearny County,3982
2020,Kansas,Kingman County,7461
2020,Kansas,Kiowa County,2460
2020,Kansas,Labette County,20182
2020,Kansas,Lane County,1573
2020,Kansas,Leavenworth County,81879
2020,Kansas,Lincoln County,2933
2020,Kansas,Linn County,9592
2020,Kansas,Logan County,2756
2020,Kansas,Lyon County,32177
2020,Kansas,Marion County,11827
2020,Kansas,Marshall County,10041
2020,Kansas,Mcpherson County,30221
2020,Kansas,Meade County,4059
2020,Kansas,Miami County,34187
2020,Kansas,Mitchell County,5795
2020,Kansas,Montgomery County,31484
2020,Kansas,Morris County,5384
2020,Kansas,Morton County,2700
2020,Kansas,Nemaha County,10283
2020,Kansas,Neosho County,15905
2020,Kansas,Ness County,2686
2020,Kansas,Norton County,5458
2020,Kansas,Osage County,15772
2020,Kansas,Osborne County,3501
2020,Kansas,Ottawa County,5732
2020,Kansas,Pawnee County,6254
2020,Kansas,Phillips County,4979
2020,Kansas,Pottawatomie County,25351
2020,Kansas,Pratt County,9161
2020,Kansas,Rawlins County,2566
2020,Kansas,Reno County,61904
2020,Kansas,Republic County,4671
2020,Kansas,Rice County,9427
2020,Kansas,Riley County,71961
2020,Kansas,Rooks County,4917
2020,Kansas,Rush County,2958
2020,Kansas,Russell County,6687
2020,Kansas,Saline County,54299
2020,Kansas,Scott County,5150
2020,Kansas,Sedgwick County,523844
2020,Kansas,Seward County,21959
2020,Kansas,Shawnee County,178911
2020,Kansas,Sheridan County,2447
2020,Kansas,Sherman County,5924
2020,Kansas,Smith County,3580
2020,Kansas,Stafford County,4074
2020,Kansas,Stanton County,2086
2020,Kansas,Stevens County,5249
2020,Kansas,Sumner County,22375
2020,Kansas,Thomas County,7928
2020,Kansas,Trego County,2803
2020,Kansas,Wabaunsee County,6880
2020,Kansas,Wallace County,1513
2020,Kansas,Washington County,5539
2020,Kansas,Wichita County,2152
2020,Kansas,Wilson County,8633
2020,Kansas,Woodson County,3117
2020,Kansas,Wyandotte County,169244
2020,Kentucky,Adair County,18901
2020,Kentucky,Allen County,20581
2020,Kentucky,Anderson County,23851
2020,Kentucky,Ballard County,7727
2020,Kentucky,Barren County,44484
2020,Kentucky,Bath County,12749
2020,Kentucky,Bell County,24100
2020,Kentucky,Boone County,135972
2020,Kentucky,Bourbon County,20244
2020,Kentucky,Boyd County,48263
2020,Kentucky,Boyle County,30610
2020,Kentucky,Bracken County,8402
2020,Kentucky,Breathitt County,13719
2020,Kentucky,Breckinridge County,20433
2020,Kentucky,Bullitt County,82226
2020,Kentucky,Butler County,12376
2020,Kentucky,Caldwell County,12646
2020,Kentucky,Calloway County,37100
2020,Kentucky,Campbell County,93067
2020,Kentucky,Carlisle County,4819
2020,Kentucky,Carroll County,10807
2020,Kentucky,Carter County,26627
2020,Kentucky,Casey County,15945
2020,Kentucky,Christian County,72747
2020,Kentucky,Clark County,36978
2020,Kentucky,Clay County,20347
2020,Kentucky,Clinton County,9253
2020,Kentucky,Crittenden County,8986
2020,Kentucky,Cumberland County,5885
2020,Kentucky,Daviess County,103316
2020,Kentucky,Edmonson County,12129
2020,Kentucky,Elliott County,7351
2020,Kentucky,Estill County,14166
2020,Kentucky,Fayette County,322569
2020,Kentucky,Fleming County,15084
2020,Kentucky,Floyd County,35943
2020,Kentucky,Franklin County,51535
2020,Kentucky,Fulton County,6513
2020,Kentucky,Gallatin County,8695
2020,Kentucky,Garrard County,16951
2020,Kentucky,Grant County,24940
2020,Kentucky,Graves County,36654
2020,Kentucky,Grayson County,26422
2020,Kentucky,Green County,11108
2020,Kentucky,Greenup County,35956
2020,Kentucky,Hancock County,9096
2020,Kentucky,Hardin County,110703
2020,Kentucky,Harlan County,26838
2020,Kentucky,Harrison County,18695
2020,Kentucky,Hart County,19281
2020,Kentucky,Henderson County,44792
2020,Kentucky,Henry County,15677
2020,Kentucky,Hickman County,4524
2020,Kentucky,Hopkins County,45419
2020,Kentucky,Jackson County,12959
2020,Kentucky,Jefferson County,782954
2020,Kentucky,Jessamine County,52991
2020,Kentucky,Johnson County,22678
2020,Kentucky,Kenton County,169048
2020,Kentucky,Knott County,14249
2020,Kentucky,Knox County,30197
2020,Kentucky,Larue County,14862
2020,Kentucky,Laurel County,62614
2020,Kentucky,Lawrence County,16288
2020,Kentucky,Lee County,7393
2020,Kentucky,Leslie County,10519
2020,Kentucky,Letcher County,21548
2020,Kentucky,Lewis County,13082
2020,Kentucky,Lincoln County,24274
2020,Kentucky,Livingston County,8892
2020,Kentucky,Logan County,27430
2020,Kentucky,Lyon County,8687
2020,Kentucky,Madison County,92702
2020,Kentucky,Magoffin County,11639
2020,Kentucky,Marion County,19583
2020,Kentucky,Marshall County,31667
2020,Kentucky,Martin County,11287
2020,Kentucky,Mason County,17125
2020,Kentucky,Mccracken County,67871
2020,Kentucky,Mccreary County,16885
2020,Kentucky,Mclean County,9153
2020,Kentucky,Meade County,30010
2020,Kentucky,Menifee County,6112
2020,Kentucky,Mercer County,22647
2020,Kentucky,Metcalfe County,10287
2020,Kentucky,Monroe County,11339
2020,Kentucky,Montgomery County,28121
2020,Kentucky,Morgan County,13723
2020,Kentucky,Muhlenberg County,30926
2020,Kentucky,Nelson County,46739
2020,Kentucky,Nicholas County,7534
2020,Kentucky,Ohio County,23772
2020,Kentucky,Oldham County,67604
2020,Kentucky,Owen County,11269
2020,Kentucky,Owsley County,4055
2020,Kentucky,Pendleton County,14648
2020,Kentucky,Perry County,28475
2020,Kentucky,Pike County,58667
2020,Kentucky,Powell County,13129
2020,Kentucky,Pulaski County,65033
2020,Kentucky,Robertson County,2189
2020,Kentucky,Rockcastle County,16036
2020,Kentucky,Rowan County,24662
2020,Kentucky,Russell County,17991
2020,Kentucky,Scott County,57155
2020,Kentucky,Shelby County,48061
2020,Kentucky,Simpson County,19597
2020,Kentucky,Spencer County,19490
2020,Kentucky,Taylor County,26024
2020,Kentucky,Todd County,12243
2020,Kentucky,Trigg County,14056
2020,Kentucky,Trimble County,8469
2020,Kentucky,Union County,13668
2020,Kentucky,Warren County,134555
2020,Kentucky,Washington County,12024
2020,Kentucky,Wayne County,19561
2020,Kentucky,Webster County,13019
2020,Kentucky,Whitley County,36716
2020,Kentucky,Wolfe County,6563
2020,Kentucky,Woodford County,26871
2020,Louisiana,Acadia Parish,57570
2020,Louisiana,Allen Parish,22746
2020,Louisiana,Ascension Parish,126499
2020,Louisiana,Assumption Parish,21041
2020,Louisiana,Avoyelles Parish,39688
2020,Louisiana,Beauregard Parish,36551
2020,Louisiana,Bienville Parish,12992
2020,Louisiana,Bossier Parish,128742
2020,Louisiana,Caddo Parish,237847
2020,Louisiana,Calcasieu Parish,216789
2020,Louisiana,Caldwell Parish,9640
2020,Louisiana,Cameron Parish,5618
2020,Louisiana,Catahoula Parish,8905
2020,Louisiana,Claiborne Parish,14168
2020,Louisiana,Concordia Parish,18685
2020,Louisiana,De Soto Parish,26811
2020,Louisiana,East Baton Rouge Parish,456793
2020,Louisiana,East Carroll Parish,7461
2020,Louisiana,East Feliciana Parish,19540
2020,Louisiana,Evangeline Parish,32351
2020,Louisiana,Franklin Parish,19766
2020,Louisiana,Grant Parish,22167
2020,Louisiana,Iberia Parish,69926
2020,Louisiana,Iberville Parish,30241
2020,Louisiana,Jackson Parish,15033
2020,Louisiana,Jefferson Davis Parish,32248
2020,Louisiana,Jefferson Parish,440779
2020,Louisiana,Lasalle Parish,14790
2020,Louisiana,Lafayette Parish,241752
2020,Louisiana,Lafourche Parish,97562
2020,Louisiana,Lincoln Parish,48402
2020,Louisiana,Livingston Parish,142281
2020,Louisiana,Madison Parish,10013
2020,Louisiana,Morehouse Parish,25632
2020,Louisiana,Natchitoches Parish,37515
2020,Louisiana,Orleans Parish,383995
2020,Louisiana,Ouachita Parish,160369
2020,Louisiana,Plaquemines Parish,23515
2020,Louisiana,Pointe Coupee Parish,20758
2020,Louisiana,Rapides Parish,130020
2020,Louisiana,Red River Parish,7618
2020,Louisiana,Richland Parish,20041
2020,Louisiana,Sabine Parish,22155
2020,Louisiana,St. Bernard Parish,43766
2020,Louisiana,St. Charles Parish,52547
2020,Louisiana,St. Helena Parish,10920
2020,Louisiana,St. James Parish,20194
2020,Louisiana,St. John The Baptist Parish,42476
2020,Louisiana,St. Landry Parish,82538
2020,Louisiana,St. Martin Parish,51773
2020,Louisiana,St. Mary Parish,49405
2020,Louisiana,St. Tammany Parish,264572
2020,Louisiana,Tangipahoa Parish,133159
2020,Louisiana,Tensas Parish,4148
2020,Louisiana,Terrebonne Parish,109585
2020,Louisiana,Union Parish,21109
2020,Louisiana,Vermilion Parish,57349
2020,Louisiana,Vernon Parish,48751
2020,Louisiana,Washington Parish,45463
2020,Louisiana,Webster Parish,36966
2020,Louisiana,West Baton Rouge Parish,27201
2020,Louisiana,West Carroll Parish,9757
2020,Louisiana,West Feliciana Parish,15307
2020,Louisiana,Winn Parish,13752
2020,Maine,Androscoggin County,111129
2020,Maine,Aroostook County,67097
2020,Maine,Cumberland County,303069
2020,Maine,Franklin County,29455
2020,Maine,Hancock County,55480
2020,Maine,Kennebec County,123640
2020,Maine,Knox County,40595
2020,Maine,Lincoln County,35233
2020,Maine,Oxford County,57779
2020,Maine,Penobscot County,152202
2020,Maine,Piscataquis County,16800
2020,Maine,Sagadahoc County,36704
2020,Maine,Somerset County,50485
2020,Maine,Waldo County,39602
2020,Maine,Washington County,31108
2020,Maine,York County,211979
2020,Maryland,Allegany County,68106
2020,Maryland,Anne Arundel County,588261
2020,Maryland,Baltimore County,854538
2020,Maryland,Baltimore City,585703
2020,Maryland,Calvert County,92785
2020,Maryland,Caroline County,33301
2020,Maryland,Carroll County,172894
2020,Maryland,Cecil County,103722
2020,Maryland,Charles County,166611
2020,Maryland,Dorchester County,32532
2020,Maryland,Frederick County,271716
2020,Maryland,Garrett County,28806
2020,Maryland,Harford County,260923
2020,Maryland,Howard County,332321
2020,Maryland,Kent County,19197
2020,Maryland,Montgomery County,1062056
2020,Maryland,Prince George'S County,967189
2020,Maryland,Queen Anne'S County,49876
2020,Maryland,Somerset County,24619
2020,Maryland,St. Mary's County,113781
2020,Maryland,Talbot County,37518
2020,Maryland,Washington County,154700
2020,Maryland,Wicomico County,103589
2020,Maryland,Worcester County,52459
2020,Massachusetts,Barnstable County,228991
2020,Massachusetts,Berkshire County,129026
2020,Massachusetts,Bristol County,579197
2020,Massachusetts,Dukes County,20595
2020,Massachusetts,Essex County,809801
2020,Massachusetts,Franklin County,71042
2020,Massachusetts,Hampden County,465831
2020,Massachusetts,Hampshire County,162300
2020,Massachusetts,Middlesex County,1632025
2020,Massachusetts,Nantucket County,14251
2020,Massachusetts,Norfolk County,726003
2020,Massachusetts,Plymouth County,530819
2020,Massachusetts,Suffolk County,797943
2020,Massachusetts,Worcester County,862113
2020,Michigan,Alcona County,10165
2020,Michigan,Alger County,8837
2020,Michigan,Allegan County,120506
2020,Michigan,Alpena County,28915
2020,Michigan,Antrim County,23435
2020,Michigan,Arenac County,15010
2020,Michigan,Baraga County,8152
2020,Michigan,Barry County,62414
2020,Michigan,Bay County,103872
2020,Michigan,Benzie County,17970
2020,Michigan,Berrien County,154310
2020,Michigan,Branch County,44862
2020,Michigan,Calhoun County,134315
2020,Michigan,Cass County,51590
2020,Michigan,Charlevoix County,26058
2020,Michigan,Cheboygan County,25581
2020,Michigan,Chippewa County,36786
2020,Michigan,Clare County,30856
2020,Michigan,Clinton County,79126
2020,Michigan,Crawford County,12991
2020,Michigan,Delta County,36917
2020,Michigan,Dickinson County,25954
2020,Michigan,Eaton County,109180
2020,Michigan,Emmet County,34110
2020,Michigan,Genesee County,406210
2020,Michigan,Gladwin County,25384
2020,Michigan,Gogebic County,14379
2020,Michigan,Grand Traverse County,95238
2020,Michigan,Gratiot County,41766
2020,Michigan,Hillsdale County,45755
2020,Michigan,Houghton County,37357
2020,Michigan,Huron County,31417
2020,Michigan,Ingham County,284888
2020,Michigan,Ionia County,66802
2020,Michigan,Iosco County,25229
2020,Michigan,Iron County,11632
2020,Michigan,Isabella County,64400
2020,Michigan,Jackson County,160373
2020,Michigan,Kalamazoo County,261664
2020,Michigan,Kalkaska County,17939
2020,Michigan,Kent County,657986
2020,Michigan,Keweenaw County,2045
2020,Michigan,Lake County,12100
2020,Michigan,Lapeer County,88606
2020,Michigan,Leelanau County,22303
2020,Michigan,Lenawee County,99420
2020,Michigan,Livingston County,193861
2020,Michigan,Luce County,5337
2020,Michigan,Mackinac County,10827
2020,Michigan,Macomb County,881216
2020,Michigan,Manistee County,25024
2020,Michigan,Marquette County,66009
2020,Michigan,Mason County,29048
2020,Michigan,Mecosta County,39713
2020,Michigan,Menominee County,23497
2020,Michigan,Midland County,83490
2020,Michigan,Missaukee County,15043
2020,Michigan,Monroe County,154810
2020,Michigan,Montcalm County,66611
2020,Michigan,Montmorency County,9152
2020,Michigan,Muskegon County,175817
2020,Michigan,Newaygo County,49977
2020,Michigan,Oakland County,1274388
2020,Michigan,Oceana County,26654
2020,Michigan,Ogemaw County,20773
2020,Michigan,Ontonagon County,5806
2020,Michigan,Osceola County,22891
2020,Michigan,Oscoda County,8217
2020,Michigan,Otsego County,25095
2020,Michigan,Ottawa County,296187
2020,Michigan,Presque Isle County,12973
2020,Michigan,Roscommon County,23453
2020,Michigan,Saginaw County,190125
2020,Michigan,Sanilac County,40615
2020,Michigan,Schoolcraft County,8048
2020,Michigan,Shiawassee County,68099
2020,Michigan,St. Clair County,160376
2020,Michigan,St. Joseph County,60946
2020,Michigan,Tuscola County,53315
2020,Michigan,Van Buren County,75588
2020,Michigan,Washtenaw County,372259
2020,Michigan,Wayne County,1793543
2020,Michigan,Wexford County,33671
2020,Minnesota,Aitkin County,15697
2020,Minnesota,Anoka County,363889
2020,Minnesota,Becker County,35193
2020,Minnesota,Beltrami County,46236
2020,Minnesota,Benton County,41384
2020,Minnesota,Big Stone County,5160
2020,Minnesota,Blue Earth County,69115
2020,Minnesota,Brown County,25916
2020,Minnesota,Carlton County,36207
2020,Minnesota,Carver County,106933
2020,Minnesota,Cass County,30071
2020,Minnesota,Chippewa County,12594
2020,Minnesota,Chisago County,56618
2020,Minnesota,Clay County,65320
2020,Minnesota,Clearwater County,8522
2020,Minnesota,Cook County,5603
2020,Minnesota,Cottonwood County,11512
2020,Minnesota,Crow Wing County,66119
2020,Minnesota,Dakota County,439888
2020,Minnesota,Dodge County,20863
2020,Minnesota,Douglas County,38998
2020,Minnesota,Faribault County,13921
2020,Minnesota,Fillmore County,21232
2020,Minnesota,Freeborn County,30899
2020,Minnesota,Goodhue County,47574
2020,Minnesota,Grant County,6076
2020,Minnesota,Hennepin County,1281569
2020,Minnesota,Houston County,18848
2020,Minnesota,Hubbard County,21341
2020,Minnesota,Isanti County,41134
2020,Minnesota,Itasca County,45013
2020,Minnesota,Jackson County,9989
2020,Minnesota,Kanabec County,16035
2020,Minnesota,Kandiyohi County,43727
2020,Minnesota,Kittson County,4206
2020,Minnesota,Koochiching County,12068
2020,Minnesota,Lac Qui Parle County,6713
2020,Minnesota,Lake County,10912
2020,Minnesota,Lake Of The Woods County,3770
2020,Minnesota,Le Sueur County,28667
2020,Minnesota,Lincoln County,5643
2020,Minnesota,Lyon County,25269
2020,Minnesota,Mahnomen County,5415
2020,Minnesota,Marshall County,9046
2020,Minnesota,Martin County,20028
2020,Minnesota,Mcleod County,36773
2020,Minnesota,Meeker County,23416
2020,Minnesota,Mille Lacs County,26463
2020,Minnesota,Morrison County,34012
2020,Minnesota,Mower County,40030
2020,Minnesota,Murray County,8180
2020,Minnesota,Nicollet County,34452
2020,Minnesota,Nobles County,22287
2020,Minnesota,Norman County,6446
2020,Minnesota,Olmsted County,162844
2020,Minnesota,Otter Tail County,60066
2020,Minnesota,Pennington County,13990
2020,Minnesota,Pine County,28869
2020,Minnesota,Pipestone County,9422
2020,Minnesota,Polk County,31200
2020,Minnesota,Pope County,11310
2020,Minnesota,Ramsey County,552358
2020,Minnesota,Red Lake County,3929
2020,Minnesota,Redwood County,15417
2020,Minnesota,Renville County,14723
2020,Minnesota,Rice County,67098
2020,Minnesota,Rock County,9700
2020,Minnesota,Roseau County,15332
2020,Minnesota,Scott County,150925
2020,Minnesota,Sherburne County,97189
2020,Minnesota,Sibley County,14836
2020,Minnesota,St. Louis County,200230
2020,Minnesota,Stearns County,158298
2020,Minnesota,Steele County,37402
2020,Minnesota,Stevens County,9671
2020,Minnesota,Swift County,9845
2020,Minnesota,Todd County,25255
2020,Minnesota,Traverse County,3357
2020,Minnesota,Wabasha County,21384
2020,Minnesota,Wadena County,14064
2020,Minnesota,Waseca County,18959
2020,Minnesota,Washington County,267556
2020,Minnesota,Watonwan County,11260
2020,Minnesota,Wilkin County,6515
2020,Minnesota,Winona County,49667
2020,Minnesota,Wright County,141330
2020,Minnesota,Yellow Medicine County,9533
2020,Mississippi,Adams County,29540
2020,Mississippi,Alcorn County,34743
2020,Mississippi,Amite County,12724
2020,Mississippi,Attala County,17886
2020,Mississippi,Benton County,7648
2020,Mississippi,Bolivar County,30986
2020,Mississippi,Calhoun County,13260
2020,Mississippi,Carroll County,9999
2020,Mississippi,Chickasaw County,17107
2020,Mississippi,Choctaw County,8241
2020,Mississippi,Claiborne County,9138
2020,Mississippi,Clarke County,15613
2020,Mississippi,Clay County,18635
2020,Mississippi,Coahoma County,21389
2020,Mississippi,Copiah County,28373
2020,Mississippi,Covington County,18339
2020,Mississippi,Desoto County,185315
2020,Mississippi,Forrest County,78158
2020,Mississippi,Franklin County,7678
2020,Mississippi,George County,24352
2020,Mississippi,Greene County,13531
2020,Mississippi,Grenada County,21631
2020,Mississippi,Hancock County,46049
2020,Mississippi,Harrison County,208626
2020,Mississippi,Hinds County,227740
2020,Mississippi,Holmes County,17001
2020,Mississippi,Humphreys County,7791
2020,Mississippi,Issaquena County,1337
2020,Mississippi,Itawamba County,23858
2020,Mississippi,Jackson County,143254
2020,Mississippi,Jasper County,16364
2020,Mississippi,Jefferson County,7256
2020,Mississippi,Jefferson Davis County,11320
2020,Mississippi,Jones County,67244
2020,Mississippi,Kemper County,8983
2020,Mississippi,Lafayette County,55815
2020,Mississippi,Lamar County,64222
2020,Mississippi,Lauderdale County,72978
2020,Mississippi,Lawrence County,12015
2020,Mississippi,Leake County,21273
2020,Mississippi,Lee County,83347
2020,Mississippi,Leflore County,28338
2020,Mississippi,Lincoln County,34910
2020,Mississippi,Lowndes County,58880
2020,Mississippi,Madison County,109146
2020,Mississippi,Marion County,24441
2020,Mississippi,Marshall County,33747
2020,Mississippi,Monroe County,34178
2020,Mississippi,Montgomery County,9822
2020,Mississippi,Neshoba County,29092
2020,Mississippi,Newton County,21290
2020,Mississippi,Noxubee County,10281
2020,Mississippi,Oktibbeha County,51788
2020,Mississippi,Panola County,33199
2020,Mississippi,Pearl River County,56153
2020,Mississippi,Perry County,11513
2020,Mississippi,Pike County,40324
2020,Mississippi,Pontotoc County,31189
2020,Mississippi,Prentiss County,25006
2020,Mississippi,Quitman County,6174
2020,Mississippi,Rankin County,157034
2020,Mississippi,Scott County,27990
2020,Mississippi,Sharkey County,3799
2020,Mississippi,Simpson County,25949
2020,Mississippi,Smith County,14209
2020,Mississippi,Stone County,18341
2020,Mississippi,Sunflower County,25972
2020,Mississippi,Tallahatchie County,12713
2020,Mississippi,Tate County,28064
2020,Mississippi,Tippah County,21817
2020,Mississippi,Tishomingo County,18852
2020,Mississippi,Tunica County,9782
2020,Mississippi,Union County,27777
2020,Mississippi,Walthall County,13884
2020,Mississippi,Warren County,44722
2020,Mississippi,Washington County,44923
2020,Mississippi,Wayne County,19777
2020,Mississippi,Webster County,9928
2020,Mississippi,Wilkinson County,8586
2020,Mississippi,Winston County,17708
2020,Mississippi,Yalobusha County,12483
2020,Mississippi,Yazoo County,26744
2020,Missouri,Adair County,25318
2020,Missouri,Andrew County,18135
2020,Missouri,Atchison County,5302
2020,Missouri,Audrain County,24968
2020,Missouri,Barry County,34532
2020,Missouri,Barton County,11639
2020,Missouri,Bates County,16039
2020,Missouri,Benton County,19395
2020,Missouri,Bollinger County,10567
2020,Missouri,Boone County,183601
2020,Missouri,Buchanan County,84792
2020,Missouri,Butler County,42128
2020,Missouri,Caldwell County,8815
2020,Missouri,Callaway County,44290
2020,Missouri,Camden County,42742
2020,Missouri,Cape Girardeau County,81714
2020,Missouri,Carroll County,8487
2020,Missouri,Carter County,5199
2020,Missouri,Cass County,107825
2020,Missouri,Cedar County,14186
2020,Missouri,Chariton County,7412
2020,Missouri,Christian County,88836
2020,Missouri,Clark County,6637
2020,Missouri,Clay County,253344
2020,Missouri,Clinton County,21188
2020,Missouri,Cole County,77275
2020,Missouri,Cooper County,17107
2020,Missouri,Crawford County,23057
2020,Missouri,Dade County,7571
2020,Missouri,Dallas County,17069
2020,Missouri,Daviess County,8423
2020,Missouri,Dekalb County,11035
2020,Missouri,Dent County,14419
2020,Missouri,Douglas County,11574
2020,Missouri,Dunklin County,28280
2020,Missouri,Franklin County,104686
2020,Missouri,Gasconade County,14797
2020,Missouri,Gentry County,6162
2020,Missouri,Greene County,298903
2020,Missouri,Grundy County,9808
2020,Missouri,Harrison County,8157
2020,Missouri,Henry County,21941
2020,Missouri,Hickory County,8278
2020,Missouri,Holt County,4227
2020,Missouri,Howard County,10156
2020,Missouri,Howell County,39747
2020,Missouri,Iron County,9540
2020,Missouri,Jackson County,717209
2020,Missouri,Jasper County,122754
2020,Missouri,Jefferson County,226742
2020,Missouri,Johnson County,54006
2020,Missouri,Knox County,3741
2020,Missouri,Laclede County,36039
2020,Missouri,Lafayette County,32978
2020,Missouri,Lawrence County,38004
2020,Missouri,Lewis County,10038
2020,Missouri,Lincoln County,59573
2020,Missouri,Linn County,11876
2020,Missouri,Livingston County,14562
2020,Missouri,Macon County,15212
2020,Missouri,Madison County,12625
2020,Missouri,Maries County,8430
2020,Missouri,Marion County,28525
2020,Missouri,Mcdonald County,23302
2020,Missouri,Mercer County,3542
2020,Missouri,Miller County,24728
2020,Missouri,Mississippi County,12575
2020,Missouri,Moniteau County,15471
2020,Missouri,Monroe County,8667
2020,Missouri,Montgomery County,11313
2020,Missouri,Morgan County,20994
2020,Missouri,New Madrid County,16432
2020,Missouri,Newton County,58659
2020,Missouri,Nodaway County,21247
2020,Missouri,Oregon County,8634
2020,Missouri,Osage County,13270
2020,Missouri,Ozark County,8553
2020,Missouri,Pemiscot County,15664
2020,Missouri,Perry County,18957
2020,Missouri,Pettis County,42978
2020,Missouri,Phelps County,44638
2020,Missouri,Pike County,17587
2020,Missouri,Platte County,106720
2020,Missouri,Polk County,31513
2020,Missouri,Pulaski County,53956
2020,Missouri,Putnam County,4671
2020,Missouri,Ralls County,10352
2020,Missouri,Randolph County,24709
2020,Missouri,Ray County,23152
2020,Missouri,Reynolds County,6097
2020,Missouri,Ripley County,10679
2020,Missouri,Saline County,23333
2020,Missouri,Schuyler County,4032
2020,Missouri,Scotland County,4713
2020,Missouri,Scott County,38052
2020,Missouri,Shannon County,7028
2020,Missouri,Shelby County,6107
2020,Missouri,St. Charles County,405254
2020,Missouri,St. Clair County,9282
2020,Missouri,St. Francois County,66911
2020,Missouri,St. Louis County,1004141
2020,Missouri,St. Louis City,301580
2020,Missouri,Ste. Genevieve County,18481
2020,Missouri,Stoddard County,28675
2020,Missouri,Stone County,31079
2020,Missouri,Sullivan County,6000
2020,Missouri,Taney County,56063
2020,Missouri,Texas County,24483
2020,Missouri,Vernon County,19715
2020,Missouri,Warren County,35531
2020,Missouri,Washington County,23515
2020,Missouri,Wayne County,10976
2020,Missouri,Webster County,39089
2020,Missouri,Worth County,1970
2020,Missouri,Wright County,18185
2020,Montana,Beaverhead County,9372
2020,Montana,Big Horn County,13129
2020,Montana,Blaine County,7043
2020,Montana,Broadwater County,6776
2020,Montana,Carbon County,10479
2020,Montana,Carter County,1412
2020,Montana,Cascade County,84415
2020,Montana,Chouteau County,5899
2020,Montana,Custer County,11865
2020,Montana,Daniels County,1658
2020,Montana,Dawson County,8940
2020,Montana,Deer Lodge County,9423
2020,Montana,Fallon County,3045
2020,Montana,Fergus County,11444
2020,Montana,Flathead County,104356
2020,Montana,Gallatin County,118959
2020,Montana,Garfield County,1170
2020,Montana,Glacier County,13767
2020,Montana,Golden Valley County,825
2020,Montana,Granite County,3307
2020,Montana,Hill County,16309
2020,Montana,Jefferson County,12083
2020,Montana,Judith Basin County,2020
2020,Montana,Lake County,31131
2020,Montana,Lewis And Clark County,70971
2020,Montana,Liberty County,1954
2020,Montana,Lincoln County,19674
2020,Montana,Madison County,8623
2020,Montana,Mccone County,1727
2020,Montana,Meagher County,1926
2020,Montana,Mineral County,4529
2020,Montana,Missoula County,117922
2020,Montana,Musselshell County,4733
2020,Montana,Park County,17195
2020,Montana,Petroleum County,496
2020,Montana,Phillips County,4220
2020,Montana,Pondera County,5903
2020,Montana,Powder River County,1697
2020,Montana,Powell County,6947
2020,Montana,Prairie County,1093
2020,Montana,Ravalli County,44177
2020,Montana,Richland County,11499
2020,Montana,Roosevelt County,10798
2020,Montana,Rosebud County,8329
2020,Montana,Sanders County,12402
2020,Montana,Sheridan County,3540
2020,Montana,Silver Bow County,35129
2020,Montana,Stillwater County,8961
2020,Montana,Sweet Grass County,3680
2020,Montana,Teton County,6226
2020,Montana,Toole County,4971
2020,Montana,Treasure County,759
2020,Montana,Valley County,7576
2020,Montana,Wheatland County,2067
2020,Montana,Wibaux County,939
2020,Montana,Yellowstone County,164725
2020,Nebraska,Adams County,31191
2020,Nebraska,Antelope County,6298
2020,Nebraska,Arthur County,433
2020,Nebraska,Banner County,675
2020,Nebraska,Blaine County,427
2020,Nebraska,Boone County,5375
2020,Nebraska,Box Butte County,10838
2020,Nebraska,Boyd County,1811
2020,Nebraska,Brown County,2901
2020,Nebraska,Buffalo County,50086
2020,Nebraska,Burt County,6722
2020,Nebraska,Butler County,8359
2020,Nebraska,Cass County,26599
2020,Nebraska,Cedar County,8383
2020,Nebraska,Chase County,3893
2020,Nebraska,Cherry County,5454
2020,Nebraska,Cheyenne County,9473
2020,Nebraska,Clay County,6106
2020,Nebraska,Colfax County,10578
2020,Nebraska,Cuming County,9021
2020,Nebraska,Custer County,10540
2020,Nebraska,Dakota County,21587
2020,Nebraska,Dawes County,8198
2020,Nebraska,Dawson County,24105
2020,Nebraska,Deuel County,1836
2020,Nebraska,Dixon County,5593
2020,Nebraska,Dodge County,37165
2020,Nebraska,Douglas County,584532
2020,Nebraska,Dundy County,1658
2020,Nebraska,Fillmore County,5562
2020,Nebraska,Franklin County,2895
2020,Nebraska,Frontier County,2523
2020,Nebraska,Furnas County,4638
2020,Nebraska,Gage County,21708
2020,Nebraska,Garden County,1876
2020,Nebraska,Garfield County,1815
2020,Nebraska,Gosper County,1891
2020,Nebraska,Grant County,612
2020,Nebraska,Greeley County,2190
2020,Nebraska,Hall County,62891
2020,Nebraska,Hamilton County,9424
2020,Nebraska,Harlan County,3074
2020,Nebraska,Hayes County,851
2020,Nebraska,Hitchcock County,2613
2020,Nebraska,Holt County,10119
2020,Nebraska,Hooker County,710
2020,Nebraska,Howard County,6469
2020,Nebraska,Jefferson County,7243
2020,Nebraska,Johnson County,5289
2020,Nebraska,Kearney County,6692
2020,Nebraska,Keith County,8332
2020,Nebraska,Keya Paha County,769
2020,Nebraska,Kimball County,3433
2020,Nebraska,Knox County,8387
2020,Nebraska,Lancaster County,322609
2020,Nebraska,Lincoln County,34676
2020,Nebraska,Logan County,718
2020,Nebraska,Loup County,605
2020,Nebraska,Madison County,35586
2020,Nebraska,Mcpherson County,399
2020,Nebraska,Merrick County,7662
2020,Nebraska,Morrill County,4557
2020,Nebraska,Nance County,3376
2020,Nebraska,Nemaha County,7081
2020,Nebraska,Nuckolls County,4099
2020,Nebraska,Otoe County,15913
2020,Nebraska,Pawnee County,2549
2020,Nebraska,Perkins County,2857
2020,Nebraska,Phelps County,8965
2020,Nebraska,Pierce County,7315
2020,Nebraska,Platte County,34301
2020,Nebraska,Polk County,5212
2020,Nebraska,Red Willow County,10698
2020,Nebraska,Richardson County,7870
2020,Nebraska,Rock County,1263
2020,Nebraska,Saline County,14291
2020,Nebraska,Sarpy County,190600
2020,Nebraska,Saunders County,22268
2020,Nebraska,Scotts Bluff County,36088
2020,Nebraska,Seward County,17614
2020,Nebraska,Sheridan County,5127
2020,Nebraska,Sherman County,2959
2020,Nebraska,Sioux County,1136
2020,Nebraska,Stanton County,5846
2020,Nebraska,Thayer County,5034
2020,Nebraska,Thomas County,670
2020,Nebraska,Thurston County,6779
2020,Nebraska,Valley County,4062
2020,Nebraska,Washington County,20869
2020,Nebraska,Wayne County,9694
2020,Nebraska,Webster County,3391
2020,Nebraska,Wheeler County,770
2020,Nebraska,York County,14120
2020,Nevada,Carson City,58642
2020,Nevada,Churchill County,25516
2020,Nevada,Clark County,2265463
2020,Nevada,Douglas County,49483
2020,Nevada,Elko County,53704
2020,Nevada,Esmeralda County,730
2020,Nevada,Eureka County,1850
2020,Nevada,Humboldt County,17282
2020,Nevada,Lander County,5730
2020,Nevada,Lincoln County,4503
2020,Nevada,Lyon County,59236
2020,Nevada,Mineral County,4556
2020,Nevada,Nye County,51590
2020,Nevada,Pershing County,6650
2020,Nevada,Storey County,4098
2020,Nevada,Washoe County,486484
2020,Nevada,White Pine County,9077
2020,New Hampshire,Belknap County,63706
2020,New Hampshire,Carroll County,50109
2020,New Hampshire,Cheshire County,76446
2020,New Hampshire,Coos County,31266
2020,New Hampshire,Grafton County,91111
2020,New Hampshire,Hillsborough County,422934
2020,New Hampshire,Merrimack County,153812
2020,New Hampshire,Rockingham County,314181
2020,New Hampshire,Strafford County,130883
2020,New Hampshire,Sullivan County,43060
2020,New Jersey,Atlantic County,274541
2020,New Jersey,Bergen County,955719
2020,New Jersey,Burlington County,461858
2020,New Jersey,Camden County,523494
2020,New Jersey,Cape May County,95259
2020,New Jersey,Cumberland County,154163
2020,New Jersey,Essex County,863731
2020,New Jersey,Gloucester County,302297
2020,New Jersey,Hudson County,724839
2020,New Jersey,Hunterdon County,128951
2020,New Jersey,Mercer County,387336
2020,New Jersey,Middlesex County,863156
2020,New Jersey,Monmouth County,643623
2020,New Jersey,Morris County,509270
2020,New Jersey,Ocean County,637224
2020,New Jersey,Passaic County,524117
2020,New Jersey,Salem County,64832
2020,New Jersey,Somerset County,345358
2020,New Jersey,Sussex County,144223
2020,New Jersey,Union County,575346
2020,New Jersey,Warren County,109632
2020,New Mexico,Bernalillo County,676444
2020,New Mexico,Catron County,3580
2020,New Mexico,Chaves County,65155
2020,New Mexico,Cibola County,27165
2020,New Mexico,Colfax County,12391
2020,New Mexico,Curry County,48428
2020,New Mexico,De Baca County,1701
2020,New Mexico,Doña Ana County,219562
2020,New Mexico,Eddy County,62314
2020,New Mexico,Grant County,28186
2020,New Mexico,Guadalupe County,4450
2020,New Mexico,Harding County,654
2020,New Mexico,Hidalgo County,4176
2020,New Mexico,Lea County,74458
2020,New Mexico,Lincoln County,20267
2020,New Mexico,Los Alamos County,19418
2020,New Mexico,Luna County,25427
2020,New Mexico,Mckinley County,72906
2020,New Mexico,Mora County,4186
2020,New Mexico,Otero County,67839
2020,New Mexico,Quay County,8746
2020,New Mexico,Rio Arriba County,40358
2020,New Mexico,Roosevelt County,19193
2020,New Mexico,San Juan County,121661
2020,New Mexico,San Miguel County,27203
2020,New Mexico,Sandoval County,148831
2020,New Mexico,Santa Fe County,154825
2020,New Mexico,Sierra County,11575
2020,New Mexico,Socorro County,16597
2020,New Mexico,Taos County,34489
2020,New Mexico,Torrance County,15048
2020,New Mexico,Union County,4083
2020,New Mexico,Valencia County,76206
2020,New York,Albany County,314833
2020,New York,Allegany County,46457
2020,New York,Bronx County,1472659
2020,New York,Broome County,198686
2020,New York,Cattaraugus County,77044
2020,New York,Cayuga County,76244
2020,New York,Chautauqua County,127650
2020,New York,Chemung County,84149
2020,New York,Chenango County,47214
2020,New York,Clinton County,79839
2020,New York,Columbia County,61573
2020,New York,Cortland County,46813
2020,New York,Delaware County,44312
2020,New York,Dutchess County,295917
2020,New York,Erie County,954245
2020,New York,Essex County,37370
2020,New York,Franklin County,47559
2020,New York,Fulton County,53317
2020,New York,Genesee County,58386
2020,New York,Greene County,47935
2020,New York,Hamilton County,5109
2020,New York,Herkimer County,60140
2020,New York,Jefferson County,116716
2020,New York,Kings County,2736074
2020,New York,Lewis County,26587
2020,New York,Livingston County,61833
2020,New York,Madison County,68019
2020,New York,Monroe County,759436
2020,New York,Montgomery County,49534
2020,New York,Nassau County,1395773
2020,New York,New York County,1694249
2020,New York,Niagara County,212655
2020,New York,Oneida County,232129
2020,New York,Onondaga County,476525
2020,New York,Ontario County,112468
2020,New York,Orange County,401310
2020,New York,Orleans County,40341
2020,New York,Oswego County,117531
2020,New York,Otsego County,58518
2020,New York,Putnam County,97677
2020,New York,Queens County,2405471
2020,New York,Rensselaer County,161135
2020,New York,Richmond County,495747
2020,New York,Rockland County,338320
2020,New York,Saratoga County,235505
2020,New York,Schenectady County,158066
2020,New York,Schoharie County,29717
2020,New York,Schuyler County,17897
2020,New York,Seneca County,33803
2020,New York,St. Lawrence County,108506
2020,New York,Steuben County,93583
2020,New York,Suffolk County,1525916
2020,New York,Sullivan County,78615
2020,New York,Tioga County,48452
2020,New York,Tompkins County,105734
2020,New York,Ulster County,181851
2020,New York,Warren County,65732
2020,New York,Washington County,61289
2020,New York,Wayne County,91282
2020,New York,Westchester County,1004459
2020,New York,Wyoming County,40528
2020,New York,Yates County,24771
2020,North Carolina,Alamance County,171416
2020,North Carolina,Alexander County,36442
2020,North Carolina,Alleghany County,10889
2020,North Carolina,Anson County,22058
2020,North Carolina,Ashe County,26579
2020,North Carolina,Avery County,17802
2020,North Carolina,Beaufort County,44652
2020,North Carolina,Bertie County,17929
2020,North Carolina,Bladen County,29610
2020,North Carolina,Brunswick County,136693
2020,North Carolina,Buncombe County,269446
2020,North Carolina,Burke County,87570
2020,North Carolina,Cabarrus County,225804
2020,North Carolina,Caldwell County,80648
2020,North Carolina,Camden County,10359
2020,North Carolina,Carteret County,67686
2020,North Carolina,Caswell County,22738
2020,North Carolina,Catawba County,160606
2020,North Carolina,Chatham County,76283
2020,North Carolina,Cherokee County,28774
2020,North Carolina,Chowan County,13708
2020,North Carolina,Clay County,11085
2020,North Carolina,Cleveland County,99521
2020,North Carolina,Columbus County,50623
2020,North Carolina,Craven County,100716
2020,North Carolina,Cumberland County,334725
2020,North Carolina,Currituck County,28100
2020,North Carolina,Dare County,36912
2020,North Carolina,Davidson County,168934
2020,North Carolina,Davie County,42715
2020,North Carolina,Duplin County,48729
2020,North Carolina,Durham County,324834
2020,North Carolina,Edgecombe County,48903
2020,North Carolina,Forsyth County,382591
2020,North Carolina,Franklin County,68572
2020,North Carolina,Gaston County,227944
2020,North Carolina,Gates County,10479
2020,North Carolina,Graham County,8033
2020,North Carolina,Granville County,60990
2020,North Carolina,Greene County,20449
2020,North Carolina,Guilford County,541301
2020,North Carolina,Halifax County,48619
2020,North Carolina,Harnett County,133563
2020,North Carolina,Haywood County,62091
2020,North Carolina,Henderson County,116279
2020,North Carolina,Hertford County,21549
2020,North Carolina,Hoke County,52077
2020,North Carolina,Hyde County,4588
2020,North Carolina,Iredell County,186686
2020,North Carolina,Jackson County,43108
2020,North Carolina,Johnston County,215997
2020,North Carolina,Jones County,9171
2020,North Carolina,Lee County,63283
2020,North Carolina,Lenoir County,55126
2020,North Carolina,Lincoln County,86813
2020,North Carolina,Macon County,37020
2020,North Carolina,Madison County,21195
2020,North Carolina,Martin County,22031
2020,North Carolina,Mcdowell County,44582
2020,North Carolina,Mecklenburg County,1115481
2020,North Carolina,Mitchell County,14901
2020,North Carolina,Montgomery County,25752
2020,North Carolina,Moore County,99730
2020,North Carolina,Nash County,94980
2020,North Carolina,New Hanover County,225701
2020,North Carolina,Northampton County,17472
2020,North Carolina,Onslow County,204586
2020,North Carolina,Orange County,148704
2020,North Carolina,Pamlico County,12273
2020,North Carolina,Pasquotank County,40565
2020,North Carolina,Pender County,60200
2020,North Carolina,Perquimans County,13008
2020,North Carolina,Person County,39094
2020,North Carolina,Pitt County,170252
2020,North Carolina,Polk County,19328
2020,North Carolina,Randolph County,144167
2020,North Carolina,Richmond County,42955
2020,North Carolina,Robeson County,116534
2020,North Carolina,Rockingham County,91095
2020,North Carolina,Rowan County,146878
2020,North Carolina,Rutherford County,64446
2020,North Carolina,Sampson County,59037
2020,North Carolina,Scotland County,34170
2020,North Carolina,Stanly County,62503
2020,North Carolina,Stokes County,44524
2020,North Carolina,Surry County,71364
2020,North Carolina,Swain County,14113
2020,North Carolina,Transylvania County,32986
2020,North Carolina,Tyrrell County,3245
2020,North Carolina,Union County,238265
2020,North Carolina,Vance County,42578
2020,North Carolina,Wake County,1129416
2020,North Carolina,Warren County,18648
2020,North Carolina,Washington County,11000
2020,North Carolina,Watauga County,54088
2020,North Carolina,Wayne County,117334
2020,North Carolina,Wilkes County,65968
2020,North Carolina,Wilson County,78782
2020,North Carolina,Yadkin County,37211
2020,North Carolina,Yancey County,18474
2020,North Dakota,Adams County,2200
2020,North Dakota,Barnes County,10857
2020,North Dakota,Benson County,5957
2020,North Dakota,Billings County,948
2020,North Dakota,Bottineau County,6386
2020,North Dakota,Bowman County,2982
2020,North Dakota,Burke County,2207
2020,North Dakota,Burleigh County,98453
2020,North Dakota,Cass County,184519
2020,North Dakota,Cavalier County,3698
2020,North Dakota,Dickey County,4991
2020,North Dakota,Divide County,2199
2020,North Dakota,Dunn County,4092
2020,North Dakota,Eddy County,2347
2020,North Dakota,Emmons County,3300
2020,North Dakota,Foster County,3387
2020,North Dakota,Golden Valley County,1733
2020,North Dakota,Grand Forks County,73161
2020,North Dakota,Grant County,2300
2020,North Dakota,Griggs County,2302
2020,North Dakota,Hettinger County,2494
2020,North Dakota,Kidder County,2402
2020,North Dakota,Lamoure County,4097
2020,North Dakota,Logan County,1875
2020,North Dakota,Mchenry County,5343
2020,North Dakota,Mcintosh County,2525
2020,North Dakota,Mckenzie County,14699
2020,North Dakota,Mclean County,9777
2020,North Dakota,Mercer County,8353
2020,North Dakota,Morton County,33290
2020,North Dakota,Mountrail County,9819
2020,North Dakota,Nelson County,3020
2020,North Dakota,Oliver County,1875
2020,North Dakota,Pembina County,6846
2020,North Dakota,Pierce County,3987
2020,North Dakota,Ramsey County,11613
2020,North Dakota,Ransom County,5708
2020,North Dakota,Renville County,2276
2020,North Dakota,Richland County,16528
2020,North Dakota,Rolette County,12182
2020,North Dakota,Sargent County,3856
2020,North Dakota,Sheridan County,1267
2020,North Dakota,Sioux County,3902
2020,North Dakota,Slope County,708
2020,North Dakota,Stark County,33644
2020,North Dakota,Steele County,1794
2020,North Dakota,Stutsman County,21605
2020,North Dakota,Towner County,2169
2020,North Dakota,Traill County,8001
2020,North Dakota,Walsh County,10560
2020,North Dakota,Ward County,69921
2020,North Dakota,Wells County,3979
2020,North Dakota,Williams County,40957
2020,Ohio,Adams County,27478
2020,Ohio,Allen County,102214
2020,Ohio,Ashland County,52445
2020,Ohio,Ashtabula County,97578
2020,Ohio,Athens County,62426
2020,Ohio,Auglaize County,46426
2020,Ohio,Belmont County,66499
2020,Ohio,Brown County,43670
2020,Ohio,Butler County,390357
2020,Ohio,Carroll County,26734
2020,Ohio,Champaign County,38714
2020,Ohio,Clark County,135997
2020,Ohio,Clermont County,208609
2020,Ohio,Clinton County,42023
2020,Ohio,Columbiana County,101887
2020,Ohio,Coshocton County,36614
2020,Ohio,Crawford County,42023
2020,Ohio,Cuyahoga County,1264841
2020,Ohio,Darke County,51894
2020,Ohio,Defiance County,38282
2020,Ohio,Delaware County,214121
2020,Ohio,Erie County,75619
2020,Ohio,Fairfield County,158916
2020,Ohio,Fayette County,28943
2020,Ohio,Franklin County,1323813
2020,Ohio,Fulton County,42710
2020,Ohio,Gallia County,29219
2020,Ohio,Geauga County,95388
2020,Ohio,Greene County,167962
2020,Ohio,Guernsey County,38437
2020,Ohio,Hamilton County,830625
2020,Ohio,Hancock County,74928
2020,Ohio,Hardin County,30698
2020,Ohio,Harrison County,14484
2020,Ohio,Henry County,27665
2020,Ohio,Highland County,43313
2020,Ohio,Hocking County,28053
2020,Ohio,Holmes County,44232
2020,Ohio,Huron County,58556
2020,Ohio,Jackson County,32651
2020,Ohio,Jefferson County,65249
2020,Ohio,Knox County,62727
2020,Ohio,Lake County,232598
2020,Ohio,Lawrence County,58237
2020,Ohio,Licking County,178515
2020,Ohio,Logan County,46145
2020,Ohio,Lorain County,312969
2020,Ohio,Lucas County,431276
2020,Ohio,Madison County,43825
2020,Ohio,Mahoning County,228625
2020,Ohio,Marion County,65352
2020,Ohio,Medina County,182477
2020,Ohio,Meigs County,22206
2020,Ohio,Mercer County,42539
2020,Ohio,Miami County,108773
2020,Ohio,Monroe County,13377
2020,Ohio,Montgomery County,537306
2020,Ohio,Morgan County,13797
2020,Ohio,Morrow County,34949
2020,Ohio,Muskingum County,86418
2020,Ohio,Noble County,14121
2020,Ohio,Ottawa County,40361
2020,Ohio,Paulding County,18802
2020,Ohio,Perry County,35422
2020,Ohio,Pickaway County,58543
2020,Ohio,Pike County,27091
2020,Ohio,Portage County,161802
2020,Ohio,Preble County,40999
2020,Ohio,Putnam County,34452
2020,Ohio,Richland County,124935
2020,Ohio,Ross County,77091
2020,Ohio,Sandusky County,58898
2020,Ohio,Scioto County,74006
2020,Ohio,Seneca County,55072
2020,Ohio,Shelby County,48218
2020,Ohio,Stark County,374847
2020,Ohio,Summit County,540429
2020,Ohio,Trumbull County,201966
2020,Ohio,Tuscarawas County,93267
2020,Ohio,Union County,62796
2020,Ohio,Van Wert County,28929
2020,Ohio,Vinton County,12804
2020,Ohio,Warren County,242338
2020,Ohio,Washington County,59781
2020,Ohio,Wayne County,116895
2020,Ohio,Williams County,37102
2020,Ohio,Wood County,132251
2020,Ohio,Wyandot County,21908
2020,Oklahoma,Adair County,19503
2020,Oklahoma,Alfalfa County,5706
2020,Oklahoma,Atoka County,14148
2020,Oklahoma,Beaver County,5052
2020,Oklahoma,Beckham County,22407
2020,Oklahoma,Blaine County,8734
2020,Oklahoma,Bryan County,46065
2020,Oklahoma,Caddo County,26944
2020,Oklahoma,Canadian County,154413
2020,Oklahoma,Carter County,48003
2020,Oklahoma,Cherokee County,47077
2020,Oklahoma,Choctaw County,14208
2020,Oklahoma,Cimarron County,2291
2020,Oklahoma,Cleveland County,295520
2020,Oklahoma,Coal County,5267
2020,Oklahoma,Comanche County,121124
2020,Oklahoma,Cotton County,5524
2020,Oklahoma,Craig County,14115
2020,Oklahoma,Creek County,71752
2020,Oklahoma,Custer County,28515
2020,Oklahoma,Delaware County,40398
2020,Oklahoma,Dewey County,4485
2020,Oklahoma,Ellis County,3751
2020,Oklahoma,Garfield County,62847
2020,Oklahoma,Garvin County,25654
2020,Oklahoma,Grady County,54793
2020,Oklahoma,Grant County,4165
2020,Oklahoma,Greer County,5493
2020,Oklahoma,Harmon County,2491
2020,Oklahoma,Harper County,3263
2020,Oklahoma,Haskell County,11563
2020,Oklahoma,Hughes County,13363
2020,Oklahoma,Jackson County,24796
2020,Oklahoma,Jefferson County,5338
2020,Oklahoma,Johnston County,10271
2020,Oklahoma,Kay County,43694
2020,Oklahoma,Kingfisher County,15188
2020,Oklahoma,Kiowa County,8506
2020,Oklahoma,Latimer County,9443
2020,Oklahoma,Le Flore County,48129
2020,Oklahoma,Lincoln County,33465
2020,Oklahoma,Logan County,49551
2020,Oklahoma,Love County,10146
2020,Oklahoma,Major County,7782
2020,Oklahoma,Marshall County,15309
2020,Oklahoma,Mayes County,39043
2020,Oklahoma,Mcclain County,41665
2020,Oklahoma,Mccurtain County,30814
2020,Oklahoma,Mcintosh County,18945
2020,Oklahoma,Murray County,13906
2020,Oklahoma,Muskogee County,66340
2020,Oklahoma,Noble County,10929
2020,Oklahoma,Nowata County,9316
2020,Oklahoma,Okfuskee County,11315
2020,Oklahoma,Oklahoma County,796302
2020,Oklahoma,Okmulgee County,36704
2020,Oklahoma,Osage County,45814
2020,Oklahoma,Ottawa County,30293
2020,Oklahoma,Pawnee County,15558
2020,Oklahoma,Payne County,81645
2020,Oklahoma,Pittsburg County,43767
2020,Oklahoma,Pontotoc County,38066
2020,Oklahoma,Pottawatomie County,72451
2020,Oklahoma,Pushmataha County,10813
2020,Oklahoma,Roger Mills County,3442
2020,Oklahoma,Rogers County,95237
2020,Oklahoma,Seminole County,23554
2020,Oklahoma,Sequoyah County,39272
2020,Oklahoma,Stephens County,42847
2020,Oklahoma,Texas County,21378
2020,Oklahoma,Tillman County,6963
2020,Oklahoma,Tulsa County,669274
2020,Oklahoma,Wagoner County,80984
2020,Oklahoma,Washington County,52452
2020,Oklahoma,Washita County,10920
2020,Oklahoma,Woods County,8621
2020,Oklahoma,Woodward County,20471
2020,Oregon,Baker County,16669
2020,Oregon,Benton County,95186
2020,Oregon,Clackamas County,421397
2020,Oregon,Clatsop County,41072
2020,Oregon,Columbia County,52598
2020,Oregon,Coos County,64928
2020,Oregon,Crook County,24732
2020,Oregon,Curry County,23449
2020,Oregon,Deschutes County,198254
2020,Oregon,Douglas County,111200
2020,Oregon,Gilliam County,1996
2020,Oregon,Grant County,7239
2020,Oregon,Harney County,7501
2020,Oregon,Hood River County,23979
2020,Oregon,Jackson County,223254
2020,Oregon,Jefferson County,24502
2020,Oregon,Josephine County,88087
2020,Oregon,Klamath County,69413
2020,Oregon,Lake County,8161
2020,Oregon,Lane County,382968
2020,Oregon,Lincoln County,50391
2020,Oregon,Linn County,128615
2020,Oregon,Malheur County,31566
2020,Oregon,Marion County,345918
2020,Oregon,Morrow County,12182
2020,Oregon,Multnomah County,815433
2020,Oregon,Polk County,87427
2020,Oregon,Sherman County,1869
2020,Oregon,Tillamook County,27388
2020,Oregon,Umatilla County,80077
2020,Oregon,Union County,26197
2020,Oregon,Wallowa County,7386
2020,Oregon,Wasco County,26666
2020,Oregon,Washington County,600365
2020,Oregon,Wheeler County,1448
2020,Oregon,Yamhill County,107725
2020,Pennsylvania,Adams County,103848
2020,Pennsylvania,Allegheny County,1250570
2020,Pennsylvania,Armstrong County,65557
2020,Pennsylvania,Beaver County,168221
2020,Pennsylvania,Bedford County,47571
2020,Pennsylvania,Berks County,428841
2020,Pennsylvania,Blair County,122821
2020,Pennsylvania,Bradford County,59970
2020,Pennsylvania,Bucks County,646529
2020,Pennsylvania,Butler County,193777
2020,Pennsylvania,Cambria County,133483
2020,Pennsylvania,Cameron County,4545
2020,Pennsylvania,Carbon County,64748
2020,Pennsylvania,Centre County,158172
2020,Pennsylvania,Chester County,534409
2020,Pennsylvania,Clarion County,37231
2020,Pennsylvania,Clearfield County,80554
2020,Pennsylvania,Clinton County,37450
2020,Pennsylvania,Columbia County,64718
2020,Pennsylvania,Crawford County,83939
2020,Pennsylvania,Cumberland County,259480
2020,Pennsylvania,Dauphin County,286395
2020,Pennsylvania,Delaware County,576840
2020,Pennsylvania,Elk County,30990
2020,Pennsylvania,Erie County,270873
2020,Pennsylvania,Fayette County,128806
2020,Pennsylvania,Forest County,6977
2020,Pennsylvania,Franklin County,155943
2020,Pennsylvania,Fulton County,14559
2020,Pennsylvania,Greene County,35956
2020,Pennsylvania,Huntingdon County,44092
2020,Pennsylvania,Indiana County,83245
2020,Pennsylvania,Jefferson County,44507
2020,Pennsylvania,Juniata County,23503
2020,Pennsylvania,Lackawanna County,215894
2020,Pennsylvania,Lancaster County,552986
2020,Pennsylvania,Lawrence County,86052
2020,Pennsylvania,Lebanon County,143252
2020,Pennsylvania,Lehigh County,374571
2020,Pennsylvania,Luzerne County,325592
2020,Pennsylvania,Lycoming County,114180
2020,Pennsylvania,Mckean County,40431
2020,Pennsylvania,Mercer County,110658
2020,Pennsylvania,Mifflin County,46146
2020,Pennsylvania,Monroe County,168333
2020,Pennsylvania,Montgomery County,856560
2020,Pennsylvania,Montour County,18130
2020,Pennsylvania,Northampton County,312951
2020,Pennsylvania,Northumberland County,91641
2020,Pennsylvania,Perry County,45845
2020,Pennsylvania,Philadelphia County,1603796
2020,Pennsylvania,Pike County,58540
2020,Pennsylvania,Potter County,16394
2020,Pennsylvania,Schuylkill County,143059
2020,Pennsylvania,Snyder County,39744
2020,Pennsylvania,Somerset County,74125
2020,Pennsylvania,Sullivan County,5840
2020,Pennsylvania,Susquehanna County,38440
2020,Pennsylvania,Tioga County,41048
2020,Pennsylvania,Union County,42678
2020,Pennsylvania,Venango County,50453
2020,Pennsylvania,Warren County,38581
2020,Pennsylvania,Washington County,209354
2020,Pennsylvania,Wayne County,51152
2020,Pennsylvania,Westmoreland County,354685
2020,Pennsylvania,Wyoming County,26065
2020,Pennsylvania,York County,456448
2020,Rhode Island,Bristol County,50793
2020,Rhode Island,Kent County,170366
2020,Rhode Island,Newport County,85642
2020,Rhode Island,Providence County,660744
2020,Rhode Island,Washington County,129846
2020,South Carolina,Abbeville County,24294
2020,South Carolina,Aiken County,168808
2020,South Carolina,Allendale County,8045
2020,South Carolina,Anderson County,203721
2020,South Carolina,Bamberg County,13314
2020,South Carolina,Barnwell County,20593
2020,South Carolina,Beaufort County,187117
2020,South Carolina,Berkeley County,229865
2020,South Carolina,Calhoun County,14127
2020,South Carolina,Charleston County,408229
2020,South Carolina,Cherokee County,56222
2020,South Carolina,Chester County,32293
2020,South Carolina,Chesterfield County,43268
2020,South Carolina,Clarendon County,31145
2020,South Carolina,Colleton County,38606
2020,South Carolina,Darlington County,62895
2020,South Carolina,Dillon County,28291
2020,South Carolina,Dorchester County,161546
2020,South Carolina,Edgefield County,25649
2020,South Carolina,Fairfield County,20956
2020,South Carolina,Florence County,137063
2020,South Carolina,Georgetown County,63400
2020,South Carolina,Greenville County,525545
2020,South Carolina,Greenwood County,69351
2020,South Carolina,Hampton County,18560
2020,South Carolina,Horry County,351030
2020,South Carolina,Jasper County,28797
2020,South Carolina,Kershaw County,65405
2020,South Carolina,Lancaster County,96017
2020,South Carolina,Laurens County,67541
2020,South Carolina,Lee County,16530
2020,South Carolina,Lexington County,293986
2020,South Carolina,Marion County,29184
2020,South Carolina,Marlboro County,26663
2020,South Carolina,Mccormick County,9526
2020,South Carolina,Newberry County,37723
2020,South Carolina,Oconee County,78608
2020,South Carolina,Orangeburg County,84224
2020,South Carolina,Pickens County,131403
2020,South Carolina,Richland County,416153
2020,South Carolina,Saluda County,18858
2020,South Carolina,Spartanburg County,327989
2020,South Carolina,Sumter County,105555
2020,South Carolina,Union County,27240
2020,South Carolina,Williamsburg County,31024
2020,South Carolina,York County,282097
2020,South Dakota,Aurora County,2752
2020,South Dakota,Beadle County,19144
2020,South Dakota,Bennett County,3378
2020,South Dakota,Bon Homme County,6998
2020,South Dakota,Brookings County,34372
2020,South Dakota,Brown County,38301
2020,South Dakota,Brule County,5252
2020,South Dakota,Buffalo County,1946
2020,South Dakota,Butte County,10241
2020,South Dakota,Campbell County,1376
2020,South Dakota,Charles Mix County,9377
2020,South Dakota,Clark County,3837
2020,South Dakota,Clay County,14968
2020,South Dakota,Codington County,28320
2020,South Dakota,Corson County,3901
2020,South Dakota,Custer County,8320
2020,South Dakota,Davison County,19957
2020,South Dakota,Day County,5443
2020,South Dakota,Deuel County,4295
2020,South Dakota,Dewey County,5239
2020,South Dakota,Douglas County,2834
2020,South Dakota,Edmunds County,3980
2020,South Dakota,Fall River County,6975
2020,South Dakota,Faulk County,2122
2020,South Dakota,Grant County,7557
2020,South Dakota,Gregory County,3997
2020,South Dakota,Haakon County,1872
2020,South Dakota,Hamlin County,6163
2020,South Dakota,Hand County,3155
2020,South Dakota,Hanson County,3461
2020,South Dakota,Harding County,1308
2020,South Dakota,Hughes County,17768
2020,South Dakota,Hutchinson County,7429
2020,South Dakota,Hyde County,1260
2020,South Dakota,Jackson County,2805
2020,South Dakota,Jerauld County,1667
2020,South Dakota,Jones County,920
2020,South Dakota,Kingsbury County,5179
2020,South Dakota,Lake County,11054
2020,South Dakota,Lawrence County,25771
2020,South Dakota,Lincoln County,65163
2020,South Dakota,Lyman County,3718
2020,South Dakota,Marshall County,4312
2020,South Dakota,Mccook County,5673
2020,South Dakota,Mcpherson County,2411
2020,South Dakota,Meade County,29846
2020,South Dakota,Mellette County,1918
2020,South Dakota,Miner County,2298
2020,South Dakota,Minnehaha County,197223
2020,South Dakota,Moody County,6340
2020,South Dakota,Pennington County,109235
2020,South Dakota,Perkins County,2838
2020,South Dakota,Potter County,2472
2020,South Dakota,Roberts County,10278
2020,South Dakota,Sanborn County,2334
2020,South Dakota,Oglala Lakota County,13673
2020,South Dakota,Spink County,6360
2020,South Dakota,Stanley County,2980
2020,South Dakota,Sully County,1448
2020,South Dakota,Todd County,9318
2020,South Dakota,Tripp County,5629
2020,South Dakota,Turner County,8661
2020,South Dakota,Union County,16813
2020,South Dakota,Walworth County,5320
2020,South Dakota,Yankton County,23300
2020,South Dakota,Ziebach County,2414
2020,Tennessee,Anderson County,77125
2020,Tennessee,Bedford County,50234
2020,Tennessee,Benton County,15863
2020,Tennessee,Bledsoe County,14916
2020,Tennessee,Blount County,135283
2020,Tennessee,Bradley County,108621
2020,Tennessee,Campbell County,39275
2020,Tennessee,Cannon County,14508
2020,Tennessee,Carroll County,28439
2020,Tennessee,Carter County,56355
2020,Tennessee,Cheatham County,41072
2020,Tennessee,Chester County,17342
2020,Tennessee,Claiborne County,32041
2020,Tennessee,Clay County,7582
2020,Tennessee,Cocke County,35999
2020,Tennessee,Coffee County,57887
2020,Tennessee,Crockett County,13915
2020,Tennessee,Cumberland County,61149
2020,Tennessee,Davidson County,715877
2020,Tennessee,Dekalb County,20075
2020,Tennessee,Decatur County,11439
2020,Tennessee,Dickson County,54310
2020,Tennessee,Dyer County,36799
2020,Tennessee,Fayette County,41994
2020,Tennessee,Fentress County,18490
2020,Tennessee,Franklin County,42774
2020,Tennessee,Gibson County,50434
2020,Tennessee,Giles County,30338
2020,Tennessee,Grainger County,23529
2020,Tennessee,Greene County,70161
2020,Tennessee,Grundy County,13525
2020,Tennessee,Hamblen County,64499
2020,Tennessee,Hamilton County,366199
2020,Tennessee,Hancock County,6662
2020,Tennessee,Hardeman County,25463
2020,Tennessee,Hardin County,26827
2020,Tennessee,Hawkins County,56720
2020,Tennessee,Haywood County,17862
2020,Tennessee,Henderson County,27847
2020,Tennessee,Henry County,32197
2020,Tennessee,Hickman County,24924
2020,Tennessee,Houston County,8282
2020,Tennessee,Humphreys County,18989
2020,Tennessee,Jackson County,11620
2020,Tennessee,Jefferson County,54680
2020,Tennessee,Johnson County,17951
2020,Tennessee,Knox County,478976
2020,Tennessee,Lake County,7007
2020,Tennessee,Lauderdale County,25138
2020,Tennessee,Lawrence County,44158
2020,Tennessee,Lewis County,12578
2020,Tennessee,Lincoln County,35323
2020,Tennessee,Loudon County,54891
2020,Tennessee,Macon County,25215
2020,Tennessee,Madison County,98822
2020,Tennessee,Marion County,28837
2020,Tennessee,Marshall County,34318
2020,Tennessee,Maury County,100974
2020,Tennessee,Mcminn County,53277
2020,Tennessee,Mcnairy County,25867
2020,Tennessee,Meigs County,12757
2020,Tennessee,Monroe County,46261
2020,Tennessee,Montgomery County,220068
2020,Tennessee,Moore County,6464
2020,Tennessee,Morgan County,21030
2020,Tennessee,Obion County,30795
2020,Tennessee,Overton County,22513
2020,Tennessee,Perry County,8362
2020,Tennessee,Pickett County,4998
2020,Tennessee,Polk County,17545
2020,Tennessee,Putnam County,79853
2020,Tennessee,Rhea County,32873
2020,Tennessee,Roane County,53406
2020,Tennessee,Robertson County,72804
2020,Tennessee,Rutherford County,341482
2020,Tennessee,Scott County,21854
2020,Tennessee,Sequatchie County,15831
2020,Tennessee,Sevier County,98382
2020,Tennessee,Shelby County,929738
2020,Tennessee,Smith County,19907
2020,Tennessee,Stewart County,13656
2020,Tennessee,Sullivan County,158164
2020,Tennessee,Sumner County,196286
2020,Tennessee,Tipton County,60972
2020,Tennessee,Trousdale County,11612
2020,Tennessee,Unicoi County,17923
2020,Tennessee,Union County,19802
2020,Tennessee,Van Buren County,6167
2020,Tennessee,Warren County,40950
2020,Tennessee,Washington County,133003
2020,Tennessee,Wayne County,16228
2020,Tennessee,Weakley County,32900
2020,Tennessee,White County,27353
2020,Tennessee,Williamson County,247727
2020,Tennessee,Wilson County,147738
2020,Texas,Anderson County,57922
2020,Texas,Andrews County,18610
2020,Texas,Angelina County,86396
2020,Texas,Aransas County,23827
2020,Texas,Archer County,8559
2020,Texas,Armstrong County,1849
2020,Texas,Atascosa County,48979
2020,Texas,Austin County,30163
2020,Texas,Bailey County,6905
2020,Texas,Bandera County,20847
2020,Texas,Bastrop County,97217
2020,Texas,Baylor County,3464
2020,Texas,Bee County,31050
2020,Texas,Bell County,370651
2020,Texas,Bexar County,2009315
2020,Texas,Blanco County,11374
2020,Texas,Borden County,629
2020,Texas,Bosque County,18229
2020,Texas,Bowie County,92892
2020,Texas,Brazoria County,372028
2020,Texas,Brazos County,233848
2020,Texas,Brewster County,9544
2020,Texas,Briscoe County,1433
2020,Texas,Brooks County,7081
2020,Texas,Brown County,38096
2020,Texas,Burleson County,17641
2020,Texas,Burnet County,49128
2020,Texas,Caldwell County,45883
2020,Texas,Calhoun County,20104
2020,Texas,Callahan County,13706
2020,Texas,Cameron County,421013
2020,Texas,Camp County,12463
2020,Texas,Carson County,5800
2020,Texas,Cass County,28448
2020,Texas,Castro County,7373
2020,Texas,Chambers County,46573
2020,Texas,Cherokee County,50410
2020,Texas,Childress County,6666
2020,Texas,Clay County,10215
2020,Texas,Cochran County,2548
2020,Texas,Coke County,3281
2020,Texas,Coleman County,7686
2020,Texas,Collin County,1064464
2020,Texas,Collingsworth County,2651
2020,Texas,Colorado County,20557
2020,Texas,Comal County,161490
2020,Texas,Comanche County,13593
2020,Texas,Concho County,3300
2020,Texas,Cooke County,41667
2020,Texas,Coryell County,83094
2020,Texas,Cottle County,1378
2020,Texas,Crane County,4677
2020,Texas,Crockett County,3095
2020,Texas,Crosby County,5129
2020,Texas,Culberson County,2187
2020,Texas,Dallam County,7116
2020,Texas,Dallas County,2613562
2020,Texas,Dawson County,12457
2020,Texas,Dewitt County,19829
2020,Texas,Deaf Smith County,18584
2020,Texas,Delta County,5228
2020,Texas,Denton County,906434
2020,Texas,Dickens County,1769
2020,Texas,Dimmit County,8612
2020,Texas,Donley County,3263
2020,Texas,Duval County,9829
2020,Texas,Eastland County,17726
2020,Texas,Ector County,165169
2020,Texas,Edwards County,1425
2020,Texas,El Paso County,865659
2020,Texas,Ellis County,192461
2020,Texas,Erath County,42546
2020,Texas,Falls County,16966
2020,Texas,Fannin County,35654
2020,Texas,Fayette County,24430
2020,Texas,Fisher County,3674
2020,Texas,Floyd County,5398
2020,Texas,Foard County,1094
2020,Texas,Fort Bend County,822792
2020,Texas,Franklin County,10360
2020,Texas,Freestone County,19442
2020,Texas,Frio County,18380
2020,Texas,Gaines County,21596
2020,Texas,Galveston County,350687
2020,Texas,Garza County,5821
2020,Texas,Gillespie County,26725
2020,Texas,Glasscock County,1115
2020,Texas,Goliad County,7017
2020,Texas,Gonzales County,19659
2020,Texas,Gray County,21230
2020,Texas,Grayson County,135554
2020,Texas,Gregg County,124238
2020,Texas,Grimes County,29274
2020,Texas,Guadalupe County,172712
2020,Texas,Hale County,32515
2020,Texas,Hall County,2820
2020,Texas,Hamilton County,8224
2020,Texas,Hansford County,5282
2020,Texas,Hardeman County,3548
2020,Texas,Hardin County,56231
2020,Texas,Harris County,4731134
2020,Texas,Harrison County,68835
2020,Texas,Hartley County,5377
2020,Texas,Haskell County,5423
2020,Texas,Hays County,241061
2020,Texas,Hemphill County,3385
2020,Texas,Henderson County,82146
2020,Texas,Hidalgo County,870784
2020,Texas,Hill County,35878
2020,Texas,Hockley County,21542
2020,Texas,Hood County,61599
2020,Texas,Hopkins County,36787
2020,Texas,Houston County,22061
2020,Texas,Howard County,34858
2020,Texas,Hudspeth County,3202
2020,Texas,Hunt County,99967
2020,Texas,Hutchinson County,20621
2020,Texas,Irion County,1513
2020,Texas,Jack County,8474
2020,Texas,Jackson County,14991
2020,Texas,Jasper County,32984
2020,Texas,Jeff Davis County,1997
2020,Texas,Jefferson County,256525
2020,Texas,Jim Hogg County,4832
2020,Texas,Jim Wells County,38892
2020,Texas,Johnson County,179924
2020,Texas,Jones County,19660
2020,Texas,Karnes County,14710
2020,Texas,Kaufman County,145310
2020,Texas,Kendall County,44277
2020,Texas,Kenedy County,348
2020,Texas,Kent County,752
2020,Texas,Kerr County,52594
2020,Texas,Kimble County,4282
2020,Texas,King County,265
2020,Texas,Kinney County,3133
2020,Texas,Kleberg County,31040
2020,Texas,Knox County,3356
2020,Texas,La Salle County,6663
2020,Texas,Lamar County,50079
2020,Texas,Lamb County,13046
2020,Texas,Lampasas County,21625
2020,Texas,Lavaca County,20337
2020,Texas,Lee County,17482
2020,Texas,Leon County,15714
2020,Texas,Liberty County,91627
2020,Texas,Limestone County,22149
2020,Texas,Lipscomb County,3057
2020,Texas,Live Oak County,11335
2020,Texas,Llano County,21243
2020,Texas,Loving County,64
2020,Texas,Lubbock County,310645
2020,Texas,Lynn County,5592
2020,Texas,Madison County,13461
2020,Texas,Marion County,9725
2020,Texas,Martin County,5238
2020,Texas,Mason County,3948
2020,Texas,Matagorda County,36254
2020,Texas,Maverick County,57887
2020,Texas,Mcculloch County,7629
2020,Texas,Mclennan County,260577
2020,Texas,Mcmullen County,600
2020,Texas,Medina County,50750
2020,Texas,Menard County,1962
2020,Texas,Midland County,169983
2020,Texas,Milam County,24754
2020,Texas,Mills County,4453
2020,Texas,Mitchell County,8990
2020,Texas,Montague County,19969
2020,Texas,Montgomery County,620445
2020,Texas,Moore County,21360
2020,Texas,Morris County,11973
2020,Texas,Motley County,1062
2020,Texas,Nacogdoches County,64644
2020,Texas,Navarro County,52616
2020,Texas,Newton County,12216
2020,Texas,Nolan County,14737
2020,Texas,Nueces County,353171
2020,Texas,Ochiltree County,10015
2020,Texas,Oldham County,1759
2020,Texas,Orange County,84811
2020,Texas,Palo Pinto County,28411
2020,Texas,Panola County,22488
2020,Texas,Parker County,148227
2020,Texas,Parmer County,9876
2020,Texas,Pecos County,15195
2020,Texas,Polk County,50123
2020,Texas,Potter County,118523
2020,Texas,Presidio County,6133
2020,Texas,Rains County,12165
2020,Texas,Randall County,140761
2020,Texas,Reagan County,3385
2020,Texas,Real County,2756
2020,Texas,Red River County,11589
2020,Texas,Reeves County,14748
2020,Texas,Refugio County,6744
2020,Texas,Roberts County,828
2020,Texas,Robertson County,16755
2020,Texas,Rockwall County,107817
2020,Texas,Runnels County,9899
2020,Texas,Rusk County,52213
2020,Texas,Sabine County,9896
2020,Texas,San Augustine County,7918
2020,Texas,San Jacinto County,27396
2020,Texas,San Patricio County,68759
2020,Texas,San Saba County,5724
2020,Texas,Schleicher County,2451
2020,Texas,Scurry County,16933
2020,Texas,Shackelford County,3103
2020,Texas,Shelby County,24020
2020,Texas,Sherman County,2781
2020,Texas,Smith County,233483
2020,Texas,Somervell County,9209
2020,Texas,Starr County,65921
2020,Texas,Stephens County,9103
2020,Texas,Sterling County,1373
2020,Texas,Stonewall County,1245
2020,Texas,Sutton County,3374
2020,Texas,Swisher County,6970
2020,Texas,Tarrant County,2110648
2020,Texas,Taylor County,143212
2020,Texas,Terrell County,759
2020,Texas,Terry County,11831
2020,Texas,Throckmorton County,1439
2020,Texas,Titus County,31246
2020,Texas,Tom Green County,120005
2020,Texas,Travis County,1290185
2020,Texas,Trinity County,13601
2020,Texas,Tyler County,19796
2020,Texas,Upshur County,40885
2020,Texas,Upton County,3309
2020,Texas,Uvalde County,24564
2020,Texas,Val Verde County,47587
2020,Texas,Van Zandt County,59543
2020,Texas,Victoria County,91320
2020,Texas,Walker County,76397
2020,Texas,Waller County,56796
2020,Texas,Ward County,11649
2020,Texas,Washington County,35802
2020,Texas,Webb County,267111
2020,Texas,Wharton County,41578
2020,Texas,Wheeler County,4988
2020,Texas,Wichita County,129351
2020,Texas,Wilbarger County,12888
2020,Texas,Willacy County,20163
2020,Texas,Williamson County,609024
2020,Texas,Wilson County,49754
2020,Texas,Winkler County,7795
2020,Texas,Wise County,68633
2020,Texas,Wood County,44848
2020,Texas,Yoakum County,7697
2020,Texas,Young County,17860
2020,Texas,Zapata County,13889
2020,Texas,Zavala County,9668
2020,Utah,Beaver County,7072
2020,Utah,Box Elder County,57658
2020,Utah,Cache County,133146
2020,Utah,Carbon County,20414
2020,Utah,Daggett County,937
2020,Utah,Davis County,362673
2020,Utah,Duchesne County,19600
2020,Utah,Emery County,9825
2020,Utah,Garfield County,5087
2020,Utah,Grand County,9675
2020,Utah,Iron County,57290
2020,Utah,Juab County,11778
2020,Utah,Kane County,7668
2020,Utah,Millard County,12981
2020,Utah,Morgan County,12297
2020,Utah,Piute County,1439
2020,Utah,Rich County,2509
2020,Utah,Salt Lake County,1185234
2020,Utah,San Juan County,14517
2020,Utah,Sanpete County,28438
2020,Utah,Sevier County,21513
2020,Utah,Summit County,42362
2020,Utah,Tooele County,72703
2020,Utah,Uintah County,35621
2020,Utah,Utah County,659389
2020,Utah,Wasatch County,34783
2020,Utah,Washington County,180285
2020,Utah,Wayne County,2488
2020,Utah,Weber County,262219
2020,Vermont,Addison County,37362
2020,Vermont,Bennington County,37347
2020,Vermont,Caledonia County,30236
2020,Vermont,Chittenden County,168329
2020,Vermont,Essex County,5916
2020,Vermont,Franklin County,49948
2020,Vermont,Grand Isle County,7289
2020,Vermont,Lamoille County,25944
2020,Vermont,Orange County,29274
2020,Vermont,Orleans County,27393
2020,Vermont,Rutland County,60575
2020,Vermont,Washington County,59803
2020,Vermont,Windham County,45900
2020,Vermont,Windsor County,57756
2020,Virginia,Accomack County,33422
2020,Virginia,Albemarle County,112396
2020,Virginia,Alexandria City,159465
2020,Virginia,Alleghany County,15224
2020,Virginia,Amelia County,13257
2020,Virginia,Amherst County,31310
2020,Virginia,Appomattox County,16113
2020,Virginia,Arlington County,238645
2020,Virginia,Augusta County,77480
2020,Virginia,Bath County,4208
2020,Virginia,Bedford County,79465
2020,Virginia,Bland County,6269
2020,Virginia,Botetourt County,33595
2020,Virginia,Bristol City,17217
2020,Virginia,Brunswick County,15847
2020,Virginia,Buchanan County,20352
2020,Virginia,Buckingham County,16827
2020,Virginia,Buena Vista City,6640
2020,Virginia,Campbell County,55699
2020,Virginia,Caroline County,30886
2020,Virginia,Carroll County,29157
2020,Virginia,Charles City County,6772
2020,Virginia,Charlotte County,11528
2020,Virginia,Charlottesville City,46554
2020,Virginia,Chesapeake City,249420
2020,Virginia,Chesterfield County,364546
2020,Virginia,Clarke County,14780
2020,Virginia,Colonial Heights City,18169
2020,Virginia,Covington City,5742
2020,Virginia,Craig County,4892
2020,Virginia,Culpeper County,52549
2020,Virginia,Cumberland County,9677
2020,Virginia,Danville City,42592
2020,Virginia,Dickenson County,14123
2020,Virginia,Dinwiddie County,27945
2020,Virginia,Emporia City,5762
2020,Virginia,Essex County,10598
2020,Virginia,Fairfax County,1150309
2020,Virginia,Fairfax City,24147
2020,Virginia,Falls Church City,14655
2020,Virginia,Fauquier County,72975
2020,Virginia,Floyd County,15472
2020,Virginia,Fluvanna County,27250
2020,Virginia,Franklin County,54474
2020,Virginia,Franklin City,8178
2020,Virginia,Frederick County,91415
2020,Virginia,Fredericksburg City,27977
2020,Virginia,Galax City,6725
2020,Virginia,Giles County,16792
2020,Virginia,Gloucester County,38715
2020,Virginia,Goochland County,24729
2020,Virginia,Grayson County,15339
2020,Virginia,Greene County,20555
2020,Virginia,Greensville County,11389
2020,Virginia,Halifax County,34025
2020,Virginia,Hampton City,137150
2020,Virginia,Hanover County,109978
2020,Virginia,Harrisonburg City,51818
2020,Virginia,Henrico County,334392
2020,Virginia,Henry County,50950
2020,Virginia,Highland County,2232
2020,Virginia,Hopewell City,23035
2020,Virginia,Isle Of Wight County,38607
2020,Virginia,James City County,78254
2020,Virginia,King George County,26726
2020,Virginia,King William County,17812
2020,Virginia,King And Queen County,6606
2020,Virginia,Lancaster County,10918
2020,Virginia,Lee County,22170
2020,Virginia,Lexington City,7321
2020,Virginia,Loudoun County,420958
2020,Virginia,Louisa County,37595
2020,Virginia,Lunenburg County,11934
2020,Virginia,Lynchburg City,79008
2020,Virginia,Madison County,13836
2020,Virginia,Manassas Park City,17216
2020,Virginia,Manassas City,42773
2020,Virginia,Martinsville City,13482
2020,Virginia,Mathews County,8534
2020,Virginia,Mecklenburg County,30316
2020,Virginia,Middlesex County,10626
2020,Virginia,Montgomery County,99722
2020,Virginia,Nelson County,14774
2020,Virginia,New Kent County,22946
2020,Virginia,Newport News City,186250
2020,Virginia,Norfolk City,238004
2020,Virginia,Northampton County,12282
2020,Virginia,Northumberland County,11837
2020,Virginia,Norton City,3689
2020,Virginia,Nottoway County,15644
2020,Virginia,Orange County,36252
2020,Virginia,Page County,23708
2020,Virginia,Patrick County,17612
2020,Virginia,Petersburg City,33455
2020,Virginia,Pittsylvania County,60495
2020,Virginia,Poquoson City,12456
2020,Virginia,Portsmouth City,97918
2020,Virginia,Powhatan County,30339
2020,Virginia,Prince Edward County,21854
2020,Virginia,Prince George County,43010
2020,Virginia,Prince William County,482195
2020,Virginia,Pulaski County,33792
2020,Virginia,Radford City,16066
2020,Virginia,Rappahannock County,7348
2020,Virginia,Richmond County,8922
2020,Virginia,Richmond City,226612
2020,Virginia,Roanoke County,96934
2020,Virginia,Roanoke City,100019
2020,Virginia,Rockbridge County,22648
2020,Virginia,Rockingham County,83759
2020,Virginia,Russell County,25788
2020,Virginia,Salem City,25348
2020,Virginia,Scott County,21578
2020,Virginia,Shenandoah County,44187
2020,Virginia,Smyth County,29800
2020,Virginia,Southampton County,18002
2020,Virginia,Spotsylvania County,140029
2020,Virginia,Stafford County,156933
2020,Virginia,Staunton City,25749
2020,Virginia,Suffolk City,94325
2020,Virginia,Surry County,6558
2020,Virginia,Sussex County,10833
2020,Virginia,Tazewell County,40434
2020,Virginia,Virginia Beach City,459471
2020,Virginia,Warren County,40729
2020,Virginia,Washington County,53931
2020,Virginia,Waynesboro City,22195
2020,Virginia,Westmoreland County,18477
2020,Virginia,Williamsburg City,15424
2020,Virginia,Winchester City,28122
2020,Virginia,Wise County,36132
2020,Virginia,Wythe County,28289
2020,Virginia,York County,70043
2020,Washington,Adams County,20608
2020,Washington,Asotin County,22288
2020,Washington,Benton County,206875
2020,Washington,Chelan County,79075
2020,Washington,Clallam County,77164
2020,Washington,Clark County,503307
2020,Washington,Columbia County,3949
2020,Washington,Cowlitz County,110733
2020,Washington,Douglas County,42937
2020,Washington,Ferry County,7182
2020,Washington,Franklin County,96760
2020,Washington,Garfield County,2283
2020,Washington,Grant County,99120
2020,Washington,Grays Harbor County,75634
2020,Washington,Island County,86855
2020,Washington,Jefferson County,32973
2020,Washington,King County,2269678
2020,Washington,Kitsap County,275613
2020,Washington,Kittitas County,44339
2020,Washington,Klickitat County,22729
2020,Washington,Lewis County,82144
2020,Washington,Lincoln County,10877
2020,Washington,Mason County,65725
2020,Washington,Okanogan County,42114
2020,Washington,Pacific County,23369
2020,Washington,Pend Oreille County,13403
2020,Washington,Pierce County,921132
2020,Washington,San Juan County,17783
2020,Washington,Skagit County,129519
2020,Washington,Skamania County,12033
2020,Washington,Snohomish County,827959
2020,Washington,Spokane County,539335
2020,Washington,Stevens County,46441
2020,Washington,Thurston County,294796
2020,Washington,Wahkiakum County,4422
2020,Washington,Walla Walla County,62586
2020,Washington,Whatcom County,226847
2020,Washington,Whitman County,47985
2020,Washington,Yakima County,256733
2020,West Virginia,Barbour County,15464
2020,West Virginia,Berkeley County,122080
2020,West Virginia,Boone County,21807
2020,West Virginia,Braxton County,12449
2020,West Virginia,Brooke County,22560
2020,West Virginia,Cabell County,94352
2020,West Virginia,Calhoun County,6226
2020,West Virginia,Clay County,8050
2020,West Virginia,Doddridge County,7806
2020,West Virginia,Fayette County,40487
2020,West Virginia,Gilmer County,7417
2020,West Virginia,Grant County,10977
2020,West Virginia,Greenbrier County,32980
2020,West Virginia,Hampshire County,23096
2020,West Virginia,Hancock County,29098
2020,West Virginia,Hardy County,14298
2020,West Virginia,Harrison County,65921
2020,West Virginia,Jackson County,27794
2020,West Virginia,Jefferson County,57702
2020,West Virginia,Kanawha County,180743
2020,West Virginia,Lewis County,17026
2020,West Virginia,Lincoln County,20462
2020,West Virginia,Logan County,32570
2020,West Virginia,Marion County,56210
2020,West Virginia,Marshall County,30590
2020,West Virginia,Mason County,25452
2020,West Virginia,Mcdowell County,19112
2020,West Virginia,Mercer County,59669
2020,West Virginia,Mineral County,26941
2020,West Virginia,Mingo County,23572
2020,West Virginia,Monongalia County,105822
2020,West Virginia,Monroe County,12373
2020,West Virginia,Morgan County,17064
2020,West Virginia,Nicholas County,24604
2020,West Virginia,Ohio County,42422
2020,West Virginia,Pendleton County,6146
2020,West Virginia,Pleasants County,7654
2020,West Virginia,Pocahontas County,7873
2020,West Virginia,Preston County,34212
2020,West Virginia,Putnam County,57438
2020,West Virginia,Raleigh County,74592
2020,West Virginia,Randolph County,27930
2020,West Virginia,Ritchie County,8442
2020,West Virginia,Roane County,14029
2020,West Virginia,Summers County,11957
2020,West Virginia,Taylor County,16704
2020,West Virginia,Tucker County,6766
2020,West Virginia,Tyler County,8310
2020,West Virginia,Upshur County,23815
2020,West Virginia,Wayne County,38982
2020,West Virginia,Webster County,8373
2020,West Virginia,Wetzel County,14445
2020,West Virginia,Wirt County,5197
2020,West Virginia,Wood County,84298
2020,West Virginia,Wyoming County,21391
2020,Wisconsin,Adams County,20654
2020,Wisconsin,Ashland County,16044
2020,Wisconsin,Barron County,46717
2020,Wisconsin,Bayfield County,16209
2020,Wisconsin,Brown County,268738
2020,Wisconsin,Buffalo County,13313
2020,Wisconsin,Burnett County,16521
2020,Wisconsin,Calumet County,52434
2020,Wisconsin,Chippewa County,66298
2020,Wisconsin,Clark County,34659
2020,Wisconsin,Columbia County,58491
2020,Wisconsin,Crawford County,16116
2020,Wisconsin,Dane County,561514
2020,Wisconsin,Dodge County,89399
2020,Wisconsin,Door County,30063
2020,Wisconsin,Douglas County,44290
2020,Wisconsin,Dunn County,45440
2020,Wisconsin,Eau Claire County,105709
2020,Wisconsin,Florence County,4561
2020,Wisconsin,Fond Du Lac County,104157
2020,Wisconsin,Forest County,9175
2020,Wisconsin,Grant County,51939
2020,Wisconsin,Green County,37099
2020,Wisconsin,Green Lake County,19013
2020,Wisconsin,Iowa County,23706
2020,Wisconsin,Iron County,6140
2020,Wisconsin,Jackson County,21150
2020,Wisconsin,Jefferson County,84916
2020,Wisconsin,Juneau County,26714
2020,Wisconsin,Kenosha County,169152
2020,Wisconsin,Kewaunee County,20561
2020,Wisconsin,La Crosse County,120785
2020,Wisconsin,Lafayette County,16614
2020,Wisconsin,Langlade County,19493
2020,Wisconsin,Lincoln County,28412
2020,Wisconsin,Manitowoc County,81367
2020,Wisconsin,Marathon County,138016
2020,Wisconsin,Marinette County,41874
2020,Wisconsin,Marquette County,15589
2020,Wisconsin,Menominee County,4250
2020,Wisconsin,Milwaukee County,939485
2020,Wisconsin,Monroe County,46266
2020,Wisconsin,Oconto County,38975
2020,Wisconsin,Oneida County,37849
2020,Wisconsin,Outagamie County,190707
2020,Wisconsin,Ozaukee County,91512
2020,Wisconsin,Pepin County,7325
2020,Wisconsin,Pierce County,42205
2020,Wisconsin,Polk County,44974
2020,Wisconsin,Portage County,70376
2020,Wisconsin,Price County,14057
2020,Wisconsin,Racine County,197719
2020,Wisconsin,Richland County,17314
2020,Wisconsin,Rock County,163687
2020,Wisconsin,Rusk County,14187
2020,Wisconsin,Sauk County,65761
2020,Wisconsin,Sawyer County,18077
2020,Wisconsin,Shawano County,40874
2020,Wisconsin,Sheboygan County,118014
2020,Wisconsin,St. Croix County,93538
2020,Wisconsin,Taylor County,19912
2020,Wisconsin,Trempealeau County,30751
2020,Wisconsin,Vernon County,30704
2020,Wisconsin,Vilas County,23045
2020,Wisconsin,Walworth County,106479
2020,Wisconsin,Washburn County,16629
2020,Wisconsin,Washington County,136755
2020,Wisconsin,Waukesha County,406968
2020,Wisconsin,Waupaca County,51811
2020,Wisconsin,Waushara County,24522
2020,Wisconsin,Winnebago County,171723
2020,Wisconsin,Wood County,74205
2020,Wyoming,Albany County,37070
2020,Wyoming,Big Horn County,11516
2020,Wyoming,Campbell County,47028
2020,Wyoming,Carbon County,14541
2020,Wyoming,Converse County,13753
2020,Wyoming,Crook County,7176
2020,Wyoming,Fremont County,39239
2020,Wyoming,Goshen County,12503
2020,Wyoming,Hot Springs County,4616
2020,Wyoming,Johnson County,8450
2020,Wyoming,Laramie County,100506
2020,Wyoming,Lincoln County,19586
2020,Wyoming,Natrona County,79957
2020,Wyoming,Niobrara County,2471
2020,Wyoming,Park County,29626
2020,Wyoming,Platte County,8602
2020,Wyoming,Sheridan County,30920
2020,Wyoming,Sublette County,8728
2020,Wyoming,Sweetwater County,42271
2020,Wyoming,Teton County,23324
2020,Wyoming,Uinta County,20447
2020,Wyoming,Washakie County,7683
2020,Wyoming,Weston County,6838
