FIPS Code,State,County,Unemployment rate,Year
1001,Alabama,Autauga County,4.1,2000
1001,Alabama,Autauga County,4.7,2004
1001,Alabama,Autauga County,5.3,2008
1001,Alabama,Autauga County,7.1,2012
1001,Alabama,Autauga County,5.1,2016
1001,Alabama,Autauga County,5.3,2020
1003,Alabama,Baldwin County,3.7,2000
1003,Alabama,Baldwin County,5.1,2004
1003,Alabama,Baldwin County,4.8,2008
1003,Alabama,Baldwin County,7.7,2012
1003,Alabama,Baldwin County,5.4,2016
1003,Alabama,Baldwin County,6.1,2020
1005,Alabama,Barbour County,5.6,2000
1005,Alabama,Barbour County,7.1,2004
1005,Alabama,Barbour County,9.1,2008
1005,Alabama,Barbour County,11.8,2012
1005,Alabama,Barbour County,8.4,2016
1005,Alabama,Barbour County,7.7,2020
1007,Alabama,Bibb County,5.4,2000
1007,Alabama,Bibb County,5.4,2004
1007,Alabama,Bibb County,6.0,2008
1007,Alabama,Bibb County,8.8,2012
1007,Alabama,Bibb County,6.5,2016
1007,Alabama,Bibb County,7.2,2020
1009,Alabama,Blount County,3.5,2000
1009,Alabama,Blount County,4.1,2004
1009,Alabama,Blount County,4.8,2008
1009,Alabama,Blount County,7.1,2012
1009,Alabama,Blount County,5.4,2016
1009,Alabama,Blount County,4.5,2020
1011,Alabama,Bullock County,8.5,2000
1011,Alabama,Bullock County,11.4,2004
1011,Alabama,Bullock County,10.9,2008
1011,Alabama,Bullock County,10.6,2012
1011,Alabama,Bullock County,6.9,2016
1011,Alabama,Bullock County,5.9,2020
1013,Alabama,Butler County,7.9,2000
1013,Alabama,Butler County,9.4,2004
1013,Alabama,Butler County,8.8,2008
1013,Alabama,Butler County,11.8,2012
1013,Alabama,Butler County,6.9,2016
1013,Alabama,Butler County,9.5,2020
1015,Alabama,Calhoun County,5.1,2000
1015,Alabama,Calhoun County,5.4,2004
1015,Alabama,Calhoun County,5.9,2008
1015,Alabama,Calhoun County,9.1,2012
1015,Alabama,Calhoun County,6.6,2016
1015,Alabama,Calhoun County,7.7,2020
1017,Alabama,Chambers County,4.4,2000
1017,Alabama,Chambers County,6.9,2004
1017,Alabama,Chambers County,14.9,2008
1017,Alabama,Chambers County,10.1,2012
1017,Alabama,Chambers County,5.5,2016
1017,Alabama,Chambers County,7.4,2020
1019,Alabama,Cherokee County,4.5,2000
1019,Alabama,Cherokee County,4.7,2004
1019,Alabama,Cherokee County,5.9,2008
1019,Alabama,Cherokee County,8.2,2012
1019,Alabama,Cherokee County,5.1,2016
1019,Alabama,Cherokee County,5.1,2020
1021,Alabama,Chilton County,4.3,2000
1021,Alabama,Chilton County,4.6,2004
1021,Alabama,Chilton County,5.2,2008
1021,Alabama,Chilton County,7.4,2012
1021,Alabama,Chilton County,5.5,2016
1021,Alabama,Chilton County,5.4,2020
1023,Alabama,Choctaw County,6.6,2000
1023,Alabama,Choctaw County,8.5,2004
1023,Alabama,Choctaw County,8.6,2008
1023,Alabama,Choctaw County,10.5,2012
1023,Alabama,Choctaw County,8.5,2016
1023,Alabama,Choctaw County,7.3,2020
1025,Alabama,Clarke County,7.4,2000
1025,Alabama,Clarke County,8.8,2004
1025,Alabama,Clarke County,9.3,2008
1025,Alabama,Clarke County,15.4,2012
1025,Alabama,Clarke County,10.9,2016
1025,Alabama,Clarke County,9.7,2020
1027,Alabama,Clay County,6.2,2000
1027,Alabama,Clay County,6.3,2004
1027,Alabama,Clay County,8.2,2008
1027,Alabama,Clay County,9.6,2012
1027,Alabama,Clay County,6.0,2016
1027,Alabama,Clay County,4.4,2020
1029,Alabama,Cleburne County,4.1,2000
1029,Alabama,Cleburne County,5.2,2004
1029,Alabama,Cleburne County,5.2,2008
1029,Alabama,Cleburne County,8.4,2012
1029,Alabama,Cleburne County,6.0,2016
1029,Alabama,Cleburne County,5.0,2020
1031,Alabama,Coffee County,5.9,2000
1031,Alabama,Coffee County,5.3,2004
1031,Alabama,Coffee County,5.0,2008
1031,Alabama,Coffee County,7.2,2012
1031,Alabama,Coffee County,5.9,2016
1031,Alabama,Coffee County,4.8,2020
1033,Alabama,Colbert County,5.6,2000
1033,Alabama,Colbert County,7.0,2004
1033,Alabama,Colbert County,6.7,2008
1033,Alabama,Colbert County,9.0,2012
1033,Alabama,Colbert County,7.0,2016
1033,Alabama,Colbert County,7.2,2020
1035,Alabama,Conecuh County,6.6,2000
1035,Alabama,Conecuh County,8.4,2004
1035,Alabama,Conecuh County,9.7,2008
1035,Alabama,Conecuh County,12.2,2012
1035,Alabama,Conecuh County,8.4,2016
1035,Alabama,Conecuh County,7.9,2020
1037,Alabama,Coosa County,5.5,2000
1037,Alabama,Coosa County,7.0,2004
1037,Alabama,Coosa County,8.5,2008
1037,Alabama,Coosa County,9.6,2012
1037,Alabama,Coosa County,6.0,2016
1037,Alabama,Coosa County,6.0,2020
1039,Alabama,Covington County,7.0,2000
1039,Alabama,Covington County,6.6,2004
1039,Alabama,Covington County,6.1,2008
1039,Alabama,Covington County,8.6,2012
1039,Alabama,Covington County,6.8,2016
1039,Alabama,Covington County,5.4,2020
1041,Alabama,Crenshaw County,5.8,2000
1041,Alabama,Crenshaw County,6.8,2004
1041,Alabama,Crenshaw County,5.7,2008
1041,Alabama,Crenshaw County,8.5,2012
1041,Alabama,Crenshaw County,5.9,2016
1041,Alabama,Crenshaw County,6.2,2020
1043,Alabama,Cullman County,4.2,2000
1043,Alabama,Cullman County,5.1,2004
1043,Alabama,Cullman County,5.0,2008
1043,Alabama,Cullman County,7.9,2012
1043,Alabama,Cullman County,5.0,2016
1043,Alabama,Cullman County,4.7,2020
1045,Alabama,Dale County,5.3,2000
1045,Alabama,Dale County,5.3,2004
1045,Alabama,Dale County,5.6,2008
1045,Alabama,Dale County,7.6,2012
1045,Alabama,Dale County,5.8,2016
1045,Alabama,Dale County,5.3,2020
1047,Alabama,Dallas County,8.1,2000
1047,Alabama,Dallas County,9.9,2004
1047,Alabama,Dallas County,11.5,2008
1047,Alabama,Dallas County,13.2,2012
1047,Alabama,Dallas County,9.2,2016
1047,Alabama,Dallas County,11.6,2020
1049,Alabama,Dekalb County,4.1,2000
1049,Alabama,Dekalb County,5.7,2004
1049,Alabama,Dekalb County,6.0,2008
1049,Alabama,Dekalb County,9.3,2012
1049,Alabama,Dekalb County,6.1,2016
1049,Alabama,Dekalb County,4.9,2020
1051,Alabama,Elmore County,4.0,2000
1051,Alabama,Elmore County,4.8,2004
1051,Alabama,Elmore County,5.3,2008
1051,Alabama,Elmore County,7.1,2012
1051,Alabama,Elmore County,4.8,2016
1051,Alabama,Elmore County,5.2,2020
1053,Alabama,Escambia County,5.3,2000
1053,Alabama,Escambia County,7.5,2004
1053,Alabama,Escambia County,7.8,2008
1053,Alabama,Escambia County,9.4,2012
1053,Alabama,Escambia County,6.7,2016
1053,Alabama,Escambia County,6.7,2020
1055,Alabama,Etowah County,5.9,2000
1055,Alabama,Etowah County,6.3,2004
1055,Alabama,Etowah County,6.2,2008
1055,Alabama,Etowah County,8.5,2012
1055,Alabama,Etowah County,5.9,2016
1055,Alabama,Etowah County,8.3,2020
1057,Alabama,Fayette County,5.9,2000
1057,Alabama,Fayette County,6.8,2004
1057,Alabama,Fayette County,7.5,2008
1057,Alabama,Fayette County,8.8,2012
1057,Alabama,Fayette County,6.8,2016
1057,Alabama,Fayette County,5.5,2020
1059,Alabama,Franklin County,6.6,2000
1059,Alabama,Franklin County,6.9,2004
1059,Alabama,Franklin County,7.7,2008
1059,Alabama,Franklin County,8.6,2012
1059,Alabama,Franklin County,5.9,2016
1059,Alabama,Franklin County,4.9,2020
1061,Alabama,Geneva County,5.1,2000
1061,Alabama,Geneva County,4.9,2004
1061,Alabama,Geneva County,5.7,2008
1061,Alabama,Geneva County,7.8,2012
1061,Alabama,Geneva County,5.8,2016
1061,Alabama,Geneva County,4.5,2020
1063,Alabama,Greene County,6.9,2000
1063,Alabama,Greene County,8.6,2004
1063,Alabama,Greene County,8.8,2008
1063,Alabama,Greene County,13.9,2012
1063,Alabama,Greene County,10.0,2016
1063,Alabama,Greene County,11.6,2020
1065,Alabama,Hale County,6.1,2000
1065,Alabama,Hale County,7.4,2004
1065,Alabama,Hale County,7.7,2008
1065,Alabama,Hale County,11.7,2012
1065,Alabama,Hale County,7.7,2016
1065,Alabama,Hale County,10.2,2020
1067,Alabama,Henry County,5.0,2000
1067,Alabama,Henry County,5.5,2004
1067,Alabama,Henry County,8.0,2008
1067,Alabama,Henry County,8.5,2012
1067,Alabama,Henry County,6.5,2016
1067,Alabama,Henry County,5.3,2020
1069,Alabama,Houston County,4.4,2000
1069,Alabama,Houston County,4.6,2004
1069,Alabama,Houston County,5.1,2008
1069,Alabama,Houston County,7.8,2012
1069,Alabama,Houston County,5.8,2016
1069,Alabama,Houston County,5.9,2020
1071,Alabama,Jackson County,5.2,2000
1071,Alabama,Jackson County,6.7,2004
1071,Alabama,Jackson County,6.4,2008
1071,Alabama,Jackson County,8.8,2012
1071,Alabama,Jackson County,6.3,2016
1071,Alabama,Jackson County,5.8,2020
1073,Alabama,Jefferson County,4.0,2000
1073,Alabama,Jefferson County,5.2,2004
1073,Alabama,Jefferson County,5.6,2008
1073,Alabama,Jefferson County,7.6,2012
1073,Alabama,Jefferson County,5.7,2016
1073,Alabama,Jefferson County,6.7,2020
1075,Alabama,Lamar County,7.0,2000
1075,Alabama,Lamar County,8.1,2004
1075,Alabama,Lamar County,8.3,2008
1075,Alabama,Lamar County,7.7,2012
1075,Alabama,Lamar County,5.7,2016
1075,Alabama,Lamar County,5.3,2020
1077,Alabama,Lauderdale County,5.0,2000
1077,Alabama,Lauderdale County,6.3,2004
1077,Alabama,Lauderdale County,5.9,2008
1077,Alabama,Lauderdale County,7.9,2012
1077,Alabama,Lauderdale County,6.4,2016
1077,Alabama,Lauderdale County,6.1,2020
1079,Alabama,Lawrence County,5.0,2000
1079,Alabama,Lawrence County,6.3,2004
1079,Alabama,Lawrence County,6.7,2008
1079,Alabama,Lawrence County,9.2,2012
1079,Alabama,Lawrence County,6.9,2016
1079,Alabama,Lawrence County,5.4,2020
1081,Alabama,Lee County,4.0,2000
1081,Alabama,Lee County,4.4,2004
1081,Alabama,Lee County,5.4,2008
1081,Alabama,Lee County,7.0,2012
1081,Alabama,Lee County,5.2,2016
1081,Alabama,Lee County,5.7,2020
1083,Alabama,Limestone County,3.8,2000
1083,Alabama,Limestone County,5.1,2004
1083,Alabama,Limestone County,4.9,2008
1083,Alabama,Limestone County,7.0,2012
1083,Alabama,Limestone County,5.3,2016
1083,Alabama,Limestone County,4.6,2020
1085,Alabama,Lowndes County,7.0,2000
1085,Alabama,Lowndes County,9.1,2004
1085,Alabama,Lowndes County,11.3,2008
1085,Alabama,Lowndes County,15.8,2012
1085,Alabama,Lowndes County,10.6,2016
1085,Alabama,Lowndes County,14.3,2020
1087,Alabama,Macon County,5.8,2000
1087,Alabama,Macon County,6.9,2004
1087,Alabama,Macon County,7.7,2008
1087,Alabama,Macon County,11.0,2012
1087,Alabama,Macon County,7.6,2016
1087,Alabama,Macon County,10.3,2020
1089,Alabama,Madison County,3.6,2000
1089,Alabama,Madison County,4.6,2004
1089,Alabama,Madison County,4.3,2008
1089,Alabama,Madison County,7.1,2012
1089,Alabama,Madison County,5.1,2016
1089,Alabama,Madison County,5.1,2020
1091,Alabama,Marengo County,5.3,2000
1091,Alabama,Marengo County,6.0,2004
1091,Alabama,Marengo County,7.7,2008
1091,Alabama,Marengo County,10.4,2012
1091,Alabama,Marengo County,7.2,2016
1091,Alabama,Marengo County,6.8,2020
1093,Alabama,Marion County,6.7,2000
1093,Alabama,Marion County,6.3,2004
1093,Alabama,Marion County,8.2,2008
1093,Alabama,Marion County,9.1,2012
1093,Alabama,Marion County,6.6,2016
1093,Alabama,Marion County,5.5,2020
1095,Alabama,Marshall County,4.8,2000
1095,Alabama,Marshall County,4.8,2004
1095,Alabama,Marshall County,4.9,2008
1095,Alabama,Marshall County,8.0,2012
1095,Alabama,Marshall County,5.3,2016
1095,Alabama,Marshall County,4.6,2020
1097,Alabama,Mobile County,5.0,2000
1097,Alabama,Mobile County,6.5,2004
1097,Alabama,Mobile County,5.9,2008
1097,Alabama,Mobile County,9.4,2012
1097,Alabama,Mobile County,6.6,2016
1097,Alabama,Mobile County,8.5,2020
1099,Alabama,Monroe County,6.5,2000
1099,Alabama,Monroe County,7.4,2004
1099,Alabama,Monroe County,10.5,2008
1099,Alabama,Monroe County,12.8,2012
1099,Alabama,Monroe County,9.1,2016
1099,Alabama,Monroe County,8.8,2020
1101,Alabama,Montgomery County,4.2,2000
1101,Alabama,Montgomery County,5.7,2004
1101,Alabama,Montgomery County,6.1,2008
1101,Alabama,Montgomery County,8.3,2012
1101,Alabama,Montgomery County,5.7,2016
1101,Alabama,Montgomery County,8.4,2020
1103,Alabama,Morgan County,4.3,2000
1103,Alabama,Morgan County,6.0,2004
1103,Alabama,Morgan County,5.4,2008
1103,Alabama,Morgan County,8.0,2012
1103,Alabama,Morgan County,5.5,2016
1103,Alabama,Morgan County,4.9,2020
1105,Alabama,Perry County,9.3,2000
1105,Alabama,Perry County,10.0,2004
1105,Alabama,Perry County,11.7,2008
1105,Alabama,Perry County,13.6,2012
1105,Alabama,Perry County,10.3,2016
1105,Alabama,Perry County,11.8,2020
1107,Alabama,Pickens County,7.6,2000
1107,Alabama,Pickens County,7.5,2004
1107,Alabama,Pickens County,7.4,2008
1107,Alabama,Pickens County,10.4,2012
1107,Alabama,Pickens County,6.9,2016
1107,Alabama,Pickens County,7.2,2020
1109,Alabama,Pike County,5.6,2000
1109,Alabama,Pike County,5.3,2004
1109,Alabama,Pike County,5.0,2008
1109,Alabama,Pike County,8.2,2012
1109,Alabama,Pike County,6.5,2016
1109,Alabama,Pike County,5.4,2020
1111,Alabama,Randolph County,4.9,2000
1111,Alabama,Randolph County,6.6,2004
1111,Alabama,Randolph County,7.6,2008
1111,Alabama,Randolph County,9.4,2012
1111,Alabama,Randolph County,5.6,2016
1111,Alabama,Randolph County,5.2,2020
1113,Alabama,Russell County,4.7,2000
1113,Alabama,Russell County,6.5,2004
1113,Alabama,Russell County,8.3,2008
1113,Alabama,Russell County,9.0,2012
1113,Alabama,Russell County,5.6,2016
1113,Alabama,Russell County,5.7,2020
1115,Alabama,St. Clair County,3.8,2000
1115,Alabama,St. Clair County,4.9,2004
1115,Alabama,St. Clair County,5.2,2008
1115,Alabama,St. Clair County,7.0,2012
1115,Alabama,St. Clair County,5.2,2016
1115,Alabama,St. Clair County,5.3,2020
1117,Alabama,Shelby County,2.8,2000
1117,Alabama,Shelby County,3.3,2004
1117,Alabama,Shelby County,3.9,2008
1117,Alabama,Shelby County,5.2,2012
1117,Alabama,Shelby County,4.3,2016
1117,Alabama,Shelby County,4.2,2020
1119,Alabama,Sumter County,9.2,2000
1119,Alabama,Sumter County,9.4,2004
1119,Alabama,Sumter County,9.1,2008
1119,Alabama,Sumter County,10.7,2012
1119,Alabama,Sumter County,7.7,2016
1119,Alabama,Sumter County,7.6,2020
1121,Alabama,Talladega County,5.2,2000
1121,Alabama,Talladega County,6.7,2004
1121,Alabama,Talladega County,7.5,2008
1121,Alabama,Talladega County,9.6,2012
1121,Alabama,Talladega County,6.6,2016
1121,Alabama,Talladega County,7.7,2020
1123,Alabama,Tallapoosa County,4.9,2000
1123,Alabama,Tallapoosa County,6.1,2004
1123,Alabama,Tallapoosa County,7.4,2008
1123,Alabama,Tallapoosa County,8.8,2012
1123,Alabama,Tallapoosa County,5.6,2016
1123,Alabama,Tallapoosa County,7.5,2020
1125,Alabama,Tuscaloosa County,4.0,2000
1125,Alabama,Tuscaloosa County,4.7,2004
1125,Alabama,Tuscaloosa County,4.9,2008
1125,Alabama,Tuscaloosa County,7.2,2012
1125,Alabama,Tuscaloosa County,5.7,2016
1125,Alabama,Tuscaloosa County,7.2,2020
1127,Alabama,Walker County,5.9,2000
1127,Alabama,Walker County,6.0,2004
1127,Alabama,Walker County,5.9,2008
1127,Alabama,Walker County,9.4,2012
1127,Alabama,Walker County,7.5,2016
1127,Alabama,Walker County,6.4,2020
1129,Alabama,Washington County,6.9,2000
1129,Alabama,Washington County,9.4,2004
1129,Alabama,Washington County,8.7,2008
1129,Alabama,Washington County,12.2,2012
1129,Alabama,Washington County,8.6,2016
1129,Alabama,Washington County,8.7,2020
1131,Alabama,Wilcox County,8.8,2000
1131,Alabama,Wilcox County,11.9,2004
1131,Alabama,Wilcox County,14.4,2008
1131,Alabama,Wilcox County,20.4,2012
1131,Alabama,Wilcox County,14.5,2016
1131,Alabama,Wilcox County,15.9,2020
1133,Alabama,Winston County,7.9,2000
1133,Alabama,Winston County,7.2,2004
1133,Alabama,Winston County,8.9,2008
1133,Alabama,Winston County,10.2,2012
1133,Alabama,Winston County,7.1,2016
1133,Alabama,Winston County,5.1,2020
4001,Arizona,Apache County,9.0,2000
4001,Arizona,Apache County,11.4,2004
4001,Arizona,Apache County,11.0,2008
4001,Arizona,Apache County,19.0,2012
4001,Arizona,Apache County,11.6,2016
4001,Arizona,Apache County,12.7,2020
4003,Arizona,Cochise County,4.5,2000
4003,Arizona,Cochise County,4.9,2004
4003,Arizona,Cochise County,5.5,2008
4003,Arizona,Cochise County,9.0,2012
4003,Arizona,Cochise County,6.3,2016
4003,Arizona,Cochise County,6.9,2020
4005,Arizona,Coconino County,4.4,2000
4005,Arizona,Coconino County,5.3,2004
4005,Arizona,Coconino County,5.3,2008
4005,Arizona,Coconino County,8.6,2012
4005,Arizona,Coconino County,6.1,2016
4005,Arizona,Coconino County,9.6,2020
4007,Arizona,Gila County,5.3,2000
4007,Arizona,Gila County,6.4,2004
4007,Arizona,Gila County,6.1,2008
4007,Arizona,Gila County,10.2,2012
4007,Arizona,Gila County,7.3,2016
4007,Arizona,Gila County,7.6,2020
4009,Arizona,Graham County,5.5,2000
4009,Arizona,Graham County,6.6,2004
4009,Arizona,Graham County,6.7,2008
4009,Arizona,Graham County,8.5,2012
4009,Arizona,Graham County,6.8,2016
4009,Arizona,Graham County,6.2,2020
4011,Arizona,Greenlee County,4.2,2000
4011,Arizona,Greenlee County,5.1,2004
4011,Arizona,Greenlee County,5.0,2008
4011,Arizona,Greenlee County,8.2,2012
4011,Arizona,Greenlee County,7.7,2016
4011,Arizona,Greenlee County,5.3,2020
4012,Arizona,La Paz County,6.4,2000
4012,Arizona,La Paz County,6.7,2004
4012,Arizona,La Paz County,7.3,2008
4012,Arizona,La Paz County,8.6,2012
4012,Arizona,La Paz County,6.1,2016
4012,Arizona,La Paz County,7.0,2020
4013,Arizona,Maricopa County,3.2,2000
4013,Arizona,Maricopa County,4.4,2004
4013,Arizona,Maricopa County,5.1,2008
4013,Arizona,Maricopa County,7.3,2012
4013,Arizona,Maricopa County,4.7,2016
4013,Arizona,Maricopa County,7.3,2020
4015,Arizona,Mohave County,4.5,2000
4015,Arizona,Mohave County,4.4,2004
4015,Arizona,Mohave County,7.2,2008
4015,Arizona,Mohave County,11.0,2012
4015,Arizona,Mohave County,6.7,2016
4015,Arizona,Mohave County,9.9,2020
4017,Arizona,Navajo County,7.3,2000
4017,Arizona,Navajo County,8.5,2004
4017,Arizona,Navajo County,9.5,2008
4017,Arizona,Navajo County,14.1,2012
4017,Arizona,Navajo County,8.4,2016
4017,Arizona,Navajo County,10.0,2020
4019,Arizona,Pima County,3.7,2000
4019,Arizona,Pima County,4.6,2004
4019,Arizona,Pima County,5.5,2008
4019,Arizona,Pima County,7.4,2012
4019,Arizona,Pima County,5.0,2016
4019,Arizona,Pima County,7.6,2020
4021,Arizona,Pinal County,4.6,2000
4021,Arizona,Pinal County,6.0,2004
4021,Arizona,Pinal County,7.0,2008
4021,Arizona,Pinal County,8.5,2012
4021,Arizona,Pinal County,5.6,2016
4021,Arizona,Pinal County,7.4,2020
4023,Arizona,Santa Cruz County,8.2,2000
4023,Arizona,Santa Cruz County,9.5,2004
4023,Arizona,Santa Cruz County,10.4,2008
4023,Arizona,Santa Cruz County,15.5,2012
4023,Arizona,Santa Cruz County,10.2,2016
4023,Arizona,Santa Cruz County,11.3,2020
4025,Arizona,Yavapai County,4.0,2000
4025,Arizona,Yavapai County,4.6,2004
4025,Arizona,Yavapai County,5.8,2008
4025,Arizona,Yavapai County,8.6,2012
4025,Arizona,Yavapai County,5.0,2016
4025,Arizona,Yavapai County,7.4,2020
4027,Arizona,Yuma County,16.4,2000
4027,Arizona,Yuma County,15.7,2004
4027,Arizona,Yuma County,17.4,2008
4027,Arizona,Yuma County,23.9,2012
4027,Arizona,Yuma County,19.1,2016
4027,Arizona,Yuma County,17.1,2020
5001,Arkansas,Arkansas County,4.5,2000
5001,Arkansas,Arkansas County,5.9,2004
5001,Arkansas,Arkansas County,9.7,2008
5001,Arkansas,Arkansas County,8.4,2012
5001,Arkansas,Arkansas County,3.4,2016
5001,Arkansas,Arkansas County,4.1,2020
5003,Arkansas,Ashley County,5.8,2000
5003,Arkansas,Ashley County,9.3,2004
5003,Arkansas,Ashley County,7.5,2008
5003,Arkansas,Ashley County,11.5,2012
5003,Arkansas,Ashley County,6.1,2016
5003,Arkansas,Ashley County,9.5,2020
5005,Arkansas,Baxter County,4.1,2000
5005,Arkansas,Baxter County,6.1,2004
5005,Arkansas,Baxter County,6.0,2008
5005,Arkansas,Baxter County,8.1,2012
5005,Arkansas,Baxter County,4.3,2016
5005,Arkansas,Baxter County,6.1,2020
5007,Arkansas,Benton County,2.8,2000
5007,Arkansas,Benton County,3.6,2004
5007,Arkansas,Benton County,4.1,2008
5007,Arkansas,Benton County,5.8,2012
5007,Arkansas,Benton County,2.9,2016
5007,Arkansas,Benton County,4.5,2020
5009,Arkansas,Boone County,4.1,2000
5009,Arkansas,Boone County,5.8,2004
5009,Arkansas,Boone County,5.4,2008
5009,Arkansas,Boone County,7.3,2012
5009,Arkansas,Boone County,3.7,2016
5009,Arkansas,Boone County,5.4,2020
5011,Arkansas,Bradley County,6.4,2000
5011,Arkansas,Bradley County,7.6,2004
5011,Arkansas,Bradley County,7.2,2008
5011,Arkansas,Bradley County,10.4,2012
5011,Arkansas,Bradley County,5.0,2016
5011,Arkansas,Bradley County,6.0,2020
5013,Arkansas,Calhoun County,5.4,2000
5013,Arkansas,Calhoun County,6.7,2004
5013,Arkansas,Calhoun County,6.1,2008
5013,Arkansas,Calhoun County,8.6,2012
5013,Arkansas,Calhoun County,4.6,2016
5013,Arkansas,Calhoun County,5.3,2020
5015,Arkansas,Carroll County,3.9,2000
5015,Arkansas,Carroll County,4.8,2004
5015,Arkansas,Carroll County,4.5,2008
5015,Arkansas,Carroll County,6.1,2012
5015,Arkansas,Carroll County,3.6,2016
5015,Arkansas,Carroll County,5.8,2020
5017,Arkansas,Chicot County,7.2,2000
5017,Arkansas,Chicot County,10.8,2004
5017,Arkansas,Chicot County,8.2,2008
5017,Arkansas,Chicot County,10.9,2012
5017,Arkansas,Chicot County,6.6,2016
5017,Arkansas,Chicot County,10.7,2020
5019,Arkansas,Clark County,4.2,2000
5019,Arkansas,Clark County,6.1,2004
5019,Arkansas,Clark County,5.9,2008
5019,Arkansas,Clark County,9.5,2012
5019,Arkansas,Clark County,4.3,2016
5019,Arkansas,Clark County,6.1,2020
5021,Arkansas,Clay County,5.3,2000
5021,Arkansas,Clay County,7.9,2004
5021,Arkansas,Clay County,8.0,2008
5021,Arkansas,Clay County,10.6,2012
5021,Arkansas,Clay County,5.7,2016
5021,Arkansas,Clay County,6.2,2020
5023,Arkansas,Cleburne County,4.5,2000
5023,Arkansas,Cleburne County,5.3,2004
5023,Arkansas,Cleburne County,5.6,2008
5023,Arkansas,Cleburne County,8.2,2012
5023,Arkansas,Cleburne County,5.9,2016
5023,Arkansas,Cleburne County,7.7,2020
5025,Arkansas,Cleveland County,4.9,2000
5025,Arkansas,Cleveland County,6.6,2004
5025,Arkansas,Cleveland County,5.8,2008
5025,Arkansas,Cleveland County,7.1,2012
5025,Arkansas,Cleveland County,4.5,2016
5025,Arkansas,Cleveland County,6.2,2020
5027,Arkansas,Columbia County,5.1,2000
5027,Arkansas,Columbia County,6.4,2004
5027,Arkansas,Columbia County,6.9,2008
5027,Arkansas,Columbia County,8.7,2012
5027,Arkansas,Columbia County,5.7,2016
5027,Arkansas,Columbia County,7.0,2020
5029,Arkansas,Conway County,6.0,2000
5029,Arkansas,Conway County,5.7,2004
5029,Arkansas,Conway County,5.5,2008
5029,Arkansas,Conway County,8.8,2012
5029,Arkansas,Conway County,5.7,2016
5029,Arkansas,Conway County,6.2,2020
5031,Arkansas,Craighead County,3.9,2000
5031,Arkansas,Craighead County,5.4,2004
5031,Arkansas,Craighead County,4.8,2008
5031,Arkansas,Craighead County,6.6,2012
5031,Arkansas,Craighead County,3.3,2016
5031,Arkansas,Craighead County,5.4,2020
5033,Arkansas,Crawford County,3.5,2000
5033,Arkansas,Crawford County,5.1,2004
5033,Arkansas,Crawford County,4.8,2008
5033,Arkansas,Crawford County,7.7,2012
5033,Arkansas,Crawford County,3.9,2016
5033,Arkansas,Crawford County,5.5,2020
5035,Arkansas,Crittenden County,4.1,2000
5035,Arkansas,Crittenden County,6.8,2004
5035,Arkansas,Crittenden County,7.9,2008
5035,Arkansas,Crittenden County,9.2,2012
5035,Arkansas,Crittenden County,4.5,2016
5035,Arkansas,Crittenden County,8.5,2020
5037,Arkansas,Cross County,4.6,2000
5037,Arkansas,Cross County,8.0,2004
5037,Arkansas,Cross County,6.8,2008
5037,Arkansas,Cross County,7.6,2012
5037,Arkansas,Cross County,4.4,2016
5037,Arkansas,Cross County,6.2,2020
5039,Arkansas,Dallas County,5.5,2000
5039,Arkansas,Dallas County,7.3,2004
5039,Arkansas,Dallas County,7.2,2008
5039,Arkansas,Dallas County,10.7,2012
5039,Arkansas,Dallas County,4.9,2016
5039,Arkansas,Dallas County,5.5,2020
5041,Arkansas,Desha County,8.0,2000
5041,Arkansas,Desha County,8.9,2004
5041,Arkansas,Desha County,8.7,2008
5041,Arkansas,Desha County,9.5,2012
5041,Arkansas,Desha County,5.5,2016
5041,Arkansas,Desha County,7.2,2020
5043,Arkansas,Drew County,5.9,2000
5043,Arkansas,Drew County,7.8,2004
5043,Arkansas,Drew County,7.8,2008
5043,Arkansas,Drew County,10.1,2012
5043,Arkansas,Drew County,5.7,2016
5043,Arkansas,Drew County,7.1,2020
5045,Arkansas,Faulkner County,3.6,2000
5045,Arkansas,Faulkner County,4.9,2004
5045,Arkansas,Faulkner County,4.7,2008
5045,Arkansas,Faulkner County,6.3,2012
5045,Arkansas,Faulkner County,3.8,2016
5045,Arkansas,Faulkner County,5.6,2020
5047,Arkansas,Franklin County,3.3,2000
5047,Arkansas,Franklin County,4.7,2004
5047,Arkansas,Franklin County,4.4,2008
5047,Arkansas,Franklin County,6.8,2012
5047,Arkansas,Franklin County,4.1,2016
5047,Arkansas,Franklin County,5.7,2020
5049,Arkansas,Fulton County,3.8,2000
5049,Arkansas,Fulton County,6.0,2004
5049,Arkansas,Fulton County,5.2,2008
5049,Arkansas,Fulton County,6.9,2012
5049,Arkansas,Fulton County,4.3,2016
5049,Arkansas,Fulton County,5.2,2020
5051,Arkansas,Garland County,4.2,2000
5051,Arkansas,Garland County,6.1,2004
5051,Arkansas,Garland County,5.6,2008
5051,Arkansas,Garland County,7.6,2012
5051,Arkansas,Garland County,4.3,2016
5051,Arkansas,Garland County,8.1,2020
5053,Arkansas,Grant County,3.9,2000
5053,Arkansas,Grant County,5.4,2004
5053,Arkansas,Grant County,5.2,2008
5053,Arkansas,Grant County,6.5,2012
5053,Arkansas,Grant County,3.6,2016
5053,Arkansas,Grant County,5.3,2020
5055,Arkansas,Greene County,4.7,2000
5055,Arkansas,Greene County,6.0,2004
5055,Arkansas,Greene County,6.5,2008
5055,Arkansas,Greene County,8.3,2012
5055,Arkansas,Greene County,4.3,2016
5055,Arkansas,Greene County,6.1,2020
5057,Arkansas,Hempstead County,4.5,2000
5057,Arkansas,Hempstead County,5.8,2004
5057,Arkansas,Hempstead County,5.7,2008
5057,Arkansas,Hempstead County,7.0,2012
5057,Arkansas,Hempstead County,3.8,2016
5057,Arkansas,Hempstead County,5.3,2020
5059,Arkansas,Hot Spring County,4.2,2000
5059,Arkansas,Hot Spring County,6.0,2004
5059,Arkansas,Hot Spring County,6.5,2008
5059,Arkansas,Hot Spring County,6.9,2012
5059,Arkansas,Hot Spring County,3.9,2016
5059,Arkansas,Hot Spring County,5.9,2020
5061,Arkansas,Howard County,4.2,2000
5061,Arkansas,Howard County,5.9,2004
5061,Arkansas,Howard County,5.5,2008
5061,Arkansas,Howard County,6.4,2012
5061,Arkansas,Howard County,3.3,2016
5061,Arkansas,Howard County,5.1,2020
5063,Arkansas,Independence County,4.8,2000
5063,Arkansas,Independence County,6.2,2004
5063,Arkansas,Independence County,6.9,2008
5063,Arkansas,Independence County,8.8,2012
5063,Arkansas,Independence County,5.0,2016
5063,Arkansas,Independence County,5.9,2020
5065,Arkansas,Izard County,4.6,2000
5065,Arkansas,Izard County,6.8,2004
5065,Arkansas,Izard County,6.7,2008
5065,Arkansas,Izard County,8.4,2012
5065,Arkansas,Izard County,5.6,2016
5065,Arkansas,Izard County,8.6,2020
5067,Arkansas,Jackson County,7.4,2000
5067,Arkansas,Jackson County,8.5,2004
5067,Arkansas,Jackson County,7.7,2008
5067,Arkansas,Jackson County,10.4,2012
5067,Arkansas,Jackson County,6.2,2016
5067,Arkansas,Jackson County,7.4,2020
5069,Arkansas,Jefferson County,5.7,2000
5069,Arkansas,Jefferson County,7.7,2004
5069,Arkansas,Jefferson County,7.6,2008
5069,Arkansas,Jefferson County,9.6,2012
5069,Arkansas,Jefferson County,5.6,2016
5069,Arkansas,Jefferson County,8.2,2020
5071,Arkansas,Johnson County,4.1,2000
5071,Arkansas,Johnson County,5.3,2004
5071,Arkansas,Johnson County,4.7,2008
5071,Arkansas,Johnson County,7.1,2012
5071,Arkansas,Johnson County,4.8,2016
5071,Arkansas,Johnson County,6.4,2020
5073,Arkansas,Lafayette County,5.8,2000
5073,Arkansas,Lafayette County,7.0,2004
5073,Arkansas,Lafayette County,7.0,2008
5073,Arkansas,Lafayette County,9.0,2012
5073,Arkansas,Lafayette County,5.8,2016
5073,Arkansas,Lafayette County,7.8,2020
5075,Arkansas,Lawrence County,5.2,2000
5075,Arkansas,Lawrence County,7.9,2004
5075,Arkansas,Lawrence County,7.1,2008
5075,Arkansas,Lawrence County,8.7,2012
5075,Arkansas,Lawrence County,4.3,2016
5075,Arkansas,Lawrence County,6.3,2020
5077,Arkansas,Lee County,7.4,2000
5077,Arkansas,Lee County,11.0,2004
5077,Arkansas,Lee County,8.5,2008
5077,Arkansas,Lee County,9.1,2012
5077,Arkansas,Lee County,4.7,2016
5077,Arkansas,Lee County,7.8,2020
5079,Arkansas,Lincoln County,6.1,2000
5079,Arkansas,Lincoln County,7.6,2004
5079,Arkansas,Lincoln County,8.0,2008
5079,Arkansas,Lincoln County,8.4,2012
5079,Arkansas,Lincoln County,4.8,2016
5079,Arkansas,Lincoln County,6.0,2020
5081,Arkansas,Little River County,4.5,2000
5081,Arkansas,Little River County,4.8,2004
5081,Arkansas,Little River County,3.9,2008
5081,Arkansas,Little River County,7.0,2012
5081,Arkansas,Little River County,4.7,2016
5081,Arkansas,Little River County,6.7,2020
5083,Arkansas,Logan County,4.1,2000
5083,Arkansas,Logan County,5.3,2004
5083,Arkansas,Logan County,6.5,2008
5083,Arkansas,Logan County,7.7,2012
5083,Arkansas,Logan County,4.6,2016
5083,Arkansas,Logan County,6.8,2020
5085,Arkansas,Lonoke County,3.3,2000
5085,Arkansas,Lonoke County,4.6,2004
5085,Arkansas,Lonoke County,4.4,2008
5085,Arkansas,Lonoke County,6.1,2012
5085,Arkansas,Lonoke County,3.3,2016
5085,Arkansas,Lonoke County,5.6,2020
5087,Arkansas,Madison County,3.1,2000
5087,Arkansas,Madison County,4.0,2004
5087,Arkansas,Madison County,4.4,2008
5087,Arkansas,Madison County,5.6,2012
5087,Arkansas,Madison County,3.2,2016
5087,Arkansas,Madison County,4.0,2020
5089,Arkansas,Marion County,3.8,2000
5089,Arkansas,Marion County,5.9,2004
5089,Arkansas,Marion County,6.2,2008
5089,Arkansas,Marion County,7.9,2012
5089,Arkansas,Marion County,4.0,2016
5089,Arkansas,Marion County,6.6,2020
5091,Arkansas,Miller County,4.4,2000
5091,Arkansas,Miller County,4.8,2004
5091,Arkansas,Miller County,4.0,2008
5091,Arkansas,Miller County,5.7,2012
5091,Arkansas,Miller County,4.2,2016
5091,Arkansas,Miller County,7.0,2020
5093,Arkansas,Mississippi County,7.7,2000
5093,Arkansas,Mississippi County,9.9,2004
5093,Arkansas,Mississippi County,7.6,2008
5093,Arkansas,Mississippi County,10.5,2012
5093,Arkansas,Mississippi County,6.8,2016
5093,Arkansas,Mississippi County,9.2,2020
5095,Arkansas,Monroe County,5.0,2000
5095,Arkansas,Monroe County,6.9,2004
5095,Arkansas,Monroe County,6.4,2008
5095,Arkansas,Monroe County,8.6,2012
5095,Arkansas,Monroe County,4.8,2016
5095,Arkansas,Monroe County,6.8,2020
5097,Arkansas,Montgomery County,4.0,2000
5097,Arkansas,Montgomery County,5.3,2004
5097,Arkansas,Montgomery County,5.6,2008
5097,Arkansas,Montgomery County,8.1,2012
5097,Arkansas,Montgomery County,5.1,2016
5097,Arkansas,Montgomery County,7.1,2020
5099,Arkansas,Nevada County,4.7,2000
5099,Arkansas,Nevada County,5.9,2004
5099,Arkansas,Nevada County,6.7,2008
5099,Arkansas,Nevada County,7.4,2012
5099,Arkansas,Nevada County,3.7,2016
5099,Arkansas,Nevada County,6.0,2020
5101,Arkansas,Newton County,4.3,2000
5101,Arkansas,Newton County,6.0,2004
5101,Arkansas,Newton County,5.6,2008
5101,Arkansas,Newton County,7.1,2012
5101,Arkansas,Newton County,3.9,2016
5101,Arkansas,Newton County,5.2,2020
5103,Arkansas,Ouachita County,5.8,2000
5103,Arkansas,Ouachita County,6.7,2004
5103,Arkansas,Ouachita County,6.3,2008
5103,Arkansas,Ouachita County,10.0,2012
5103,Arkansas,Ouachita County,5.0,2016
5103,Arkansas,Ouachita County,6.2,2020
5105,Arkansas,Perry County,4.9,2000
5105,Arkansas,Perry County,5.6,2004
5105,Arkansas,Perry County,5.6,2008
5105,Arkansas,Perry County,8.7,2012
5105,Arkansas,Perry County,4.8,2016
5105,Arkansas,Perry County,5.7,2020
5107,Arkansas,Phillips County,6.1,2000
5107,Arkansas,Phillips County,8.9,2004
5107,Arkansas,Phillips County,7.1,2008
5107,Arkansas,Phillips County,11.1,2012
5107,Arkansas,Phillips County,5.9,2016
5107,Arkansas,Phillips County,9.3,2020
5109,Arkansas,Pike County,4.1,2000
5109,Arkansas,Pike County,5.4,2004
5109,Arkansas,Pike County,6.0,2008
5109,Arkansas,Pike County,8.6,2012
5109,Arkansas,Pike County,4.3,2016
5109,Arkansas,Pike County,6.1,2020
5111,Arkansas,Poinsett County,4.7,2000
5111,Arkansas,Poinsett County,6.3,2004
5111,Arkansas,Poinsett County,6.4,2008
5111,Arkansas,Poinsett County,8.3,2012
5111,Arkansas,Poinsett County,4.3,2016
5111,Arkansas,Poinsett County,5.7,2020
5113,Arkansas,Polk County,4.0,2000
5113,Arkansas,Polk County,5.9,2004
5113,Arkansas,Polk County,5.1,2008
5113,Arkansas,Polk County,7.1,2012
5113,Arkansas,Polk County,4.9,2016
5113,Arkansas,Polk County,6.8,2020
5115,Arkansas,Pope County,4.2,2000
5115,Arkansas,Pope County,5.3,2004
5115,Arkansas,Pope County,4.9,2008
5115,Arkansas,Pope County,7.0,2012
5115,Arkansas,Pope County,4.6,2016
5115,Arkansas,Pope County,6.0,2020
5117,Arkansas,Prairie County,4.3,2000
5117,Arkansas,Prairie County,5.2,2004
5117,Arkansas,Prairie County,5.6,2008
5117,Arkansas,Prairie County,7.3,2012
5117,Arkansas,Prairie County,3.8,2016
5117,Arkansas,Prairie County,5.5,2020
5119,Arkansas,Pulaski County,3.7,2000
5119,Arkansas,Pulaski County,5.1,2004
5119,Arkansas,Pulaski County,4.7,2008
5119,Arkansas,Pulaski County,6.6,2012
5119,Arkansas,Pulaski County,3.6,2016
5119,Arkansas,Pulaski County,7.6,2020
5121,Arkansas,Randolph County,5.2,2000
5121,Arkansas,Randolph County,8.1,2004
5121,Arkansas,Randolph County,8.1,2008
5121,Arkansas,Randolph County,10.4,2012
5121,Arkansas,Randolph County,4.6,2016
5121,Arkansas,Randolph County,6.1,2020
5123,Arkansas,St. Francis County,6.9,2000
5123,Arkansas,St. Francis County,9.1,2004
5123,Arkansas,St. Francis County,9.3,2008
5123,Arkansas,St. Francis County,10.4,2012
5123,Arkansas,St. Francis County,5.2,2016
5123,Arkansas,St. Francis County,8.1,2020
5125,Arkansas,Saline County,3.2,2000
5125,Arkansas,Saline County,4.5,2004
5125,Arkansas,Saline County,4.4,2008
5125,Arkansas,Saline County,5.9,2012
5125,Arkansas,Saline County,3.1,2016
5125,Arkansas,Saline County,5.1,2020
5127,Arkansas,Scott County,3.4,2000
5127,Arkansas,Scott County,5.1,2004
5127,Arkansas,Scott County,4.7,2008
5127,Arkansas,Scott County,6.4,2012
5127,Arkansas,Scott County,3.7,2016
5127,Arkansas,Scott County,4.6,2020
5129,Arkansas,Searcy County,4.9,2000
5129,Arkansas,Searcy County,5.6,2004
5129,Arkansas,Searcy County,5.3,2008
5129,Arkansas,Searcy County,7.9,2012
5129,Arkansas,Searcy County,4.6,2016
5129,Arkansas,Searcy County,6.5,2020
5131,Arkansas,Sebastian County,3.3,2000
5131,Arkansas,Sebastian County,4.7,2004
5131,Arkansas,Sebastian County,4.9,2008
5131,Arkansas,Sebastian County,7.5,2012
5131,Arkansas,Sebastian County,3.7,2016
5131,Arkansas,Sebastian County,6.1,2020
5133,Arkansas,Sevier County,3.8,2000
5133,Arkansas,Sevier County,4.6,2004
5133,Arkansas,Sevier County,4.0,2008
5133,Arkansas,Sevier County,8.3,2012
5133,Arkansas,Sevier County,4.9,2016
5133,Arkansas,Sevier County,5.9,2020
5135,Arkansas,Sharp County,5.1,2000
5135,Arkansas,Sharp County,7.8,2004
5135,Arkansas,Sharp County,7.5,2008
5135,Arkansas,Sharp County,9.8,2012
5135,Arkansas,Sharp County,5.5,2016
5135,Arkansas,Sharp County,7.3,2020
5137,Arkansas,Stone County,4.3,2000
5137,Arkansas,Stone County,7.4,2004
5137,Arkansas,Stone County,6.5,2008
5137,Arkansas,Stone County,7.9,2012
5137,Arkansas,Stone County,5.1,2016
5137,Arkansas,Stone County,7.2,2020
5139,Arkansas,Union County,4.7,2000
5139,Arkansas,Union County,7.2,2004
5139,Arkansas,Union County,6.3,2008
5139,Arkansas,Union County,8.9,2012
5139,Arkansas,Union County,5.5,2016
5139,Arkansas,Union County,8.5,2020
5141,Arkansas,Van Buren County,5.3,2000
5141,Arkansas,Van Buren County,6.9,2004
5141,Arkansas,Van Buren County,6.6,2008
5141,Arkansas,Van Buren County,9.8,2012
5141,Arkansas,Van Buren County,6.9,2016
5141,Arkansas,Van Buren County,7.3,2020
5143,Arkansas,Washington County,2.9,2000
5143,Arkansas,Washington County,3.8,2004
5143,Arkansas,Washington County,4.2,2008
5143,Arkansas,Washington County,5.4,2012
5143,Arkansas,Washington County,2.8,2016
5143,Arkansas,Washington County,4.7,2020
5145,Arkansas,White County,4.7,2000
5145,Arkansas,White County,6.3,2004
5145,Arkansas,White County,5.9,2008
5145,Arkansas,White County,7.5,2012
5145,Arkansas,White County,5.2,2016
5145,Arkansas,White County,6.4,2020
5147,Arkansas,Woodruff County,6.1,2000
5147,Arkansas,Woodruff County,9.8,2004
5147,Arkansas,Woodruff County,7.9,2008
5147,Arkansas,Woodruff County,9.8,2012
5147,Arkansas,Woodruff County,5.5,2016
5147,Arkansas,Woodruff County,5.9,2020
5149,Arkansas,Yell County,3.9,2000
5149,Arkansas,Yell County,5.0,2004
5149,Arkansas,Yell County,4.5,2008
5149,Arkansas,Yell County,6.4,2012
5149,Arkansas,Yell County,4.5,2016
5149,Arkansas,Yell County,5.2,2020
6001,California,Alameda County,3.6,2000
6001,California,Alameda County,5.9,2004
6001,California,Alameda County,6.2,2008
6001,California,Alameda County,8.8,2012
6001,California,Alameda County,4.3,2016
6001,California,Alameda County,8.9,2020
6003,California,Alpine County,6.3,2000
6003,California,Alpine County,8.1,2004
6003,California,Alpine County,10.5,2008
6003,California,Alpine County,11.2,2012
6003,California,Alpine County,6.5,2016
6003,California,Alpine County,11.7,2020
6005,California,Amador County,5.1,2000
6005,California,Amador County,5.8,2004
6005,California,Amador County,7.7,2008
6005,California,Amador County,12.5,2012
6005,California,Amador County,6.0,2016
6005,California,Amador County,9.4,2020
6007,California,Butte County,6.1,2000
6007,California,Butte County,7.4,2004
6007,California,Butte County,8.5,2008
6007,California,Butte County,12.3,2012
6007,California,Butte County,6.6,2016
6007,California,Butte County,9.4,2020
6009,California,Calaveras County,5.5,2000
6009,California,Calaveras County,6.8,2004
6009,California,Calaveras County,8.7,2008
6009,California,Calaveras County,12.6,2012
6009,California,Calaveras County,5.7,2016
6009,California,Calaveras County,7.8,2020
6011,California,Colusa County,11.4,2000
6011,California,Colusa County,13.7,2004
6011,California,Colusa County,13.9,2008
6011,California,Colusa County,21.0,2012
6011,California,Colusa County,15.6,2016
6011,California,Colusa County,16.4,2020
6013,California,Contra Costa County,3.5,2000
6013,California,Contra Costa County,5.4,2004
6013,California,Contra Costa County,6.2,2008
6013,California,Contra Costa County,9.1,2012
6013,California,Contra Costa County,4.5,2016
6013,California,Contra Costa County,9.0,2020
6015,California,Del Norte County,7.3,2000
6015,California,Del Norte County,8.1,2004
6015,California,Del Norte County,8.8,2008
6015,California,Del Norte County,13.7,2012
6015,California,Del Norte County,7.5,2016
6015,California,Del Norte County,9.7,2020
6017,California,El Dorado County,4.1,2000
6017,California,El Dorado County,5.3,2004
6017,California,El Dorado County,7.0,2008
6017,California,El Dorado County,10.4,2012
6017,California,El Dorado County,5.2,2016
6017,California,El Dorado County,8.5,2020
6019,California,Fresno County,10.3,2000
6019,California,Fresno County,10.4,2004
6019,California,Fresno County,10.6,2008
6019,California,Fresno County,15.4,2012
6019,California,Fresno County,9.5,2016
6019,California,Fresno County,11.6,2020
6021,California,Glenn County,8.4,2000
6021,California,Glenn County,9.3,2004
6021,California,Glenn County,10.5,2008
6021,California,Glenn County,14.4,2012
6021,California,Glenn County,8.4,2016
6021,California,Glenn County,9.0,2020
6023,California,Humboldt County,5.7,2000
6023,California,Humboldt County,6.5,2004
6023,California,Humboldt County,7.3,2008
6023,California,Humboldt County,9.7,2012
6023,California,Humboldt County,4.9,2016
6023,California,Humboldt County,8.5,2020
6025,California,Imperial County,17.3,2000
6025,California,Imperial County,17.0,2004
6025,California,Imperial County,22.6,2008
6025,California,Imperial County,27.7,2012
6025,California,Imperial County,24.2,2016
6025,California,Imperial County,22.6,2020
6027,California,Inyo County,4.6,2000
6027,California,Inyo County,5.3,2004
6027,California,Inyo County,6.6,2008
6027,California,Inyo County,9.2,2012
6027,California,Inyo County,5.3,2016
6027,California,Inyo County,8.0,2020
6029,California,Kern County,8.2,2000
6029,California,Kern County,9.9,2004
6029,California,Kern County,9.9,2008
6029,California,Kern County,13.4,2012
6029,California,Kern County,10.4,2016
6029,California,Kern County,12.8,2020
6031,California,Kings County,9.9,2000
6031,California,Kings County,11.0,2004
6031,California,Kings County,10.6,2008
6031,California,Kings County,15.1,2012
6031,California,Kings County,10.0,2016
6031,California,Kings County,11.8,2020
6033,California,Lake County,7.2,2000
6033,California,Lake County,9.0,2004
6033,California,Lake County,10.7,2008
6033,California,Lake County,13.0,2012
6033,California,Lake County,6.7,2016
6033,California,Lake County,9.8,2020
6035,California,Lassen County,7.1,2000
6035,California,Lassen County,7.6,2004
6035,California,Lassen County,9.6,2008
6035,California,Lassen County,12.7,2012
6035,California,Lassen County,7.0,2016
6035,California,Lassen County,7.4,2020
6037,California,Los Angeles County,5.4,2000
6037,California,Los Angeles County,6.5,2004
6037,California,Los Angeles County,7.5,2008
6037,California,Los Angeles County,11.0,2012
6037,California,Los Angeles County,5.3,2016
6037,California,Los Angeles County,12.3,2020
6039,California,Madera County,8.6,2000
6039,California,Madera County,9.2,2004
6039,California,Madera County,9.5,2008
6039,California,Madera County,14.7,2012
6039,California,Madera County,9.3,2016
6039,California,Madera County,11.1,2020
6041,California,Marin County,2.8,2000
6041,California,Marin County,4.4,2004
6041,California,Marin County,4.7,2008
6041,California,Marin County,6.4,2012
6041,California,Marin County,3.3,2016
6041,California,Marin County,6.8,2020
6043,California,Mariposa County,6.1,2000
6043,California,Mariposa County,6.7,2004
6043,California,Mariposa County,7.6,2008
6043,California,Mariposa County,12.4,2012
6043,California,Mariposa County,6.9,2016
6043,California,Mariposa County,11.1,2020
6045,California,Mendocino County,5.5,2000
6045,California,Mendocino County,6.4,2004
6045,California,Mendocino County,6.9,2008
6045,California,Mendocino County,10.2,2012
6045,California,Mendocino County,5.3,2016
6045,California,Mendocino County,9.1,2020
6047,California,Merced County,9.5,2000
6047,California,Merced County,10.9,2004
6047,California,Merced County,12.7,2008
6047,California,Merced County,16.6,2012
6047,California,Merced County,10.6,2016
6047,California,Merced County,12.5,2020
6049,California,Modoc County,7.4,2000
6049,California,Modoc County,8.8,2004
6049,California,Modoc County,9.7,2008
6049,California,Modoc County,14.6,2012
6049,California,Modoc County,7.8,2016
6049,California,Modoc County,8.8,2020
6051,California,Mono County,4.6,2000
6051,California,Mono County,5.1,2004
6051,California,Mono County,5.9,2008
6051,California,Mono County,10.5,2012
6051,California,Mono County,5.4,2016
6051,California,Mono County,12.1,2020
6053,California,Monterey County,7.3,2000
6053,California,Monterey County,8.3,2004
6053,California,Monterey County,8.5,2008
6053,California,Monterey County,11.8,2012
6053,California,Monterey County,7.7,2016
6053,California,Monterey County,11.1,2020
6055,California,Napa County,3.6,2000
6055,California,Napa County,4.7,2004
6055,California,Napa County,5.1,2008
6055,California,Napa County,8.6,2012
6055,California,Napa County,4.3,2016
6055,California,Napa County,8.9,2020
6057,California,Nevada County,4.1,2000
6057,California,Nevada County,5.3,2004
6057,California,Nevada County,6.6,2008
6057,California,Nevada County,9.9,2012
6057,California,Nevada County,4.8,2016
6057,California,Nevada County,8.1,2020
6059,California,Orange County,3.5,2000
6059,California,Orange County,4.2,2004
6059,California,Orange County,5.3,2008
6059,California,Orange County,8.0,2012
6059,California,Orange County,4.1,2016
6059,California,Orange County,8.9,2020
6061,California,Placer County,3.6,2000
6061,California,Placer County,4.8,2004
6061,California,Placer County,6.5,2008
6061,California,Placer County,9.5,2012
6061,California,Placer County,4.5,2016
6061,California,Placer County,7.4,2020
6063,California,Plumas County,7.0,2000
6063,California,Plumas County,9.8,2004
6063,California,Plumas County,10.6,2008
6063,California,Plumas County,16.4,2012
6063,California,Plumas County,9.8,2016
6063,California,Plumas County,11.0,2020
6065,California,Riverside County,5.3,2000
6065,California,Riverside County,6.0,2004
6065,California,Riverside County,8.6,2008
6065,California,Riverside County,11.8,2012
6065,California,Riverside County,6.1,2016
6065,California,Riverside County,10.1,2020
6067,California,Sacramento County,4.3,2000
6067,California,Sacramento County,5.6,2004
6067,California,Sacramento County,7.2,2008
6067,California,Sacramento County,10.7,2012
6067,California,Sacramento County,5.4,2016
6067,California,Sacramento County,9.4,2020
6069,California,San Benito County,5.9,2000
6069,California,San Benito County,9.6,2004
6069,California,San Benito County,9.7,2008
6069,California,San Benito County,13.3,2012
6069,California,San Benito County,6.7,2016
6069,California,San Benito County,9.9,2020
6071,California,San Bernardino County,4.7,2000
6071,California,San Bernardino County,5.8,2004
6071,California,San Bernardino County,8.1,2008
6071,California,San Bernardino County,11.6,2012
6071,California,San Bernardino County,5.8,2016
6071,California,San Bernardino County,9.6,2020
6073,California,San Diego County,3.9,2000
6073,California,San Diego County,4.7,2004
6073,California,San Diego County,6.1,2008
6073,California,San Diego County,9.3,2012
6073,California,San Diego County,4.7,2016
6073,California,San Diego County,9.4,2020
6075,California,San Francisco County/City,3.4,2000
6075,California,San Francisco County/City,5.8,2004
6075,California,San Francisco County/City,5.3,2008
6075,California,San Francisco County/City,6.9,2012
6075,California,San Francisco County/City,3.3,2016
6075,California,San Francisco County/City,7.9,2020
6077,California,San Joaquin County,6.9,2000
6077,California,San Joaquin County,8.7,2004
6077,California,San Joaquin County,10.5,2008
6077,California,San Joaquin County,14.6,2012
6077,California,San Joaquin County,8.2,2016
6077,California,San Joaquin County,11.5,2020
6079,California,San Luis Obispo County,4.0,2000
6079,California,San Luis Obispo County,4.6,2004
6079,California,San Luis Obispo County,5.8,2008
6079,California,San Luis Obispo County,8.4,2012
6079,California,San Luis Obispo County,4.3,2016
6079,California,San Luis Obispo County,7.8,2020
6081,California,San Mateo County,2.8,2000
6081,California,San Mateo County,4.9,2004
6081,California,San Mateo County,4.9,2008
6081,California,San Mateo County,6.5,2012
6081,California,San Mateo County,3.1,2016
6081,California,San Mateo County,6.9,2020
6083,California,Santa Barbara County,4.3,2000
6083,California,Santa Barbara County,4.7,2004
6083,California,Santa Barbara County,5.5,2008
6083,California,Santa Barbara County,8.5,2012
6083,California,Santa Barbara County,5.1,2016
6083,California,Santa Barbara County,8.1,2020
6085,California,Santa Clara County,3.1,2000
6085,California,Santa Clara County,6.4,2004
6085,California,Santa Clara County,6.0,2008
6085,California,Santa Clara County,8.0,2012
6085,California,Santa Clara County,3.8,2016
6085,California,Santa Clara County,7.1,2020
6087,California,Santa Cruz County,5.1,2000
6087,California,Santa Cruz County,7.0,2004
6087,California,Santa Cruz County,7.4,2008
6087,California,Santa Cruz County,12.0,2012
6087,California,Santa Cruz County,7.0,2016
6087,California,Santa Cruz County,9.7,2020
6089,California,Shasta County,6.0,2000
6089,California,Shasta County,7.6,2004
6089,California,Shasta County,10.1,2008
6089,California,Shasta County,14.4,2012
6089,California,Shasta County,7.0,2016
6089,California,Shasta County,8.9,2020
6091,California,Sierra County,5.8,2000
6091,California,Sierra County,9.7,2004
6091,California,Sierra County,10.6,2008
6091,California,Sierra County,14.6,2012
6091,California,Sierra County,7.6,2016
6091,California,Sierra County,8.3,2020
6093,California,Siskiyou County,7.4,2000
6093,California,Siskiyou County,9.5,2004
6093,California,Siskiyou County,10.2,2008
6093,California,Siskiyou County,15.9,2012
6093,California,Siskiyou County,8.5,2016
6093,California,Siskiyou County,10.0,2020
6095,California,Solano County,4.6,2000
6095,California,Solano County,5.8,2004
6095,California,Solano County,6.9,2008
6095,California,Solano County,10.9,2012
6095,California,Solano County,5.5,2016
6095,California,Solano County,9.7,2020
6097,California,Sonoma County,3.3,2000
6097,California,Sonoma County,5.0,2004
6097,California,Sonoma County,5.8,2008
6097,California,Sonoma County,9.0,2012
6097,California,Sonoma County,4.0,2016
6097,California,Sonoma County,8.0,2020
6099,California,Stanislaus County,7.7,2000
6099,California,Stanislaus County,9.2,2004
6099,California,Stanislaus County,11.1,2008
6099,California,Stanislaus County,15.1,2012
6099,California,Stanislaus County,8.6,2016
6099,California,Stanislaus County,11.0,2020
6101,California,Sutter County,9.3,2000
6101,California,Sutter County,10.6,2004
6101,California,Sutter County,12.4,2008
6101,California,Sutter County,17.1,2012
6101,California,Sutter County,9.7,2016
6101,California,Sutter County,11.4,2020
6103,California,Tehama County,6.4,2000
6103,California,Tehama County,7.4,2004
6103,California,Tehama County,9.2,2008
6103,California,Tehama County,14.0,2012
6103,California,Tehama County,7.1,2016
6103,California,Tehama County,9.1,2020
6105,California,Trinity County,9.7,2000
6105,California,Trinity County,11.0,2004
6105,California,Trinity County,12.8,2008
6105,California,Trinity County,14.9,2012
6105,California,Trinity County,7.1,2016
6105,California,Trinity County,8.2,2020
6107,California,Tulare County,10.3,2000
6107,California,Tulare County,11.6,2004
6107,California,Tulare County,10.9,2008
6107,California,Tulare County,16.4,2012
6107,California,Tulare County,11.2,2016
6107,California,Tulare County,13.4,2020
6109,California,Tuolumne County,5.8,2000
6109,California,Tuolumne County,6.9,2004
6109,California,Tuolumne County,8.0,2008
6109,California,Tuolumne County,13.2,2012
6109,California,Tuolumne County,6.2,2016
6109,California,Tuolumne County,10.6,2020
6111,California,Ventura County,4.5,2000
6111,California,Ventura County,5.4,2004
6111,California,Ventura County,6.3,2008
6111,California,Ventura County,9.2,2012
6111,California,Ventura County,5.2,2016
6111,California,Ventura County,8.7,2020
6113,California,Yolo County,5.0,2000
6113,California,Yolo County,6.1,2004
6113,California,Yolo County,7.4,2008
6113,California,Yolo County,10.8,2012
6113,California,Yolo County,5.9,2016
6113,California,Yolo County,7.8,2020
6115,California,Yuba County,7.9,2000
6115,California,Yuba County,9.7,2004
6115,California,Yuba County,12.0,2008
6115,California,Yuba County,15.6,2012
6115,California,Yuba County,8.6,2016
6115,California,Yuba County,10.6,2020
8001,Colorado,Adams County,2.7,2000
8001,Colorado,Adams County,6.5,2004
8001,Colorado,Adams County,5.4,2008
8001,Colorado,Adams County,9.5,2012
8001,Colorado,Adams County,3.4,2016
8001,Colorado,Adams County,7.5,2020
8003,Colorado,Alamosa County,3.6,2000
8003,Colorado,Alamosa County,6.0,2004
8003,Colorado,Alamosa County,5.2,2008
8003,Colorado,Alamosa County,10.6,2012
8003,Colorado,Alamosa County,3.9,2016
8003,Colorado,Alamosa County,5.9,2020
8005,Colorado,Arapahoe County,2.4,2000
8005,Colorado,Arapahoe County,5.6,2004
8005,Colorado,Arapahoe County,4.9,2008
8005,Colorado,Arapahoe County,7.8,2012
8005,Colorado,Arapahoe County,3.0,2016
8005,Colorado,Arapahoe County,7.3,2020
8007,Colorado,Archuleta County,3.2,2000
8007,Colorado,Archuleta County,5.5,2004
8007,Colorado,Archuleta County,5.1,2008
8007,Colorado,Archuleta County,10.2,2012
8007,Colorado,Archuleta County,3.1,2016
8007,Colorado,Archuleta County,7.0,2020
8009,Colorado,Baca County,2.9,2000
8009,Colorado,Baca County,3.6,2004
8009,Colorado,Baca County,3.4,2008
8009,Colorado,Baca County,4.6,2012
8009,Colorado,Baca County,1.6,2016
8009,Colorado,Baca County,2.2,2020
8011,Colorado,Bent County,3.9,2000
8011,Colorado,Bent County,6.4,2004
8011,Colorado,Bent County,6.2,2008
8011,Colorado,Bent County,8.5,2012
8011,Colorado,Bent County,2.9,2016
8011,Colorado,Bent County,4.0,2020
8013,Colorado,Boulder County,2.4,2000
8013,Colorado,Boulder County,4.9,2004
8013,Colorado,Boulder County,4.2,2008
8013,Colorado,Boulder County,6.3,2012
8013,Colorado,Boulder County,2.6,2016
8013,Colorado,Boulder County,5.7,2020
8014,Colorado,Broomfield County/City,2.4,2000
8014,Colorado,Broomfield County/City,5.8,2004
8014,Colorado,Broomfield County/City,4.5,2008
8014,Colorado,Broomfield County/City,6.7,2012
8014,Colorado,Broomfield County/City,2.8,2016
8014,Colorado,Broomfield County/City,6.1,2020
8015,Colorado,Chaffee County,3.3,2000
8015,Colorado,Chaffee County,5.9,2004
8015,Colorado,Chaffee County,4.5,2008
8015,Colorado,Chaffee County,6.9,2012
8015,Colorado,Chaffee County,2.5,2016
8015,Colorado,Chaffee County,5.9,2020
8017,Colorado,Cheyenne County,2.5,2000
8017,Colorado,Cheyenne County,3.1,2004
8017,Colorado,Cheyenne County,2.7,2008
8017,Colorado,Cheyenne County,4.6,2012
8017,Colorado,Cheyenne County,2.1,2016
8017,Colorado,Cheyenne County,2.2,2020
8019,Colorado,Clear Creek County,2.7,2000
8019,Colorado,Clear Creek County,5.7,2004
8019,Colorado,Clear Creek County,4.6,2008
8019,Colorado,Clear Creek County,7.1,2012
8019,Colorado,Clear Creek County,3.0,2016
8019,Colorado,Clear Creek County,8.1,2020
8021,Colorado,Conejos County,5.0,2000
8021,Colorado,Conejos County,8.0,2004
8021,Colorado,Conejos County,7.3,2008
8021,Colorado,Conejos County,10.8,2012
8021,Colorado,Conejos County,4.6,2016
8021,Colorado,Conejos County,5.2,2020
8023,Colorado,Costilla County,7.4,2000
8023,Colorado,Costilla County,10.8,2004
8023,Colorado,Costilla County,7.8,2008
8023,Colorado,Costilla County,11.6,2012
8023,Colorado,Costilla County,4.6,2016
8023,Colorado,Costilla County,6.7,2020
8025,Colorado,Crowley County,5.3,2000
8025,Colorado,Crowley County,8.2,2004
8025,Colorado,Crowley County,7.4,2008
8025,Colorado,Crowley County,8.2,2012
8025,Colorado,Crowley County,3.4,2016
8025,Colorado,Crowley County,5.1,2020
8027,Colorado,Custer County,3.4,2000
8027,Colorado,Custer County,5.2,2004
8027,Colorado,Custer County,5.1,2008
8027,Colorado,Custer County,6.5,2012
8027,Colorado,Custer County,3.0,2016
8027,Colorado,Custer County,4.7,2020
8029,Colorado,Delta County,3.7,2000
8029,Colorado,Delta County,5.5,2004
8029,Colorado,Delta County,4.4,2008
8029,Colorado,Delta County,9.8,2012
8029,Colorado,Delta County,4.7,2016
8029,Colorado,Delta County,6.1,2020
8031,Colorado,Denver County/City,3.0,2000
8031,Colorado,Denver County/City,6.6,2004
8031,Colorado,Denver County/City,5.4,2008
8031,Colorado,Denver County/City,7.9,2012
8031,Colorado,Denver County/City,3.0,2016
8031,Colorado,Denver County/City,7.6,2020
8033,Colorado,Dolores County,5.5,2000
8033,Colorado,Dolores County,6.6,2004
8033,Colorado,Dolores County,7.2,2008
8033,Colorado,Dolores County,10.3,2012
8033,Colorado,Dolores County,3.7,2016
8033,Colorado,Dolores County,6.4,2020
8035,Colorado,Douglas County,2.0,2000
8035,Colorado,Douglas County,4.6,2004
8035,Colorado,Douglas County,4.2,2008
8035,Colorado,Douglas County,6.1,2012
8035,Colorado,Douglas County,2.5,2016
8035,Colorado,Douglas County,5.3,2020
8037,Colorado,Eagle County,2.4,2000
8037,Colorado,Eagle County,4.4,2004
8037,Colorado,Eagle County,3.6,2008
8037,Colorado,Eagle County,7.3,2012
8037,Colorado,Eagle County,2.6,2016
8037,Colorado,Eagle County,8.9,2020
8039,Colorado,Elbert County,2.2,2000
8039,Colorado,Elbert County,4.9,2004
8039,Colorado,Elbert County,4.8,2008
8039,Colorado,Elbert County,7.2,2012
8039,Colorado,Elbert County,2.5,2016
8039,Colorado,Elbert County,4.3,2020
8041,Colorado,El Paso County,2.9,2000
8041,Colorado,El Paso County,5.8,2004
8041,Colorado,El Paso County,5.7,2008
8041,Colorado,El Paso County,9.0,2012
8041,Colorado,El Paso County,3.6,2016
8041,Colorado,El Paso County,6.7,2020
8043,Colorado,Fremont County,3.9,2000
8043,Colorado,Fremont County,6.8,2004
8043,Colorado,Fremont County,6.4,2008
8043,Colorado,Fremont County,11.8,2012
8043,Colorado,Fremont County,4.9,2016
8043,Colorado,Fremont County,7.2,2020
8045,Colorado,Garfield County,2.7,2000
8045,Colorado,Garfield County,4.3,2004
8045,Colorado,Garfield County,3.1,2008
8045,Colorado,Garfield County,8.6,2012
8045,Colorado,Garfield County,3.3,2016
8045,Colorado,Garfield County,6.3,2020
8047,Colorado,Gilpin County,2.5,2000
8047,Colorado,Gilpin County,5.5,2004
8047,Colorado,Gilpin County,4.2,2008
8047,Colorado,Gilpin County,6.8,2012
8047,Colorado,Gilpin County,2.3,2016
8047,Colorado,Gilpin County,10.8,2020
8049,Colorado,Grand County,2.5,2000
8049,Colorado,Grand County,4.2,2004
8049,Colorado,Grand County,3.7,2008
8049,Colorado,Grand County,7.3,2012
8049,Colorado,Grand County,2.6,2016
8049,Colorado,Grand County,7.9,2020
8051,Colorado,Gunnison County,2.7,2000
8051,Colorado,Gunnison County,4.2,2004
8051,Colorado,Gunnison County,3.6,2008
8051,Colorado,Gunnison County,6.1,2012
8051,Colorado,Gunnison County,2.2,2016
8051,Colorado,Gunnison County,6.2,2020
8053,Colorado,Hinsdale County,2.0,2000
8053,Colorado,Hinsdale County,3.3,2004
8053,Colorado,Hinsdale County,3.4,2008
8053,Colorado,Hinsdale County,4.8,2012
8053,Colorado,Hinsdale County,2.2,2016
8053,Colorado,Hinsdale County,3.8,2020
8055,Colorado,Huerfano County,5.5,2000
8055,Colorado,Huerfano County,8.2,2004
8055,Colorado,Huerfano County,6.4,2008
8055,Colorado,Huerfano County,14.4,2012
8055,Colorado,Huerfano County,6.0,2016
8055,Colorado,Huerfano County,8.8,2020
8057,Colorado,Jackson County,2.8,2000
8057,Colorado,Jackson County,3.6,2004
8057,Colorado,Jackson County,3.3,2008
8057,Colorado,Jackson County,5.3,2012
8057,Colorado,Jackson County,2.6,2016
8057,Colorado,Jackson County,3.9,2020
8059,Colorado,Jefferson County,2.3,2000
8059,Colorado,Jefferson County,5.4,2004
8059,Colorado,Jefferson County,4.7,2008
8059,Colorado,Jefferson County,7.5,2012
8059,Colorado,Jefferson County,2.8,2016
8059,Colorado,Jefferson County,6.6,2020
8061,Colorado,Kiowa County,3.1,2000
8061,Colorado,Kiowa County,5.2,2004
8061,Colorado,Kiowa County,3.7,2008
8061,Colorado,Kiowa County,4.7,2012
8061,Colorado,Kiowa County,1.9,2016
8061,Colorado,Kiowa County,2.2,2020
8063,Colorado,Kit Carson County,2.5,2000
8063,Colorado,Kit Carson County,3.5,2004
8063,Colorado,Kit Carson County,3.4,2008
8063,Colorado,Kit Carson County,4.5,2012
8063,Colorado,Kit Carson County,2.0,2016
8063,Colorado,Kit Carson County,2.6,2020
8065,Colorado,Lake County,3.3,2000
8065,Colorado,Lake County,5.7,2004
8065,Colorado,Lake County,4.6,2008
8065,Colorado,Lake County,8.7,2012
8065,Colorado,Lake County,2.7,2016
8065,Colorado,Lake County,7.6,2020
8067,Colorado,La Plata County,2.9,2000
8067,Colorado,La Plata County,4.1,2004
8067,Colorado,La Plata County,3.6,2008
8067,Colorado,La Plata County,6.7,2012
8067,Colorado,La Plata County,2.7,2016
8067,Colorado,La Plata County,6.4,2020
8069,Colorado,Larimer County,2.5,2000
8069,Colorado,Larimer County,4.7,2004
8069,Colorado,Larimer County,4.2,2008
8069,Colorado,Larimer County,6.8,2012
8069,Colorado,Larimer County,2.7,2016
8069,Colorado,Larimer County,5.9,2020
8071,Colorado,Las Animas County,4.1,2000
8071,Colorado,Las Animas County,5.5,2004
8071,Colorado,Las Animas County,4.5,2008
8071,Colorado,Las Animas County,12.2,2012
8071,Colorado,Las Animas County,4.8,2016
8071,Colorado,Las Animas County,6.9,2020
8073,Colorado,Lincoln County,2.7,2000
8073,Colorado,Lincoln County,4.2,2004
8073,Colorado,Lincoln County,3.7,2008
8073,Colorado,Lincoln County,6.6,2012
8073,Colorado,Lincoln County,2.5,2016
8073,Colorado,Lincoln County,4.2,2020
8075,Colorado,Logan County,2.8,2000
8075,Colorado,Logan County,4.4,2004
8075,Colorado,Logan County,3.9,2008
8075,Colorado,Logan County,6.1,2012
8075,Colorado,Logan County,2.8,2016
8075,Colorado,Logan County,4.3,2020
8077,Colorado,Mesa County,3.3,2000
8077,Colorado,Mesa County,5.5,2004
8077,Colorado,Mesa County,3.9,2008
8077,Colorado,Mesa County,9.8,2012
8077,Colorado,Mesa County,5.1,2016
8077,Colorado,Mesa County,7.0,2020
8079,Colorado,Mineral County,3.6,2000
8079,Colorado,Mineral County,4.7,2004
8079,Colorado,Mineral County,5.4,2008
8079,Colorado,Mineral County,5.4,2012
8079,Colorado,Mineral County,2.2,2016
8079,Colorado,Mineral County,5.4,2020
8081,Colorado,Moffat County,3.5,2000
8081,Colorado,Moffat County,5.0,2004
8081,Colorado,Moffat County,3.8,2008
8081,Colorado,Moffat County,8.4,2012
8081,Colorado,Moffat County,3.8,2016
8081,Colorado,Moffat County,5.6,2020
8083,Colorado,Montezuma County,4.1,2000
8083,Colorado,Montezuma County,5.6,2004
8083,Colorado,Montezuma County,5.2,2008
8083,Colorado,Montezuma County,8.7,2012
8083,Colorado,Montezuma County,4.7,2016
8083,Colorado,Montezuma County,6.7,2020
8085,Colorado,Montrose County,3.6,2000
8085,Colorado,Montrose County,5.4,2004
8085,Colorado,Montrose County,5.0,2008
8085,Colorado,Montrose County,10.5,2012
8085,Colorado,Montrose County,4.0,2016
8085,Colorado,Montrose County,6.2,2020
8087,Colorado,Morgan County,3.0,2000
8087,Colorado,Morgan County,4.6,2004
8087,Colorado,Morgan County,4.3,2008
8087,Colorado,Morgan County,6.9,2012
8087,Colorado,Morgan County,3.3,2016
8087,Colorado,Morgan County,5.0,2020
8089,Colorado,Otero County,4.3,2000
8089,Colorado,Otero County,6.2,2004
8089,Colorado,Otero County,6.0,2008
8089,Colorado,Otero County,10.4,2012
8089,Colorado,Otero County,4.5,2016
8089,Colorado,Otero County,5.7,2020
8091,Colorado,Ouray County,2.6,2000
8091,Colorado,Ouray County,4.0,2004
8091,Colorado,Ouray County,3.7,2008
8091,Colorado,Ouray County,9.5,2012
8091,Colorado,Ouray County,3.6,2016
8091,Colorado,Ouray County,7.5,2020
8093,Colorado,Park County,2.5,2000
8093,Colorado,Park County,5.4,2004
8093,Colorado,Park County,4.8,2008
8093,Colorado,Park County,6.9,2012
8093,Colorado,Park County,2.7,2016
8093,Colorado,Park County,5.4,2020
8095,Colorado,Phillips County,2.6,2000
8095,Colorado,Phillips County,3.6,2004
8095,Colorado,Phillips County,3.4,2008
8095,Colorado,Phillips County,5.2,2012
8095,Colorado,Phillips County,1.9,2016
8095,Colorado,Phillips County,2.5,2020
8097,Colorado,Pitkin County,2.7,2000
8097,Colorado,Pitkin County,5.0,2004
8097,Colorado,Pitkin County,3.3,2008
8097,Colorado,Pitkin County,7.3,2012
8097,Colorado,Pitkin County,3.2,2016
8097,Colorado,Pitkin County,9.8,2020
8099,Colorado,Prowers County,2.9,2000
8099,Colorado,Prowers County,4.5,2004
8099,Colorado,Prowers County,4.5,2008
8099,Colorado,Prowers County,7.1,2012
8099,Colorado,Prowers County,3.1,2016
8099,Colorado,Prowers County,4.1,2020
8101,Colorado,Pueblo County,3.9,2000
8101,Colorado,Pueblo County,7.5,2004
8101,Colorado,Pueblo County,6.1,2008
8101,Colorado,Pueblo County,10.8,2012
8101,Colorado,Pueblo County,4.6,2016
8101,Colorado,Pueblo County,7.6,2020
8103,Colorado,Rio Blanco County,2.9,2000
8103,Colorado,Rio Blanco County,3.9,2004
8103,Colorado,Rio Blanco County,2.6,2008
8103,Colorado,Rio Blanco County,8.5,2012
8103,Colorado,Rio Blanco County,4.8,2016
8103,Colorado,Rio Blanco County,5.1,2020
8105,Colorado,Rio Grande County,4.5,2000
8105,Colorado,Rio Grande County,6.1,2004
8105,Colorado,Rio Grande County,5.7,2008
8105,Colorado,Rio Grande County,12.4,2012
8105,Colorado,Rio Grande County,4.7,2016
8105,Colorado,Rio Grande County,6.7,2020
8107,Colorado,Routt County,2.5,2000
8107,Colorado,Routt County,3.9,2004
8107,Colorado,Routt County,3.4,2008
8107,Colorado,Routt County,7.3,2012
8107,Colorado,Routt County,2.5,2016
8107,Colorado,Routt County,7.4,2020
8109,Colorado,Saguache County,5.5,2000
8109,Colorado,Saguache County,7.1,2004
8109,Colorado,Saguache County,7.2,2008
8109,Colorado,Saguache County,11.2,2012
8109,Colorado,Saguache County,4.7,2016
8109,Colorado,Saguache County,6.6,2020
8111,Colorado,San Juan County,4.5,2000
8111,Colorado,San Juan County,6.1,2004
8111,Colorado,San Juan County,5.6,2008
8111,Colorado,San Juan County,10.1,2012
8111,Colorado,San Juan County,3.5,2016
8111,Colorado,San Juan County,6.2,2020
8113,Colorado,San Miguel County,3.0,2000
8113,Colorado,San Miguel County,4.8,2004
8113,Colorado,San Miguel County,3.9,2008
8113,Colorado,San Miguel County,8.0,2012
8113,Colorado,San Miguel County,3.1,2016
8113,Colorado,San Miguel County,10.2,2020
8115,Colorado,Sedgwick County,2.6,2000
8115,Colorado,Sedgwick County,3.3,2004
8115,Colorado,Sedgwick County,3.2,2008
8115,Colorado,Sedgwick County,7.1,2012
8115,Colorado,Sedgwick County,2.2,2016
8115,Colorado,Sedgwick County,3.3,2020
8117,Colorado,Summit County,2.2,2000
8117,Colorado,Summit County,4.3,2004
8117,Colorado,Summit County,3.8,2008
8117,Colorado,Summit County,6.1,2012
8117,Colorado,Summit County,2.0,2016
8117,Colorado,Summit County,9.2,2020
8119,Colorado,Teller County,2.9,2000
8119,Colorado,Teller County,5.6,2004
8119,Colorado,Teller County,5.5,2008
8119,Colorado,Teller County,8.5,2012
8119,Colorado,Teller County,3.5,2016
8119,Colorado,Teller County,7.0,2020
8121,Colorado,Washington County,2.5,2000
8121,Colorado,Washington County,4.0,2004
8121,Colorado,Washington County,3.3,2008
8121,Colorado,Washington County,4.9,2012
8121,Colorado,Washington County,2.1,2016
8121,Colorado,Washington County,2.9,2020
8123,Colorado,Weld County,2.7,2000
8123,Colorado,Weld County,5.7,2004
8123,Colorado,Weld County,5.2,2008
8123,Colorado,Weld County,7.9,2012
8123,Colorado,Weld County,3.3,2016
8123,Colorado,Weld County,6.5,2020
8125,Colorado,Yuma County,2.6,2000
8125,Colorado,Yuma County,3.3,2004
8125,Colorado,Yuma County,2.7,2008
8125,Colorado,Yuma County,5.2,2012
8125,Colorado,Yuma County,2.0,2016
8125,Colorado,Yuma County,2.6,2020
9001,Connecticut,Fairfield County,1.9,2000
9001,Connecticut,Fairfield County,4.6,2004
9001,Connecticut,Fairfield County,5.1,2008
9001,Connecticut,Fairfield County,7.8,2012
9001,Connecticut,Fairfield County,4.6,2016
9001,Connecticut,Fairfield County,8.0,2020
9003,Connecticut,Hartford County,2.3,2000
9003,Connecticut,Hartford County,5.6,2004
9003,Connecticut,Hartford County,6.0,2008
9003,Connecticut,Hartford County,8.5,2012
9003,Connecticut,Hartford County,5.0,2016
9003,Connecticut,Hartford County,8.2,2020
9005,Connecticut,Litchfield County,1.8,2000
9005,Connecticut,Litchfield County,4.9,2004
9005,Connecticut,Litchfield County,5.3,2008
9005,Connecticut,Litchfield County,7.6,2012
9005,Connecticut,Litchfield County,4.5,2016
9005,Connecticut,Litchfield County,6.9,2020
9007,Connecticut,Middlesex County,1.9,2000
9007,Connecticut,Middlesex County,4.3,2004
9007,Connecticut,Middlesex County,4.8,2008
9007,Connecticut,Middlesex County,7.2,2012
9007,Connecticut,Middlesex County,4.2,2016
9007,Connecticut,Middlesex County,6.6,2020
9009,Connecticut,New Haven County,2.3,2000
9009,Connecticut,New Haven County,5.5,2004
9009,Connecticut,New Haven County,6.2,2008
9009,Connecticut,New Haven County,9.1,2012
9009,Connecticut,New Haven County,5.2,2016
9009,Connecticut,New Haven County,8.1,2020
9011,Connecticut,New London County,2.1,2000
9011,Connecticut,New London County,4.7,2004
9011,Connecticut,New London County,5.4,2008
9011,Connecticut,New London County,8.7,2012
9011,Connecticut,New London County,4.8,2016
9011,Connecticut,New London County,9.7,2020
9013,Connecticut,Tolland County,1.7,2000
9013,Connecticut,Tolland County,4.3,2004
9013,Connecticut,Tolland County,4.8,2008
9013,Connecticut,Tolland County,7.4,2012
9013,Connecticut,Tolland County,4.2,2016
9013,Connecticut,Tolland County,6.2,2020
9015,Connecticut,Windham County,2.3,2000
9015,Connecticut,Windham County,5.7,2004
9015,Connecticut,Windham County,6.5,2008
9015,Connecticut,Windham County,9.5,2012
9015,Connecticut,Windham County,5.3,2016
9015,Connecticut,Windham County,7.8,2020
10001,Delaware,Kent County,3.9,2000
10001,Delaware,Kent County,3.8,2004
10001,Delaware,Kent County,5.0,2008
10001,Delaware,Kent County,7.8,2012
10001,Delaware,Kent County,4.9,2016
10001,Delaware,Kent County,8.3,2020
10003,Delaware,New Castle County,3.5,2000
10003,Delaware,New Castle County,4.6,2004
10003,Delaware,New Castle County,5.0,2008
10003,Delaware,New Castle County,6.9,2012
10003,Delaware,New Castle County,4.4,2016
10003,Delaware,New Castle County,7.4,2020
10005,Delaware,Sussex County,3.7,2000
10005,Delaware,Sussex County,3.9,2004
10005,Delaware,Sussex County,5.1,2008
10005,Delaware,Sussex County,7.1,2012
10005,Delaware,Sussex County,4.5,2016
10005,Delaware,Sussex County,7.2,2020
11000,District of Columbia,District Of Columbia,5.7,2000
11000,District of Columbia,District Of Columbia,8.1,2004
11000,District of Columbia,District Of Columbia,6.8,2008
11000,District of Columbia,District Of Columbia,9.0,2012
11000,District of Columbia,District Of Columbia,6.2,2016
11000,District of Columbia,District Of Columbia,7.9,2020
11001,District of Columbia,District Of Columbia,5.7,2000
11001,District of Columbia,District Of Columbia,8.1,2004
11001,District of Columbia,District Of Columbia,6.8,2008
11001,District of Columbia,District Of Columbia,9.0,2012
11001,District of Columbia,District Of Columbia,6.2,2016
11001,District of Columbia,District Of Columbia,7.9,2020
12001,Florida,Alachua County,3.0,2000
12001,Florida,Alachua County,2.9,2004
12001,Florida,Alachua County,4.0,2008
12001,Florida,Alachua County,6.8,2012
12001,Florida,Alachua County,4.3,2016
12001,Florida,Alachua County,5.7,2020
12003,Florida,Baker County,3.0,2000
12003,Florida,Baker County,3.3,2004
12003,Florida,Baker County,5.3,2008
12003,Florida,Baker County,8.9,2012
12003,Florida,Baker County,4.9,2016
12003,Florida,Baker County,5.3,2020
12005,Florida,Bay County,4.7,2000
12005,Florida,Bay County,3.7,2004
12005,Florida,Bay County,5.1,2008
12005,Florida,Bay County,8.9,2012
12005,Florida,Bay County,4.8,2016
12005,Florida,Bay County,6.3,2020
12007,Florida,Bradford County,3.8,2000
12007,Florida,Bradford County,3.2,2004
12007,Florida,Bradford County,4.5,2008
12007,Florida,Bradford County,7.8,2012
12007,Florida,Bradford County,4.3,2016
12007,Florida,Bradford County,6.3,2020
12009,Florida,Brevard County,3.7,2000
12009,Florida,Brevard County,3.8,2004
12009,Florida,Brevard County,6.1,2008
12009,Florida,Brevard County,9.7,2012
12009,Florida,Brevard County,5.2,2016
12009,Florida,Brevard County,7.0,2020
12011,Florida,Broward County,3.7,2000
12011,Florida,Broward County,3.9,2004
12011,Florida,Broward County,5.0,2008
12011,Florida,Broward County,8.2,2012
12011,Florida,Broward County,4.5,2016
12011,Florida,Broward County,9.4,2020
12013,Florida,Calhoun County,4.8,2000
12013,Florida,Calhoun County,4.0,2004
12013,Florida,Calhoun County,5.0,2008
12013,Florida,Calhoun County,9.4,2012
12013,Florida,Calhoun County,5.8,2016
12013,Florida,Calhoun County,5.4,2020
12015,Florida,Charlotte County,3.7,2000
12015,Florida,Charlotte County,4.5,2004
12015,Florida,Charlotte County,7.6,2008
12015,Florida,Charlotte County,9.8,2012
12015,Florida,Charlotte County,5.4,2016
12015,Florida,Charlotte County,7.7,2020
12017,Florida,Citrus County,4.7,2000
12017,Florida,Citrus County,4.6,2004
12017,Florida,Citrus County,7.6,2008
12017,Florida,Citrus County,11.1,2012
12017,Florida,Citrus County,6.8,2016
12017,Florida,Citrus County,8.9,2020
12019,Florida,Clay County,3.1,2000
12019,Florida,Clay County,3.5,2004
12019,Florida,Clay County,5.0,2008
12019,Florida,Clay County,7.9,2012
12019,Florida,Clay County,4.5,2016
12019,Florida,Clay County,5.7,2020
12021,Florida,Collier County,3.8,2000
12021,Florida,Collier County,3.5,2004
12021,Florida,Collier County,6.4,2008
12021,Florida,Collier County,8.7,2012
12021,Florida,Collier County,4.7,2016
12021,Florida,Collier County,7.3,2020
12023,Florida,Columbia County,4.0,2000
12023,Florida,Columbia County,3.6,2004
12023,Florida,Columbia County,5.2,2008
12023,Florida,Columbia County,9.1,2012
12023,Florida,Columbia County,4.9,2016
12023,Florida,Columbia County,6.3,2020
12027,Florida,Desoto County,4.5,2000
12027,Florida,Desoto County,4.8,2004
12027,Florida,Desoto County,6.3,2008
12027,Florida,Desoto County,10.3,2012
12027,Florida,Desoto County,5.3,2016
12027,Florida,Desoto County,5.4,2020
12029,Florida,Dixie County,4.5,2000
12029,Florida,Dixie County,4.3,2004
12029,Florida,Dixie County,6.9,2008
12029,Florida,Dixie County,10.5,2012
12029,Florida,Dixie County,5.5,2016
12029,Florida,Dixie County,5.8,2020
12031,Florida,Duval County,3.4,2000
12031,Florida,Duval County,4.2,2004
12031,Florida,Duval County,5.8,2008
12031,Florida,Duval County,9.0,2012
12031,Florida,Duval County,5.0,2016
12031,Florida,Duval County,7.2,2020
12033,Florida,Escambia County,4.1,2000
12033,Florida,Escambia County,4.0,2004
12033,Florida,Escambia County,5.6,2008
12033,Florida,Escambia County,8.7,2012
12033,Florida,Escambia County,5.0,2016
12033,Florida,Escambia County,7.1,2020
12035,Florida,Flagler County,3.6,2000
12035,Florida,Flagler County,4.3,2004
12035,Florida,Flagler County,9.0,2008
12035,Florida,Flagler County,10.2,2012
12035,Florida,Flagler County,5.6,2016
12035,Florida,Flagler County,7.9,2020
12037,Florida,Franklin County,4.0,2000
12037,Florida,Franklin County,3.0,2004
12037,Florida,Franklin County,4.4,2008
12037,Florida,Franklin County,6.7,2012
12037,Florida,Franklin County,4.4,2016
12037,Florida,Franklin County,5.7,2020
12039,Florida,Gadsden County,4.0,2000
12039,Florida,Gadsden County,3.9,2004
12039,Florida,Gadsden County,5.7,2008
12039,Florida,Gadsden County,10.6,2012
12039,Florida,Gadsden County,6.3,2016
12039,Florida,Gadsden County,7.3,2020
12041,Florida,Gilchrist County,3.6,2000
12041,Florida,Gilchrist County,3.3,2004
12041,Florida,Gilchrist County,5.3,2008
12041,Florida,Gilchrist County,9.3,2012
12041,Florida,Gilchrist County,5.0,2016
12041,Florida,Gilchrist County,5.2,2020
12043,Florida,Glades County,4.8,2000
12043,Florida,Glades County,4.5,2004
12043,Florida,Glades County,6.4,2008
12043,Florida,Glades County,7.9,2012
12043,Florida,Glades County,6.3,2016
12043,Florida,Glades County,6.1,2020
12045,Florida,Gulf County,6.1,2000
12045,Florida,Gulf County,3.2,2004
12045,Florida,Gulf County,5.8,2008
12045,Florida,Gulf County,8.3,2012
12045,Florida,Gulf County,4.7,2016
12045,Florida,Gulf County,6.1,2020
12047,Florida,Hamilton County,5.4,2000
12047,Florida,Hamilton County,4.0,2004
12047,Florida,Hamilton County,6.6,2008
12047,Florida,Hamilton County,9.1,2012
12047,Florida,Hamilton County,5.7,2016
12047,Florida,Hamilton County,8.2,2020
12049,Florida,Hardee County,6.0,2000
12049,Florida,Hardee County,5.1,2004
12049,Florida,Hardee County,6.2,2008
12049,Florida,Hardee County,9.2,2012
12049,Florida,Hardee County,6.7,2016
12049,Florida,Hardee County,6.9,2020
12051,Florida,Hendry County,7.3,2000
12051,Florida,Hendry County,7.0,2004
12051,Florida,Hendry County,10.1,2008
12051,Florida,Hendry County,13.1,2012
12051,Florida,Hendry County,8.6,2016
12051,Florida,Hendry County,8.8,2020
12053,Florida,Hernando County,4.4,2000
12053,Florida,Hernando County,4.8,2004
12053,Florida,Hernando County,8.0,2008
12053,Florida,Hernando County,10.9,2012
12053,Florida,Hernando County,6.1,2016
12053,Florida,Hernando County,8.4,2020
12055,Florida,Highlands County,4.8,2000
12055,Florida,Highlands County,4.4,2004
12055,Florida,Highlands County,6.7,2008
12055,Florida,Highlands County,10.6,2012
12055,Florida,Highlands County,6.6,2016
12055,Florida,Highlands County,8.2,2020
12057,Florida,Hillsborough County,3.3,2000
12057,Florida,Hillsborough County,3.7,2004
12057,Florida,Hillsborough County,5.9,2008
12057,Florida,Hillsborough County,8.1,2012
12057,Florida,Hillsborough County,4.5,2016
12057,Florida,Hillsborough County,7.6,2020
12059,Florida,Holmes County,4.9,2000
12059,Florida,Holmes County,3.8,2004
12059,Florida,Holmes County,4.7,2008
12059,Florida,Holmes County,9.1,2012
12059,Florida,Holmes County,5.4,2016
12059,Florida,Holmes County,5.8,2020
12061,Florida,Indian River County,5.2,2000
12061,Florida,Indian River County,5.7,2004
12061,Florida,Indian River County,7.5,2008
12061,Florida,Indian River County,11.3,2012
12061,Florida,Indian River County,6.1,2016
12061,Florida,Indian River County,7.8,2020
12063,Florida,Jackson County,4.6,2000
12063,Florida,Jackson County,3.3,2004
12063,Florida,Jackson County,4.8,2008
12063,Florida,Jackson County,8.9,2012
12063,Florida,Jackson County,5.3,2016
12063,Florida,Jackson County,5.8,2020
12065,Florida,Jefferson County,3.7,2000
12065,Florida,Jefferson County,3.1,2004
12065,Florida,Jefferson County,4.7,2008
12065,Florida,Jefferson County,9.5,2012
12065,Florida,Jefferson County,5.3,2016
12065,Florida,Jefferson County,5.9,2020
12067,Florida,Lafayette County,4.1,2000
12067,Florida,Lafayette County,2.8,2004
12067,Florida,Lafayette County,4.2,2008
12067,Florida,Lafayette County,5.9,2012
12067,Florida,Lafayette County,4.4,2016
12067,Florida,Lafayette County,4.6,2020
12069,Florida,Lake County,3.6,2000
12069,Florida,Lake County,3.8,2004
12069,Florida,Lake County,6.0,2008
12069,Florida,Lake County,9.1,2012
12069,Florida,Lake County,4.9,2016
12069,Florida,Lake County,9.2,2020
12071,Florida,Lee County,3.3,2000
12071,Florida,Lee County,3.4,2004
12071,Florida,Lee County,7.6,2008
12071,Florida,Lee County,9.1,2012
12071,Florida,Lee County,4.7,2016
12071,Florida,Lee County,7.7,2020
12073,Florida,Leon County,3.1,2000
12073,Florida,Leon County,3.1,2004
12073,Florida,Leon County,4.2,2008
12073,Florida,Leon County,7.2,2012
12073,Florida,Leon County,4.6,2016
12073,Florida,Leon County,6.2,2020
12075,Florida,Levy County,3.9,2000
12075,Florida,Levy County,3.9,2004
12075,Florida,Levy County,6.6,2008
12075,Florida,Levy County,9.6,2012
12075,Florida,Levy County,5.2,2016
12075,Florida,Levy County,6.4,2020
12077,Florida,Liberty County,4.2,2000
12077,Florida,Liberty County,2.9,2004
12077,Florida,Liberty County,3.9,2008
12077,Florida,Liberty County,8.2,2012
12077,Florida,Liberty County,5.2,2016
12077,Florida,Liberty County,5.1,2020
12079,Florida,Madison County,4.1,2000
12079,Florida,Madison County,4.4,2004
12079,Florida,Madison County,6.5,2008
12079,Florida,Madison County,8.8,2012
12079,Florida,Madison County,5.3,2016
12079,Florida,Madison County,6.5,2020
12081,Florida,Manatee County,3.2,2000
12081,Florida,Manatee County,3.5,2004
12081,Florida,Manatee County,6.5,2008
12081,Florida,Manatee County,8.4,2012
12081,Florida,Manatee County,4.6,2016
12081,Florida,Manatee County,7.2,2020
12083,Florida,Marion County,4.1,2000
12083,Florida,Marion County,3.9,2004
12083,Florida,Marion County,7.3,2008
12083,Florida,Marion County,10.5,2012
12083,Florida,Marion County,5.9,2016
12083,Florida,Marion County,7.4,2020
12085,Florida,Martin County,4.2,2000
12085,Florida,Martin County,4.2,2004
12085,Florida,Martin County,6.5,2008
12085,Florida,Martin County,8.6,2012
12085,Florida,Martin County,4.9,2016
12085,Florida,Martin County,6.4,2020
12086,Florida,Miami-Dade County,4.5,2000
12086,Florida,Miami-Dade County,3.1,2004
12086,Florida,Miami-Dade County,4.4,2008
12086,Florida,Miami-Dade County,7.9,2012
12086,Florida,Miami-Dade County,5.5,2016
12086,Florida,Miami-Dade County,8.2,2020
12087,Florida,Monroe County,2.9,2000
12087,Florida,Monroe County,2.6,2004
12087,Florida,Monroe County,3.8,2008
12087,Florida,Monroe County,5.9,2012
12087,Florida,Monroe County,3.2,2016
12087,Florida,Monroe County,8.2,2020
12089,Florida,Nassau County,3.3,2000
12089,Florida,Nassau County,3.4,2004
12089,Florida,Nassau County,5.0,2008
12089,Florida,Nassau County,8.3,2012
12089,Florida,Nassau County,4.5,2016
12089,Florida,Nassau County,5.9,2020
12091,Florida,Okaloosa County,3.7,2000
12091,Florida,Okaloosa County,2.7,2004
12091,Florida,Okaloosa County,4.3,2008
12091,Florida,Okaloosa County,6.9,2012
12091,Florida,Okaloosa County,4.1,2016
12091,Florida,Okaloosa County,5.8,2020
12093,Florida,Okeechobee County,5.4,2000
12093,Florida,Okeechobee County,5.2,2004
12093,Florida,Okeechobee County,7.6,2008
12093,Florida,Okeechobee County,10.3,2012
12093,Florida,Okeechobee County,5.2,2016
12093,Florida,Okeechobee County,5.7,2020
12095,Florida,Orange County,3.1,2000
12095,Florida,Orange County,3.8,2004
12095,Florida,Orange County,5.5,2008
12095,Florida,Orange County,8.5,2012
12095,Florida,Orange County,4.4,2016
12095,Florida,Orange County,11.2,2020
12097,Florida,Osceola County,3.3,2000
12097,Florida,Osceola County,4.0,2004
12097,Florida,Osceola County,5.9,2008
12097,Florida,Osceola County,9.7,2012
12097,Florida,Osceola County,5.0,2016
12097,Florida,Osceola County,14.1,2020
12099,Florida,Palm Beach County,4.3,2000
12099,Florida,Palm Beach County,4.4,2004
12099,Florida,Palm Beach County,6.1,2008
12099,Florida,Palm Beach County,8.8,2012
12099,Florida,Palm Beach County,4.7,2016
12099,Florida,Palm Beach County,8.0,2020
12101,Florida,Pasco County,3.7,2000
12101,Florida,Pasco County,4.3,2004
12101,Florida,Pasco County,6.9,2008
12101,Florida,Pasco County,9.3,2012
12101,Florida,Pasco County,5.2,2016
12101,Florida,Pasco County,7.5,2020
12103,Florida,Pinellas County,3.3,2000
12103,Florida,Pinellas County,3.7,2004
12103,Florida,Pinellas County,6.0,2008
12103,Florida,Pinellas County,8.2,2012
12103,Florida,Pinellas County,4.4,2016
12103,Florida,Pinellas County,7.5,2020
12105,Florida,Polk County,4.2,2000
12105,Florida,Polk County,4.1,2004
12105,Florida,Polk County,6.3,2008
12105,Florida,Polk County,9.9,2012
12105,Florida,Polk County,5.6,2016
12105,Florida,Polk County,9.6,2020
12107,Florida,Putnam County,4.3,2000
12107,Florida,Putnam County,4.5,2004
12107,Florida,Putnam County,6.9,2008
12107,Florida,Putnam County,12.2,2012
12107,Florida,Putnam County,6.4,2016
12107,Florida,Putnam County,8.4,2020
12109,Florida,St. Johns County,3.0,2000
12109,Florida,St. Johns County,3.1,2004
12109,Florida,St. Johns County,4.7,2008
12109,Florida,St. Johns County,6.7,2012
12109,Florida,St. Johns County,3.8,2016
12109,Florida,St. Johns County,5.4,2020
12111,Florida,St. Lucie County,5.8,2000
12111,Florida,St. Lucie County,5.3,2004
12111,Florida,St. Lucie County,8.1,2008
12111,Florida,St. Lucie County,11.3,2012
12111,Florida,St. Lucie County,5.8,2016
12111,Florida,St. Lucie County,8.1,2020
12113,Florida,Santa Rosa County,3.9,2000
12113,Florida,Santa Rosa County,3.6,2004
12113,Florida,Santa Rosa County,5.2,2008
12113,Florida,Santa Rosa County,7.8,2012
12113,Florida,Santa Rosa County,4.6,2016
12113,Florida,Santa Rosa County,5.5,2020
12115,Florida,Sarasota County,3.2,2000
12115,Florida,Sarasota County,3.4,2004
12115,Florida,Sarasota County,6.7,2008
12115,Florida,Sarasota County,8.7,2012
12115,Florida,Sarasota County,4.6,2016
12115,Florida,Sarasota County,7.2,2020
12117,Florida,Seminole County,3.1,2000
12117,Florida,Seminole County,3.6,2004
12117,Florida,Seminole County,5.2,2008
12117,Florida,Seminole County,8.3,2012
12117,Florida,Seminole County,4.3,2016
12117,Florida,Seminole County,7.6,2020
12119,Florida,Sumter County,4.3,2000
12119,Florida,Sumter County,3.8,2004
12119,Florida,Sumter County,5.2,2008
12119,Florida,Sumter County,10.9,2012
12119,Florida,Sumter County,7.2,2016
12119,Florida,Sumter County,8.3,2020
12121,Florida,Suwannee County,3.6,2000
12121,Florida,Suwannee County,3.6,2004
12121,Florida,Suwannee County,5.5,2008
12121,Florida,Suwannee County,8.3,2012
12121,Florida,Suwannee County,4.9,2016
12121,Florida,Suwannee County,6.0,2020
12123,Florida,Taylor County,5.0,2000
12123,Florida,Taylor County,4.5,2004
12123,Florida,Taylor County,6.1,2008
12123,Florida,Taylor County,9.3,2012
12123,Florida,Taylor County,5.4,2016
12123,Florida,Taylor County,6.7,2020
12125,Florida,Union County,4.4,2000
12125,Florida,Union County,3.0,2004
12125,Florida,Union County,4.5,2008
12125,Florida,Union County,7.4,2012
12125,Florida,Union County,4.4,2016
12125,Florida,Union County,5.0,2020
12127,Florida,Volusia County,3.4,2000
12127,Florida,Volusia County,3.9,2004
12127,Florida,Volusia County,6.1,2008
12127,Florida,Volusia County,9.8,2012
12127,Florida,Volusia County,5.1,2016
12127,Florida,Volusia County,8.0,2020
12129,Florida,Wakulla County,3.2,2000
12129,Florida,Wakulla County,2.9,2004
12129,Florida,Wakulla County,4.2,2008
12129,Florida,Wakulla County,7.5,2012
12129,Florida,Wakulla County,4.2,2016
12129,Florida,Wakulla County,4.7,2020
12131,Florida,Walton County,3.5,2000
12131,Florida,Walton County,2.9,2004
12131,Florida,Walton County,4.2,2008
12131,Florida,Walton County,7.5,2012
12131,Florida,Walton County,4.3,2016
12131,Florida,Walton County,6.1,2020
12133,Florida,Washington County,4.6,2000
12133,Florida,Washington County,3.8,2004
12133,Florida,Washington County,5.9,2008
12133,Florida,Washington County,9.1,2012
12133,Florida,Washington County,5.2,2016
12133,Florida,Washington County,6.1,2020
13001,Georgia,Appling County,5.4,2000
13001,Georgia,Appling County,6.7,2004
13001,Georgia,Appling County,7.6,2008
13001,Georgia,Appling County,11.0,2012
13001,Georgia,Appling County,6.5,2016
13001,Georgia,Appling County,4.7,2020
13003,Georgia,Atkinson County,5.3,2000
13003,Georgia,Atkinson County,8.3,2004
13003,Georgia,Atkinson County,9.0,2008
13003,Georgia,Atkinson County,11.4,2012
13003,Georgia,Atkinson County,5.3,2016
13003,Georgia,Atkinson County,3.9,2020
13005,Georgia,Bacon County,4.5,2000
13005,Georgia,Bacon County,5.7,2004
13005,Georgia,Bacon County,6.8,2008
13005,Georgia,Bacon County,9.6,2012
13005,Georgia,Bacon County,5.3,2016
13005,Georgia,Bacon County,4.6,2020
13007,Georgia,Baker County,4.3,2000
13007,Georgia,Baker County,4.8,2004
13007,Georgia,Baker County,6.9,2008
13007,Georgia,Baker County,10.9,2012
13007,Georgia,Baker County,7.8,2016
13007,Georgia,Baker County,5.9,2020
13009,Georgia,Baldwin County,4.8,2000
13009,Georgia,Baldwin County,5.1,2004
13009,Georgia,Baldwin County,8.5,2008
13009,Georgia,Baldwin County,11.4,2012
13009,Georgia,Baldwin County,6.9,2016
13009,Georgia,Baldwin County,6.9,2020
13011,Georgia,Banks County,3.0,2000
13011,Georgia,Banks County,3.8,2004
13011,Georgia,Banks County,4.9,2008
13011,Georgia,Banks County,8.1,2012
13011,Georgia,Banks County,4.9,2016
13011,Georgia,Banks County,4.3,2020
13013,Georgia,Barrow County,3.0,2000
13013,Georgia,Barrow County,4.8,2004
13013,Georgia,Barrow County,6.8,2008
13013,Georgia,Barrow County,8.5,2012
13013,Georgia,Barrow County,4.8,2016
13013,Georgia,Barrow County,5.0,2020
13015,Georgia,Bartow County,3.7,2000
13015,Georgia,Bartow County,5.7,2004
13015,Georgia,Bartow County,7.7,2008
13015,Georgia,Bartow County,9.8,2012
13015,Georgia,Bartow County,5.2,2016
13015,Georgia,Bartow County,6.2,2020
13017,Georgia,Ben Hill County,4.8,2000
13017,Georgia,Ben Hill County,5.2,2004
13017,Georgia,Ben Hill County,11.7,2008
13017,Georgia,Ben Hill County,13.7,2012
13017,Georgia,Ben Hill County,8.3,2016
13017,Georgia,Ben Hill County,6.8,2020
13019,Georgia,Berrien County,4.0,2000
13019,Georgia,Berrien County,4.0,2004
13019,Georgia,Berrien County,7.5,2008
13019,Georgia,Berrien County,10.1,2012
13019,Georgia,Berrien County,6.2,2016
13019,Georgia,Berrien County,5.7,2020
13021,Georgia,Bibb County,4.3,2000
13021,Georgia,Bibb County,5.4,2004
13021,Georgia,Bibb County,7.0,2008
13021,Georgia,Bibb County,10.4,2012
13021,Georgia,Bibb County,6.0,2016
13021,Georgia,Bibb County,7.4,2020
13023,Georgia,Bleckley County,4.2,2000
13023,Georgia,Bleckley County,6.4,2004
13023,Georgia,Bleckley County,7.9,2008
13023,Georgia,Bleckley County,12.4,2012
13023,Georgia,Bleckley County,8.0,2016
13023,Georgia,Bleckley County,6.4,2020
13025,Georgia,Brantley County,4.2,2000
13025,Georgia,Brantley County,5.4,2004
13025,Georgia,Brantley County,6.9,2008
13025,Georgia,Brantley County,11.9,2012
13025,Georgia,Brantley County,6.8,2016
13025,Georgia,Brantley County,5.3,2020
13027,Georgia,Brooks County,4.6,2000
13027,Georgia,Brooks County,3.8,2004
13027,Georgia,Brooks County,6.2,2008
13027,Georgia,Brooks County,9.0,2012
13027,Georgia,Brooks County,5.3,2016
13027,Georgia,Brooks County,5.2,2020
13029,Georgia,Bryan County,3.1,2000
13029,Georgia,Bryan County,3.8,2004
13029,Georgia,Bryan County,5.3,2008
13029,Georgia,Bryan County,8.2,2012
13029,Georgia,Bryan County,4.9,2016
13029,Georgia,Bryan County,5.1,2020
13031,Georgia,Bulloch County,3.8,2000
13031,Georgia,Bulloch County,4.9,2004
13031,Georgia,Bulloch County,6.6,2008
13031,Georgia,Bulloch County,9.6,2012
13031,Georgia,Bulloch County,5.8,2016
13031,Georgia,Bulloch County,6.5,2020
13033,Georgia,Burke County,5.0,2000
13033,Georgia,Burke County,7.3,2004
13033,Georgia,Burke County,9.4,2008
13033,Georgia,Burke County,12.2,2012
13033,Georgia,Burke County,7.8,2016
13033,Georgia,Burke County,7.1,2020
13035,Georgia,Butts County,4.6,2000
13035,Georgia,Butts County,6.0,2004
13035,Georgia,Butts County,8.1,2008
13035,Georgia,Butts County,10.1,2012
13035,Georgia,Butts County,5.7,2016
13035,Georgia,Butts County,6.1,2020
13037,Georgia,Calhoun County,6.5,2000
13037,Georgia,Calhoun County,6.3,2004
13037,Georgia,Calhoun County,8.7,2008
13037,Georgia,Calhoun County,7.7,2012
13037,Georgia,Calhoun County,5.7,2016
13037,Georgia,Calhoun County,5.1,2020
13039,Georgia,Camden County,3.6,2000
13039,Georgia,Camden County,4.8,2004
13039,Georgia,Camden County,6.1,2008
13039,Georgia,Camden County,8.5,2012
13039,Georgia,Camden County,5.8,2016
13039,Georgia,Camden County,4.8,2020
13043,Georgia,Candler County,4.6,2000
13043,Georgia,Candler County,5.0,2004
13043,Georgia,Candler County,6.8,2008
13043,Georgia,Candler County,8.5,2012
13043,Georgia,Candler County,4.9,2016
13043,Georgia,Candler County,4.4,2020
13045,Georgia,Carroll County,3.7,2000
13045,Georgia,Carroll County,5.3,2004
13045,Georgia,Carroll County,7.3,2008
13045,Georgia,Carroll County,10.1,2012
13045,Georgia,Carroll County,6.1,2016
13045,Georgia,Carroll County,6.3,2020
13047,Georgia,Catoosa County,2.7,2000
13047,Georgia,Catoosa County,3.8,2004
13047,Georgia,Catoosa County,5.5,2008
13047,Georgia,Catoosa County,7.4,2012
13047,Georgia,Catoosa County,4.9,2016
13047,Georgia,Catoosa County,4.4,2020
13049,Georgia,Charlton County,4.1,2000
13049,Georgia,Charlton County,5.3,2004
13049,Georgia,Charlton County,7.3,2008
13049,Georgia,Charlton County,9.2,2012
13049,Georgia,Charlton County,5.7,2016
13049,Georgia,Charlton County,3.8,2020
13051,Georgia,Chatham County,3.6,2000
13051,Georgia,Chatham County,4.6,2004
13051,Georgia,Chatham County,6.1,2008
13051,Georgia,Chatham County,9.1,2012
13051,Georgia,Chatham County,5.3,2016
13051,Georgia,Chatham County,7.6,2020
13053,Georgia,Chattahoochee County,8.1,2000
13053,Georgia,Chattahoochee County,9.6,2004
13053,Georgia,Chattahoochee County,13.1,2008
13053,Georgia,Chattahoochee County,11.5,2012
13053,Georgia,Chattahoochee County,8.4,2016
13053,Georgia,Chattahoochee County,6.3,2020
13055,Georgia,Chattooga County,3.7,2000
13055,Georgia,Chattooga County,5.4,2004
13055,Georgia,Chattooga County,10.6,2008
13055,Georgia,Chattooga County,10.1,2012
13055,Georgia,Chattooga County,6.4,2016
13055,Georgia,Chattooga County,8.3,2020
13057,Georgia,Cherokee County,2.6,2000
13057,Georgia,Cherokee County,4.1,2004
13057,Georgia,Cherokee County,5.7,2008
13057,Georgia,Cherokee County,7.0,2012
13057,Georgia,Cherokee County,4.3,2016
13057,Georgia,Cherokee County,4.8,2020
13059,Georgia,Clarke County,3.4,2000
13059,Georgia,Clarke County,4.4,2004
13059,Georgia,Clarke County,5.5,2008
13059,Georgia,Clarke County,8.6,2012
13059,Georgia,Clarke County,5.6,2016
13059,Georgia,Clarke County,6.4,2020
13061,Georgia,Clay County,5.5,2000
13061,Georgia,Clay County,5.7,2004
13061,Georgia,Clay County,7.9,2008
13061,Georgia,Clay County,12.3,2012
13061,Georgia,Clay County,10.5,2016
13061,Georgia,Clay County,12.2,2020
13063,Georgia,Clayton County,3.3,2000
13063,Georgia,Clayton County,6.3,2004
13063,Georgia,Clayton County,8.2,2008
13063,Georgia,Clayton County,11.9,2012
13063,Georgia,Clayton County,6.7,2016
13063,Georgia,Clayton County,10.3,2020
13065,Georgia,Clinch County,5.3,2000
13065,Georgia,Clinch County,6.3,2004
13065,Georgia,Clinch County,7.8,2008
13065,Georgia,Clinch County,9.6,2012
13065,Georgia,Clinch County,6.2,2016
13065,Georgia,Clinch County,3.9,2020
13067,Georgia,Cobb County,2.8,2000
13067,Georgia,Cobb County,4.7,2004
13067,Georgia,Cobb County,6.1,2008
13067,Georgia,Cobb County,7.6,2012
13067,Georgia,Cobb County,4.7,2016
13067,Georgia,Cobb County,5.9,2020
13069,Georgia,Coffee County,4.6,2000
13069,Georgia,Coffee County,6.5,2004
13069,Georgia,Coffee County,8.9,2008
13069,Georgia,Coffee County,11.2,2012
13069,Georgia,Coffee County,5.9,2016
13069,Georgia,Coffee County,5.8,2020
13071,Georgia,Colquitt County,4.6,2000
13071,Georgia,Colquitt County,5.2,2004
13071,Georgia,Colquitt County,6.5,2008
13071,Georgia,Colquitt County,8.6,2012
13071,Georgia,Colquitt County,5.3,2016
13071,Georgia,Colquitt County,4.5,2020
13073,Georgia,Columbia County,2.9,2000
13073,Georgia,Columbia County,4.1,2004
13073,Georgia,Columbia County,5.2,2008
13073,Georgia,Columbia County,6.9,2012
13073,Georgia,Columbia County,4.7,2016
13073,Georgia,Columbia County,4.2,2020
13075,Georgia,Cook County,4.5,2000
13075,Georgia,Cook County,5.7,2004
13075,Georgia,Cook County,8.4,2008
13075,Georgia,Cook County,9.3,2012
13075,Georgia,Cook County,5.5,2016
13075,Georgia,Cook County,4.8,2020
13077,Georgia,Coweta County,3.3,2000
13077,Georgia,Coweta County,4.4,2004
13077,Georgia,Coweta County,6.2,2008
13077,Georgia,Coweta County,7.9,2012
13077,Georgia,Coweta County,5.0,2016
13077,Georgia,Coweta County,6.1,2020
13079,Georgia,Crawford County,4.0,2000
13079,Georgia,Crawford County,5.2,2004
13079,Georgia,Crawford County,6.5,2008
13079,Georgia,Crawford County,9.7,2012
13079,Georgia,Crawford County,6.0,2016
13079,Georgia,Crawford County,5.1,2020
13081,Georgia,Crisp County,4.6,2000
13081,Georgia,Crisp County,5.8,2004
13081,Georgia,Crisp County,8.3,2008
13081,Georgia,Crisp County,12.3,2012
13081,Georgia,Crisp County,6.1,2016
13081,Georgia,Crisp County,9.0,2020
13083,Georgia,Dade County,3.0,2000
13083,Georgia,Dade County,4.4,2004
13083,Georgia,Dade County,6.1,2008
13083,Georgia,Dade County,7.5,2012
13083,Georgia,Dade County,5.1,2016
13083,Georgia,Dade County,4.1,2020
13085,Georgia,Dawson County,2.7,2000
13085,Georgia,Dawson County,4.2,2004
13085,Georgia,Dawson County,6.4,2008
13085,Georgia,Dawson County,8.4,2012
13085,Georgia,Dawson County,4.7,2016
13085,Georgia,Dawson County,4.6,2020
13087,Georgia,Decatur County,4.5,2000
13087,Georgia,Decatur County,7.1,2004
13087,Georgia,Decatur County,8.3,2008
13087,Georgia,Decatur County,10.0,2012
13087,Georgia,Decatur County,6.7,2016
13087,Georgia,Decatur County,4.8,2020
13089,Georgia,Dekalb County,3.3,2000
13089,Georgia,Dekalb County,5.9,2004
13089,Georgia,Dekalb County,6.9,2008
13089,Georgia,Dekalb County,9.3,2012
13089,Georgia,Dekalb County,5.5,2016
13089,Georgia,Dekalb County,7.9,2020
13091,Georgia,Dodge County,4.7,2000
13091,Georgia,Dodge County,5.4,2004
13091,Georgia,Dodge County,7.3,2008
13091,Georgia,Dodge County,11.4,2012
13091,Georgia,Dodge County,7.4,2016
13091,Georgia,Dodge County,6.0,2020
13093,Georgia,Dooly County,4.8,2000
13093,Georgia,Dooly County,6.4,2004
13093,Georgia,Dooly County,7.3,2008
13093,Georgia,Dooly County,11.3,2012
13093,Georgia,Dooly County,5.9,2016
13093,Georgia,Dooly County,9.0,2020
13095,Georgia,Dougherty County,5.2,2000
13095,Georgia,Dougherty County,6.4,2004
13095,Georgia,Dougherty County,7.5,2008
13095,Georgia,Dougherty County,11.1,2012
13095,Georgia,Dougherty County,6.9,2016
13095,Georgia,Dougherty County,8.6,2020
13097,Georgia,Douglas County,2.9,2000
13097,Georgia,Douglas County,5.2,2004
13097,Georgia,Douglas County,7.0,2008
13097,Georgia,Douglas County,9.5,2012
13097,Georgia,Douglas County,5.6,2016
13097,Georgia,Douglas County,7.3,2020
13099,Georgia,Early County,5.0,2000
13099,Georgia,Early County,5.4,2004
13099,Georgia,Early County,7.2,2008
13099,Georgia,Early County,10.0,2012
13099,Georgia,Early County,7.0,2016
13099,Georgia,Early County,5.7,2020
13101,Georgia,Echols County,3.4,2000
13101,Georgia,Echols County,3.3,2004
13101,Georgia,Echols County,4.7,2008
13101,Georgia,Echols County,7.3,2012
13101,Georgia,Echols County,4.4,2016
13101,Georgia,Echols County,3.9,2020
13103,Georgia,Effingham County,3.1,2000
13103,Georgia,Effingham County,4.0,2004
13103,Georgia,Effingham County,5.2,2008
13103,Georgia,Effingham County,8.2,2012
13103,Georgia,Effingham County,4.9,2016
13103,Georgia,Effingham County,4.9,2020
13105,Georgia,Elbert County,5.2,2000
13105,Georgia,Elbert County,6.0,2004
13105,Georgia,Elbert County,9.0,2008
13105,Georgia,Elbert County,12.4,2012
13105,Georgia,Elbert County,6.6,2016
13105,Georgia,Elbert County,6.9,2020
13107,Georgia,Emanuel County,5.6,2000
13107,Georgia,Emanuel County,5.6,2004
13107,Georgia,Emanuel County,8.0,2008
13107,Georgia,Emanuel County,12.2,2012
13107,Georgia,Emanuel County,7.8,2016
13107,Georgia,Emanuel County,7.0,2020
13109,Georgia,Evans County,4.3,2000
13109,Georgia,Evans County,4.4,2004
13109,Georgia,Evans County,6.8,2008
13109,Georgia,Evans County,8.4,2012
13109,Georgia,Evans County,5.0,2016
13109,Georgia,Evans County,5.1,2020
13111,Georgia,Fannin County,3.9,2000
13111,Georgia,Fannin County,5.3,2004
13111,Georgia,Fannin County,6.8,2008
13111,Georgia,Fannin County,10.1,2012
13111,Georgia,Fannin County,5.4,2016
13111,Georgia,Fannin County,4.7,2020
13113,Georgia,Fayette County,2.6,2000
13113,Georgia,Fayette County,4.0,2004
13113,Georgia,Fayette County,5.7,2008
13113,Georgia,Fayette County,7.4,2012
13113,Georgia,Fayette County,4.8,2016
13113,Georgia,Fayette County,5.4,2020
13115,Georgia,Floyd County,3.8,2000
13115,Georgia,Floyd County,5.1,2004
13115,Georgia,Floyd County,7.0,2008
13115,Georgia,Floyd County,10.8,2012
13115,Georgia,Floyd County,6.1,2016
13115,Georgia,Floyd County,6.2,2020
13117,Georgia,Forsyth County,2.4,2000
13117,Georgia,Forsyth County,3.7,2004
13117,Georgia,Forsyth County,5.2,2008
13117,Georgia,Forsyth County,6.5,2012
13117,Georgia,Forsyth County,4.2,2016
13117,Georgia,Forsyth County,4.5,2020
13119,Georgia,Franklin County,3.9,2000
13119,Georgia,Franklin County,5.4,2004
13119,Georgia,Franklin County,7.6,2008
13119,Georgia,Franklin County,11.1,2012
13119,Georgia,Franklin County,5.3,2016
13119,Georgia,Franklin County,5.8,2020
13121,Georgia,Fulton County,3.4,2000
13121,Georgia,Fulton County,5.5,2004
13121,Georgia,Fulton County,7.0,2008
13121,Georgia,Fulton County,9.0,2012
13121,Georgia,Fulton County,5.5,2016
13121,Georgia,Fulton County,7.9,2020
13123,Georgia,Gilmer County,3.3,2000
13123,Georgia,Gilmer County,4.5,2004
13123,Georgia,Gilmer County,6.3,2008
13123,Georgia,Gilmer County,10.4,2012
13123,Georgia,Gilmer County,5.8,2016
13123,Georgia,Gilmer County,4.7,2020
13125,Georgia,Glascock County,4.1,2000
13125,Georgia,Glascock County,5.2,2004
13125,Georgia,Glascock County,7.4,2008
13125,Georgia,Glascock County,9.6,2012
13125,Georgia,Glascock County,6.1,2016
13125,Georgia,Glascock County,4.0,2020
13127,Georgia,Glynn County,3.5,2000
13127,Georgia,Glynn County,4.4,2004
13127,Georgia,Glynn County,5.5,2008
13127,Georgia,Glynn County,9.3,2012
13127,Georgia,Glynn County,5.4,2016
13127,Georgia,Glynn County,6.7,2020
13129,Georgia,Gordon County,3.3,2000
13129,Georgia,Gordon County,4.8,2004
13129,Georgia,Gordon County,8.0,2008
13129,Georgia,Gordon County,9.6,2012
13129,Georgia,Gordon County,5.7,2016
13129,Georgia,Gordon County,5.4,2020
13131,Georgia,Grady County,4.4,2000
13131,Georgia,Grady County,4.8,2004
13131,Georgia,Grady County,6.5,2008
13131,Georgia,Grady County,8.5,2012
13131,Georgia,Grady County,5.5,2016
13131,Georgia,Grady County,4.4,2020
13133,Georgia,Greene County,4.4,2000
13133,Georgia,Greene County,6.6,2004
13133,Georgia,Greene County,7.3,2008
13133,Georgia,Greene County,10.9,2012
13133,Georgia,Greene County,6.1,2016
13133,Georgia,Greene County,5.8,2020
13135,Georgia,Gwinnett County,2.7,2000
13135,Georgia,Gwinnett County,4.5,2004
13135,Georgia,Gwinnett County,6.1,2008
13135,Georgia,Gwinnett County,7.6,2012
13135,Georgia,Gwinnett County,4.8,2016
13135,Georgia,Gwinnett County,6.3,2020
13137,Georgia,Habersham County,3.5,2000
13137,Georgia,Habersham County,4.1,2004
13137,Georgia,Habersham County,6.2,2008
13137,Georgia,Habersham County,9.4,2012
13137,Georgia,Habersham County,5.4,2016
13137,Georgia,Habersham County,5.4,2020
13139,Georgia,Hall County,2.9,2000
13139,Georgia,Hall County,4.3,2004
13139,Georgia,Hall County,5.9,2008
13139,Georgia,Hall County,7.7,2012
13139,Georgia,Hall County,4.6,2016
13139,Georgia,Hall County,4.7,2020
13141,Georgia,Hancock County,7.8,2000
13141,Georgia,Hancock County,7.2,2004
13141,Georgia,Hancock County,14.0,2008
13141,Georgia,Hancock County,16.8,2012
13141,Georgia,Hancock County,8.5,2016
13141,Georgia,Hancock County,8.8,2020
13143,Georgia,Haralson County,3.5,2000
13143,Georgia,Haralson County,5.5,2004
13143,Georgia,Haralson County,7.1,2008
13143,Georgia,Haralson County,10.1,2012
13143,Georgia,Haralson County,5.9,2016
13143,Georgia,Haralson County,5.8,2020
13145,Georgia,Harris County,3.1,2000
13145,Georgia,Harris County,4.4,2004
13145,Georgia,Harris County,5.1,2008
13145,Georgia,Harris County,7.1,2012
13145,Georgia,Harris County,4.9,2016
13145,Georgia,Harris County,4.5,2020
13147,Georgia,Hart County,4.0,2000
13147,Georgia,Hart County,5.4,2004
13147,Georgia,Hart County,9.5,2008
13147,Georgia,Hart County,10.1,2012
13147,Georgia,Hart County,5.4,2016
13147,Georgia,Hart County,5.4,2020
13149,Georgia,Heard County,3.9,2000
13149,Georgia,Heard County,5.8,2004
13149,Georgia,Heard County,8.2,2008
13149,Georgia,Heard County,10.2,2012
13149,Georgia,Heard County,6.0,2016
13149,Georgia,Heard County,6.5,2020
13151,Georgia,Henry County,2.7,2000
13151,Georgia,Henry County,4.7,2004
13151,Georgia,Henry County,6.6,2008
13151,Georgia,Henry County,9.3,2012
13151,Georgia,Henry County,5.6,2016
13151,Georgia,Henry County,7.3,2020
13153,Georgia,Houston County,3.4,2000
13153,Georgia,Houston County,4.3,2004
13153,Georgia,Houston County,5.6,2008
13153,Georgia,Houston County,7.9,2012
13153,Georgia,Houston County,5.4,2016
13153,Georgia,Houston County,5.2,2020
13155,Georgia,Irwin County,4.6,2000
13155,Georgia,Irwin County,5.1,2004
13155,Georgia,Irwin County,10.7,2008
13155,Georgia,Irwin County,11.6,2012
13155,Georgia,Irwin County,7.9,2016
13155,Georgia,Irwin County,5.6,2020
13157,Georgia,Jackson County,3.2,2000
13157,Georgia,Jackson County,4.6,2004
13157,Georgia,Jackson County,6.7,2008
13157,Georgia,Jackson County,8.1,2012
13157,Georgia,Jackson County,4.3,2016
13157,Georgia,Jackson County,4.3,2020
13159,Georgia,Jasper County,3.2,2000
13159,Georgia,Jasper County,5.3,2004
13159,Georgia,Jasper County,8.9,2008
13159,Georgia,Jasper County,9.6,2012
13159,Georgia,Jasper County,4.8,2016
13159,Georgia,Jasper County,4.9,2020
13161,Georgia,Jeff Davis County,4.6,2000
13161,Georgia,Jeff Davis County,7.6,2004
13161,Georgia,Jeff Davis County,10.5,2008
13161,Georgia,Jeff Davis County,11.4,2012
13161,Georgia,Jeff Davis County,6.4,2016
13161,Georgia,Jeff Davis County,5.1,2020
13163,Georgia,Jefferson County,6.6,2000
13163,Georgia,Jefferson County,8.5,2004
13163,Georgia,Jefferson County,10.6,2008
13163,Georgia,Jefferson County,13.0,2012
13163,Georgia,Jefferson County,7.5,2016
13163,Georgia,Jefferson County,6.7,2020
13165,Georgia,Jenkins County,5.2,2000
13165,Georgia,Jenkins County,6.6,2004
13165,Georgia,Jenkins County,16.9,2008
13165,Georgia,Jenkins County,13.6,2012
13165,Georgia,Jenkins County,7.7,2016
13165,Georgia,Jenkins County,6.3,2020
13167,Georgia,Johnson County,6.0,2000
13167,Georgia,Johnson County,5.9,2004
13167,Georgia,Johnson County,8.6,2008
13167,Georgia,Johnson County,9.8,2012
13167,Georgia,Johnson County,6.2,2016
13167,Georgia,Johnson County,4.9,2020
13169,Georgia,Jones County,3.8,2000
13169,Georgia,Jones County,4.6,2004
13169,Georgia,Jones County,6.2,2008
13169,Georgia,Jones County,8.4,2012
13169,Georgia,Jones County,4.9,2016
13169,Georgia,Jones County,4.5,2020
13171,Georgia,Lamar County,4.4,2000
13171,Georgia,Lamar County,6.0,2004
13171,Georgia,Lamar County,8.0,2008
13171,Georgia,Lamar County,11.9,2012
13171,Georgia,Lamar County,6.6,2016
13171,Georgia,Lamar County,6.3,2020
13173,Georgia,Lanier County,4.9,2000
13173,Georgia,Lanier County,3.9,2004
13173,Georgia,Lanier County,6.3,2008
13173,Georgia,Lanier County,9.2,2012
13173,Georgia,Lanier County,5.9,2016
13173,Georgia,Lanier County,5.3,2020
13175,Georgia,Laurens County,4.5,2000
13175,Georgia,Laurens County,5.9,2004
13175,Georgia,Laurens County,7.7,2008
13175,Georgia,Laurens County,12.1,2012
13175,Georgia,Laurens County,6.7,2016
13175,Georgia,Laurens County,6.6,2020
13177,Georgia,Lee County,3.4,2000
13177,Georgia,Lee County,3.8,2004
13177,Georgia,Lee County,4.9,2008
13177,Georgia,Lee County,7.5,2012
13177,Georgia,Lee County,4.8,2016
13177,Georgia,Lee County,4.5,2020
13179,Georgia,Liberty County,5.2,2000
13179,Georgia,Liberty County,5.8,2004
13179,Georgia,Liberty County,6.5,2008
13179,Georgia,Liberty County,8.8,2012
13179,Georgia,Liberty County,5.9,2016
13179,Georgia,Liberty County,6.2,2020
13181,Georgia,Lincoln County,5.7,2000
13181,Georgia,Lincoln County,6.7,2004
13181,Georgia,Lincoln County,7.7,2008
13181,Georgia,Lincoln County,10.6,2012
13181,Georgia,Lincoln County,6.0,2016
13181,Georgia,Lincoln County,5.4,2020
13183,Georgia,Long County,3.6,2000
13183,Georgia,Long County,4.3,2004
13183,Georgia,Long County,4.8,2008
13183,Georgia,Long County,8.4,2012
13183,Georgia,Long County,5.5,2016
13183,Georgia,Long County,4.4,2020
13185,Georgia,Lowndes County,4.4,2000
13185,Georgia,Lowndes County,3.8,2004
13185,Georgia,Lowndes County,5.9,2008
13185,Georgia,Lowndes County,9.0,2012
13185,Georgia,Lowndes County,5.3,2016
13185,Georgia,Lowndes County,6.0,2020
13187,Georgia,Lumpkin County,2.9,2000
13187,Georgia,Lumpkin County,4.5,2004
13187,Georgia,Lumpkin County,7.6,2008
13187,Georgia,Lumpkin County,8.2,2012
13187,Georgia,Lumpkin County,4.9,2016
13187,Georgia,Lumpkin County,4.8,2020
13189,Georgia,Mcduffie County,4.4,2000
13189,Georgia,Mcduffie County,6.2,2004
13189,Georgia,Mcduffie County,8.5,2008
13189,Georgia,Mcduffie County,12.4,2012
13189,Georgia,Mcduffie County,7.4,2016
13189,Georgia,Mcduffie County,7.9,2020
13191,Georgia,Mcintosh County,4.3,2000
13191,Georgia,Mcintosh County,4.9,2004
13191,Georgia,Mcintosh County,6.4,2008
13191,Georgia,Mcintosh County,9.6,2012
13191,Georgia,Mcintosh County,5.9,2016
13191,Georgia,Mcintosh County,5.6,2020
13193,Georgia,Macon County,6.6,2000
13193,Georgia,Macon County,8.5,2004
13193,Georgia,Macon County,9.1,2008
13193,Georgia,Macon County,13.1,2012
13193,Georgia,Macon County,8.4,2016
13193,Georgia,Macon County,7.6,2020
13195,Georgia,Madison County,3.2,2000
13195,Georgia,Madison County,4.4,2004
13195,Georgia,Madison County,5.6,2008
13195,Georgia,Madison County,8.8,2012
13195,Georgia,Madison County,5.0,2016
13195,Georgia,Madison County,5.0,2020
13197,Georgia,Marion County,3.9,2000
13197,Georgia,Marion County,5.9,2004
13197,Georgia,Marion County,6.7,2008
13197,Georgia,Marion County,9.9,2012
13197,Georgia,Marion County,7.4,2016
13197,Georgia,Marion County,5.1,2020
13199,Georgia,Meriwether County,4.5,2000
13199,Georgia,Meriwether County,7.0,2004
13199,Georgia,Meriwether County,9.1,2008
13199,Georgia,Meriwether County,11.8,2012
13199,Georgia,Meriwether County,7.0,2016
13199,Georgia,Meriwether County,8.6,2020
13201,Georgia,Miller County,4.1,2000
13201,Georgia,Miller County,4.6,2004
13201,Georgia,Miller County,5.4,2008
13201,Georgia,Miller County,8.1,2012
13201,Georgia,Miller County,5.5,2016
13201,Georgia,Miller County,4.0,2020
13205,Georgia,Mitchell County,5.1,2000
13205,Georgia,Mitchell County,6.3,2004
13205,Georgia,Mitchell County,7.4,2008
13205,Georgia,Mitchell County,8.7,2012
13205,Georgia,Mitchell County,6.7,2016
13205,Georgia,Mitchell County,6.5,2020
13207,Georgia,Monroe County,3.7,2000
13207,Georgia,Monroe County,4.6,2004
13207,Georgia,Monroe County,6.1,2008
13207,Georgia,Monroe County,8.5,2012
13207,Georgia,Monroe County,5.2,2016
13207,Georgia,Monroe County,5.0,2020
13209,Georgia,Montgomery County,5.7,2000
13209,Georgia,Montgomery County,5.9,2004
13209,Georgia,Montgomery County,7.9,2008
13209,Georgia,Montgomery County,11.5,2012
13209,Georgia,Montgomery County,7.5,2016
13209,Georgia,Montgomery County,5.4,2020
13211,Georgia,Morgan County,3.4,2000
13211,Georgia,Morgan County,4.5,2004
13211,Georgia,Morgan County,6.5,2008
13211,Georgia,Morgan County,8.9,2012
13211,Georgia,Morgan County,5.1,2016
13211,Georgia,Morgan County,5.3,2020
13213,Georgia,Murray County,3.3,2000
13213,Georgia,Murray County,4.3,2004
13213,Georgia,Murray County,8.0,2008
13213,Georgia,Murray County,12.6,2012
13213,Georgia,Murray County,7.2,2016
13213,Georgia,Murray County,7.5,2020
13215,Georgia,Muscogee County,4.7,2000
13215,Georgia,Muscogee County,6.0,2004
13215,Georgia,Muscogee County,6.7,2008
13215,Georgia,Muscogee County,9.7,2012
13215,Georgia,Muscogee County,6.9,2016
13215,Georgia,Muscogee County,7.8,2020
13217,Georgia,Newton County,3.2,2000
13217,Georgia,Newton County,5.6,2004
13217,Georgia,Newton County,8.1,2008
13217,Georgia,Newton County,10.9,2012
13217,Georgia,Newton County,6.1,2016
13217,Georgia,Newton County,7.1,2020
13219,Georgia,Oconee County,2.5,2000
13219,Georgia,Oconee County,3.3,2004
13219,Georgia,Oconee County,4.4,2008
13219,Georgia,Oconee County,6.2,2012
13219,Georgia,Oconee County,4.1,2016
13219,Georgia,Oconee County,3.7,2020
13221,Georgia,Oglethorpe County,3.0,2000
13221,Georgia,Oglethorpe County,4.4,2004
13221,Georgia,Oglethorpe County,5.6,2008
13221,Georgia,Oglethorpe County,8.4,2012
13221,Georgia,Oglethorpe County,4.9,2016
13221,Georgia,Oglethorpe County,4.7,2020
13223,Georgia,Paulding County,2.7,2000
13223,Georgia,Paulding County,4.6,2004
13223,Georgia,Paulding County,6.4,2008
13223,Georgia,Paulding County,8.2,2012
13223,Georgia,Paulding County,4.7,2016
13223,Georgia,Paulding County,5.3,2020
13225,Georgia,Peach County,4.5,2000
13225,Georgia,Peach County,7.0,2004
13225,Georgia,Peach County,7.6,2008
13225,Georgia,Peach County,11.0,2012
13225,Georgia,Peach County,7.1,2016
13225,Georgia,Peach County,6.2,2020
13227,Georgia,Pickens County,3.0,2000
13227,Georgia,Pickens County,4.2,2004
13227,Georgia,Pickens County,6.4,2008
13227,Georgia,Pickens County,9.0,2012
13227,Georgia,Pickens County,4.9,2016
13227,Georgia,Pickens County,4.7,2020
13229,Georgia,Pierce County,4.0,2000
13229,Georgia,Pierce County,4.6,2004
13229,Georgia,Pierce County,5.8,2008
13229,Georgia,Pierce County,9.3,2012
13229,Georgia,Pierce County,5.4,2016
13229,Georgia,Pierce County,4.5,2020
13231,Georgia,Pike County,3.7,2000
13231,Georgia,Pike County,5.2,2004
13231,Georgia,Pike County,7.1,2008
13231,Georgia,Pike County,9.1,2012
13231,Georgia,Pike County,5.2,2016
13231,Georgia,Pike County,4.9,2020
13233,Georgia,Polk County,4.1,2000
13233,Georgia,Polk County,5.3,2004
13233,Georgia,Polk County,6.8,2008
13233,Georgia,Polk County,9.9,2012
13233,Georgia,Polk County,6.2,2016
13233,Georgia,Polk County,5.9,2020
13235,Georgia,Pulaski County,4.0,2000
13235,Georgia,Pulaski County,4.9,2004
13235,Georgia,Pulaski County,5.8,2008
13235,Georgia,Pulaski County,8.9,2012
13235,Georgia,Pulaski County,5.9,2016
13235,Georgia,Pulaski County,4.7,2020
13237,Georgia,Putnam County,3.5,2000
13237,Georgia,Putnam County,4.7,2004
13237,Georgia,Putnam County,7.6,2008
13237,Georgia,Putnam County,11.4,2012
13237,Georgia,Putnam County,7.1,2016
13237,Georgia,Putnam County,6.4,2020
13239,Georgia,Quitman County,6.3,2000
13239,Georgia,Quitman County,6.7,2004
13239,Georgia,Quitman County,9.3,2008
13239,Georgia,Quitman County,9.4,2012
13239,Georgia,Quitman County,7.4,2016
13239,Georgia,Quitman County,6.3,2020
13241,Georgia,Rabun County,3.2,2000
13241,Georgia,Rabun County,4.0,2004
13241,Georgia,Rabun County,6.9,2008
13241,Georgia,Rabun County,11.3,2012
13241,Georgia,Rabun County,6.0,2016
13241,Georgia,Rabun County,5.3,2020
13243,Georgia,Randolph County,5.9,2000
13243,Georgia,Randolph County,7.7,2004
13243,Georgia,Randolph County,9.1,2008
13243,Georgia,Randolph County,12.3,2012
13243,Georgia,Randolph County,8.6,2016
13243,Georgia,Randolph County,5.9,2020
13245,Georgia,Richmond County,4.4,2000
13245,Georgia,Richmond County,6.3,2004
13245,Georgia,Richmond County,7.7,2008
13245,Georgia,Richmond County,10.5,2012
13245,Georgia,Richmond County,6.8,2016
13245,Georgia,Richmond County,7.6,2020
13247,Georgia,Rockdale County,3.1,2000
13247,Georgia,Rockdale County,5.3,2004
13247,Georgia,Rockdale County,7.5,2008
13247,Georgia,Rockdale County,10.0,2012
13247,Georgia,Rockdale County,5.9,2016
13247,Georgia,Rockdale County,7.6,2020
13249,Georgia,Schley County,4.1,2000
13249,Georgia,Schley County,6.3,2004
13249,Georgia,Schley County,7.2,2008
13249,Georgia,Schley County,10.3,2012
13249,Georgia,Schley County,6.4,2016
13249,Georgia,Schley County,4.3,2020
13251,Georgia,Screven County,4.9,2000
13251,Georgia,Screven County,5.6,2004
13251,Georgia,Screven County,8.5,2008
13251,Georgia,Screven County,13.6,2012
13251,Georgia,Screven County,7.6,2016
13251,Georgia,Screven County,8.1,2020
13253,Georgia,Seminole County,4.9,2000
13253,Georgia,Seminole County,6.0,2004
13253,Georgia,Seminole County,7.9,2008
13253,Georgia,Seminole County,10.8,2012
13253,Georgia,Seminole County,8.0,2016
13253,Georgia,Seminole County,5.0,2020
13255,Georgia,Spalding County,4.3,2000
13255,Georgia,Spalding County,6.5,2004
13255,Georgia,Spalding County,9.1,2008
13255,Georgia,Spalding County,12.4,2012
13255,Georgia,Spalding County,7.0,2016
13255,Georgia,Spalding County,7.5,2020
13257,Georgia,Stephens County,3.6,2000
13257,Georgia,Stephens County,6.6,2004
13257,Georgia,Stephens County,6.7,2008
13257,Georgia,Stephens County,10.4,2012
13257,Georgia,Stephens County,6.0,2016
13257,Georgia,Stephens County,6.3,2020
13259,Georgia,Stewart County,5.4,2000
13259,Georgia,Stewart County,11.3,2004
13259,Georgia,Stewart County,8.5,2008
13259,Georgia,Stewart County,9.0,2012
13259,Georgia,Stewart County,6.5,2016
13259,Georgia,Stewart County,5.6,2020
13261,Georgia,Sumter County,4.1,2000
13261,Georgia,Sumter County,6.3,2004
13261,Georgia,Sumter County,8.3,2008
13261,Georgia,Sumter County,11.7,2012
13261,Georgia,Sumter County,7.7,2016
13261,Georgia,Sumter County,7.4,2020
13263,Georgia,Talbot County,5.4,2000
13263,Georgia,Talbot County,6.6,2004
13263,Georgia,Talbot County,7.1,2008
13263,Georgia,Talbot County,9.9,2012
13263,Georgia,Talbot County,6.8,2016
13263,Georgia,Talbot County,6.7,2020
13265,Georgia,Taliaferro County,5.1,2000
13265,Georgia,Taliaferro County,6.8,2004
13265,Georgia,Taliaferro County,8.9,2008
13265,Georgia,Taliaferro County,14.1,2012
13265,Georgia,Taliaferro County,6.9,2016
13265,Georgia,Taliaferro County,7.1,2020
13267,Georgia,Tattnall County,5.7,2000
13267,Georgia,Tattnall County,5.7,2004
13267,Georgia,Tattnall County,7.2,2008
13267,Georgia,Tattnall County,8.2,2012
13267,Georgia,Tattnall County,5.4,2016
13267,Georgia,Tattnall County,4.3,2020
13269,Georgia,Taylor County,5.3,2000
13269,Georgia,Taylor County,7.2,2004
13269,Georgia,Taylor County,8.1,2008
13269,Georgia,Taylor County,13.2,2012
13269,Georgia,Taylor County,7.6,2016
13269,Georgia,Taylor County,7.2,2020
13271,Georgia,Telfair County,7.7,2000
13271,Georgia,Telfair County,8.1,2004
13271,Georgia,Telfair County,11.6,2008
13271,Georgia,Telfair County,11.6,2012
13271,Georgia,Telfair County,8.5,2016
13271,Georgia,Telfair County,9.8,2020
13273,Georgia,Terrell County,5.2,2000
13273,Georgia,Terrell County,6.3,2004
13273,Georgia,Terrell County,7.1,2008
13273,Georgia,Terrell County,10.7,2012
13273,Georgia,Terrell County,6.6,2016
13273,Georgia,Terrell County,7.5,2020
13275,Georgia,Thomas County,4.2,2000
13275,Georgia,Thomas County,4.8,2004
13275,Georgia,Thomas County,6.3,2008
13275,Georgia,Thomas County,9.6,2012
13275,Georgia,Thomas County,6.3,2016
13275,Georgia,Thomas County,6.2,2020
13277,Georgia,Tift County,4.1,2000
13277,Georgia,Tift County,4.8,2004
13277,Georgia,Tift County,7.7,2008
13277,Georgia,Tift County,9.9,2012
13277,Georgia,Tift County,5.5,2016
13277,Georgia,Tift County,5.0,2020
13279,Georgia,Toombs County,6.5,2000
13279,Georgia,Toombs County,6.3,2004
13279,Georgia,Toombs County,7.7,2008
13279,Georgia,Toombs County,11.6,2012
13279,Georgia,Toombs County,7.9,2016
13279,Georgia,Toombs County,6.5,2020
13281,Georgia,Towns County,4.3,2000
13281,Georgia,Towns County,3.9,2004
13281,Georgia,Towns County,6.4,2008
13281,Georgia,Towns County,11.2,2012
13281,Georgia,Towns County,6.9,2016
13281,Georgia,Towns County,6.6,2020
13283,Georgia,Treutlen County,7.8,2000
13283,Georgia,Treutlen County,6.7,2004
13283,Georgia,Treutlen County,9.2,2008
13283,Georgia,Treutlen County,13.3,2012
13283,Georgia,Treutlen County,7.8,2016
13283,Georgia,Treutlen County,6.1,2020
13285,Georgia,Troup County,3.6,2000
13285,Georgia,Troup County,6.1,2004
13285,Georgia,Troup County,8.8,2008
13285,Georgia,Troup County,9.7,2012
13285,Georgia,Troup County,5.2,2016
13285,Georgia,Troup County,7.2,2020
13287,Georgia,Turner County,5.5,2000
13287,Georgia,Turner County,5.8,2004
13287,Georgia,Turner County,8.8,2008
13287,Georgia,Turner County,11.5,2012
13287,Georgia,Turner County,6.6,2016
13287,Georgia,Turner County,7.2,2020
13289,Georgia,Twiggs County,4.4,2000
13289,Georgia,Twiggs County,5.7,2004
13289,Georgia,Twiggs County,7.5,2008
13289,Georgia,Twiggs County,14.7,2012
13289,Georgia,Twiggs County,8.8,2016
13289,Georgia,Twiggs County,7.5,2020
13291,Georgia,Union County,3.9,2000
13291,Georgia,Union County,4.4,2004
13291,Georgia,Union County,6.3,2008
13291,Georgia,Union County,8.7,2012
13291,Georgia,Union County,4.8,2016
13291,Georgia,Union County,4.4,2020
13293,Georgia,Upson County,5.0,2000
13293,Georgia,Upson County,6.5,2004
13293,Georgia,Upson County,8.9,2008
13293,Georgia,Upson County,10.5,2012
13293,Georgia,Upson County,6.5,2016
13293,Georgia,Upson County,6.5,2020
13295,Georgia,Walker County,3.5,2000
13295,Georgia,Walker County,4.6,2004
13295,Georgia,Walker County,7.1,2008
13295,Georgia,Walker County,8.9,2012
13295,Georgia,Walker County,5.6,2016
13295,Georgia,Walker County,4.9,2020
13297,Georgia,Walton County,3.1,2000
13297,Georgia,Walton County,4.8,2004
13297,Georgia,Walton County,6.9,2008
13297,Georgia,Walton County,9.0,2012
13297,Georgia,Walton County,5.0,2016
13297,Georgia,Walton County,5.3,2020
13299,Georgia,Ware County,5.0,2000
13299,Georgia,Ware County,5.7,2004
13299,Georgia,Ware County,7.1,2008
13299,Georgia,Ware County,10.0,2012
13299,Georgia,Ware County,5.5,2016
13299,Georgia,Ware County,5.5,2020
13301,Georgia,Warren County,5.5,2000
13301,Georgia,Warren County,7.5,2004
13301,Georgia,Warren County,11.0,2008
13301,Georgia,Warren County,14.7,2012
13301,Georgia,Warren County,7.0,2016
13301,Georgia,Warren County,6.7,2020
13303,Georgia,Washington County,4.7,2000
13303,Georgia,Washington County,5.9,2004
13303,Georgia,Washington County,8.5,2008
13303,Georgia,Washington County,10.2,2012
13303,Georgia,Washington County,6.4,2016
13303,Georgia,Washington County,6.4,2020
13305,Georgia,Wayne County,4.9,2000
13305,Georgia,Wayne County,6.1,2004
13305,Georgia,Wayne County,8.3,2008
13305,Georgia,Wayne County,10.5,2012
13305,Georgia,Wayne County,6.9,2016
13305,Georgia,Wayne County,5.6,2020
13307,Georgia,Webster County,3.8,2000
13307,Georgia,Webster County,7.7,2004
13307,Georgia,Webster County,5.6,2008
13307,Georgia,Webster County,9.8,2012
13307,Georgia,Webster County,8.7,2016
13307,Georgia,Webster County,5.6,2020
13309,Georgia,Wheeler County,6.2,2000
13309,Georgia,Wheeler County,6.4,2004
13309,Georgia,Wheeler County,7.6,2008
13309,Georgia,Wheeler County,13.2,2012
13309,Georgia,Wheeler County,9.1,2016
13309,Georgia,Wheeler County,7.2,2020
13311,Georgia,White County,3.5,2000
13311,Georgia,White County,4.3,2004
13311,Georgia,White County,5.9,2008
13311,Georgia,White County,8.5,2012
13311,Georgia,White County,4.7,2016
13311,Georgia,White County,4.3,2020
13313,Georgia,Whitfield County,3.5,2000
13313,Georgia,Whitfield County,4.5,2004
13313,Georgia,Whitfield County,8.2,2008
13313,Georgia,Whitfield County,10.5,2012
13313,Georgia,Whitfield County,6.2,2016
13313,Georgia,Whitfield County,7.2,2020
13315,Georgia,Wilcox County,4.7,2000
13315,Georgia,Wilcox County,6.0,2004
13315,Georgia,Wilcox County,8.9,2008
13315,Georgia,Wilcox County,11.5,2012
13315,Georgia,Wilcox County,7.3,2016
13315,Georgia,Wilcox County,6.0,2020
13317,Georgia,Wilkes County,4.6,2000
13317,Georgia,Wilkes County,7.9,2004
13317,Georgia,Wilkes County,9.0,2008
13317,Georgia,Wilkes County,12.0,2012
13317,Georgia,Wilkes County,6.7,2016
13317,Georgia,Wilkes County,6.7,2020
13319,Georgia,Wilkinson County,4.3,2000
13319,Georgia,Wilkinson County,5.5,2004
13319,Georgia,Wilkinson County,7.4,2008
13319,Georgia,Wilkinson County,11.3,2012
13319,Georgia,Wilkinson County,6.4,2016
13319,Georgia,Wilkinson County,5.3,2020
13321,Georgia,Worth County,4.3,2000
13321,Georgia,Worth County,5.4,2004
13321,Georgia,Worth County,7.2,2008
13321,Georgia,Worth County,10.0,2012
13321,Georgia,Worth County,5.9,2016
13321,Georgia,Worth County,5.4,2020
15001,Hawaii,Hawaii County,5.0,2000
15001,Hawaii,Hawaii County,3.9,2004
15001,Hawaii,Hawaii County,5.6,2008
15001,Hawaii,Hawaii County,8.1,2012
15001,Hawaii,Hawaii County,3.5,2016
15001,Hawaii,Hawaii County,11.4,2020
15003,Hawaii,Honolulu County/City,4.1,2000
15003,Hawaii,Honolulu County/City,3.2,2004
15003,Hawaii,Honolulu County/City,3.6,2008
15003,Hawaii,Honolulu County/City,5.3,2012
15003,Hawaii,Honolulu County/City,2.7,2016
15003,Hawaii,Honolulu County/City,10.2,2020
15007,Hawaii,Kauai County,4.8,2000
15007,Hawaii,Kauai County,3.4,2004
15007,Hawaii,Kauai County,4.5,2008
15007,Hawaii,Kauai County,7.1,2012
15007,Hawaii,Kauai County,3.1,2016
15007,Hawaii,Kauai County,16.2,2020
15009,Hawaii,Maui County,3.9,2000
15009,Hawaii,Maui County,3.1,2004
15009,Hawaii,Maui County,4.5,2008
15009,Hawaii,Maui County,6.3,2012
15009,Hawaii,Maui County,3.0,2016
15009,Hawaii,Maui County,17.7,2020
16001,Idaho,Ada County,3.4,2000
16001,Idaho,Ada County,4.0,2004
16001,Idaho,Ada County,4.8,2008
16001,Idaho,Ada County,6.3,2012
16001,Idaho,Ada County,3.2,2016
16001,Idaho,Ada County,5.5,2020
16003,Idaho,Adams County,10.0,2000
16003,Idaho,Adams County,11.8,2004
16003,Idaho,Adams County,10.4,2008
16003,Idaho,Adams County,15.2,2012
16003,Idaho,Adams County,6.7,2016
16003,Idaho,Adams County,9.4,2020
16005,Idaho,Bannock County,4.6,2000
16005,Idaho,Bannock County,4.7,2004
16005,Idaho,Bannock County,4.6,2008
16005,Idaho,Bannock County,7.1,2012
16005,Idaho,Bannock County,3.5,2016
16005,Idaho,Bannock County,5.0,2020
16007,Idaho,Bear Lake County,4.9,2000
16007,Idaho,Bear Lake County,4.8,2004
16007,Idaho,Bear Lake County,3.3,2008
16007,Idaho,Bear Lake County,5.7,2012
16007,Idaho,Bear Lake County,4.4,2016
16007,Idaho,Bear Lake County,4.6,2020
16009,Idaho,Benewah County,11.0,2000
16009,Idaho,Benewah County,8.9,2004
16009,Idaho,Benewah County,9.8,2008
16009,Idaho,Benewah County,12.4,2012
16009,Idaho,Benewah County,5.7,2016
16009,Idaho,Benewah County,7.6,2020
16011,Idaho,Bingham County,4.4,2000
16011,Idaho,Bingham County,4.4,2004
16011,Idaho,Bingham County,3.9,2008
16011,Idaho,Bingham County,6.5,2012
16011,Idaho,Bingham County,3.4,2016
16011,Idaho,Bingham County,4.0,2020
16013,Idaho,Blaine County,3.5,2000
16013,Idaho,Blaine County,3.6,2004
16013,Idaho,Blaine County,3.8,2008
16013,Idaho,Blaine County,7.2,2012
16013,Idaho,Blaine County,3.0,2016
16013,Idaho,Blaine County,7.9,2020
16015,Idaho,Boise County,4.9,2000
16015,Idaho,Boise County,5.1,2004
16015,Idaho,Boise County,5.9,2008
16015,Idaho,Boise County,9.7,2012
16015,Idaho,Boise County,5.1,2016
16015,Idaho,Boise County,8.0,2020
16017,Idaho,Bonner County,7.7,2000
16017,Idaho,Bonner County,6.1,2004
16017,Idaho,Bonner County,6.5,2008
16017,Idaho,Bonner County,10.7,2012
16017,Idaho,Bonner County,5.3,2016
16017,Idaho,Bonner County,7.8,2020
16019,Idaho,Bonneville County,3.4,2000
16019,Idaho,Bonneville County,3.4,2004
16019,Idaho,Bonneville County,3.5,2008
16019,Idaho,Bonneville County,6.5,2012
16019,Idaho,Bonneville County,3.1,2016
16019,Idaho,Bonneville County,4.1,2020
16021,Idaho,Boundary County,7.7,2000
16021,Idaho,Boundary County,7.1,2004
16021,Idaho,Boundary County,8.6,2008
16021,Idaho,Boundary County,9.7,2012
16021,Idaho,Boundary County,5.0,2016
16021,Idaho,Boundary County,6.4,2020
16023,Idaho,Butte County,4.3,2000
16023,Idaho,Butte County,6.5,2004
16023,Idaho,Butte County,4.2,2008
16023,Idaho,Butte County,8.4,2012
16023,Idaho,Butte County,4.0,2016
16023,Idaho,Butte County,4.2,2020
16025,Idaho,Camas County,3.7,2000
16025,Idaho,Camas County,4.5,2004
16025,Idaho,Camas County,4.4,2008
16025,Idaho,Camas County,9.5,2012
16025,Idaho,Camas County,3.5,2016
16025,Idaho,Camas County,5.8,2020
16027,Idaho,Canyon County,4.5,2000
16027,Idaho,Canyon County,5.6,2004
16027,Idaho,Canyon County,6.4,2008
16027,Idaho,Canyon County,9.4,2012
16027,Idaho,Canyon County,4.2,2016
16027,Idaho,Canyon County,6.0,2020
16029,Idaho,Caribou County,5.1,2000
16029,Idaho,Caribou County,6.8,2004
16029,Idaho,Caribou County,3.6,2008
16029,Idaho,Caribou County,6.2,2012
16029,Idaho,Caribou County,3.5,2016
16029,Idaho,Caribou County,3.9,2020
16031,Idaho,Cassia County,4.9,2000
16031,Idaho,Cassia County,5.9,2004
16031,Idaho,Cassia County,3.8,2008
16031,Idaho,Cassia County,5.9,2012
16031,Idaho,Cassia County,2.9,2016
16031,Idaho,Cassia County,3.9,2020
16033,Idaho,Clark County,5.3,2000
16033,Idaho,Clark County,7.2,2004
16033,Idaho,Clark County,3.5,2008
16033,Idaho,Clark County,7.7,2012
16033,Idaho,Clark County,3.1,2016
16033,Idaho,Clark County,3.4,2020
16035,Idaho,Clearwater County,13.2,2000
16035,Idaho,Clearwater County,10.2,2004
16035,Idaho,Clearwater County,10.7,2008
16035,Idaho,Clearwater County,12.8,2012
16035,Idaho,Clearwater County,7.1,2016
16035,Idaho,Clearwater County,8.1,2020
16037,Idaho,Custer County,5.6,2000
16037,Idaho,Custer County,5.9,2004
16037,Idaho,Custer County,4.5,2008
16037,Idaho,Custer County,8.3,2012
16037,Idaho,Custer County,4.9,2016
16037,Idaho,Custer County,5.3,2020
16039,Idaho,Elmore County,5.7,2000
16039,Idaho,Elmore County,5.3,2004
16039,Idaho,Elmore County,5.6,2008
16039,Idaho,Elmore County,7.7,2012
16039,Idaho,Elmore County,4.0,2016
16039,Idaho,Elmore County,4.9,2020
16041,Idaho,Franklin County,3.2,2000
16041,Idaho,Franklin County,4.0,2004
16041,Idaho,Franklin County,3.3,2008
16041,Idaho,Franklin County,4.7,2012
16041,Idaho,Franklin County,3.0,2016
16041,Idaho,Franklin County,3.8,2020
16043,Idaho,Fremont County,4.8,2000
16043,Idaho,Fremont County,4.5,2004
16043,Idaho,Fremont County,4.8,2008
16043,Idaho,Fremont County,6.3,2012
16043,Idaho,Fremont County,3.3,2016
16043,Idaho,Fremont County,3.9,2020
16045,Idaho,Gem County,5.1,2000
16045,Idaho,Gem County,5.6,2004
16045,Idaho,Gem County,7.0,2008
16045,Idaho,Gem County,9.7,2012
16045,Idaho,Gem County,4.5,2016
16045,Idaho,Gem County,6.1,2020
16047,Idaho,Gooding County,3.8,2000
16047,Idaho,Gooding County,3.9,2004
16047,Idaho,Gooding County,3.4,2008
16047,Idaho,Gooding County,5.8,2012
16047,Idaho,Gooding County,3.0,2016
16047,Idaho,Gooding County,4.0,2020
16049,Idaho,Idaho County,8.4,2000
16049,Idaho,Idaho County,7.8,2004
16049,Idaho,Idaho County,7.4,2008
16049,Idaho,Idaho County,11.2,2012
16049,Idaho,Idaho County,5.5,2016
16049,Idaho,Idaho County,6.7,2020
16051,Idaho,Jefferson County,3.7,2000
16051,Idaho,Jefferson County,3.8,2004
16051,Idaho,Jefferson County,3.7,2008
16051,Idaho,Jefferson County,6.3,2012
16051,Idaho,Jefferson County,3.0,2016
16051,Idaho,Jefferson County,3.5,2020
16053,Idaho,Jerome County,4.3,2000
16053,Idaho,Jerome County,4.5,2004
16053,Idaho,Jerome County,4.2,2008
16053,Idaho,Jerome County,6.6,2012
16053,Idaho,Jerome County,3.1,2016
16053,Idaho,Jerome County,4.3,2020
16055,Idaho,Kootenai County,6.3,2000
16055,Idaho,Kootenai County,5.8,2004
16055,Idaho,Kootenai County,5.7,2008
16055,Idaho,Kootenai County,9.0,2012
16055,Idaho,Kootenai County,4.5,2016
16055,Idaho,Kootenai County,7.1,2020
16057,Idaho,Latah County,4.2,2000
16057,Idaho,Latah County,3.8,2004
16057,Idaho,Latah County,4.1,2008
16057,Idaho,Latah County,6.0,2012
16057,Idaho,Latah County,3.1,2016
16057,Idaho,Latah County,4.9,2020
16059,Idaho,Lemhi County,8.0,2000
16059,Idaho,Lemhi County,7.0,2004
16059,Idaho,Lemhi County,6.7,2008
16059,Idaho,Lemhi County,10.1,2012
16059,Idaho,Lemhi County,5.9,2016
16059,Idaho,Lemhi County,6.6,2020
16061,Idaho,Lewis County,6.5,2000
16061,Idaho,Lewis County,3.8,2004
16061,Idaho,Lewis County,3.8,2008
16061,Idaho,Lewis County,5.6,2012
16061,Idaho,Lewis County,6.2,2016
16061,Idaho,Lewis County,7.9,2020
16063,Idaho,Lincoln County,4.4,2000
16063,Idaho,Lincoln County,5.5,2004
16063,Idaho,Lincoln County,5.6,2008
16063,Idaho,Lincoln County,9.5,2012
16063,Idaho,Lincoln County,4.3,2016
16063,Idaho,Lincoln County,6.4,2020
16065,Idaho,Madison County,3.5,2000
16065,Idaho,Madison County,3.0,2004
16065,Idaho,Madison County,3.5,2008
16065,Idaho,Madison County,4.7,2012
16065,Idaho,Madison County,2.3,2016
16065,Idaho,Madison County,2.8,2020
16067,Idaho,Minidoka County,5.7,2000
16067,Idaho,Minidoka County,7.8,2004
16067,Idaho,Minidoka County,4.5,2008
16067,Idaho,Minidoka County,6.2,2012
16067,Idaho,Minidoka County,3.1,2016
16067,Idaho,Minidoka County,4.0,2020
16069,Idaho,Nez Perce County,5.2,2000
16069,Idaho,Nez Perce County,4.8,2004
16069,Idaho,Nez Perce County,4.5,2008
16069,Idaho,Nez Perce County,5.9,2012
16069,Idaho,Nez Perce County,3.2,2016
16069,Idaho,Nez Perce County,5.0,2020
16071,Idaho,Oneida County,3.4,2000
16071,Idaho,Oneida County,3.2,2004
16071,Idaho,Oneida County,3.4,2008
16071,Idaho,Oneida County,5.1,2012
16071,Idaho,Oneida County,3.5,2016
16071,Idaho,Oneida County,4.7,2020
16073,Idaho,Owyhee County,3.9,2000
16073,Idaho,Owyhee County,2.8,2004
16073,Idaho,Owyhee County,3.1,2008
16073,Idaho,Owyhee County,4.2,2012
16073,Idaho,Owyhee County,4.4,2016
16073,Idaho,Owyhee County,6.2,2020
16075,Idaho,Payette County,6.7,2000
16075,Idaho,Payette County,8.2,2004
16075,Idaho,Payette County,5.8,2008
16075,Idaho,Payette County,8.1,2012
16075,Idaho,Payette County,4.5,2016
16075,Idaho,Payette County,5.6,2020
16077,Idaho,Power County,5.7,2000
16077,Idaho,Power County,6.2,2004
16077,Idaho,Power County,5.2,2008
16077,Idaho,Power County,8.0,2012
16077,Idaho,Power County,3.9,2016
16077,Idaho,Power County,4.4,2020
16079,Idaho,Shoshone County,9.8,2000
16079,Idaho,Shoshone County,9.7,2004
16079,Idaho,Shoshone County,8.2,2008
16079,Idaho,Shoshone County,13.4,2012
16079,Idaho,Shoshone County,6.9,2016
16079,Idaho,Shoshone County,9.3,2020
16081,Idaho,Teton County,3.0,2000
16081,Idaho,Teton County,3.1,2004
16081,Idaho,Teton County,2.8,2008
16081,Idaho,Teton County,6.1,2012
16081,Idaho,Teton County,3.1,2016
16081,Idaho,Teton County,5.8,2020
16083,Idaho,Twin Falls County,4.2,2000
16083,Idaho,Twin Falls County,4.4,2004
16083,Idaho,Twin Falls County,4.0,2008
16083,Idaho,Twin Falls County,7.1,2012
16083,Idaho,Twin Falls County,3.3,2016
16083,Idaho,Twin Falls County,5.3,2020
16085,Idaho,Valley County,6.7,2000
16085,Idaho,Valley County,6.8,2004
16085,Idaho,Valley County,8.8,2008
16085,Idaho,Valley County,11.5,2012
16085,Idaho,Valley County,5.2,2016
16085,Idaho,Valley County,8.0,2020
16087,Idaho,Washington County,6.8,2000
16087,Idaho,Washington County,6.7,2004
16087,Idaho,Washington County,5.7,2008
16087,Idaho,Washington County,8.7,2012
16087,Idaho,Washington County,5.3,2016
16087,Idaho,Washington County,5.7,2020
17001,Illinois,Adams County,3.6,2000
17001,Illinois,Adams County,4.4,2004
17001,Illinois,Adams County,4.9,2008
17001,Illinois,Adams County,6.6,2012
17001,Illinois,Adams County,4.8,2016
17001,Illinois,Adams County,6.4,2020
17003,Illinois,Alexander County,7.4,2000
17003,Illinois,Alexander County,9.1,2004
17003,Illinois,Alexander County,9.7,2008
17003,Illinois,Alexander County,12.0,2012
17003,Illinois,Alexander County,9.3,2016
17003,Illinois,Alexander County,10.2,2020
17005,Illinois,Bond County,4.2,2000
17005,Illinois,Bond County,6.0,2004
17005,Illinois,Bond County,6.8,2008
17005,Illinois,Bond County,9.0,2012
17005,Illinois,Bond County,5.1,2016
17005,Illinois,Bond County,7.0,2020
17007,Illinois,Boone County,4.7,2000
17007,Illinois,Boone County,7.3,2004
17007,Illinois,Boone County,9.5,2008
17007,Illinois,Boone County,10.5,2012
17007,Illinois,Boone County,6.4,2016
17007,Illinois,Boone County,11.3,2020
17009,Illinois,Brown County,3.3,2000
17009,Illinois,Brown County,4.0,2004
17009,Illinois,Brown County,3.9,2008
17009,Illinois,Brown County,6.0,2012
17009,Illinois,Brown County,3.4,2016
17009,Illinois,Brown County,3.9,2020
17011,Illinois,Bureau County,4.7,2000
17011,Illinois,Bureau County,6.0,2004
17011,Illinois,Bureau County,6.2,2008
17011,Illinois,Bureau County,9.3,2012
17011,Illinois,Bureau County,6.1,2016
17011,Illinois,Bureau County,7.7,2020
17013,Illinois,Calhoun County,5.3,2000
17013,Illinois,Calhoun County,6.7,2004
17013,Illinois,Calhoun County,7.4,2008
17013,Illinois,Calhoun County,10.0,2012
17013,Illinois,Calhoun County,6.1,2016
17013,Illinois,Calhoun County,8.0,2020
17015,Illinois,Carroll County,5.5,2000
17015,Illinois,Carroll County,7.1,2004
17015,Illinois,Carroll County,6.7,2008
17015,Illinois,Carroll County,8.2,2012
17015,Illinois,Carroll County,5.7,2016
17015,Illinois,Carroll County,7.2,2020
17017,Illinois,Cass County,4.4,2000
17017,Illinois,Cass County,5.0,2004
17017,Illinois,Cass County,5.4,2008
17017,Illinois,Cass County,8.5,2012
17017,Illinois,Cass County,5.6,2016
17017,Illinois,Cass County,6.8,2020
17019,Illinois,Champaign County,3.3,2000
17019,Illinois,Champaign County,4.4,2004
17019,Illinois,Champaign County,5.7,2008
17019,Illinois,Champaign County,7.1,2012
17019,Illinois,Champaign County,5.0,2016
17019,Illinois,Champaign County,6.6,2020
17021,Illinois,Christian County,5.1,2000
17021,Illinois,Christian County,6.1,2004
17021,Illinois,Christian County,6.7,2008
17021,Illinois,Christian County,9.4,2012
17021,Illinois,Christian County,6.4,2016
17021,Illinois,Christian County,8.2,2020
17023,Illinois,Clark County,4.7,2000
17023,Illinois,Clark County,6.3,2004
17023,Illinois,Clark County,8.0,2008
17023,Illinois,Clark County,9.7,2012
17023,Illinois,Clark County,5.8,2016
17023,Illinois,Clark County,8.3,2020
17025,Illinois,Clay County,5.8,2000
17025,Illinois,Clay County,6.6,2004
17025,Illinois,Clay County,7.4,2008
17025,Illinois,Clay County,9.7,2012
17025,Illinois,Clay County,6.8,2016
17025,Illinois,Clay County,9.5,2020
17027,Illinois,Clinton County,3.6,2000
17027,Illinois,Clinton County,5.1,2004
17027,Illinois,Clinton County,6.2,2008
17027,Illinois,Clinton County,6.7,2012
17027,Illinois,Clinton County,4.5,2016
17027,Illinois,Clinton County,5.9,2020
17029,Illinois,Coles County,4.0,2000
17029,Illinois,Coles County,5.3,2004
17029,Illinois,Coles County,6.2,2008
17029,Illinois,Coles County,8.8,2012
17029,Illinois,Coles County,5.9,2016
17029,Illinois,Coles County,7.5,2020
17031,Illinois,Cook County,4.9,2000
17031,Illinois,Cook County,6.8,2004
17031,Illinois,Cook County,6.7,2008
17031,Illinois,Cook County,9.7,2012
17031,Illinois,Cook County,6.2,2016
17031,Illinois,Cook County,10.6,2020
17033,Illinois,Crawford County,5.5,2000
17033,Illinois,Crawford County,6.0,2004
17033,Illinois,Crawford County,6.7,2008
17033,Illinois,Crawford County,7.7,2012
17033,Illinois,Crawford County,6.3,2016
17033,Illinois,Crawford County,7.1,2020
17035,Illinois,Cumberland County,4.6,2000
17035,Illinois,Cumberland County,6.5,2004
17035,Illinois,Cumberland County,7.3,2008
17035,Illinois,Cumberland County,7.8,2012
17035,Illinois,Cumberland County,5.2,2016
17035,Illinois,Cumberland County,5.8,2020
17037,Illinois,Dekalb County,3.4,2000
17037,Illinois,Dekalb County,5.2,2004
17037,Illinois,Dekalb County,5.9,2008
17037,Illinois,Dekalb County,8.5,2012
17037,Illinois,Dekalb County,5.3,2016
17037,Illinois,Dekalb County,8.3,2020
17039,Illinois,De Witt County,5.3,2000
17039,Illinois,De Witt County,5.9,2004
17039,Illinois,De Witt County,6.0,2008
17039,Illinois,De Witt County,8.1,2012
17039,Illinois,De Witt County,5.7,2016
17039,Illinois,De Witt County,6.7,2020
17041,Illinois,Douglas County,3.8,2000
17041,Illinois,Douglas County,4.9,2004
17041,Illinois,Douglas County,6.0,2008
17041,Illinois,Douglas County,7.2,2012
17041,Illinois,Douglas County,4.7,2016
17041,Illinois,Douglas County,5.7,2020
17043,Illinois,Dupage County,3.4,2000
17043,Illinois,Dupage County,5.1,2004
17043,Illinois,Dupage County,5.1,2008
17043,Illinois,Dupage County,7.5,2012
17043,Illinois,Dupage County,4.8,2016
17043,Illinois,Dupage County,7.6,2020
17045,Illinois,Edgar County,4.3,2000
17045,Illinois,Edgar County,5.6,2004
17045,Illinois,Edgar County,7.0,2008
17045,Illinois,Edgar County,9.7,2012
17045,Illinois,Edgar County,6.0,2016
17045,Illinois,Edgar County,6.9,2020
17047,Illinois,Edwards County,5.0,2000
17047,Illinois,Edwards County,4.4,2004
17047,Illinois,Edwards County,6.5,2008
17047,Illinois,Edwards County,7.9,2012
17047,Illinois,Edwards County,5.8,2016
17047,Illinois,Edwards County,9.0,2020
17049,Illinois,Effingham County,4.2,2000
17049,Illinois,Effingham County,6.1,2004
17049,Illinois,Effingham County,5.6,2008
17049,Illinois,Effingham County,6.6,2012
17049,Illinois,Effingham County,4.8,2016
17049,Illinois,Effingham County,6.6,2020
17051,Illinois,Fayette County,6.0,2000
17051,Illinois,Fayette County,7.6,2004
17051,Illinois,Fayette County,8.0,2008
17051,Illinois,Fayette County,9.0,2012
17051,Illinois,Fayette County,6.5,2016
17051,Illinois,Fayette County,7.6,2020
17053,Illinois,Ford County,3.6,2000
17053,Illinois,Ford County,5.1,2004
17053,Illinois,Ford County,6.2,2008
17053,Illinois,Ford County,7.5,2012
17053,Illinois,Ford County,5.4,2016
17053,Illinois,Ford County,6.7,2020
17055,Illinois,Franklin County,6.6,2000
17055,Illinois,Franklin County,7.8,2004
17055,Illinois,Franklin County,9.4,2008
17055,Illinois,Franklin County,10.7,2012
17055,Illinois,Franklin County,8.1,2016
17055,Illinois,Franklin County,10.6,2020
17057,Illinois,Fulton County,5.3,2000
17057,Illinois,Fulton County,6.6,2004
17057,Illinois,Fulton County,6.7,2008
17057,Illinois,Fulton County,10.0,2012
17057,Illinois,Fulton County,7.4,2016
17057,Illinois,Fulton County,8.6,2020
17059,Illinois,Gallatin County,5.9,2000
17059,Illinois,Gallatin County,7.1,2004
17059,Illinois,Gallatin County,8.2,2008
17059,Illinois,Gallatin County,8.5,2012
17059,Illinois,Gallatin County,7.6,2016
17059,Illinois,Gallatin County,9.7,2020
17061,Illinois,Greene County,5.1,2000
17061,Illinois,Greene County,5.9,2004
17061,Illinois,Greene County,6.1,2008
17061,Illinois,Greene County,8.4,2012
17061,Illinois,Greene County,5.8,2016
17061,Illinois,Greene County,6.8,2020
17063,Illinois,Grundy County,5.3,2000
17063,Illinois,Grundy County,7.8,2004
17063,Illinois,Grundy County,7.4,2008
17063,Illinois,Grundy County,11.5,2012
17063,Illinois,Grundy County,6.9,2016
17063,Illinois,Grundy County,8.5,2020
17065,Illinois,Hamilton County,4.9,2000
17065,Illinois,Hamilton County,6.0,2004
17065,Illinois,Hamilton County,7.0,2008
17065,Illinois,Hamilton County,8.0,2012
17065,Illinois,Hamilton County,6.2,2016
17065,Illinois,Hamilton County,7.1,2020
17067,Illinois,Hancock County,4.3,2000
17067,Illinois,Hancock County,6.0,2004
17067,Illinois,Hancock County,6.9,2008
17067,Illinois,Hancock County,8.3,2012
17067,Illinois,Hancock County,6.5,2016
17067,Illinois,Hancock County,6.9,2020
17069,Illinois,Hardin County,6.3,2000
17069,Illinois,Hardin County,8.5,2004
17069,Illinois,Hardin County,9.4,2008
17069,Illinois,Hardin County,10.6,2012
17069,Illinois,Hardin County,9.4,2016
17069,Illinois,Hardin County,10.0,2020
17071,Illinois,Henderson County,4.0,2000
17071,Illinois,Henderson County,6.6,2004
17071,Illinois,Henderson County,7.3,2008
17071,Illinois,Henderson County,8.0,2012
17071,Illinois,Henderson County,6.1,2016
17071,Illinois,Henderson County,7.0,2020
17073,Illinois,Henry County,4.7,2000
17073,Illinois,Henry County,5.2,2004
17073,Illinois,Henry County,6.2,2008
17073,Illinois,Henry County,7.4,2012
17073,Illinois,Henry County,6.0,2016
17073,Illinois,Henry County,7.9,2020
17075,Illinois,Iroquois County,4.2,2000
17075,Illinois,Iroquois County,5.4,2004
17075,Illinois,Iroquois County,6.8,2008
17075,Illinois,Iroquois County,8.6,2012
17075,Illinois,Iroquois County,5.5,2016
17075,Illinois,Iroquois County,6.3,2020
17077,Illinois,Jackson County,4.2,2000
17077,Illinois,Jackson County,5.0,2004
17077,Illinois,Jackson County,5.7,2008
17077,Illinois,Jackson County,7.9,2012
17077,Illinois,Jackson County,5.4,2016
17077,Illinois,Jackson County,7.8,2020
17079,Illinois,Jasper County,4.8,2000
17079,Illinois,Jasper County,6.1,2004
17079,Illinois,Jasper County,6.6,2008
17079,Illinois,Jasper County,7.7,2012
17079,Illinois,Jasper County,6.3,2016
17079,Illinois,Jasper County,6.1,2020
17081,Illinois,Jefferson County,5.1,2000
17081,Illinois,Jefferson County,5.8,2004
17081,Illinois,Jefferson County,6.3,2008
17081,Illinois,Jefferson County,9.3,2012
17081,Illinois,Jefferson County,6.4,2016
17081,Illinois,Jefferson County,10.2,2020
17083,Illinois,Jersey County,4.4,2000
17083,Illinois,Jersey County,5.6,2004
17083,Illinois,Jersey County,6.5,2008
17083,Illinois,Jersey County,9.1,2012
17083,Illinois,Jersey County,5.8,2016
17083,Illinois,Jersey County,7.5,2020
17085,Illinois,Jo Daviess County,4.1,2000
17085,Illinois,Jo Daviess County,5.1,2004
17085,Illinois,Jo Daviess County,5.7,2008
17085,Illinois,Jo Daviess County,7.6,2012
17085,Illinois,Jo Daviess County,5.4,2016
17085,Illinois,Jo Daviess County,8.3,2020
17087,Illinois,Johnson County,6.0,2000
17087,Illinois,Johnson County,6.8,2004
17087,Illinois,Johnson County,8.2,2008
17087,Illinois,Johnson County,11.6,2012
17087,Illinois,Johnson County,8.7,2016
17087,Illinois,Johnson County,9.2,2020
17089,Illinois,Kane County,4.1,2000
17089,Illinois,Kane County,5.9,2004
17089,Illinois,Kane County,6.2,2008
17089,Illinois,Kane County,9.0,2012
17089,Illinois,Kane County,5.5,2016
17089,Illinois,Kane County,9.2,2020
17091,Illinois,Kankakee County,4.4,2000
17091,Illinois,Kankakee County,7.3,2004
17091,Illinois,Kankakee County,8.5,2008
17091,Illinois,Kankakee County,10.7,2012
17091,Illinois,Kankakee County,6.5,2016
17091,Illinois,Kankakee County,9.0,2020
17093,Illinois,Kendall County,3.3,2000
17093,Illinois,Kendall County,5.4,2004
17093,Illinois,Kendall County,6.0,2008
17093,Illinois,Kendall County,8.4,2012
17093,Illinois,Kendall County,5.2,2016
17093,Illinois,Kendall County,8.0,2020
17095,Illinois,Knox County,4.6,2000
17095,Illinois,Knox County,7.7,2004
17095,Illinois,Knox County,6.6,2008
17095,Illinois,Knox County,8.4,2012
17095,Illinois,Knox County,6.1,2016
17095,Illinois,Knox County,8.7,2020
17097,Illinois,Lake County,3.5,2000
17097,Illinois,Lake County,5.2,2004
17097,Illinois,Lake County,6.5,2008
17097,Illinois,Lake County,8.2,2012
17097,Illinois,Lake County,5.2,2016
17097,Illinois,Lake County,8.1,2020
17099,Illinois,Lasalle County,5.1,2000
17099,Illinois,Lasalle County,7.1,2004
17099,Illinois,Lasalle County,7.9,2008
17099,Illinois,Lasalle County,10.1,2012
17099,Illinois,Lasalle County,6.8,2016
17099,Illinois,Lasalle County,9.5,2020
17101,Illinois,Lawrence County,5.4,2000
17101,Illinois,Lawrence County,5.8,2004
17101,Illinois,Lawrence County,7.5,2008
17101,Illinois,Lawrence County,10.3,2012
17101,Illinois,Lawrence County,7.4,2016
17101,Illinois,Lawrence County,9.9,2020
17103,Illinois,Lee County,4.1,2000
17103,Illinois,Lee County,5.6,2004
17103,Illinois,Lee County,7.0,2008
17103,Illinois,Lee County,8.3,2012
17103,Illinois,Lee County,5.1,2016
17103,Illinois,Lee County,6.9,2020
17105,Illinois,Livingston County,3.7,2000
17105,Illinois,Livingston County,5.3,2004
17105,Illinois,Livingston County,6.0,2008
17105,Illinois,Livingston County,7.8,2012
17105,Illinois,Livingston County,5.4,2016
17105,Illinois,Livingston County,6.8,2020
17107,Illinois,Logan County,3.8,2000
17107,Illinois,Logan County,5.8,2004
17107,Illinois,Logan County,6.7,2008
17107,Illinois,Logan County,7.5,2012
17107,Illinois,Logan County,5.3,2016
17107,Illinois,Logan County,6.8,2020
17109,Illinois,Mcdonough County,4.1,2000
17109,Illinois,Mcdonough County,5.0,2004
17109,Illinois,Mcdonough County,5.6,2008
17109,Illinois,Mcdonough County,7.7,2012
17109,Illinois,Mcdonough County,6.3,2016
17109,Illinois,Mcdonough County,7.2,2020
17111,Illinois,Mchenry County,3.6,2000
17111,Illinois,Mchenry County,5.3,2004
17111,Illinois,Mchenry County,6.0,2008
17111,Illinois,Mchenry County,9.0,2012
17111,Illinois,Mchenry County,5.4,2016
17111,Illinois,Mchenry County,8.0,2020
17113,Illinois,Mclean County,3.2,2000
17113,Illinois,Mclean County,4.3,2004
17113,Illinois,Mclean County,5.0,2008
17113,Illinois,Mclean County,6.4,2012
17113,Illinois,Mclean County,5.1,2016
17113,Illinois,Mclean County,6.9,2020
17115,Illinois,Macon County,5.0,2000
17115,Illinois,Macon County,6.7,2004
17115,Illinois,Macon County,7.0,2008
17115,Illinois,Macon County,9.9,2012
17115,Illinois,Macon County,6.6,2016
17115,Illinois,Macon County,10.0,2020
17117,Illinois,Macoupin County,4.3,2000
17117,Illinois,Macoupin County,6.2,2004
17117,Illinois,Macoupin County,7.6,2008
17117,Illinois,Macoupin County,9.5,2012
17117,Illinois,Macoupin County,6.0,2016
17117,Illinois,Macoupin County,7.0,2020
17119,Illinois,Madison County,4.2,2000
17119,Illinois,Madison County,6.0,2004
17119,Illinois,Madison County,6.6,2008
17119,Illinois,Madison County,8.9,2012
17119,Illinois,Madison County,5.9,2016
17119,Illinois,Madison County,7.8,2020
17121,Illinois,Marion County,5.5,2000
17121,Illinois,Marion County,7.9,2004
17121,Illinois,Marion County,8.4,2008
17121,Illinois,Marion County,9.8,2012
17121,Illinois,Marion County,6.4,2016
17121,Illinois,Marion County,9.3,2020
17123,Illinois,Marshall County,4.0,2000
17123,Illinois,Marshall County,4.9,2004
17123,Illinois,Marshall County,5.5,2008
17123,Illinois,Marshall County,8.4,2012
17123,Illinois,Marshall County,6.6,2016
17123,Illinois,Marshall County,7.3,2020
17125,Illinois,Mason County,5.6,2000
17125,Illinois,Mason County,7.7,2004
17125,Illinois,Mason County,8.0,2008
17125,Illinois,Mason County,10.1,2012
17125,Illinois,Mason County,7.1,2016
17125,Illinois,Mason County,8.0,2020
17127,Illinois,Massac County,5.1,2000
17127,Illinois,Massac County,6.0,2004
17127,Illinois,Massac County,7.2,2008
17127,Illinois,Massac County,9.7,2012
17127,Illinois,Massac County,7.1,2016
17127,Illinois,Massac County,10.1,2020
17129,Illinois,Menard County,3.4,2000
17129,Illinois,Menard County,5.0,2004
17129,Illinois,Menard County,5.6,2008
17129,Illinois,Menard County,7.2,2012
17129,Illinois,Menard County,4.7,2016
17129,Illinois,Menard County,6.5,2020
17131,Illinois,Mercer County,5.3,2000
17131,Illinois,Mercer County,6.5,2004
17131,Illinois,Mercer County,6.8,2008
17131,Illinois,Mercer County,7.8,2012
17131,Illinois,Mercer County,6.2,2016
17131,Illinois,Mercer County,8.1,2020
17133,Illinois,Monroe County,3.1,2000
17133,Illinois,Monroe County,4.4,2004
17133,Illinois,Monroe County,5.3,2008
17133,Illinois,Monroe County,6.7,2012
17133,Illinois,Monroe County,4.1,2016
17133,Illinois,Monroe County,5.6,2020
17135,Illinois,Montgomery County,5.4,2000
17135,Illinois,Montgomery County,7.9,2004
17135,Illinois,Montgomery County,8.7,2008
17135,Illinois,Montgomery County,11.3,2012
17135,Illinois,Montgomery County,7.1,2016
17135,Illinois,Montgomery County,8.8,2020
17137,Illinois,Morgan County,4.0,2000
17137,Illinois,Morgan County,6.1,2004
17137,Illinois,Morgan County,6.2,2008
17137,Illinois,Morgan County,7.8,2012
17137,Illinois,Morgan County,4.9,2016
17137,Illinois,Morgan County,6.9,2020
17139,Illinois,Moultrie County,4.0,2000
17139,Illinois,Moultrie County,4.9,2004
17139,Illinois,Moultrie County,5.2,2008
17139,Illinois,Moultrie County,7.1,2012
17139,Illinois,Moultrie County,4.6,2016
17139,Illinois,Moultrie County,5.2,2020
17141,Illinois,Ogle County,4.1,2000
17141,Illinois,Ogle County,6.1,2004
17141,Illinois,Ogle County,7.8,2008
17141,Illinois,Ogle County,10.2,2012
17141,Illinois,Ogle County,5.9,2016
17141,Illinois,Ogle County,8.2,2020
17143,Illinois,Peoria County,4.3,2000
17143,Illinois,Peoria County,5.7,2004
17143,Illinois,Peoria County,5.9,2008
17143,Illinois,Peoria County,8.4,2012
17143,Illinois,Peoria County,6.9,2016
17143,Illinois,Peoria County,10.4,2020
17145,Illinois,Perry County,6.7,2000
17145,Illinois,Perry County,7.2,2004
17145,Illinois,Perry County,9.7,2008
17145,Illinois,Perry County,10.7,2012
17145,Illinois,Perry County,7.1,2016
17145,Illinois,Perry County,9.6,2020
17147,Illinois,Piatt County,3.4,2000
17147,Illinois,Piatt County,4.5,2004
17147,Illinois,Piatt County,5.0,2008
17147,Illinois,Piatt County,6.7,2012
17147,Illinois,Piatt County,4.9,2016
17147,Illinois,Piatt County,5.5,2020
17149,Illinois,Pike County,5.2,2000
17149,Illinois,Pike County,5.4,2004
17149,Illinois,Pike County,5.9,2008
17149,Illinois,Pike County,7.6,2012
17149,Illinois,Pike County,5.1,2016
17149,Illinois,Pike County,6.0,2020
17151,Illinois,Pope County,6.4,2000
17151,Illinois,Pope County,7.6,2004
17151,Illinois,Pope County,8.4,2008
17151,Illinois,Pope County,8.6,2012
17151,Illinois,Pope County,7.2,2016
17151,Illinois,Pope County,7.2,2020
17153,Illinois,Pulaski County,6.8,2000
17153,Illinois,Pulaski County,8.7,2004
17153,Illinois,Pulaski County,9.4,2008
17153,Illinois,Pulaski County,11.4,2012
17153,Illinois,Pulaski County,8.4,2016
17153,Illinois,Pulaski County,11.9,2020
17155,Illinois,Putnam County,4.8,2000
17155,Illinois,Putnam County,6.5,2004
17155,Illinois,Putnam County,7.1,2008
17155,Illinois,Putnam County,9.4,2012
17155,Illinois,Putnam County,5.6,2016
17155,Illinois,Putnam County,8.4,2020
17157,Illinois,Randolph County,4.8,2000
17157,Illinois,Randolph County,5.6,2004
17157,Illinois,Randolph County,6.7,2008
17157,Illinois,Randolph County,8.4,2012
17157,Illinois,Randolph County,5.0,2016
17157,Illinois,Randolph County,7.1,2020
17159,Illinois,Richland County,5.9,2000
17159,Illinois,Richland County,6.2,2004
17159,Illinois,Richland County,6.6,2008
17159,Illinois,Richland County,8.1,2012
17159,Illinois,Richland County,5.9,2016
17159,Illinois,Richland County,6.8,2020
17161,Illinois,Rock Island County,4.3,2000
17161,Illinois,Rock Island County,5.2,2004
17161,Illinois,Rock Island County,5.6,2008
17161,Illinois,Rock Island County,8.0,2012
17161,Illinois,Rock Island County,6.3,2016
17161,Illinois,Rock Island County,9.5,2020
17163,Illinois,St. Clair County,4.8,2000
17163,Illinois,St. Clair County,6.8,2004
17163,Illinois,St. Clair County,7.6,2008
17163,Illinois,St. Clair County,9.6,2012
17163,Illinois,St. Clair County,6.1,2016
17163,Illinois,St. Clair County,9.2,2020
17165,Illinois,Saline County,6.7,2000
17165,Illinois,Saline County,6.9,2004
17165,Illinois,Saline County,8.2,2008
17165,Illinois,Saline County,9.1,2012
17165,Illinois,Saline County,8.6,2016
17165,Illinois,Saline County,9.9,2020
17167,Illinois,Sangamon County,3.5,2000
17167,Illinois,Sangamon County,5.1,2004
17167,Illinois,Sangamon County,5.7,2008
17167,Illinois,Sangamon County,7.5,2012
17167,Illinois,Sangamon County,5.0,2016
17167,Illinois,Sangamon County,8.3,2020
17169,Illinois,Schuyler County,4.9,2000
17169,Illinois,Schuyler County,5.2,2004
17169,Illinois,Schuyler County,5.2,2008
17169,Illinois,Schuyler County,7.9,2012
17169,Illinois,Schuyler County,5.6,2016
17169,Illinois,Schuyler County,6.4,2020
17171,Illinois,Scott County,4.6,2000
17171,Illinois,Scott County,6.6,2004
17171,Illinois,Scott County,6.0,2008
17171,Illinois,Scott County,8.8,2012
17171,Illinois,Scott County,5.7,2016
17171,Illinois,Scott County,6.7,2020
17173,Illinois,Shelby County,4.7,2000
17173,Illinois,Shelby County,5.9,2004
17173,Illinois,Shelby County,6.6,2008
17173,Illinois,Shelby County,8.6,2012
17173,Illinois,Shelby County,5.7,2016
17173,Illinois,Shelby County,6.7,2020
17175,Illinois,Stark County,5.8,2000
17175,Illinois,Stark County,6.4,2004
17175,Illinois,Stark County,6.5,2008
17175,Illinois,Stark County,8.2,2012
17175,Illinois,Stark County,7.4,2016
17175,Illinois,Stark County,7.4,2020
17177,Illinois,Stephenson County,5.1,2000
17177,Illinois,Stephenson County,6.5,2004
17177,Illinois,Stephenson County,6.9,2008
17177,Illinois,Stephenson County,9.1,2012
17177,Illinois,Stephenson County,5.9,2016
17177,Illinois,Stephenson County,7.4,2020
17179,Illinois,Tazewell County,3.9,2000
17179,Illinois,Tazewell County,5.3,2004
17179,Illinois,Tazewell County,5.3,2008
17179,Illinois,Tazewell County,7.5,2012
17179,Illinois,Tazewell County,6.4,2016
17179,Illinois,Tazewell County,8.2,2020
17181,Illinois,Union County,6.2,2000
17181,Illinois,Union County,7.6,2004
17181,Illinois,Union County,8.7,2008
17181,Illinois,Union County,11.0,2012
17181,Illinois,Union County,7.4,2016
17181,Illinois,Union County,8.2,2020
17183,Illinois,Vermilion County,5.6,2000
17183,Illinois,Vermilion County,7.8,2004
17183,Illinois,Vermilion County,7.9,2008
17183,Illinois,Vermilion County,9.3,2012
17183,Illinois,Vermilion County,7.3,2016
17183,Illinois,Vermilion County,9.3,2020
17185,Illinois,Wabash County,5.0,2000
17185,Illinois,Wabash County,6.5,2004
17185,Illinois,Wabash County,7.4,2008
17185,Illinois,Wabash County,8.0,2012
17185,Illinois,Wabash County,6.3,2016
17185,Illinois,Wabash County,9.7,2020
17187,Illinois,Warren County,4.3,2000
17187,Illinois,Warren County,5.8,2004
17187,Illinois,Warren County,5.7,2008
17187,Illinois,Warren County,7.1,2012
17187,Illinois,Warren County,5.3,2016
17187,Illinois,Warren County,6.3,2020
17189,Illinois,Washington County,3.8,2000
17189,Illinois,Washington County,4.8,2004
17189,Illinois,Washington County,6.1,2008
17189,Illinois,Washington County,6.4,2012
17189,Illinois,Washington County,3.8,2016
17189,Illinois,Washington County,5.3,2020
17191,Illinois,Wayne County,5.7,2000
17191,Illinois,Wayne County,5.4,2004
17191,Illinois,Wayne County,6.4,2008
17191,Illinois,Wayne County,7.7,2012
17191,Illinois,Wayne County,8.5,2016
17191,Illinois,Wayne County,8.4,2020
17193,Illinois,White County,4.8,2000
17193,Illinois,White County,5.0,2004
17193,Illinois,White County,6.5,2008
17193,Illinois,White County,7.6,2012
17193,Illinois,White County,6.6,2016
17193,Illinois,White County,8.1,2020
17195,Illinois,Whiteside County,4.1,2000
17195,Illinois,Whiteside County,6.2,2004
17195,Illinois,Whiteside County,6.9,2008
17195,Illinois,Whiteside County,8.8,2012
17195,Illinois,Whiteside County,5.8,2016
17195,Illinois,Whiteside County,8.1,2020
17197,Illinois,Will County,4.1,2000
17197,Illinois,Will County,6.3,2004
17197,Illinois,Will County,6.3,2008
17197,Illinois,Will County,9.8,2012
17197,Illinois,Will County,6.1,2016
17197,Illinois,Will County,9.1,2020
17199,Illinois,Williamson County,5.8,2000
17199,Illinois,Williamson County,6.5,2004
17199,Illinois,Williamson County,7.1,2008
17199,Illinois,Williamson County,8.7,2012
17199,Illinois,Williamson County,6.1,2016
17199,Illinois,Williamson County,8.8,2020
17201,Illinois,Winnebago County,4.4,2000
17201,Illinois,Winnebago County,7.2,2004
17201,Illinois,Winnebago County,8.6,2008
17201,Illinois,Winnebago County,10.6,2012
17201,Illinois,Winnebago County,6.7,2016
17201,Illinois,Winnebago County,11.5,2020
17203,Illinois,Woodford County,3.3,2000
17203,Illinois,Woodford County,4.2,2004
17203,Illinois,Woodford County,4.3,2008
17203,Illinois,Woodford County,6.0,2012
17203,Illinois,Woodford County,5.5,2016
17203,Illinois,Woodford County,6.2,2020
18001,Indiana,Adams County,2.7,2000
18001,Indiana,Adams County,4.2,2004
18001,Indiana,Adams County,7.7,2008
18001,Indiana,Adams County,6.9,2012
18001,Indiana,Adams County,3.5,2016
18001,Indiana,Adams County,5.7,2020
18003,Indiana,Allen County,2.7,2000
18003,Indiana,Allen County,5.3,2004
18003,Indiana,Allen County,6.0,2008
18003,Indiana,Allen County,8.3,2012
18003,Indiana,Allen County,4.2,2016
18003,Indiana,Allen County,7.9,2020
18005,Indiana,Bartholomew County,2.6,2000
18005,Indiana,Bartholomew County,4.5,2004
18005,Indiana,Bartholomew County,4.6,2008
18005,Indiana,Bartholomew County,6.3,2012
18005,Indiana,Bartholomew County,3.3,2016
18005,Indiana,Bartholomew County,6.7,2020
18007,Indiana,Benton County,2.9,2000
18007,Indiana,Benton County,5.4,2004
18007,Indiana,Benton County,5.2,2008
18007,Indiana,Benton County,7.3,2012
18007,Indiana,Benton County,4.2,2016
18007,Indiana,Benton County,5.4,2020
18009,Indiana,Blackford County,4.3,2000
18009,Indiana,Blackford County,7.2,2004
18009,Indiana,Blackford County,7.6,2008
18009,Indiana,Blackford County,11.3,2012
18009,Indiana,Blackford County,5.3,2016
18009,Indiana,Blackford County,8.1,2020
18011,Indiana,Boone County,2.1,2000
18011,Indiana,Boone County,4.0,2004
18011,Indiana,Boone County,4.3,2008
18011,Indiana,Boone County,6.0,2012
18011,Indiana,Boone County,3.3,2016
18011,Indiana,Boone County,4.4,2020
18013,Indiana,Brown County,2.9,2000
18013,Indiana,Brown County,5.5,2004
18013,Indiana,Brown County,5.7,2008
18013,Indiana,Brown County,7.9,2012
18013,Indiana,Brown County,4.0,2016
18013,Indiana,Brown County,6.9,2020
18015,Indiana,Carroll County,2.8,2000
18015,Indiana,Carroll County,5.8,2004
18015,Indiana,Carroll County,5.9,2008
18015,Indiana,Carroll County,7.2,2012
18015,Indiana,Carroll County,4.2,2016
18015,Indiana,Carroll County,6.4,2020
18017,Indiana,Cass County,3.1,2000
18017,Indiana,Cass County,6.7,2004
18017,Indiana,Cass County,6.3,2008
18017,Indiana,Cass County,8.5,2012
18017,Indiana,Cass County,4.6,2016
18017,Indiana,Cass County,7.0,2020
18019,Indiana,Clark County,3.5,2000
18019,Indiana,Clark County,5.2,2004
18019,Indiana,Clark County,5.3,2008
18019,Indiana,Clark County,7.7,2012
18019,Indiana,Clark County,4.1,2016
18019,Indiana,Clark County,7.3,2020
18021,Indiana,Clay County,4.1,2000
18021,Indiana,Clay County,6.6,2004
18021,Indiana,Clay County,7.1,2008
18021,Indiana,Clay County,9.7,2012
18021,Indiana,Clay County,4.6,2016
18021,Indiana,Clay County,6.7,2020
18023,Indiana,Clinton County,2.9,2000
18023,Indiana,Clinton County,5.8,2004
18023,Indiana,Clinton County,5.5,2008
18023,Indiana,Clinton County,7.9,2012
18023,Indiana,Clinton County,3.8,2016
18023,Indiana,Clinton County,5.8,2020
18025,Indiana,Crawford County,4.8,2000
18025,Indiana,Crawford County,7.1,2004
18025,Indiana,Crawford County,7.5,2008
18025,Indiana,Crawford County,10.5,2012
18025,Indiana,Crawford County,5.6,2016
18025,Indiana,Crawford County,7.3,2020
18027,Indiana,Daviess County,3.0,2000
18027,Indiana,Daviess County,4.0,2004
18027,Indiana,Daviess County,3.8,2008
18027,Indiana,Daviess County,5.9,2012
18027,Indiana,Daviess County,3.5,2016
18027,Indiana,Daviess County,3.9,2020
18029,Indiana,Dearborn County,3.3,2000
18029,Indiana,Dearborn County,5.4,2004
18029,Indiana,Dearborn County,5.9,2008
18029,Indiana,Dearborn County,8.8,2012
18029,Indiana,Dearborn County,4.6,2016
18029,Indiana,Dearborn County,7.1,2020
18031,Indiana,Decatur County,2.2,2000
18031,Indiana,Decatur County,5.5,2004
18031,Indiana,Decatur County,6.3,2008
18031,Indiana,Decatur County,8.0,2012
18031,Indiana,Decatur County,3.5,2016
18031,Indiana,Decatur County,7.6,2020
18033,Indiana,Dekalb County,3.0,2000
18033,Indiana,Dekalb County,5.7,2004
18033,Indiana,Dekalb County,7.3,2008
18033,Indiana,Dekalb County,8.2,2012
18033,Indiana,Dekalb County,3.9,2016
18033,Indiana,Dekalb County,7.0,2020
18035,Indiana,Delaware County,3.4,2000
18035,Indiana,Delaware County,6.3,2004
18035,Indiana,Delaware County,6.7,2008
18035,Indiana,Delaware County,9.2,2012
18035,Indiana,Delaware County,5.1,2016
18035,Indiana,Delaware County,7.5,2020
18037,Indiana,Dubois County,2.2,2000
18037,Indiana,Dubois County,3.9,2004
18037,Indiana,Dubois County,3.9,2008
18037,Indiana,Dubois County,5.6,2012
18037,Indiana,Dubois County,3.1,2016
18037,Indiana,Dubois County,4.6,2020
18039,Indiana,Elkhart County,2.6,2000
18039,Indiana,Elkhart County,4.3,2004
18039,Indiana,Elkhart County,8.6,2008
18039,Indiana,Elkhart County,8.8,2012
18039,Indiana,Elkhart County,3.4,2016
18039,Indiana,Elkhart County,7.7,2020
18041,Indiana,Fayette County,4.3,2000
18041,Indiana,Fayette County,8.1,2004
18041,Indiana,Fayette County,11.4,2008
18041,Indiana,Fayette County,11.0,2012
18041,Indiana,Fayette County,5.7,2016
18041,Indiana,Fayette County,9.9,2020
18043,Indiana,Floyd County,3.4,2000
18043,Indiana,Floyd County,5.0,2004
18043,Indiana,Floyd County,5.1,2008
18043,Indiana,Floyd County,7.0,2012
18043,Indiana,Floyd County,4.0,2016
18043,Indiana,Floyd County,6.6,2020
18045,Indiana,Fountain County,3.1,2000
18045,Indiana,Fountain County,5.7,2004
18045,Indiana,Fountain County,5.3,2008
18045,Indiana,Fountain County,8.3,2012
18045,Indiana,Fountain County,5.7,2016
18045,Indiana,Fountain County,6.7,2020
18047,Indiana,Franklin County,3.5,2000
18047,Indiana,Franklin County,5.7,2004
18047,Indiana,Franklin County,6.6,2008
18047,Indiana,Franklin County,9.4,2012
18047,Indiana,Franklin County,4.3,2016
18047,Indiana,Franklin County,6.0,2020
18049,Indiana,Fulton County,4.0,2000
18049,Indiana,Fulton County,5.8,2004
18049,Indiana,Fulton County,6.6,2008
18049,Indiana,Fulton County,8.2,2012
18049,Indiana,Fulton County,4.6,2016
18049,Indiana,Fulton County,6.7,2020
18051,Indiana,Gibson County,3.3,2000
18051,Indiana,Gibson County,4.8,2004
18051,Indiana,Gibson County,5.2,2008
18051,Indiana,Gibson County,6.7,2012
18051,Indiana,Gibson County,3.6,2016
18051,Indiana,Gibson County,6.3,2020
18053,Indiana,Grant County,3.9,2000
18053,Indiana,Grant County,8.6,2004
18053,Indiana,Grant County,7.6,2008
18053,Indiana,Grant County,9.6,2012
18053,Indiana,Grant County,4.9,2016
18053,Indiana,Grant County,6.5,2020
18055,Indiana,Greene County,4.7,2000
18055,Indiana,Greene County,6.1,2004
18055,Indiana,Greene County,6.2,2008
18055,Indiana,Greene County,10.3,2012
18055,Indiana,Greene County,6.5,2016
18055,Indiana,Greene County,6.3,2020
18057,Indiana,Hamilton County,1.9,2000
18057,Indiana,Hamilton County,3.4,2004
18057,Indiana,Hamilton County,3.8,2008
18057,Indiana,Hamilton County,5.2,2012
18057,Indiana,Hamilton County,3.2,2016
18057,Indiana,Hamilton County,4.8,2020
18059,Indiana,Hancock County,2.2,2000
18059,Indiana,Hancock County,4.0,2004
18059,Indiana,Hancock County,4.8,2008
18059,Indiana,Hancock County,7.2,2012
18059,Indiana,Hancock County,3.7,2016
18059,Indiana,Hancock County,5.7,2020
18061,Indiana,Harrison County,3.3,2000
18061,Indiana,Harrison County,5.5,2004
18061,Indiana,Harrison County,5.9,2008
18061,Indiana,Harrison County,7.6,2012
18061,Indiana,Harrison County,4.1,2016
18061,Indiana,Harrison County,6.4,2020
18063,Indiana,Hendricks County,2.0,2000
18063,Indiana,Hendricks County,3.9,2004
18063,Indiana,Hendricks County,4.3,2008
18063,Indiana,Hendricks County,6.2,2012
18063,Indiana,Hendricks County,3.4,2016
18063,Indiana,Hendricks County,5.1,2020
18065,Indiana,Henry County,3.9,2000
18065,Indiana,Henry County,7.2,2004
18065,Indiana,Henry County,7.0,2008
18065,Indiana,Henry County,9.9,2012
18065,Indiana,Henry County,4.6,2016
18065,Indiana,Henry County,6.7,2020
18067,Indiana,Howard County,3.2,2000
18067,Indiana,Howard County,6.8,2004
18067,Indiana,Howard County,7.8,2008
18067,Indiana,Howard County,8.9,2012
18067,Indiana,Howard County,4.6,2016
18067,Indiana,Howard County,11.1,2020
18069,Indiana,Huntington County,3.1,2000
18069,Indiana,Huntington County,5.6,2004
18069,Indiana,Huntington County,6.7,2008
18069,Indiana,Huntington County,8.7,2012
18069,Indiana,Huntington County,4.0,2016
18069,Indiana,Huntington County,6.7,2020
18071,Indiana,Jackson County,2.7,2000
18071,Indiana,Jackson County,4.7,2004
18071,Indiana,Jackson County,5.3,2008
18071,Indiana,Jackson County,7.4,2012
18071,Indiana,Jackson County,3.6,2016
18071,Indiana,Jackson County,7.3,2020
18073,Indiana,Jasper County,3.4,2000
18073,Indiana,Jasper County,5.8,2004
18073,Indiana,Jasper County,5.8,2008
18073,Indiana,Jasper County,8.0,2012
18073,Indiana,Jasper County,5.3,2016
18073,Indiana,Jasper County,7.2,2020
18075,Indiana,Jay County,3.3,2000
18075,Indiana,Jay County,5.8,2004
18075,Indiana,Jay County,5.8,2008
18075,Indiana,Jay County,7.8,2012
18075,Indiana,Jay County,4.5,2016
18075,Indiana,Jay County,6.7,2020
18077,Indiana,Jefferson County,3.3,2000
18077,Indiana,Jefferson County,4.8,2004
18077,Indiana,Jefferson County,6.1,2008
18077,Indiana,Jefferson County,8.4,2012
18077,Indiana,Jefferson County,4.6,2016
18077,Indiana,Jefferson County,7.6,2020
18079,Indiana,Jennings County,2.8,2000
18079,Indiana,Jennings County,6.0,2004
18079,Indiana,Jennings County,7.2,2008
18079,Indiana,Jennings County,10.2,2012
18079,Indiana,Jennings County,4.7,2016
18079,Indiana,Jennings County,7.8,2020
18081,Indiana,Johnson County,2.1,2000
18081,Indiana,Johnson County,4.3,2004
18081,Indiana,Johnson County,4.7,2008
18081,Indiana,Johnson County,6.9,2012
18081,Indiana,Johnson County,3.6,2016
18081,Indiana,Johnson County,5.7,2020
18083,Indiana,Knox County,3.7,2000
18083,Indiana,Knox County,4.8,2004
18083,Indiana,Knox County,5.0,2008
18083,Indiana,Knox County,7.0,2012
18083,Indiana,Knox County,4.3,2016
18083,Indiana,Knox County,6.1,2020
18085,Indiana,Kosciusko County,2.5,2000
18085,Indiana,Kosciusko County,4.2,2004
18085,Indiana,Kosciusko County,6.5,2008
18085,Indiana,Kosciusko County,7.6,2012
18085,Indiana,Kosciusko County,3.7,2016
18085,Indiana,Kosciusko County,6.3,2020
18087,Indiana,Lagrange County,2.4,2000
18087,Indiana,Lagrange County,4.4,2004
18087,Indiana,Lagrange County,8.6,2008
18087,Indiana,Lagrange County,7.0,2012
18087,Indiana,Lagrange County,3.4,2016
18087,Indiana,Lagrange County,6.5,2020
18089,Indiana,Lake County,3.8,2000
18089,Indiana,Lake County,6.4,2004
18089,Indiana,Lake County,6.2,2008
18089,Indiana,Lake County,9.0,2012
18089,Indiana,Lake County,6.2,2016
18089,Indiana,Lake County,10.5,2020
18091,Indiana,Laporte County,3.5,2000
18091,Indiana,Laporte County,6.3,2004
18091,Indiana,Laporte County,6.2,2008
18091,Indiana,Laporte County,9.6,2012
18091,Indiana,Laporte County,5.8,2016
18091,Indiana,Laporte County,9.8,2020
18093,Indiana,Lawrence County,4.0,2000
18093,Indiana,Lawrence County,7.2,2004
18093,Indiana,Lawrence County,8.3,2008
18093,Indiana,Lawrence County,10.8,2012
18093,Indiana,Lawrence County,5.6,2016
18093,Indiana,Lawrence County,7.1,2020
18095,Indiana,Madison County,3.1,2000
18095,Indiana,Madison County,6.1,2004
18095,Indiana,Madison County,7.0,2008
18095,Indiana,Madison County,9.8,2012
18095,Indiana,Madison County,5.0,2016
18095,Indiana,Madison County,8.1,2020
18097,Indiana,Marion County,2.8,2000
18097,Indiana,Marion County,5.5,2004
18097,Indiana,Marion County,5.6,2008
18097,Indiana,Marion County,9.1,2012
18097,Indiana,Marion County,4.4,2016
18097,Indiana,Marion County,8.1,2020
18099,Indiana,Marshall County,3.1,2000
18099,Indiana,Marshall County,5.3,2004
18099,Indiana,Marshall County,7.3,2008
18099,Indiana,Marshall County,8.1,2012
18099,Indiana,Marshall County,3.7,2016
18099,Indiana,Marshall County,6.6,2020
18101,Indiana,Martin County,3.4,2000
18101,Indiana,Martin County,5.4,2004
18101,Indiana,Martin County,4.9,2008
18101,Indiana,Martin County,7.0,2012
18101,Indiana,Martin County,4.0,2016
18101,Indiana,Martin County,4.4,2020
18103,Indiana,Miami County,3.4,2000
18103,Indiana,Miami County,6.8,2004
18103,Indiana,Miami County,7.9,2008
18103,Indiana,Miami County,9.6,2012
18103,Indiana,Miami County,4.7,2016
18103,Indiana,Miami County,8.3,2020
18105,Indiana,Monroe County,2.7,2000
18105,Indiana,Monroe County,4.5,2004
18105,Indiana,Monroe County,4.5,2008
18105,Indiana,Monroe County,7.2,2012
18105,Indiana,Monroe County,4.6,2016
18105,Indiana,Monroe County,5.7,2020
18107,Indiana,Montgomery County,2.6,2000
18107,Indiana,Montgomery County,4.4,2004
18107,Indiana,Montgomery County,4.9,2008
18107,Indiana,Montgomery County,8.1,2012
18107,Indiana,Montgomery County,3.8,2016
18107,Indiana,Montgomery County,5.3,2020
18109,Indiana,Morgan County,2.4,2000
18109,Indiana,Morgan County,4.7,2004
18109,Indiana,Morgan County,5.8,2008
18109,Indiana,Morgan County,8.3,2012
18109,Indiana,Morgan County,4.2,2016
18109,Indiana,Morgan County,5.6,2020
18111,Indiana,Newton County,3.0,2000
18111,Indiana,Newton County,5.2,2004
18111,Indiana,Newton County,6.3,2008
18111,Indiana,Newton County,9.4,2012
18111,Indiana,Newton County,5.5,2016
18111,Indiana,Newton County,7.0,2020
18113,Indiana,Noble County,2.9,2000
18113,Indiana,Noble County,5.9,2004
18113,Indiana,Noble County,8.5,2008
18113,Indiana,Noble County,8.5,2012
18113,Indiana,Noble County,4.0,2016
18113,Indiana,Noble County,8.5,2020
18115,Indiana,Ohio County,3.4,2000
18115,Indiana,Ohio County,5.6,2004
18115,Indiana,Ohio County,6.2,2008
18115,Indiana,Ohio County,8.7,2012
18115,Indiana,Ohio County,4.8,2016
18115,Indiana,Ohio County,7.5,2020
18117,Indiana,Orange County,4.4,2000
18117,Indiana,Orange County,7.6,2004
18117,Indiana,Orange County,6.4,2008
18117,Indiana,Orange County,10.6,2012
18117,Indiana,Orange County,5.0,2016
18117,Indiana,Orange County,11.3,2020
18119,Indiana,Owen County,3.0,2000
18119,Indiana,Owen County,5.4,2004
18119,Indiana,Owen County,6.4,2008
18119,Indiana,Owen County,10.7,2012
18119,Indiana,Owen County,5.5,2016
18119,Indiana,Owen County,6.5,2020
18121,Indiana,Parke County,3.5,2000
18121,Indiana,Parke County,6.3,2004
18121,Indiana,Parke County,6.0,2008
18121,Indiana,Parke County,10.1,2012
18121,Indiana,Parke County,5.1,2016
18121,Indiana,Parke County,5.6,2020
18123,Indiana,Perry County,4.7,2000
18123,Indiana,Perry County,5.6,2004
18123,Indiana,Perry County,5.2,2008
18123,Indiana,Perry County,8.3,2012
18123,Indiana,Perry County,4.5,2016
18123,Indiana,Perry County,6.7,2020
18125,Indiana,Pike County,3.5,2000
18125,Indiana,Pike County,5.5,2004
18125,Indiana,Pike County,5.6,2008
18125,Indiana,Pike County,7.3,2012
18125,Indiana,Pike County,4.3,2016
18125,Indiana,Pike County,5.9,2020
18127,Indiana,Porter County,2.8,2000
18127,Indiana,Porter County,4.9,2004
18127,Indiana,Porter County,4.8,2008
18127,Indiana,Porter County,7.5,2012
18127,Indiana,Porter County,5.1,2016
18127,Indiana,Porter County,8.2,2020
18129,Indiana,Posey County,3.0,2000
18129,Indiana,Posey County,4.6,2004
18129,Indiana,Posey County,4.9,2008
18129,Indiana,Posey County,6.7,2012
18129,Indiana,Posey County,3.9,2016
18129,Indiana,Posey County,5.0,2020
18131,Indiana,Pulaski County,4.4,2000
18131,Indiana,Pulaski County,5.3,2004
18131,Indiana,Pulaski County,5.6,2008
18131,Indiana,Pulaski County,7.3,2012
18131,Indiana,Pulaski County,4.4,2016
18131,Indiana,Pulaski County,6.2,2020
18133,Indiana,Putnam County,2.9,2000
18133,Indiana,Putnam County,5.7,2004
18133,Indiana,Putnam County,6.7,2008
18133,Indiana,Putnam County,9.8,2012
18133,Indiana,Putnam County,4.4,2016
18133,Indiana,Putnam County,6.4,2020
18135,Indiana,Randolph County,3.8,2000
18135,Indiana,Randolph County,7.1,2004
18135,Indiana,Randolph County,6.9,2008
18135,Indiana,Randolph County,9.4,2012
18135,Indiana,Randolph County,4.4,2016
18135,Indiana,Randolph County,6.7,2020
18137,Indiana,Ripley County,2.6,2000
18137,Indiana,Ripley County,5.2,2004
18137,Indiana,Ripley County,6.0,2008
18137,Indiana,Ripley County,8.8,2012
18137,Indiana,Ripley County,4.5,2016
18137,Indiana,Ripley County,6.5,2020
18139,Indiana,Rush County,2.6,2000
18139,Indiana,Rush County,4.9,2004
18139,Indiana,Rush County,6.2,2008
18139,Indiana,Rush County,8.4,2012
18139,Indiana,Rush County,3.7,2016
18139,Indiana,Rush County,6.4,2020
18141,Indiana,St. Joseph County,3.2,2000
18141,Indiana,St. Joseph County,5.2,2004
18141,Indiana,St. Joseph County,6.6,2008
18141,Indiana,St. Joseph County,9.3,2012
18141,Indiana,St. Joseph County,4.5,2016
18141,Indiana,St. Joseph County,8.6,2020
18143,Indiana,Scott County,3.3,2000
18143,Indiana,Scott County,5.8,2004
18143,Indiana,Scott County,6.5,2008
18143,Indiana,Scott County,10.2,2012
18143,Indiana,Scott County,4.8,2016
18143,Indiana,Scott County,8.6,2020
18145,Indiana,Shelby County,2.6,2000
18145,Indiana,Shelby County,5.0,2004
18145,Indiana,Shelby County,5.9,2008
18145,Indiana,Shelby County,8.2,2012
18145,Indiana,Shelby County,3.9,2016
18145,Indiana,Shelby County,7.4,2020
18147,Indiana,Spencer County,3.5,2000
18147,Indiana,Spencer County,5.4,2004
18147,Indiana,Spencer County,5.1,2008
18147,Indiana,Spencer County,7.1,2012
18147,Indiana,Spencer County,4.0,2016
18147,Indiana,Spencer County,5.7,2020
18149,Indiana,Starke County,4.8,2000
18149,Indiana,Starke County,7.1,2004
18149,Indiana,Starke County,7.8,2008
18149,Indiana,Starke County,10.5,2012
18149,Indiana,Starke County,5.3,2016
18149,Indiana,Starke County,8.2,2020
18151,Indiana,Steuben County,3.0,2000
18151,Indiana,Steuben County,5.9,2004
18151,Indiana,Steuben County,7.5,2008
18151,Indiana,Steuben County,7.2,2012
18151,Indiana,Steuben County,3.6,2016
18151,Indiana,Steuben County,6.4,2020
18153,Indiana,Sullivan County,5.2,2000
18153,Indiana,Sullivan County,7.5,2004
18153,Indiana,Sullivan County,6.7,2008
18153,Indiana,Sullivan County,9.2,2012
18153,Indiana,Sullivan County,5.8,2016
18153,Indiana,Sullivan County,7.1,2020
18155,Indiana,Switzerland County,4.8,2000
18155,Indiana,Switzerland County,4.7,2004
18155,Indiana,Switzerland County,5.0,2008
18155,Indiana,Switzerland County,7.6,2012
18155,Indiana,Switzerland County,4.8,2016
18155,Indiana,Switzerland County,8.2,2020
18157,Indiana,Tippecanoe County,2.6,2000
18157,Indiana,Tippecanoe County,4.8,2004
18157,Indiana,Tippecanoe County,4.7,2008
18157,Indiana,Tippecanoe County,6.9,2012
18157,Indiana,Tippecanoe County,4.0,2016
18157,Indiana,Tippecanoe County,6.6,2020
18159,Indiana,Tipton County,2.7,2000
18159,Indiana,Tipton County,5.3,2004
18159,Indiana,Tipton County,7.2,2008
18159,Indiana,Tipton County,7.7,2012
18159,Indiana,Tipton County,3.8,2016
18159,Indiana,Tipton County,6.3,2020
18161,Indiana,Union County,3.1,2000
18161,Indiana,Union County,5.6,2004
18161,Indiana,Union County,6.2,2008
18161,Indiana,Union County,7.9,2012
18161,Indiana,Union County,4.0,2016
18161,Indiana,Union County,5.6,2020
18163,Indiana,Vanderburgh County,3.2,2000
18163,Indiana,Vanderburgh County,5.0,2004
18163,Indiana,Vanderburgh County,5.2,2008
18163,Indiana,Vanderburgh County,7.5,2012
18163,Indiana,Vanderburgh County,4.1,2016
18163,Indiana,Vanderburgh County,7.3,2020
18165,Indiana,Vermillion County,4.6,2000
18165,Indiana,Vermillion County,8.3,2004
18165,Indiana,Vermillion County,7.3,2008
18165,Indiana,Vermillion County,11.2,2012
18165,Indiana,Vermillion County,6.5,2016
18165,Indiana,Vermillion County,7.7,2020
18167,Indiana,Vigo County,4.0,2000
18167,Indiana,Vigo County,7.3,2004
18167,Indiana,Vigo County,6.4,2008
18167,Indiana,Vigo County,9.8,2012
18167,Indiana,Vigo County,5.3,2016
18167,Indiana,Vigo County,8.0,2020
18169,Indiana,Wabash County,3.0,2000
18169,Indiana,Wabash County,6.4,2004
18169,Indiana,Wabash County,7.5,2008
18169,Indiana,Wabash County,8.4,2012
18169,Indiana,Wabash County,4.2,2016
18169,Indiana,Wabash County,6.2,2020
18171,Indiana,Warren County,2.7,2000
18171,Indiana,Warren County,4.6,2004
18171,Indiana,Warren County,4.1,2008
18171,Indiana,Warren County,7.3,2012
18171,Indiana,Warren County,4.8,2016
18171,Indiana,Warren County,5.6,2020
18173,Indiana,Warrick County,3.3,2000
18173,Indiana,Warrick County,4.5,2004
18173,Indiana,Warrick County,4.6,2008
18173,Indiana,Warrick County,6.7,2012
18173,Indiana,Warrick County,4.0,2016
18173,Indiana,Warrick County,5.5,2020
18175,Indiana,Washington County,3.8,2000
18175,Indiana,Washington County,6.5,2004
18175,Indiana,Washington County,6.7,2008
18175,Indiana,Washington County,9.3,2012
18175,Indiana,Washington County,4.5,2016
18175,Indiana,Washington County,7.1,2020
18177,Indiana,Wayne County,3.6,2000
18177,Indiana,Wayne County,7.2,2004
18177,Indiana,Wayne County,7.1,2008
18177,Indiana,Wayne County,9.8,2012
18177,Indiana,Wayne County,4.7,2016
18177,Indiana,Wayne County,6.9,2020
18179,Indiana,Wells County,2.4,2000
18179,Indiana,Wells County,5.1,2004
18179,Indiana,Wells County,5.6,2008
18179,Indiana,Wells County,7.1,2012
18179,Indiana,Wells County,3.5,2016
18179,Indiana,Wells County,5.9,2020
18181,Indiana,White County,3.0,2000
18181,Indiana,White County,6.7,2004
18181,Indiana,White County,5.8,2008
18181,Indiana,White County,7.7,2012
18181,Indiana,White County,3.9,2016
18181,Indiana,White County,5.2,2020
18183,Indiana,Whitley County,2.5,2000
18183,Indiana,Whitley County,5.8,2004
18183,Indiana,Whitley County,6.4,2008
18183,Indiana,Whitley County,7.8,2012
18183,Indiana,Whitley County,3.8,2016
18183,Indiana,Whitley County,6.1,2020
19001,Iowa,Adair County,2.7,2000
19001,Iowa,Adair County,4.2,2004
19001,Iowa,Adair County,4.0,2008
19001,Iowa,Adair County,4.4,2012
19001,Iowa,Adair County,2.9,2016
19001,Iowa,Adair County,3.9,2020
19003,Iowa,Adams County,3.9,2000
19003,Iowa,Adams County,5.0,2004
19003,Iowa,Adams County,4.2,2008
19003,Iowa,Adams County,4.0,2012
19003,Iowa,Adams County,2.6,2016
19003,Iowa,Adams County,3.7,2020
19005,Iowa,Allamakee County,3.4,2000
19005,Iowa,Allamakee County,5.9,2004
19005,Iowa,Allamakee County,6.4,2008
19005,Iowa,Allamakee County,6.5,2012
19005,Iowa,Allamakee County,4.9,2016
19005,Iowa,Allamakee County,5.0,2020
19007,Iowa,Appanoose County,4.4,2000
19007,Iowa,Appanoose County,5.5,2004
19007,Iowa,Appanoose County,5.4,2008
19007,Iowa,Appanoose County,6.6,2012
19007,Iowa,Appanoose County,4.7,2016
19007,Iowa,Appanoose County,5.2,2020
19009,Iowa,Audubon County,3.0,2000
19009,Iowa,Audubon County,4.2,2004
19009,Iowa,Audubon County,4.5,2008
19009,Iowa,Audubon County,4.8,2012
19009,Iowa,Audubon County,3.3,2016
19009,Iowa,Audubon County,3.4,2020
19011,Iowa,Benton County,2.3,2000
19011,Iowa,Benton County,4.6,2004
19011,Iowa,Benton County,4.1,2008
19011,Iowa,Benton County,5.3,2012
19011,Iowa,Benton County,3.6,2016
19011,Iowa,Benton County,5.0,2020
19013,Iowa,Black Hawk County,2.8,2000
19013,Iowa,Black Hawk County,4.6,2004
19013,Iowa,Black Hawk County,4.1,2008
19013,Iowa,Black Hawk County,5.5,2012
19013,Iowa,Black Hawk County,4.6,2016
19013,Iowa,Black Hawk County,6.1,2020
19015,Iowa,Boone County,2.2,2000
19015,Iowa,Boone County,3.5,2004
19015,Iowa,Boone County,3.6,2008
19015,Iowa,Boone County,4.3,2012
19015,Iowa,Boone County,2.8,2016
19015,Iowa,Boone County,4.0,2020
19017,Iowa,Bremer County,2.5,2000
19017,Iowa,Bremer County,3.8,2004
19017,Iowa,Bremer County,3.5,2008
19017,Iowa,Bremer County,3.9,2012
19017,Iowa,Bremer County,3.5,2016
19017,Iowa,Bremer County,3.8,2020
19019,Iowa,Buchanan County,2.9,2000
19019,Iowa,Buchanan County,4.6,2004
19019,Iowa,Buchanan County,4.0,2008
19019,Iowa,Buchanan County,4.8,2012
19019,Iowa,Buchanan County,4.1,2016
19019,Iowa,Buchanan County,4.5,2020
19021,Iowa,Buena Vista County,2.4,2000
19021,Iowa,Buena Vista County,4.0,2004
19021,Iowa,Buena Vista County,3.6,2008
19021,Iowa,Buena Vista County,4.2,2012
19021,Iowa,Buena Vista County,3.5,2016
19021,Iowa,Buena Vista County,3.6,2020
19023,Iowa,Butler County,3.3,2000
19023,Iowa,Butler County,4.6,2004
19023,Iowa,Butler County,4.6,2008
19023,Iowa,Butler County,4.5,2012
19023,Iowa,Butler County,4.3,2016
19023,Iowa,Butler County,4.6,2020
19025,Iowa,Calhoun County,2.8,2000
19025,Iowa,Calhoun County,4.2,2004
19025,Iowa,Calhoun County,3.5,2008
19025,Iowa,Calhoun County,5.5,2012
19025,Iowa,Calhoun County,3.7,2016
19025,Iowa,Calhoun County,4.0,2020
19027,Iowa,Carroll County,2.3,2000
19027,Iowa,Carroll County,2.9,2004
19027,Iowa,Carroll County,2.8,2008
19027,Iowa,Carroll County,3.8,2012
19027,Iowa,Carroll County,2.5,2016
19027,Iowa,Carroll County,3.9,2020
19029,Iowa,Cass County,3.6,2000
19029,Iowa,Cass County,4.9,2004
19029,Iowa,Cass County,4.6,2008
19029,Iowa,Cass County,5.2,2012
19029,Iowa,Cass County,3.2,2016
19029,Iowa,Cass County,3.8,2020
19031,Iowa,Cedar County,2.3,2000
19031,Iowa,Cedar County,4.0,2004
19031,Iowa,Cedar County,3.6,2008
19031,Iowa,Cedar County,4.6,2012
19031,Iowa,Cedar County,3.3,2016
19031,Iowa,Cedar County,4.3,2020
19033,Iowa,Cerro Gordo County,3.0,2000
19033,Iowa,Cerro Gordo County,4.4,2004
19033,Iowa,Cerro Gordo County,4.7,2008
19033,Iowa,Cerro Gordo County,5.6,2012
19033,Iowa,Cerro Gordo County,3.6,2016
19033,Iowa,Cerro Gordo County,5.1,2020
19035,Iowa,Cherokee County,2.4,2000
19035,Iowa,Cherokee County,4.4,2004
19035,Iowa,Cherokee County,3.5,2008
19035,Iowa,Cherokee County,4.4,2012
19035,Iowa,Cherokee County,3.6,2016
19035,Iowa,Cherokee County,3.7,2020
19037,Iowa,Chickasaw County,6.5,2000
19037,Iowa,Chickasaw County,6.0,2004
19037,Iowa,Chickasaw County,4.9,2008
19037,Iowa,Chickasaw County,5.2,2012
19037,Iowa,Chickasaw County,4.4,2016
19037,Iowa,Chickasaw County,4.6,2020
19039,Iowa,Clarke County,3.2,2000
19039,Iowa,Clarke County,6.4,2004
19039,Iowa,Clarke County,4.6,2008
19039,Iowa,Clarke County,6.0,2012
19039,Iowa,Clarke County,3.3,2016
19039,Iowa,Clarke County,5.3,2020
19041,Iowa,Clay County,2.5,2000
19041,Iowa,Clay County,4.0,2004
19041,Iowa,Clay County,3.4,2008
19041,Iowa,Clay County,5.1,2012
19041,Iowa,Clay County,3.8,2016
19041,Iowa,Clay County,4.4,2020
19043,Iowa,Clayton County,3.5,2000
19043,Iowa,Clayton County,6.9,2004
19043,Iowa,Clayton County,5.4,2008
19043,Iowa,Clayton County,5.7,2012
19043,Iowa,Clayton County,4.2,2016
19043,Iowa,Clayton County,5.6,2020
19045,Iowa,Clinton County,3.5,2000
19045,Iowa,Clinton County,5.2,2004
19045,Iowa,Clinton County,4.2,2008
19045,Iowa,Clinton County,6.2,2012
19045,Iowa,Clinton County,4.9,2016
19045,Iowa,Clinton County,6.6,2020
19047,Iowa,Crawford County,2.5,2000
19047,Iowa,Crawford County,3.7,2004
19047,Iowa,Crawford County,3.3,2008
19047,Iowa,Crawford County,4.5,2012
19047,Iowa,Crawford County,5.4,2016
19047,Iowa,Crawford County,5.1,2020
19049,Iowa,Dallas County,1.9,2000
19049,Iowa,Dallas County,3.4,2004
19049,Iowa,Dallas County,3.2,2008
19049,Iowa,Dallas County,3.9,2012
19049,Iowa,Dallas County,2.6,2016
19049,Iowa,Dallas County,3.5,2020
19051,Iowa,Davis County,3.3,2000
19051,Iowa,Davis County,5.0,2004
19051,Iowa,Davis County,5.0,2008
19051,Iowa,Davis County,5.8,2012
19051,Iowa,Davis County,4.2,2016
19051,Iowa,Davis County,3.9,2020
19053,Iowa,Decatur County,3.4,2000
19053,Iowa,Decatur County,5.2,2004
19053,Iowa,Decatur County,3.8,2008
19053,Iowa,Decatur County,4.5,2012
19053,Iowa,Decatur County,3.2,2016
19053,Iowa,Decatur County,3.8,2020
19055,Iowa,Delaware County,2.9,2000
19055,Iowa,Delaware County,4.7,2004
19055,Iowa,Delaware County,3.9,2008
19055,Iowa,Delaware County,4.5,2012
19055,Iowa,Delaware County,3.4,2016
19055,Iowa,Delaware County,3.9,2020
19057,Iowa,Des Moines County,3.6,2000
19057,Iowa,Des Moines County,5.9,2004
19057,Iowa,Des Moines County,5.8,2008
19057,Iowa,Des Moines County,6.2,2012
19057,Iowa,Des Moines County,4.9,2016
19057,Iowa,Des Moines County,7.3,2020
19059,Iowa,Dickinson County,2.8,2000
19059,Iowa,Dickinson County,4.0,2004
19059,Iowa,Dickinson County,4.4,2008
19059,Iowa,Dickinson County,5.7,2012
19059,Iowa,Dickinson County,4.3,2016
19059,Iowa,Dickinson County,5.0,2020
19061,Iowa,Dubuque County,3.3,2000
19061,Iowa,Dubuque County,4.4,2004
19061,Iowa,Dubuque County,4.3,2008
19061,Iowa,Dubuque County,4.5,2012
19061,Iowa,Dubuque County,3.5,2016
19061,Iowa,Dubuque County,5.7,2020
19063,Iowa,Emmet County,2.9,2000
19063,Iowa,Emmet County,4.5,2004
19063,Iowa,Emmet County,3.9,2008
19063,Iowa,Emmet County,4.5,2012
19063,Iowa,Emmet County,4.2,2016
19063,Iowa,Emmet County,4.9,2020
19065,Iowa,Fayette County,3.8,2000
19065,Iowa,Fayette County,5.3,2004
19065,Iowa,Fayette County,5.3,2008
19065,Iowa,Fayette County,5.4,2012
19065,Iowa,Fayette County,4.4,2016
19065,Iowa,Fayette County,5.4,2020
19067,Iowa,Floyd County,3.8,2000
19067,Iowa,Floyd County,4.9,2004
19067,Iowa,Floyd County,5.8,2008
19067,Iowa,Floyd County,6.3,2012
19067,Iowa,Floyd County,3.6,2016
19067,Iowa,Floyd County,5.9,2020
19069,Iowa,Franklin County,2.8,2000
19069,Iowa,Franklin County,4.7,2004
19069,Iowa,Franklin County,4.4,2008
19069,Iowa,Franklin County,4.5,2012
19069,Iowa,Franklin County,3.4,2016
19069,Iowa,Franklin County,3.7,2020
19071,Iowa,Fremont County,2.4,2000
19071,Iowa,Fremont County,4.0,2004
19071,Iowa,Fremont County,4.5,2008
19071,Iowa,Fremont County,5.1,2012
19071,Iowa,Fremont County,3.3,2016
19071,Iowa,Fremont County,3.0,2020
19073,Iowa,Greene County,3.3,2000
19073,Iowa,Greene County,4.2,2004
19073,Iowa,Greene County,3.9,2008
19073,Iowa,Greene County,5.0,2012
19073,Iowa,Greene County,3.1,2016
19073,Iowa,Greene County,4.2,2020
19075,Iowa,Grundy County,2.3,2000
19075,Iowa,Grundy County,3.6,2004
19075,Iowa,Grundy County,3.6,2008
19075,Iowa,Grundy County,4.6,2012
19075,Iowa,Grundy County,3.4,2016
19075,Iowa,Grundy County,4.3,2020
19077,Iowa,Guthrie County,2.7,2000
19077,Iowa,Guthrie County,4.2,2004
19077,Iowa,Guthrie County,4.3,2008
19077,Iowa,Guthrie County,5.6,2012
19077,Iowa,Guthrie County,3.6,2016
19077,Iowa,Guthrie County,4.9,2020
19079,Iowa,Hamilton County,2.5,2000
19079,Iowa,Hamilton County,4.2,2004
19079,Iowa,Hamilton County,3.8,2008
19079,Iowa,Hamilton County,6.9,2012
19079,Iowa,Hamilton County,3.7,2016
19079,Iowa,Hamilton County,4.3,2020
19081,Iowa,Hancock County,2.2,2000
19081,Iowa,Hancock County,3.5,2004
19081,Iowa,Hancock County,6.3,2008
19081,Iowa,Hancock County,4.6,2012
19081,Iowa,Hancock County,2.7,2016
19081,Iowa,Hancock County,4.6,2020
19083,Iowa,Hardin County,3.1,2000
19083,Iowa,Hardin County,5.3,2004
19083,Iowa,Hardin County,4.2,2008
19083,Iowa,Hardin County,5.4,2012
19083,Iowa,Hardin County,3.9,2016
19083,Iowa,Hardin County,4.5,2020
19085,Iowa,Harrison County,2.7,2000
19085,Iowa,Harrison County,5.0,2004
19085,Iowa,Harrison County,4.2,2008
19085,Iowa,Harrison County,5.1,2012
19085,Iowa,Harrison County,3.4,2016
19085,Iowa,Harrison County,4.0,2020
19087,Iowa,Henry County,3.0,2000
19087,Iowa,Henry County,6.0,2004
19087,Iowa,Henry County,5.3,2008
19087,Iowa,Henry County,6.0,2012
19087,Iowa,Henry County,3.5,2016
19087,Iowa,Henry County,5.2,2020
19089,Iowa,Howard County,3.2,2000
19089,Iowa,Howard County,4.6,2004
19089,Iowa,Howard County,4.7,2008
19089,Iowa,Howard County,4.6,2012
19089,Iowa,Howard County,3.6,2016
19089,Iowa,Howard County,4.4,2020
19091,Iowa,Humboldt County,2.6,2000
19091,Iowa,Humboldt County,4.1,2004
19091,Iowa,Humboldt County,3.6,2008
19091,Iowa,Humboldt County,4.2,2012
19091,Iowa,Humboldt County,2.9,2016
19091,Iowa,Humboldt County,4.1,2020
19093,Iowa,Ida County,2.2,2000
19093,Iowa,Ida County,4.2,2004
19093,Iowa,Ida County,3.8,2008
19093,Iowa,Ida County,4.0,2012
19093,Iowa,Ida County,2.5,2016
19093,Iowa,Ida County,3.5,2020
19095,Iowa,Iowa County,2.1,2000
19095,Iowa,Iowa County,4.2,2004
19095,Iowa,Iowa County,4.2,2008
19095,Iowa,Iowa County,4.5,2012
19095,Iowa,Iowa County,3.1,2016
19095,Iowa,Iowa County,4.3,2020
19097,Iowa,Jackson County,3.7,2000
19097,Iowa,Jackson County,5.6,2004
19097,Iowa,Jackson County,5.1,2008
19097,Iowa,Jackson County,5.5,2012
19097,Iowa,Jackson County,4.1,2016
19097,Iowa,Jackson County,6.0,2020
19099,Iowa,Jasper County,2.5,2000
19099,Iowa,Jasper County,5.7,2004
19099,Iowa,Jasper County,7.6,2008
19099,Iowa,Jasper County,6.0,2012
19099,Iowa,Jasper County,3.5,2016
19099,Iowa,Jasper County,5.2,2020
19101,Iowa,Jefferson County,2.9,2000
19101,Iowa,Jefferson County,5.2,2004
19101,Iowa,Jefferson County,4.4,2008
19101,Iowa,Jefferson County,5.3,2012
19101,Iowa,Jefferson County,3.6,2016
19101,Iowa,Jefferson County,5.4,2020
19103,Iowa,Johnson County,1.9,2000
19103,Iowa,Johnson County,3.3,2004
19103,Iowa,Johnson County,3.0,2008
19103,Iowa,Johnson County,3.7,2012
19103,Iowa,Johnson County,2.6,2016
19103,Iowa,Johnson County,4.7,2020
19105,Iowa,Jones County,2.7,2000
19105,Iowa,Jones County,5.0,2004
19105,Iowa,Jones County,4.4,2008
19105,Iowa,Jones County,5.3,2012
19105,Iowa,Jones County,4.2,2016
19105,Iowa,Jones County,5.6,2020
19107,Iowa,Keokuk County,3.2,2000
19107,Iowa,Keokuk County,4.8,2004
19107,Iowa,Keokuk County,4.5,2008
19107,Iowa,Keokuk County,5.5,2012
19107,Iowa,Keokuk County,4.3,2016
19107,Iowa,Keokuk County,4.8,2020
19109,Iowa,Kossuth County,2.6,2000
19109,Iowa,Kossuth County,4.3,2004
19109,Iowa,Kossuth County,3.9,2008
19109,Iowa,Kossuth County,3.9,2012
19109,Iowa,Kossuth County,2.6,2016
19109,Iowa,Kossuth County,3.7,2020
19111,Iowa,Lee County,4.5,2000
19111,Iowa,Lee County,7.0,2004
19111,Iowa,Lee County,6.5,2008
19111,Iowa,Lee County,7.2,2012
19111,Iowa,Lee County,6.0,2016
19111,Iowa,Lee County,6.4,2020
19113,Iowa,Linn County,2.3,2000
19113,Iowa,Linn County,4.7,2004
19113,Iowa,Linn County,4.0,2008
19113,Iowa,Linn County,5.2,2012
19113,Iowa,Linn County,3.6,2016
19113,Iowa,Linn County,6.2,2020
19115,Iowa,Louisa County,3.0,2000
19115,Iowa,Louisa County,4.6,2004
19115,Iowa,Louisa County,4.8,2008
19115,Iowa,Louisa County,5.5,2012
19115,Iowa,Louisa County,3.9,2016
19115,Iowa,Louisa County,4.8,2020
19117,Iowa,Lucas County,2.8,2000
19117,Iowa,Lucas County,5.4,2004
19117,Iowa,Lucas County,4.1,2008
19117,Iowa,Lucas County,4.8,2012
19117,Iowa,Lucas County,3.1,2016
19117,Iowa,Lucas County,3.6,2020
19119,Iowa,Lyon County,2.0,2000
19119,Iowa,Lyon County,3.3,2004
19119,Iowa,Lyon County,2.6,2008
19119,Iowa,Lyon County,3.0,2012
19119,Iowa,Lyon County,2.0,2016
19119,Iowa,Lyon County,2.5,2020
19121,Iowa,Madison County,3.1,2000
19121,Iowa,Madison County,4.7,2004
19121,Iowa,Madison County,4.8,2008
19121,Iowa,Madison County,5.6,2012
19121,Iowa,Madison County,3.5,2016
19121,Iowa,Madison County,5.6,2020
19123,Iowa,Mahaska County,2.4,2000
19123,Iowa,Mahaska County,4.4,2004
19123,Iowa,Mahaska County,4.5,2008
19123,Iowa,Mahaska County,5.2,2012
19123,Iowa,Mahaska County,3.7,2016
19123,Iowa,Mahaska County,4.7,2020
19125,Iowa,Marion County,2.3,2000
19125,Iowa,Marion County,4.3,2004
19125,Iowa,Marion County,4.0,2008
19125,Iowa,Marion County,4.8,2012
19125,Iowa,Marion County,3.0,2016
19125,Iowa,Marion County,4.1,2020
19127,Iowa,Marshall County,2.8,2000
19127,Iowa,Marshall County,5.2,2004
19127,Iowa,Marshall County,5.1,2008
19127,Iowa,Marshall County,6.4,2012
19127,Iowa,Marshall County,4.9,2016
19127,Iowa,Marshall County,6.9,2020
19129,Iowa,Mills County,2.0,2000
19129,Iowa,Mills County,4.2,2004
19129,Iowa,Mills County,3.6,2008
19129,Iowa,Mills County,4.6,2012
19129,Iowa,Mills County,3.6,2016
19129,Iowa,Mills County,3.9,2020
19131,Iowa,Mitchell County,2.8,2000
19131,Iowa,Mitchell County,3.9,2004
19131,Iowa,Mitchell County,4.0,2008
19131,Iowa,Mitchell County,4.6,2012
19131,Iowa,Mitchell County,2.6,2016
19131,Iowa,Mitchell County,3.3,2020
19133,Iowa,Monona County,3.2,2000
19133,Iowa,Monona County,5.7,2004
19133,Iowa,Monona County,5.3,2008
19133,Iowa,Monona County,6.4,2012
19133,Iowa,Monona County,4.0,2016
19133,Iowa,Monona County,4.7,2020
19135,Iowa,Monroe County,3.1,2000
19135,Iowa,Monroe County,5.3,2004
19135,Iowa,Monroe County,4.4,2008
19135,Iowa,Monroe County,5.8,2012
19135,Iowa,Monroe County,4.6,2016
19135,Iowa,Monroe County,5.1,2020
19137,Iowa,Montgomery County,3.3,2000
19137,Iowa,Montgomery County,4.2,2004
19137,Iowa,Montgomery County,5.7,2008
19137,Iowa,Montgomery County,5.1,2012
19137,Iowa,Montgomery County,3.5,2016
19137,Iowa,Montgomery County,4.6,2020
19139,Iowa,Muscatine County,2.8,2000
19139,Iowa,Muscatine County,4.2,2004
19139,Iowa,Muscatine County,4.4,2008
19139,Iowa,Muscatine County,5.8,2012
19139,Iowa,Muscatine County,3.8,2016
19139,Iowa,Muscatine County,5.8,2020
19141,Iowa,O'Brien County,2.3,2000
19141,Iowa,O'Brien County,3.8,2004
19141,Iowa,O'Brien County,3.3,2008
19141,Iowa,O'Brien County,3.8,2012
19141,Iowa,O'Brien County,2.7,2016
19141,Iowa,O'Brien County,3.3,2020
19143,Iowa,Osceola County,2.5,2000
19143,Iowa,Osceola County,3.8,2004
19143,Iowa,Osceola County,3.8,2008
19143,Iowa,Osceola County,4.2,2012
19143,Iowa,Osceola County,2.6,2016
19143,Iowa,Osceola County,2.8,2020
19145,Iowa,Page County,3.2,2000
19145,Iowa,Page County,4.2,2004
19145,Iowa,Page County,4.8,2008
19145,Iowa,Page County,5.4,2012
19145,Iowa,Page County,5.0,2016
19145,Iowa,Page County,4.9,2020
19147,Iowa,Palo Alto County,2.3,2000
19147,Iowa,Palo Alto County,3.8,2004
19147,Iowa,Palo Alto County,4.2,2008
19147,Iowa,Palo Alto County,4.3,2012
19147,Iowa,Palo Alto County,3.1,2016
19147,Iowa,Palo Alto County,4.5,2020
19149,Iowa,Plymouth County,2.6,2000
19149,Iowa,Plymouth County,3.9,2004
19149,Iowa,Plymouth County,3.3,2008
19149,Iowa,Plymouth County,4.1,2012
19149,Iowa,Plymouth County,2.5,2016
19149,Iowa,Plymouth County,3.5,2020
19151,Iowa,Pocahontas County,2.8,2000
19151,Iowa,Pocahontas County,5.2,2004
19151,Iowa,Pocahontas County,3.1,2008
19151,Iowa,Pocahontas County,4.0,2012
19151,Iowa,Pocahontas County,2.8,2016
19151,Iowa,Pocahontas County,3.4,2020
19153,Iowa,Polk County,2.4,2000
19153,Iowa,Polk County,4.5,2004
19153,Iowa,Polk County,4.0,2008
19153,Iowa,Polk County,5.2,2012
19153,Iowa,Polk County,3.4,2016
19153,Iowa,Polk County,5.9,2020
19155,Iowa,Pottawattamie County,2.4,2000
19155,Iowa,Pottawattamie County,5.0,2004
19155,Iowa,Pottawattamie County,4.2,2008
19155,Iowa,Pottawattamie County,5.1,2012
19155,Iowa,Pottawattamie County,3.4,2016
19155,Iowa,Pottawattamie County,5.2,2020
19157,Iowa,Poweshiek County,2.7,2000
19157,Iowa,Poweshiek County,4.7,2004
19157,Iowa,Poweshiek County,4.5,2008
19157,Iowa,Poweshiek County,4.9,2012
19157,Iowa,Poweshiek County,3.4,2016
19157,Iowa,Poweshiek County,4.8,2020
19159,Iowa,Ringgold County,3.0,2000
19159,Iowa,Ringgold County,5.1,2004
19159,Iowa,Ringgold County,4.5,2008
19159,Iowa,Ringgold County,4.4,2012
19159,Iowa,Ringgold County,3.5,2016
19159,Iowa,Ringgold County,3.8,2020
19161,Iowa,Sac County,2.7,2000
19161,Iowa,Sac County,4.0,2004
19161,Iowa,Sac County,3.7,2008
19161,Iowa,Sac County,4.3,2012
19161,Iowa,Sac County,3.0,2016
19161,Iowa,Sac County,3.5,2020
19163,Iowa,Scott County,3.3,2000
19163,Iowa,Scott County,4.8,2004
19163,Iowa,Scott County,4.2,2008
19163,Iowa,Scott County,5.7,2012
19163,Iowa,Scott County,4.5,2016
19163,Iowa,Scott County,6.7,2020
19165,Iowa,Shelby County,2.4,2000
19165,Iowa,Shelby County,3.8,2004
19165,Iowa,Shelby County,3.0,2008
19165,Iowa,Shelby County,3.8,2012
19165,Iowa,Shelby County,2.9,2016
19165,Iowa,Shelby County,3.5,2020
19167,Iowa,Sioux County,2.0,2000
19167,Iowa,Sioux County,3.0,2004
19167,Iowa,Sioux County,2.8,2008
19167,Iowa,Sioux County,3.5,2012
19167,Iowa,Sioux County,2.3,2016
19167,Iowa,Sioux County,2.6,2020
19169,Iowa,Story County,1.8,2000
19169,Iowa,Story County,3.0,2004
19169,Iowa,Story County,3.1,2008
19169,Iowa,Story County,3.6,2012
19169,Iowa,Story County,2.3,2016
19169,Iowa,Story County,3.5,2020
19171,Iowa,Tama County,3.4,2000
19171,Iowa,Tama County,6.4,2004
19171,Iowa,Tama County,5.3,2008
19171,Iowa,Tama County,6.0,2012
19171,Iowa,Tama County,4.1,2016
19171,Iowa,Tama County,5.0,2020
19173,Iowa,Taylor County,3.3,2000
19173,Iowa,Taylor County,4.3,2004
19173,Iowa,Taylor County,4.0,2008
19173,Iowa,Taylor County,4.1,2012
19173,Iowa,Taylor County,2.9,2016
19173,Iowa,Taylor County,3.6,2020
19175,Iowa,Union County,3.4,2000
19175,Iowa,Union County,5.5,2004
19175,Iowa,Union County,4.5,2008
19175,Iowa,Union County,5.1,2012
19175,Iowa,Union County,3.8,2016
19175,Iowa,Union County,5.7,2020
19177,Iowa,Van Buren County,3.2,2000
19177,Iowa,Van Buren County,5.5,2004
19177,Iowa,Van Buren County,4.8,2008
19177,Iowa,Van Buren County,5.8,2012
19177,Iowa,Van Buren County,3.6,2016
19177,Iowa,Van Buren County,4.5,2020
19179,Iowa,Wapello County,3.6,2000
19179,Iowa,Wapello County,5.6,2004
19179,Iowa,Wapello County,5.0,2008
19179,Iowa,Wapello County,7.0,2012
19179,Iowa,Wapello County,5.7,2016
19179,Iowa,Wapello County,5.9,2020
19181,Iowa,Warren County,2.2,2000
19181,Iowa,Warren County,3.9,2004
19181,Iowa,Warren County,3.8,2008
19181,Iowa,Warren County,4.8,2012
19181,Iowa,Warren County,3.2,2016
19181,Iowa,Warren County,4.5,2020
19183,Iowa,Washington County,2.2,2000
19183,Iowa,Washington County,4.5,2004
19183,Iowa,Washington County,4.0,2008
19183,Iowa,Washington County,4.2,2012
19183,Iowa,Washington County,2.9,2016
19183,Iowa,Washington County,4.0,2020
19185,Iowa,Wayne County,3.1,2000
19185,Iowa,Wayne County,4.5,2004
19185,Iowa,Wayne County,4.2,2008
19185,Iowa,Wayne County,5.5,2012
19185,Iowa,Wayne County,3.7,2016
19185,Iowa,Wayne County,4.4,2020
19187,Iowa,Webster County,3.1,2000
19187,Iowa,Webster County,4.8,2004
19187,Iowa,Webster County,4.3,2008
19187,Iowa,Webster County,6.4,2012
19187,Iowa,Webster County,4.0,2016
19187,Iowa,Webster County,5.2,2020
19189,Iowa,Winnebago County,2.1,2000
19189,Iowa,Winnebago County,3.5,2004
19189,Iowa,Winnebago County,6.4,2008
19189,Iowa,Winnebago County,5.4,2012
19189,Iowa,Winnebago County,3.4,2016
19189,Iowa,Winnebago County,6.3,2020
19191,Iowa,Winneshiek County,2.6,2000
19191,Iowa,Winneshiek County,4.3,2004
19191,Iowa,Winneshiek County,4.3,2008
19191,Iowa,Winneshiek County,4.6,2012
19191,Iowa,Winneshiek County,3.5,2016
19191,Iowa,Winneshiek County,4.8,2020
19193,Iowa,Woodbury County,2.6,2000
19193,Iowa,Woodbury County,5.0,2004
19193,Iowa,Woodbury County,3.8,2008
19193,Iowa,Woodbury County,5.2,2012
19193,Iowa,Woodbury County,3.5,2016
19193,Iowa,Woodbury County,5.2,2020
19195,Iowa,Worth County,3.0,2000
19195,Iowa,Worth County,4.2,2004
19195,Iowa,Worth County,5.2,2008
19195,Iowa,Worth County,5.5,2012
19195,Iowa,Worth County,3.4,2016
19195,Iowa,Worth County,5.3,2020
19197,Iowa,Wright County,2.6,2000
19197,Iowa,Wright County,4.6,2004
19197,Iowa,Wright County,4.4,2008
19197,Iowa,Wright County,5.4,2012
19197,Iowa,Wright County,4.1,2016
19197,Iowa,Wright County,3.9,2020
20001,Kansas,Allen County,4.7,2000
20001,Kansas,Allen County,5.8,2004
20001,Kansas,Allen County,4.5,2008
20001,Kansas,Allen County,7.1,2012
20001,Kansas,Allen County,5.6,2016
20001,Kansas,Allen County,5.3,2020
20003,Kansas,Anderson County,4.3,2000
20003,Kansas,Anderson County,6.4,2004
20003,Kansas,Anderson County,4.8,2008
20003,Kansas,Anderson County,6.5,2012
20003,Kansas,Anderson County,4.3,2016
20003,Kansas,Anderson County,4.0,2020
20005,Kansas,Atchison County,4.5,2000
20005,Kansas,Atchison County,5.9,2004
20005,Kansas,Atchison County,4.6,2008
20005,Kansas,Atchison County,7.7,2012
20005,Kansas,Atchison County,6.2,2016
20005,Kansas,Atchison County,6.7,2020
20007,Kansas,Barber County,2.8,2000
20007,Kansas,Barber County,4.0,2004
20007,Kansas,Barber County,3.3,2008
20007,Kansas,Barber County,3.9,2012
20007,Kansas,Barber County,3.7,2016
20007,Kansas,Barber County,3.2,2020
20009,Kansas,Barton County,3.5,2000
20009,Kansas,Barton County,4.5,2004
20009,Kansas,Barton County,3.3,2008
20009,Kansas,Barton County,4.5,2012
20009,Kansas,Barton County,4.5,2016
20009,Kansas,Barton County,4.6,2020
20011,Kansas,Bourbon County,3.9,2000
20011,Kansas,Bourbon County,5.8,2004
20011,Kansas,Bourbon County,4.8,2008
20011,Kansas,Bourbon County,7.6,2012
20011,Kansas,Bourbon County,4.8,2016
20011,Kansas,Bourbon County,5.7,2020
20013,Kansas,Brown County,5.1,2000
20013,Kansas,Brown County,5.1,2004
20013,Kansas,Brown County,4.3,2008
20013,Kansas,Brown County,5.3,2012
20013,Kansas,Brown County,3.6,2016
20013,Kansas,Brown County,4.4,2020
20015,Kansas,Butler County,4.1,2000
20015,Kansas,Butler County,6.1,2004
20015,Kansas,Butler County,4.4,2008
20015,Kansas,Butler County,6.2,2012
20015,Kansas,Butler County,4.2,2016
20015,Kansas,Butler County,6.5,2020
20017,Kansas,Chase County,3.0,2000
20017,Kansas,Chase County,4.4,2004
20017,Kansas,Chase County,4.1,2008
20017,Kansas,Chase County,5.3,2012
20017,Kansas,Chase County,3.5,2016
20017,Kansas,Chase County,5.4,2020
20019,Kansas,Chautauqua County,4.5,2000
20019,Kansas,Chautauqua County,5.4,2004
20019,Kansas,Chautauqua County,4.5,2008
20019,Kansas,Chautauqua County,6.5,2012
20019,Kansas,Chautauqua County,5.2,2016
20019,Kansas,Chautauqua County,6.1,2020
20021,Kansas,Cherokee County,4.9,2000
20021,Kansas,Cherokee County,7.1,2004
20021,Kansas,Cherokee County,5.2,2008
20021,Kansas,Cherokee County,7.8,2012
20021,Kansas,Cherokee County,4.4,2016
20021,Kansas,Cherokee County,5.2,2020
20023,Kansas,Cheyenne County,2.7,2000
20023,Kansas,Cheyenne County,3.8,2004
20023,Kansas,Cheyenne County,3.1,2008
20023,Kansas,Cheyenne County,3.6,2012
20023,Kansas,Cheyenne County,2.8,2016
20023,Kansas,Cheyenne County,2.1,2020
20025,Kansas,Clark County,2.9,2000
20025,Kansas,Clark County,3.7,2004
20025,Kansas,Clark County,3.1,2008
20025,Kansas,Clark County,3.5,2012
20025,Kansas,Clark County,2.8,2016
20025,Kansas,Clark County,2.0,2020
20027,Kansas,Clay County,3.4,2000
20027,Kansas,Clay County,4.4,2004
20027,Kansas,Clay County,3.4,2008
20027,Kansas,Clay County,5.2,2012
20027,Kansas,Clay County,4.1,2016
20027,Kansas,Clay County,4.4,2020
20029,Kansas,Cloud County,3.8,2000
20029,Kansas,Cloud County,3.8,2004
20029,Kansas,Cloud County,3.7,2008
20029,Kansas,Cloud County,5.0,2012
20029,Kansas,Cloud County,4.1,2016
20029,Kansas,Cloud County,4.0,2020
20031,Kansas,Coffey County,3.9,2000
20031,Kansas,Coffey County,5.6,2004
20031,Kansas,Coffey County,4.7,2008
20031,Kansas,Coffey County,7.0,2012
20031,Kansas,Coffey County,6.2,2016
20031,Kansas,Coffey County,5.1,2020
20033,Kansas,Comanche County,2.3,2000
20033,Kansas,Comanche County,3.1,2004
20033,Kansas,Comanche County,3.2,2008
20033,Kansas,Comanche County,3.9,2012
20033,Kansas,Comanche County,3.1,2016
20033,Kansas,Comanche County,3.3,2020
20035,Kansas,Cowley County,4.7,2000
20035,Kansas,Cowley County,6.1,2004
20035,Kansas,Cowley County,4.4,2008
20035,Kansas,Cowley County,6.2,2012
20035,Kansas,Cowley County,4.4,2016
20035,Kansas,Cowley County,6.5,2020
20037,Kansas,Crawford County,4.5,2000
20037,Kansas,Crawford County,6.2,2004
20037,Kansas,Crawford County,5.3,2008
20037,Kansas,Crawford County,6.6,2012
20037,Kansas,Crawford County,4.8,2016
20037,Kansas,Crawford County,5.5,2020
20039,Kansas,Decatur County,2.6,2000
20039,Kansas,Decatur County,3.6,2004
20039,Kansas,Decatur County,3.1,2008
20039,Kansas,Decatur County,4.4,2012
20039,Kansas,Decatur County,3.9,2016
20039,Kansas,Decatur County,3.6,2020
20041,Kansas,Dickinson County,3.3,2000
20041,Kansas,Dickinson County,4.8,2004
20041,Kansas,Dickinson County,4.0,2008
20041,Kansas,Dickinson County,6.0,2012
20041,Kansas,Dickinson County,4.4,2016
20041,Kansas,Dickinson County,4.8,2020
20043,Kansas,Doniphan County,5.0,2000
20043,Kansas,Doniphan County,7.8,2004
20043,Kansas,Doniphan County,5.5,2008
20043,Kansas,Doniphan County,6.3,2012
20043,Kansas,Doniphan County,3.9,2016
20043,Kansas,Doniphan County,4.6,2020
20045,Kansas,Douglas County,2.8,2000
20045,Kansas,Douglas County,4.2,2004
20045,Kansas,Douglas County,4.2,2008
20045,Kansas,Douglas County,5.1,2012
20045,Kansas,Douglas County,3.5,2016
20045,Kansas,Douglas County,5.9,2020
20047,Kansas,Edwards County,2.7,2000
20047,Kansas,Edwards County,3.7,2004
20047,Kansas,Edwards County,2.8,2008
20047,Kansas,Edwards County,4.0,2012
20047,Kansas,Edwards County,3.0,2016
20047,Kansas,Edwards County,2.9,2020
20049,Kansas,Elk County,5.1,2000
20049,Kansas,Elk County,5.8,2004
20049,Kansas,Elk County,5.6,2008
20049,Kansas,Elk County,6.8,2012
20049,Kansas,Elk County,4.9,2016
20049,Kansas,Elk County,4.9,2020
20051,Kansas,Ellis County,2.7,2000
20051,Kansas,Ellis County,3.7,2004
20051,Kansas,Ellis County,3.0,2008
20051,Kansas,Ellis County,3.4,2012
20051,Kansas,Ellis County,3.1,2016
20051,Kansas,Ellis County,3.4,2020
20053,Kansas,Ellsworth County,3.5,2000
20053,Kansas,Ellsworth County,4.5,2004
20053,Kansas,Ellsworth County,3.3,2008
20053,Kansas,Ellsworth County,3.5,2012
20053,Kansas,Ellsworth County,3.8,2016
20053,Kansas,Ellsworth County,3.1,2020
20055,Kansas,Finney County,2.7,2000
20055,Kansas,Finney County,4.2,2004
20055,Kansas,Finney County,3.5,2008
20055,Kansas,Finney County,4.5,2012
20055,Kansas,Finney County,3.1,2016
20055,Kansas,Finney County,3.3,2020
20057,Kansas,Ford County,2.7,2000
20057,Kansas,Ford County,3.9,2004
20057,Kansas,Ford County,3.0,2008
20057,Kansas,Ford County,3.9,2012
20057,Kansas,Ford County,3.2,2016
20057,Kansas,Ford County,3.3,2020
20059,Kansas,Franklin County,3.8,2000
20059,Kansas,Franklin County,6.2,2004
20059,Kansas,Franklin County,5.6,2008
20059,Kansas,Franklin County,7.2,2012
20059,Kansas,Franklin County,4.2,2016
20059,Kansas,Franklin County,5.3,2020
20061,Kansas,Geary County,4.9,2000
20061,Kansas,Geary County,6.5,2004
20061,Kansas,Geary County,4.7,2008
20061,Kansas,Geary County,8.7,2012
20061,Kansas,Geary County,5.6,2016
20061,Kansas,Geary County,7.0,2020
20063,Kansas,Gove County,2.3,2000
20063,Kansas,Gove County,3.3,2004
20063,Kansas,Gove County,2.8,2008
20063,Kansas,Gove County,3.0,2012
20063,Kansas,Gove County,2.4,2016
20063,Kansas,Gove County,2.6,2020
20065,Kansas,Graham County,2.9,2000
20065,Kansas,Graham County,4.0,2004
20065,Kansas,Graham County,3.3,2008
20065,Kansas,Graham County,3.4,2012
20065,Kansas,Graham County,4.4,2016
20065,Kansas,Graham County,4.5,2020
20067,Kansas,Grant County,3.0,2000
20067,Kansas,Grant County,3.8,2004
20067,Kansas,Grant County,2.9,2008
20067,Kansas,Grant County,3.9,2012
20067,Kansas,Grant County,3.6,2016
20067,Kansas,Grant County,4.0,2020
20069,Kansas,Gray County,2.7,2000
20069,Kansas,Gray County,3.0,2004
20069,Kansas,Gray County,2.6,2008
20069,Kansas,Gray County,3.1,2012
20069,Kansas,Gray County,2.3,2016
20069,Kansas,Gray County,2.2,2020
20071,Kansas,Greeley County,3.4,2000
20071,Kansas,Greeley County,4.2,2004
20071,Kansas,Greeley County,3.7,2008
20071,Kansas,Greeley County,3.0,2012
20071,Kansas,Greeley County,2.1,2016
20071,Kansas,Greeley County,1.7,2020
20073,Kansas,Greenwood County,4.9,2000
20073,Kansas,Greenwood County,6.6,2004
20073,Kansas,Greenwood County,5.3,2008
20073,Kansas,Greenwood County,5.6,2012
20073,Kansas,Greenwood County,4.9,2016
20073,Kansas,Greenwood County,5.2,2020
20075,Kansas,Hamilton County,2.8,2000
20075,Kansas,Hamilton County,3.5,2004
20075,Kansas,Hamilton County,3.4,2008
20075,Kansas,Hamilton County,2.7,2012
20075,Kansas,Hamilton County,2.7,2016
20075,Kansas,Hamilton County,1.6,2020
20077,Kansas,Harper County,3.8,2000
20077,Kansas,Harper County,4.3,2004
20077,Kansas,Harper County,3.2,2008
20077,Kansas,Harper County,4.3,2012
20077,Kansas,Harper County,3.6,2016
20077,Kansas,Harper County,4.4,2020
20079,Kansas,Harvey County,3.6,2000
20079,Kansas,Harvey County,4.9,2004
20079,Kansas,Harvey County,3.9,2008
20079,Kansas,Harvey County,5.4,2012
20079,Kansas,Harvey County,4.2,2016
20079,Kansas,Harvey County,5.3,2020
20081,Kansas,Haskell County,2.4,2000
20081,Kansas,Haskell County,3.6,2004
20081,Kansas,Haskell County,2.7,2008
20081,Kansas,Haskell County,3.4,2012
20081,Kansas,Haskell County,2.6,2016
20081,Kansas,Haskell County,2.3,2020
20083,Kansas,Hodgeman County,3.5,2000
20083,Kansas,Hodgeman County,4.6,2004
20083,Kansas,Hodgeman County,3.4,2008
20083,Kansas,Hodgeman County,3.4,2012
20083,Kansas,Hodgeman County,2.6,2016
20083,Kansas,Hodgeman County,2.5,2020
20085,Kansas,Jackson County,4.3,2000
20085,Kansas,Jackson County,6.1,2004
20085,Kansas,Jackson County,5.7,2008
20085,Kansas,Jackson County,5.6,2012
20085,Kansas,Jackson County,3.5,2016
20085,Kansas,Jackson County,5.3,2020
20087,Kansas,Jefferson County,4.0,2000
20087,Kansas,Jefferson County,5.8,2004
20087,Kansas,Jefferson County,5.2,2008
20087,Kansas,Jefferson County,6.0,2012
20087,Kansas,Jefferson County,3.9,2016
20087,Kansas,Jefferson County,4.8,2020
20089,Kansas,Jewell County,2.7,2000
20089,Kansas,Jewell County,3.5,2004
20089,Kansas,Jewell County,3.1,2008
20089,Kansas,Jewell County,4.3,2012
20089,Kansas,Jewell County,4.3,2016
20089,Kansas,Jewell County,2.9,2020
20091,Kansas,Johnson County,3.0,2000
20091,Kansas,Johnson County,5.0,2004
20091,Kansas,Johnson County,4.6,2008
20091,Kansas,Johnson County,4.6,2012
20091,Kansas,Johnson County,3.2,2016
20091,Kansas,Johnson County,5.0,2020
20093,Kansas,Kearny County,2.8,2000
20093,Kansas,Kearny County,4.6,2004
20093,Kansas,Kearny County,3.4,2008
20093,Kansas,Kearny County,3.9,2012
20093,Kansas,Kearny County,3.1,2016
20093,Kansas,Kearny County,2.5,2020
20095,Kansas,Kingman County,3.7,2000
20095,Kansas,Kingman County,4.8,2004
20095,Kansas,Kingman County,3.3,2008
20095,Kansas,Kingman County,6.1,2012
20095,Kansas,Kingman County,4.4,2016
20095,Kansas,Kingman County,5.3,2020
20097,Kansas,Kiowa County,2.9,2000
20097,Kansas,Kiowa County,3.6,2004
20097,Kansas,Kiowa County,3.4,2008
20097,Kansas,Kiowa County,3.8,2012
20097,Kansas,Kiowa County,2.7,2016
20097,Kansas,Kiowa County,3.1,2020
20099,Kansas,Labette County,5.0,2000
20099,Kansas,Labette County,6.9,2004
20099,Kansas,Labette County,5.3,2008
20099,Kansas,Labette County,7.9,2012
20099,Kansas,Labette County,5.4,2016
20099,Kansas,Labette County,5.6,2020
20101,Kansas,Lane County,2.9,2000
20101,Kansas,Lane County,4.3,2004
20101,Kansas,Lane County,3.7,2008
20101,Kansas,Lane County,4.6,2012
20101,Kansas,Lane County,3.1,2016
20101,Kansas,Lane County,2.9,2020
20103,Kansas,Leavenworth County,4.1,2000
20103,Kansas,Leavenworth County,6.4,2004
20103,Kansas,Leavenworth County,5.8,2008
20103,Kansas,Leavenworth County,6.4,2012
20103,Kansas,Leavenworth County,4.3,2016
20103,Kansas,Leavenworth County,5.8,2020
20105,Kansas,Lincoln County,2.9,2000
20105,Kansas,Lincoln County,5.0,2004
20105,Kansas,Lincoln County,3.7,2008
20105,Kansas,Lincoln County,4.9,2012
20105,Kansas,Lincoln County,3.4,2016
20105,Kansas,Lincoln County,2.9,2020
20107,Kansas,Linn County,5.0,2000
20107,Kansas,Linn County,7.7,2004
20107,Kansas,Linn County,6.7,2008
20107,Kansas,Linn County,9.9,2012
20107,Kansas,Linn County,6.4,2016
20107,Kansas,Linn County,7.1,2020
20109,Kansas,Logan County,3.6,2000
20109,Kansas,Logan County,3.6,2004
20109,Kansas,Logan County,2.8,2008
20109,Kansas,Logan County,3.0,2012
20109,Kansas,Logan County,2.5,2016
20109,Kansas,Logan County,2.4,2020
20111,Kansas,Lyon County,3.2,2000
20111,Kansas,Lyon County,4.7,2004
20111,Kansas,Lyon County,5.8,2008
20111,Kansas,Lyon County,5.8,2012
20111,Kansas,Lyon County,4.1,2016
20111,Kansas,Lyon County,4.6,2020
20113,Kansas,Mcpherson County,3.0,2000
20113,Kansas,Mcpherson County,3.9,2004
20113,Kansas,Mcpherson County,3.6,2008
20113,Kansas,Mcpherson County,4.1,2012
20113,Kansas,Mcpherson County,3.1,2016
20113,Kansas,Mcpherson County,3.4,2020
20115,Kansas,Marion County,3.1,2000
20115,Kansas,Marion County,4.6,2004
20115,Kansas,Marion County,3.7,2008
20115,Kansas,Marion County,5.1,2012
20115,Kansas,Marion County,3.9,2016
20115,Kansas,Marion County,4.0,2020
20117,Kansas,Marshall County,3.7,2000
20117,Kansas,Marshall County,3.9,2004
20117,Kansas,Marshall County,3.7,2008
20117,Kansas,Marshall County,4.2,2012
20117,Kansas,Marshall County,3.0,2016
20117,Kansas,Marshall County,3.0,2020
20119,Kansas,Meade County,2.8,2000
20119,Kansas,Meade County,3.8,2004
20119,Kansas,Meade County,2.9,2008
20119,Kansas,Meade County,3.3,2012
20119,Kansas,Meade County,2.7,2016
20119,Kansas,Meade County,2.7,2020
20121,Kansas,Miami County,3.4,2000
20121,Kansas,Miami County,5.3,2004
20121,Kansas,Miami County,5.1,2008
20121,Kansas,Miami County,6.3,2012
20121,Kansas,Miami County,4.1,2016
20121,Kansas,Miami County,4.9,2020
20123,Kansas,Mitchell County,2.8,2000
20123,Kansas,Mitchell County,3.9,2004
20123,Kansas,Mitchell County,3.3,2008
20123,Kansas,Mitchell County,3.0,2012
20123,Kansas,Mitchell County,3.3,2016
20123,Kansas,Mitchell County,2.6,2020
20125,Kansas,Montgomery County,5.3,2000
20125,Kansas,Montgomery County,6.9,2004
20125,Kansas,Montgomery County,5.6,2008
20125,Kansas,Montgomery County,7.7,2012
20125,Kansas,Montgomery County,6.1,2016
20125,Kansas,Montgomery County,7.3,2020
20127,Kansas,Morris County,3.7,2000
20127,Kansas,Morris County,5.1,2004
20127,Kansas,Morris County,4.8,2008
20127,Kansas,Morris County,6.1,2012
20127,Kansas,Morris County,3.8,2016
20127,Kansas,Morris County,3.9,2020
20129,Kansas,Morton County,2.9,2000
20129,Kansas,Morton County,3.3,2004
20129,Kansas,Morton County,2.8,2008
20129,Kansas,Morton County,3.7,2012
20129,Kansas,Morton County,3.9,2016
20129,Kansas,Morton County,3.0,2020
20131,Kansas,Nemaha County,3.0,2000
20131,Kansas,Nemaha County,3.9,2004
20131,Kansas,Nemaha County,3.1,2008
20131,Kansas,Nemaha County,3.6,2012
20131,Kansas,Nemaha County,2.7,2016
20131,Kansas,Nemaha County,2.8,2020
20133,Kansas,Neosho County,4.5,2000
20133,Kansas,Neosho County,5.0,2004
20133,Kansas,Neosho County,4.9,2008
20133,Kansas,Neosho County,8.8,2012
20133,Kansas,Neosho County,7.2,2016
20133,Kansas,Neosho County,6.3,2020
20135,Kansas,Ness County,2.5,2000
20135,Kansas,Ness County,3.3,2004
20135,Kansas,Ness County,3.0,2008
20135,Kansas,Ness County,3.2,2012
20135,Kansas,Ness County,3.4,2016
20135,Kansas,Ness County,3.3,2020
20137,Kansas,Norton County,3.2,2000
20137,Kansas,Norton County,4.2,2004
20137,Kansas,Norton County,3.2,2008
20137,Kansas,Norton County,3.1,2012
20137,Kansas,Norton County,2.4,2016
20137,Kansas,Norton County,2.6,2020
20139,Kansas,Osage County,4.6,2000
20139,Kansas,Osage County,6.7,2004
20139,Kansas,Osage County,6.0,2008
20139,Kansas,Osage County,7.2,2012
20139,Kansas,Osage County,4.4,2016
20139,Kansas,Osage County,5.1,2020
20141,Kansas,Osborne County,2.7,2000
20141,Kansas,Osborne County,4.4,2004
20141,Kansas,Osborne County,3.4,2008
20141,Kansas,Osborne County,4.3,2012
20141,Kansas,Osborne County,3.4,2016
20141,Kansas,Osborne County,2.7,2020
20143,Kansas,Ottawa County,3.1,2000
20143,Kansas,Ottawa County,5.0,2004
20143,Kansas,Ottawa County,3.6,2008
20143,Kansas,Ottawa County,5.4,2012
20143,Kansas,Ottawa County,3.8,2016
20143,Kansas,Ottawa County,4.1,2020
20145,Kansas,Pawnee County,2.9,2000
20145,Kansas,Pawnee County,3.8,2004
20145,Kansas,Pawnee County,3.2,2008
20145,Kansas,Pawnee County,4.1,2012
20145,Kansas,Pawnee County,3.3,2016
20145,Kansas,Pawnee County,3.6,2020
20147,Kansas,Phillips County,2.9,2000
20147,Kansas,Phillips County,3.9,2004
20147,Kansas,Phillips County,4.3,2008
20147,Kansas,Phillips County,4.5,2012
20147,Kansas,Phillips County,3.1,2016
20147,Kansas,Phillips County,3.3,2020
20149,Kansas,Pottawatomie County,3.3,2000
20149,Kansas,Pottawatomie County,4.5,2004
20149,Kansas,Pottawatomie County,3.6,2008
20149,Kansas,Pottawatomie County,4.7,2012
20149,Kansas,Pottawatomie County,3.5,2016
20149,Kansas,Pottawatomie County,4.1,2020
20151,Kansas,Pratt County,2.8,2000
20151,Kansas,Pratt County,3.6,2004
20151,Kansas,Pratt County,3.4,2008
20151,Kansas,Pratt County,4.5,2012
20151,Kansas,Pratt County,4.1,2016
20151,Kansas,Pratt County,3.5,2020
20153,Kansas,Rawlins County,3.0,2000
20153,Kansas,Rawlins County,4.6,2004
20153,Kansas,Rawlins County,3.4,2008
20153,Kansas,Rawlins County,2.7,2012
20153,Kansas,Rawlins County,2.4,2016
20153,Kansas,Rawlins County,2.5,2020
20155,Kansas,Reno County,3.9,2000
20155,Kansas,Reno County,5.3,2004
20155,Kansas,Reno County,4.1,2008
20155,Kansas,Reno County,5.4,2012
20155,Kansas,Reno County,4.4,2016
20155,Kansas,Reno County,5.4,2020
20157,Kansas,Republic County,3.0,2000
20157,Kansas,Republic County,4.8,2004
20157,Kansas,Republic County,3.1,2008
20157,Kansas,Republic County,3.8,2012
20157,Kansas,Republic County,2.7,2016
20157,Kansas,Republic County,3.2,2020
20159,Kansas,Rice County,3.8,2000
20159,Kansas,Rice County,4.7,2004
20159,Kansas,Rice County,3.8,2008
20159,Kansas,Rice County,4.4,2012
20159,Kansas,Rice County,4.0,2016
20159,Kansas,Rice County,4.1,2020
20161,Kansas,Riley County,3.0,2000
20161,Kansas,Riley County,4.0,2004
20161,Kansas,Riley County,3.5,2008
20161,Kansas,Riley County,4.4,2012
20161,Kansas,Riley County,3.4,2016
20161,Kansas,Riley County,4.8,2020
20163,Kansas,Rooks County,3.4,2000
20163,Kansas,Rooks County,5.7,2004
20163,Kansas,Rooks County,4.6,2008
20163,Kansas,Rooks County,4.6,2012
20163,Kansas,Rooks County,4.7,2016
20163,Kansas,Rooks County,3.9,2020
20165,Kansas,Rush County,3.5,2000
20165,Kansas,Rush County,4.6,2004
20165,Kansas,Rush County,3.9,2008
20165,Kansas,Rush County,4.6,2012
20165,Kansas,Rush County,4.0,2016
20165,Kansas,Rush County,4.6,2020
20167,Kansas,Russell County,4.1,2000
20167,Kansas,Russell County,5.0,2004
20167,Kansas,Russell County,3.7,2008
20167,Kansas,Russell County,4.1,2012
20167,Kansas,Russell County,4.2,2016
20167,Kansas,Russell County,4.1,2020
20169,Kansas,Saline County,3.1,2000
20169,Kansas,Saline County,4.9,2004
20169,Kansas,Saline County,3.8,2008
20169,Kansas,Saline County,5.7,2012
20169,Kansas,Saline County,3.7,2016
20169,Kansas,Saline County,5.4,2020
20171,Kansas,Scott County,2.2,2000
20171,Kansas,Scott County,3.2,2004
20171,Kansas,Scott County,2.7,2008
20171,Kansas,Scott County,3.1,2012
20171,Kansas,Scott County,2.4,2016
20171,Kansas,Scott County,2.4,2020
20173,Kansas,Sedgwick County,4.2,2000
20173,Kansas,Sedgwick County,6.2,2004
20173,Kansas,Sedgwick County,4.5,2008
20173,Kansas,Sedgwick County,6.9,2012
20173,Kansas,Sedgwick County,4.6,2016
20173,Kansas,Sedgwick County,8.7,2020
20175,Kansas,Seward County,3.0,2000
20175,Kansas,Seward County,4.2,2004
20175,Kansas,Seward County,3.1,2008
20175,Kansas,Seward County,4.1,2012
20175,Kansas,Seward County,4.3,2016
20175,Kansas,Seward County,4.2,2020
20177,Kansas,Shawnee County,4.0,2000
20177,Kansas,Shawnee County,6.1,2004
20177,Kansas,Shawnee County,5.0,2008
20177,Kansas,Shawnee County,6.2,2012
20177,Kansas,Shawnee County,4.0,2016
20177,Kansas,Shawnee County,5.8,2020
20179,Kansas,Sheridan County,2.2,2000
20179,Kansas,Sheridan County,3.3,2004
20179,Kansas,Sheridan County,2.6,2008
20179,Kansas,Sheridan County,2.8,2012
20179,Kansas,Sheridan County,2.4,2016
20179,Kansas,Sheridan County,2.3,2020
20181,Kansas,Sherman County,2.9,2000
20181,Kansas,Sherman County,3.6,2004
20181,Kansas,Sherman County,3.1,2008
20181,Kansas,Sherman County,3.8,2012
20181,Kansas,Sherman County,3.3,2016
20181,Kansas,Sherman County,3.3,2020
20183,Kansas,Smith County,2.9,2000
20183,Kansas,Smith County,4.0,2004
20183,Kansas,Smith County,4.0,2008
20183,Kansas,Smith County,3.9,2012
20183,Kansas,Smith County,3.2,2016
20183,Kansas,Smith County,2.6,2020
20185,Kansas,Stafford County,3.2,2000
20185,Kansas,Stafford County,4.4,2004
20185,Kansas,Stafford County,3.7,2008
20185,Kansas,Stafford County,4.6,2012
20185,Kansas,Stafford County,3.7,2016
20185,Kansas,Stafford County,3.6,2020
20187,Kansas,Stanton County,2.5,2000
20187,Kansas,Stanton County,3.4,2004
20187,Kansas,Stanton County,3.3,2008
20187,Kansas,Stanton County,3.5,2012
20187,Kansas,Stanton County,2.8,2016
20187,Kansas,Stanton County,2.2,2020
20189,Kansas,Stevens County,2.9,2000
20189,Kansas,Stevens County,4.3,2004
20189,Kansas,Stevens County,3.4,2008
20189,Kansas,Stevens County,3.5,2012
20189,Kansas,Stevens County,3.9,2016
20189,Kansas,Stevens County,2.7,2020
20191,Kansas,Sumner County,4.7,2000
20191,Kansas,Sumner County,6.3,2004
20191,Kansas,Sumner County,4.6,2008
20191,Kansas,Sumner County,6.4,2012
20191,Kansas,Sumner County,4.2,2016
20191,Kansas,Sumner County,8.2,2020
20193,Kansas,Thomas County,2.5,2000
20193,Kansas,Thomas County,3.4,2004
20193,Kansas,Thomas County,3.1,2008
20193,Kansas,Thomas County,3.4,2012
20193,Kansas,Thomas County,2.7,2016
20193,Kansas,Thomas County,2.7,2020
20195,Kansas,Trego County,2.6,2000
20195,Kansas,Trego County,3.5,2004
20195,Kansas,Trego County,3.0,2008
20195,Kansas,Trego County,4.3,2012
20195,Kansas,Trego County,4.0,2016
20195,Kansas,Trego County,3.4,2020
20197,Kansas,Wabaunsee County,3.4,2000
20197,Kansas,Wabaunsee County,4.9,2004
20197,Kansas,Wabaunsee County,4.5,2008
20197,Kansas,Wabaunsee County,5.4,2012
20197,Kansas,Wabaunsee County,3.6,2016
20197,Kansas,Wabaunsee County,4.1,2020
20199,Kansas,Wallace County,2.3,2000
20199,Kansas,Wallace County,3.2,2004
20199,Kansas,Wallace County,4.7,2008
20199,Kansas,Wallace County,4.2,2012
20199,Kansas,Wallace County,2.7,2016
20199,Kansas,Wallace County,2.0,2020
20201,Kansas,Washington County,3.6,2000
20201,Kansas,Washington County,4.2,2004
20201,Kansas,Washington County,3.6,2008
20201,Kansas,Washington County,4.1,2012
20201,Kansas,Washington County,3.3,2016
20201,Kansas,Washington County,2.3,2020
20203,Kansas,Wichita County,3.0,2000
20203,Kansas,Wichita County,3.6,2004
20203,Kansas,Wichita County,3.1,2008
20203,Kansas,Wichita County,5.2,2012
20203,Kansas,Wichita County,2.3,2016
20203,Kansas,Wichita County,1.9,2020
20205,Kansas,Wilson County,4.0,2000
20205,Kansas,Wilson County,5.4,2004
20205,Kansas,Wilson County,5.6,2008
20205,Kansas,Wilson County,9.9,2012
20205,Kansas,Wilson County,6.0,2016
20205,Kansas,Wilson County,7.7,2020
20207,Kansas,Woodson County,5.0,2000
20207,Kansas,Woodson County,7.7,2004
20207,Kansas,Woodson County,5.6,2008
20207,Kansas,Woodson County,6.2,2012
20207,Kansas,Woodson County,5.7,2016
20207,Kansas,Woodson County,6.0,2020
20209,Kansas,Wyandotte County,6.3,2000
20209,Kansas,Wyandotte County,9.3,2004
20209,Kansas,Wyandotte County,8.0,2008
20209,Kansas,Wyandotte County,8.4,2012
20209,Kansas,Wyandotte County,5.5,2016
20209,Kansas,Wyandotte County,7.9,2020
21001,Kentucky,Adair County,5.0,2000
21001,Kentucky,Adair County,5.4,2004
21001,Kentucky,Adair County,6.9,2008
21001,Kentucky,Adair County,9.5,2012
21001,Kentucky,Adair County,6.5,2016
21001,Kentucky,Adair County,7.0,2020
21003,Kentucky,Allen County,4.3,2000
21003,Kentucky,Allen County,6.6,2004
21003,Kentucky,Allen County,7.1,2008
21003,Kentucky,Allen County,8.0,2012
21003,Kentucky,Allen County,4.2,2016
21003,Kentucky,Allen County,5.4,2020
21005,Kentucky,Anderson County,3.4,2000
21005,Kentucky,Anderson County,4.3,2004
21005,Kentucky,Anderson County,6.5,2008
21005,Kentucky,Anderson County,6.9,2012
21005,Kentucky,Anderson County,4.0,2016
21005,Kentucky,Anderson County,5.9,2020
21007,Kentucky,Ballard County,5.9,2000
21007,Kentucky,Ballard County,7.0,2004
21007,Kentucky,Ballard County,6.3,2008
21007,Kentucky,Ballard County,9.2,2012
21007,Kentucky,Ballard County,8.8,2016
21007,Kentucky,Ballard County,6.4,2020
21009,Kentucky,Barren County,4.6,2000
21009,Kentucky,Barren County,4.6,2004
21009,Kentucky,Barren County,6.2,2008
21009,Kentucky,Barren County,7.9,2012
21009,Kentucky,Barren County,4.6,2016
21009,Kentucky,Barren County,7.4,2020
21011,Kentucky,Bath County,6.1,2000
21011,Kentucky,Bath County,7.0,2004
21011,Kentucky,Bath County,9.0,2008
21011,Kentucky,Bath County,10.5,2012
21011,Kentucky,Bath County,7.3,2016
21011,Kentucky,Bath County,8.1,2020
21013,Kentucky,Bell County,6.5,2000
21013,Kentucky,Bell County,7.1,2004
21013,Kentucky,Bell County,9.0,2008
21013,Kentucky,Bell County,12.0,2012
21013,Kentucky,Bell County,9.1,2016
21013,Kentucky,Bell County,7.6,2020
21015,Kentucky,Boone County,2.9,2000
21015,Kentucky,Boone County,4.4,2004
21015,Kentucky,Boone County,5.5,2008
21015,Kentucky,Boone County,6.9,2012
21015,Kentucky,Boone County,3.8,2016
21015,Kentucky,Boone County,5.3,2020
21017,Kentucky,Bourbon County,3.3,2000
21017,Kentucky,Bourbon County,4.9,2004
21017,Kentucky,Bourbon County,5.9,2008
21017,Kentucky,Bourbon County,7.3,2012
21017,Kentucky,Bourbon County,4.7,2016
21017,Kentucky,Bourbon County,5.7,2020
21019,Kentucky,Boyd County,5.7,2000
21019,Kentucky,Boyd County,6.2,2004
21019,Kentucky,Boyd County,5.9,2008
21019,Kentucky,Boyd County,9.4,2012
21019,Kentucky,Boyd County,8.0,2016
21019,Kentucky,Boyd County,8.2,2020
21021,Kentucky,Boyle County,3.9,2000
21021,Kentucky,Boyle County,6.6,2004
21021,Kentucky,Boyle County,6.8,2008
21021,Kentucky,Boyle County,9.0,2012
21021,Kentucky,Boyle County,4.9,2016
21021,Kentucky,Boyle County,7.1,2020
21023,Kentucky,Bracken County,3.5,2000
21023,Kentucky,Bracken County,5.8,2004
21023,Kentucky,Bracken County,7.3,2008
21023,Kentucky,Bracken County,9.5,2012
21023,Kentucky,Bracken County,5.9,2016
21023,Kentucky,Bracken County,6.1,2020
21025,Kentucky,Breathitt County,6.7,2000
21025,Kentucky,Breathitt County,7.4,2004
21025,Kentucky,Breathitt County,7.4,2008
21025,Kentucky,Breathitt County,14.5,2012
21025,Kentucky,Breathitt County,9.7,2016
21025,Kentucky,Breathitt County,10.0,2020
21027,Kentucky,Breckinridge County,4.7,2000
21027,Kentucky,Breckinridge County,6.5,2004
21027,Kentucky,Breckinridge County,7.5,2008
21027,Kentucky,Breckinridge County,9.7,2012
21027,Kentucky,Breckinridge County,6.2,2016
21027,Kentucky,Breckinridge County,7.1,2020
21029,Kentucky,Bullitt County,3.2,2000
21029,Kentucky,Bullitt County,5.1,2004
21029,Kentucky,Bullitt County,7.0,2008
21029,Kentucky,Bullitt County,8.1,2012
21029,Kentucky,Bullitt County,4.1,2016
21029,Kentucky,Bullitt County,6.2,2020
21031,Kentucky,Butler County,4.0,2000
21031,Kentucky,Butler County,7.2,2004
21031,Kentucky,Butler County,8.0,2008
21031,Kentucky,Butler County,9.0,2012
21031,Kentucky,Butler County,5.4,2016
21031,Kentucky,Butler County,6.9,2020
21033,Kentucky,Caldwell County,4.4,2000
21033,Kentucky,Caldwell County,5.2,2004
21033,Kentucky,Caldwell County,6.6,2008
21033,Kentucky,Caldwell County,8.4,2012
21033,Kentucky,Caldwell County,5.4,2016
21033,Kentucky,Caldwell County,6.0,2020
21035,Kentucky,Calloway County,3.9,2000
21035,Kentucky,Calloway County,5.4,2004
21035,Kentucky,Calloway County,5.9,2008
21035,Kentucky,Calloway County,7.1,2012
21035,Kentucky,Calloway County,4.5,2016
21035,Kentucky,Calloway County,6.1,2020
21037,Kentucky,Campbell County,3.3,2000
21037,Kentucky,Campbell County,4.8,2004
21037,Kentucky,Campbell County,6.1,2008
21037,Kentucky,Campbell County,7.0,2012
21037,Kentucky,Campbell County,3.8,2016
21037,Kentucky,Campbell County,5.4,2020
21039,Kentucky,Carlisle County,6.1,2000
21039,Kentucky,Carlisle County,7.5,2004
21039,Kentucky,Carlisle County,6.6,2008
21039,Kentucky,Carlisle County,8.0,2012
21039,Kentucky,Carlisle County,6.4,2016
21039,Kentucky,Carlisle County,4.6,2020
21041,Kentucky,Carroll County,4.3,2000
21041,Kentucky,Carroll County,5.4,2004
21041,Kentucky,Carroll County,7.5,2008
21041,Kentucky,Carroll County,10.3,2012
21041,Kentucky,Carroll County,4.9,2016
21041,Kentucky,Carroll County,5.8,2020
21043,Kentucky,Carter County,7.1,2000
21043,Kentucky,Carter County,8.5,2004
21043,Kentucky,Carter County,8.2,2008
21043,Kentucky,Carter County,12.6,2012
21043,Kentucky,Carter County,10.4,2016
21043,Kentucky,Carter County,9.4,2020
21045,Kentucky,Casey County,4.5,2000
21045,Kentucky,Casey County,6.3,2004
21045,Kentucky,Casey County,6.4,2008
21045,Kentucky,Casey County,8.4,2012
21045,Kentucky,Casey County,4.8,2016
21045,Kentucky,Casey County,6.1,2020
21047,Kentucky,Christian County,4.7,2000
21047,Kentucky,Christian County,6.0,2004
21047,Kentucky,Christian County,8.4,2008
21047,Kentucky,Christian County,9.4,2012
21047,Kentucky,Christian County,6.1,2016
21047,Kentucky,Christian County,7.8,2020
21049,Kentucky,Clark County,3.7,2000
21049,Kentucky,Clark County,5.2,2004
21049,Kentucky,Clark County,6.4,2008
21049,Kentucky,Clark County,8.2,2012
21049,Kentucky,Clark County,4.7,2016
21049,Kentucky,Clark County,6.4,2020
21051,Kentucky,Clay County,6.5,2000
21051,Kentucky,Clay County,7.7,2004
21051,Kentucky,Clay County,10.5,2008
21051,Kentucky,Clay County,14.1,2012
21051,Kentucky,Clay County,10.0,2016
21051,Kentucky,Clay County,8.3,2020
21053,Kentucky,Clinton County,5.0,2000
21053,Kentucky,Clinton County,6.9,2004
21053,Kentucky,Clinton County,6.5,2008
21053,Kentucky,Clinton County,11.0,2012
21053,Kentucky,Clinton County,7.4,2016
21053,Kentucky,Clinton County,5.0,2020
21055,Kentucky,Crittenden County,6.4,2000
21055,Kentucky,Crittenden County,6.0,2004
21055,Kentucky,Crittenden County,6.6,2008
21055,Kentucky,Crittenden County,7.7,2012
21055,Kentucky,Crittenden County,5.2,2016
21055,Kentucky,Crittenden County,5.4,2020
21057,Kentucky,Cumberland County,5.6,2000
21057,Kentucky,Cumberland County,7.1,2004
21057,Kentucky,Cumberland County,7.9,2008
21057,Kentucky,Cumberland County,10.8,2012
21057,Kentucky,Cumberland County,5.6,2016
21057,Kentucky,Cumberland County,4.8,2020
21059,Kentucky,Daviess County,4.2,2000
21059,Kentucky,Daviess County,5.4,2004
21059,Kentucky,Daviess County,5.8,2008
21059,Kentucky,Daviess County,7.0,2012
21059,Kentucky,Daviess County,4.4,2016
21059,Kentucky,Daviess County,5.9,2020
21061,Kentucky,Edmonson County,4.9,2000
21061,Kentucky,Edmonson County,6.0,2004
21061,Kentucky,Edmonson County,7.6,2008
21061,Kentucky,Edmonson County,10.0,2012
21061,Kentucky,Edmonson County,6.1,2016
21061,Kentucky,Edmonson County,7.5,2020
21063,Kentucky,Elliott County,8.8,2000
21063,Kentucky,Elliott County,10.3,2004
21063,Kentucky,Elliott County,8.4,2008
21063,Kentucky,Elliott County,14.4,2012
21063,Kentucky,Elliott County,11.4,2016
21063,Kentucky,Elliott County,9.8,2020
21065,Kentucky,Estill County,4.7,2000
21065,Kentucky,Estill County,7.5,2004
21065,Kentucky,Estill County,7.8,2008
21065,Kentucky,Estill County,10.0,2012
21065,Kentucky,Estill County,5.8,2016
21065,Kentucky,Estill County,7.4,2020
21067,Kentucky,Fayette County,2.9,2000
21067,Kentucky,Fayette County,4.1,2004
21067,Kentucky,Fayette County,4.9,2008
21067,Kentucky,Fayette County,5.9,2012
21067,Kentucky,Fayette County,3.5,2016
21067,Kentucky,Fayette County,5.6,2020
21069,Kentucky,Fleming County,4.6,2000
21069,Kentucky,Fleming County,6.1,2004
21069,Kentucky,Fleming County,7.3,2008
21069,Kentucky,Fleming County,9.1,2012
21069,Kentucky,Fleming County,6.2,2016
21069,Kentucky,Fleming County,7.2,2020
21071,Kentucky,Floyd County,6.9,2000
21071,Kentucky,Floyd County,7.2,2004
21071,Kentucky,Floyd County,6.8,2008
21071,Kentucky,Floyd County,11.7,2012
21071,Kentucky,Floyd County,11.2,2016
21071,Kentucky,Floyd County,8.9,2020
21073,Kentucky,Franklin County,3.3,2000
21073,Kentucky,Franklin County,4.2,2004
21073,Kentucky,Franklin County,5.9,2008
21073,Kentucky,Franklin County,6.7,2012
21073,Kentucky,Franklin County,4.0,2016
21073,Kentucky,Franklin County,6.4,2020
21075,Kentucky,Fulton County,5.2,2000
21075,Kentucky,Fulton County,9.2,2004
21075,Kentucky,Fulton County,7.7,2008
21075,Kentucky,Fulton County,11.3,2012
21075,Kentucky,Fulton County,6.8,2016
21075,Kentucky,Fulton County,6.5,2020
21077,Kentucky,Gallatin County,3.9,2000
21077,Kentucky,Gallatin County,5.7,2004
21077,Kentucky,Gallatin County,7.1,2008
21077,Kentucky,Gallatin County,9.4,2012
21077,Kentucky,Gallatin County,4.8,2016
21077,Kentucky,Gallatin County,5.9,2020
21079,Kentucky,Garrard County,3.5,2000
21079,Kentucky,Garrard County,5.7,2004
21079,Kentucky,Garrard County,6.6,2008
21079,Kentucky,Garrard County,8.5,2012
21079,Kentucky,Garrard County,4.8,2016
21079,Kentucky,Garrard County,6.2,2020
21081,Kentucky,Grant County,3.8,2000
21081,Kentucky,Grant County,5.4,2004
21081,Kentucky,Grant County,7.1,2008
21081,Kentucky,Grant County,9.1,2012
21081,Kentucky,Grant County,4.8,2016
21081,Kentucky,Grant County,6.9,2020
21083,Kentucky,Graves County,4.9,2000
21083,Kentucky,Graves County,7.4,2004
21083,Kentucky,Graves County,7.0,2008
21083,Kentucky,Graves County,8.3,2012
21083,Kentucky,Graves County,6.1,2016
21083,Kentucky,Graves County,5.8,2020
21085,Kentucky,Grayson County,5.1,2000
21085,Kentucky,Grayson County,7.2,2004
21085,Kentucky,Grayson County,10.0,2008
21085,Kentucky,Grayson County,10.3,2012
21085,Kentucky,Grayson County,6.6,2016
21085,Kentucky,Grayson County,7.6,2020
21087,Kentucky,Green County,4.5,2000
21087,Kentucky,Green County,5.5,2004
21087,Kentucky,Green County,7.8,2008
21087,Kentucky,Green County,8.4,2012
21087,Kentucky,Green County,4.4,2016
21087,Kentucky,Green County,5.3,2020
21089,Kentucky,Greenup County,5.8,2000
21089,Kentucky,Greenup County,6.4,2004
21089,Kentucky,Greenup County,6.3,2008
21089,Kentucky,Greenup County,10.0,2012
21089,Kentucky,Greenup County,8.5,2016
21089,Kentucky,Greenup County,8.7,2020
21091,Kentucky,Hancock County,4.9,2000
21091,Kentucky,Hancock County,5.9,2004
21091,Kentucky,Hancock County,5.9,2008
21091,Kentucky,Hancock County,7.2,2012
21091,Kentucky,Hancock County,5.3,2016
21091,Kentucky,Hancock County,6.0,2020
21093,Kentucky,Hardin County,4.3,2000
21093,Kentucky,Hardin County,5.5,2004
21093,Kentucky,Hardin County,6.3,2008
21093,Kentucky,Hardin County,8.2,2012
21093,Kentucky,Hardin County,4.4,2016
21093,Kentucky,Hardin County,7.0,2020
21095,Kentucky,Harlan County,8.2,2000
21095,Kentucky,Harlan County,7.6,2004
21095,Kentucky,Harlan County,8.9,2008
21095,Kentucky,Harlan County,14.2,2012
21095,Kentucky,Harlan County,13.0,2016
21095,Kentucky,Harlan County,11.5,2020
21097,Kentucky,Harrison County,3.5,2000
21097,Kentucky,Harrison County,5.8,2004
21097,Kentucky,Harrison County,6.4,2008
21097,Kentucky,Harrison County,7.9,2012
21097,Kentucky,Harrison County,4.7,2016
21097,Kentucky,Harrison County,6.0,2020
21099,Kentucky,Hart County,4.7,2000
21099,Kentucky,Hart County,5.3,2004
21099,Kentucky,Hart County,6.6,2008
21099,Kentucky,Hart County,8.3,2012
21099,Kentucky,Hart County,4.7,2016
21099,Kentucky,Hart County,6.4,2020
21101,Kentucky,Henderson County,3.5,2000
21101,Kentucky,Henderson County,4.7,2004
21101,Kentucky,Henderson County,6.2,2008
21101,Kentucky,Henderson County,7.6,2012
21101,Kentucky,Henderson County,4.7,2016
21101,Kentucky,Henderson County,6.0,2020
21103,Kentucky,Henry County,3.1,2000
21103,Kentucky,Henry County,4.9,2004
21103,Kentucky,Henry County,6.3,2008
21103,Kentucky,Henry County,7.3,2012
21103,Kentucky,Henry County,4.0,2016
21103,Kentucky,Henry County,5.7,2020
21105,Kentucky,Hickman County,4.6,2000
21105,Kentucky,Hickman County,9.2,2004
21105,Kentucky,Hickman County,7.1,2008
21105,Kentucky,Hickman County,8.1,2012
21105,Kentucky,Hickman County,5.9,2016
21105,Kentucky,Hickman County,5.2,2020
21107,Kentucky,Hopkins County,5.3,2000
21107,Kentucky,Hopkins County,5.5,2004
21107,Kentucky,Hopkins County,7.4,2008
21107,Kentucky,Hopkins County,7.8,2012
21107,Kentucky,Hopkins County,5.6,2016
21107,Kentucky,Hopkins County,7.2,2020
21109,Kentucky,Jackson County,5.6,2000
21109,Kentucky,Jackson County,6.5,2004
21109,Kentucky,Jackson County,11.4,2008
21109,Kentucky,Jackson County,11.8,2012
21109,Kentucky,Jackson County,7.8,2016
21109,Kentucky,Jackson County,8.4,2020
21111,Kentucky,Jefferson County,3.6,2000
21111,Kentucky,Jefferson County,5.4,2004
21111,Kentucky,Jefferson County,6.4,2008
21111,Kentucky,Jefferson County,8.0,2012
21111,Kentucky,Jefferson County,4.4,2016
21111,Kentucky,Jefferson County,6.7,2020
21113,Kentucky,Jessamine County,2.9,2000
21113,Kentucky,Jessamine County,4.4,2004
21113,Kentucky,Jessamine County,5.6,2008
21113,Kentucky,Jessamine County,6.7,2012
21113,Kentucky,Jessamine County,3.9,2016
21113,Kentucky,Jessamine County,5.5,2020
21115,Kentucky,Johnson County,5.7,2000
21115,Kentucky,Johnson County,6.6,2004
21115,Kentucky,Johnson County,7.0,2008
21115,Kentucky,Johnson County,10.2,2012
21115,Kentucky,Johnson County,10.2,2016
21115,Kentucky,Johnson County,8.4,2020
21117,Kentucky,Kenton County,3.2,2000
21117,Kentucky,Kenton County,4.6,2004
21117,Kentucky,Kenton County,6.0,2008
21117,Kentucky,Kenton County,7.4,2012
21117,Kentucky,Kenton County,4.1,2016
21117,Kentucky,Kenton County,5.6,2020
21119,Kentucky,Knott County,7.3,2000
21119,Kentucky,Knott County,6.3,2004
21119,Kentucky,Knott County,6.8,2008
21119,Kentucky,Knott County,13.9,2012
21119,Kentucky,Knott County,11.4,2016
21119,Kentucky,Knott County,8.3,2020
21121,Kentucky,Knox County,5.7,2000
21121,Kentucky,Knox County,6.6,2004
21121,Kentucky,Knox County,7.7,2008
21121,Kentucky,Knox County,12.9,2012
21121,Kentucky,Knox County,7.9,2016
21121,Kentucky,Knox County,8.0,2020
21123,Kentucky,Larue County,4.4,2000
21123,Kentucky,Larue County,5.1,2004
21123,Kentucky,Larue County,6.6,2008
21123,Kentucky,Larue County,8.6,2012
21123,Kentucky,Larue County,4.5,2016
21123,Kentucky,Larue County,7.1,2020
21125,Kentucky,Laurel County,4.1,2000
21125,Kentucky,Laurel County,5.7,2004
21125,Kentucky,Laurel County,6.7,2008
21125,Kentucky,Laurel County,10.2,2012
21125,Kentucky,Laurel County,6.1,2016
21125,Kentucky,Laurel County,6.8,2020
21127,Kentucky,Lawrence County,6.9,2000
21127,Kentucky,Lawrence County,8.1,2004
21127,Kentucky,Lawrence County,8.6,2008
21127,Kentucky,Lawrence County,10.6,2012
21127,Kentucky,Lawrence County,10.8,2016
21127,Kentucky,Lawrence County,8.1,2020
21129,Kentucky,Lee County,5.8,2000
21129,Kentucky,Lee County,7.7,2004
21129,Kentucky,Lee County,7.4,2008
21129,Kentucky,Lee County,12.7,2012
21129,Kentucky,Lee County,9.6,2016
21129,Kentucky,Lee County,6.8,2020
21131,Kentucky,Leslie County,5.8,2000
21131,Kentucky,Leslie County,8.4,2004
21131,Kentucky,Leslie County,8.3,2008
21131,Kentucky,Leslie County,14.3,2012
21131,Kentucky,Leslie County,13.3,2016
21131,Kentucky,Leslie County,10.6,2020
21133,Kentucky,Letcher County,7.8,2000
21133,Kentucky,Letcher County,7.2,2004
21133,Kentucky,Letcher County,6.9,2008
21133,Kentucky,Letcher County,13.5,2012
21133,Kentucky,Letcher County,12.3,2016
21133,Kentucky,Letcher County,9.9,2020
21135,Kentucky,Lewis County,8.5,2000
21135,Kentucky,Lewis County,8.4,2004
21135,Kentucky,Lewis County,9.6,2008
21135,Kentucky,Lewis County,11.7,2012
21135,Kentucky,Lewis County,9.7,2016
21135,Kentucky,Lewis County,9.3,2020
21137,Kentucky,Lincoln County,4.0,2000
21137,Kentucky,Lincoln County,7.3,2004
21137,Kentucky,Lincoln County,7.5,2008
21137,Kentucky,Lincoln County,10.3,2012
21137,Kentucky,Lincoln County,6.0,2016
21137,Kentucky,Lincoln County,7.8,2020
21139,Kentucky,Livingston County,5.6,2000
21139,Kentucky,Livingston County,6.3,2004
21139,Kentucky,Livingston County,6.1,2008
21139,Kentucky,Livingston County,9.8,2012
21139,Kentucky,Livingston County,7.1,2016
21139,Kentucky,Livingston County,7.4,2020
21141,Kentucky,Logan County,3.6,2000
21141,Kentucky,Logan County,5.8,2004
21141,Kentucky,Logan County,6.4,2008
21141,Kentucky,Logan County,7.6,2012
21141,Kentucky,Logan County,4.3,2016
21141,Kentucky,Logan County,5.4,2020
21143,Kentucky,Lyon County,5.6,2000
21143,Kentucky,Lyon County,7.1,2004
21143,Kentucky,Lyon County,7.7,2008
21143,Kentucky,Lyon County,9.2,2012
21143,Kentucky,Lyon County,5.8,2016
21143,Kentucky,Lyon County,5.2,2020
21145,Kentucky,Mccracken County,4.6,2000
21145,Kentucky,Mccracken County,5.5,2004
21145,Kentucky,Mccracken County,5.8,2008
21145,Kentucky,Mccracken County,8.0,2012
21145,Kentucky,Mccracken County,5.7,2016
21145,Kentucky,Mccracken County,6.9,2020
21147,Kentucky,Mccreary County,6.6,2000
21147,Kentucky,Mccreary County,7.9,2004
21147,Kentucky,Mccreary County,9.7,2008
21147,Kentucky,Mccreary County,13.3,2012
21147,Kentucky,Mccreary County,8.0,2016
21147,Kentucky,Mccreary County,7.1,2020
21149,Kentucky,Mclean County,5.0,2000
21149,Kentucky,Mclean County,6.6,2004
21149,Kentucky,Mclean County,7.2,2008
21149,Kentucky,Mclean County,7.7,2012
21149,Kentucky,Mclean County,4.8,2016
21149,Kentucky,Mclean County,5.6,2020
21151,Kentucky,Madison County,3.5,2000
21151,Kentucky,Madison County,5.1,2004
21151,Kentucky,Madison County,5.6,2008
21151,Kentucky,Madison County,6.8,2012
21151,Kentucky,Madison County,4.1,2016
21151,Kentucky,Madison County,5.9,2020
21153,Kentucky,Magoffin County,10.4,2000
21153,Kentucky,Magoffin County,12.8,2004
21153,Kentucky,Magoffin County,10.8,2008
21153,Kentucky,Magoffin County,17.3,2012
21153,Kentucky,Magoffin County,19.6,2016
21153,Kentucky,Magoffin County,15.7,2020
21155,Kentucky,Marion County,5.0,2000
21155,Kentucky,Marion County,5.1,2004
21155,Kentucky,Marion County,6.5,2008
21155,Kentucky,Marion County,8.9,2012
21155,Kentucky,Marion County,4.2,2016
21155,Kentucky,Marion County,7.7,2020
21157,Kentucky,Marshall County,5.1,2000
21157,Kentucky,Marshall County,6.7,2004
21157,Kentucky,Marshall County,6.4,2008
21157,Kentucky,Marshall County,8.1,2012
21157,Kentucky,Marshall County,5.7,2016
21157,Kentucky,Marshall County,6.0,2020
21159,Kentucky,Martin County,7.2,2000
21159,Kentucky,Martin County,7.5,2004
21159,Kentucky,Martin County,7.7,2008
21159,Kentucky,Martin County,9.2,2012
21159,Kentucky,Martin County,10.2,2016
21159,Kentucky,Martin County,11.4,2020
21161,Kentucky,Mason County,3.7,2000
21161,Kentucky,Mason County,5.8,2004
21161,Kentucky,Mason County,6.0,2008
21161,Kentucky,Mason County,9.5,2012
21161,Kentucky,Mason County,6.3,2016
21161,Kentucky,Mason County,7.8,2020
21163,Kentucky,Meade County,4.0,2000
21163,Kentucky,Meade County,6.0,2004
21163,Kentucky,Meade County,7.8,2008
21163,Kentucky,Meade County,9.8,2012
21163,Kentucky,Meade County,5.1,2016
21163,Kentucky,Meade County,7.0,2020
21165,Kentucky,Menifee County,6.2,2000
21165,Kentucky,Menifee County,7.1,2004
21165,Kentucky,Menifee County,10.0,2008
21165,Kentucky,Menifee County,11.7,2012
21165,Kentucky,Menifee County,8.6,2016
21165,Kentucky,Menifee County,8.7,2020
21167,Kentucky,Mercer County,3.8,2000
21167,Kentucky,Mercer County,5.3,2004
21167,Kentucky,Mercer County,6.3,2008
21167,Kentucky,Mercer County,8.3,2012
21167,Kentucky,Mercer County,4.8,2016
21167,Kentucky,Mercer County,7.1,2020
21169,Kentucky,Metcalfe County,4.5,2000
21169,Kentucky,Metcalfe County,4.6,2004
21169,Kentucky,Metcalfe County,7.1,2008
21169,Kentucky,Metcalfe County,8.0,2012
21169,Kentucky,Metcalfe County,4.5,2016
21169,Kentucky,Metcalfe County,7.7,2020
21171,Kentucky,Monroe County,8.0,2000
21171,Kentucky,Monroe County,5.3,2004
21171,Kentucky,Monroe County,8.4,2008
21171,Kentucky,Monroe County,7.3,2012
21171,Kentucky,Monroe County,4.2,2016
21171,Kentucky,Monroe County,5.3,2020
21173,Kentucky,Montgomery County,4.3,2000
21173,Kentucky,Montgomery County,6.6,2004
21173,Kentucky,Montgomery County,7.4,2008
21173,Kentucky,Montgomery County,8.9,2012
21173,Kentucky,Montgomery County,6.4,2016
21173,Kentucky,Montgomery County,7.8,2020
21175,Kentucky,Morgan County,6.4,2000
21175,Kentucky,Morgan County,8.8,2004
21175,Kentucky,Morgan County,9.8,2008
21175,Kentucky,Morgan County,10.7,2012
21175,Kentucky,Morgan County,7.9,2016
21175,Kentucky,Morgan County,6.6,2020
21177,Kentucky,Muhlenberg County,5.8,2000
21177,Kentucky,Muhlenberg County,7.6,2004
21177,Kentucky,Muhlenberg County,8.6,2008
21177,Kentucky,Muhlenberg County,9.9,2012
21177,Kentucky,Muhlenberg County,7.2,2016
21177,Kentucky,Muhlenberg County,8.5,2020
21179,Kentucky,Nelson County,4.1,2000
21179,Kentucky,Nelson County,5.2,2004
21179,Kentucky,Nelson County,7.4,2008
21179,Kentucky,Nelson County,8.3,2012
21179,Kentucky,Nelson County,4.5,2016
21179,Kentucky,Nelson County,6.8,2020
21181,Kentucky,Nicholas County,7.0,2000
21181,Kentucky,Nicholas County,6.6,2004
21181,Kentucky,Nicholas County,7.3,2008
21181,Kentucky,Nicholas County,8.3,2012
21181,Kentucky,Nicholas County,5.7,2016
21181,Kentucky,Nicholas County,6.8,2020
21183,Kentucky,Ohio County,5.1,2000
21183,Kentucky,Ohio County,6.3,2004
21183,Kentucky,Ohio County,6.4,2008
21183,Kentucky,Ohio County,8.7,2012
21183,Kentucky,Ohio County,6.6,2016
21183,Kentucky,Ohio County,7.0,2020
21185,Kentucky,Oldham County,3.0,2000
21185,Kentucky,Oldham County,4.1,2004
21185,Kentucky,Oldham County,5.7,2008
21185,Kentucky,Oldham County,5.9,2012
21185,Kentucky,Oldham County,3.4,2016
21185,Kentucky,Oldham County,4.7,2020
21187,Kentucky,Owen County,3.6,2000
21187,Kentucky,Owen County,5.2,2004
21187,Kentucky,Owen County,6.5,2008
21187,Kentucky,Owen County,6.6,2012
21187,Kentucky,Owen County,4.2,2016
21187,Kentucky,Owen County,6.3,2020
21189,Kentucky,Owsley County,5.6,2000
21189,Kentucky,Owsley County,7.5,2004
21189,Kentucky,Owsley County,8.1,2008
21189,Kentucky,Owsley County,12.9,2012
21189,Kentucky,Owsley County,9.6,2016
21189,Kentucky,Owsley County,9.4,2020
21191,Kentucky,Pendleton County,3.4,2000
21191,Kentucky,Pendleton County,5.0,2004
21191,Kentucky,Pendleton County,7.8,2008
21191,Kentucky,Pendleton County,8.9,2012
21191,Kentucky,Pendleton County,4.7,2016
21191,Kentucky,Pendleton County,5.1,2020
21193,Kentucky,Perry County,6.6,2000
21193,Kentucky,Perry County,7.8,2004
21193,Kentucky,Perry County,6.9,2008
21193,Kentucky,Perry County,12.6,2012
21193,Kentucky,Perry County,10.7,2016
21193,Kentucky,Perry County,8.7,2020
21195,Kentucky,Pike County,6.1,2000
21195,Kentucky,Pike County,6.6,2004
21195,Kentucky,Pike County,5.9,2008
21195,Kentucky,Pike County,9.7,2012
21195,Kentucky,Pike County,10.7,2016
21195,Kentucky,Pike County,8.2,2020
21197,Kentucky,Powell County,4.9,2000
21197,Kentucky,Powell County,8.3,2004
21197,Kentucky,Powell County,8.7,2008
21197,Kentucky,Powell County,11.0,2012
21197,Kentucky,Powell County,7.1,2016
21197,Kentucky,Powell County,7.2,2020
21199,Kentucky,Pulaski County,4.3,2000
21199,Kentucky,Pulaski County,5.5,2004
21199,Kentucky,Pulaski County,6.8,2008
21199,Kentucky,Pulaski County,9.5,2012
21199,Kentucky,Pulaski County,5.4,2016
21199,Kentucky,Pulaski County,7.2,2020
21201,Kentucky,Robertson County,4.3,2000
21201,Kentucky,Robertson County,5.9,2004
21201,Kentucky,Robertson County,6.2,2008
21201,Kentucky,Robertson County,10.5,2012
21201,Kentucky,Robertson County,6.1,2016
21201,Kentucky,Robertson County,5.9,2020
21203,Kentucky,Rockcastle County,4.7,2000
21203,Kentucky,Rockcastle County,5.7,2004
21203,Kentucky,Rockcastle County,7.4,2008
21203,Kentucky,Rockcastle County,10.3,2012
21203,Kentucky,Rockcastle County,6.0,2016
21203,Kentucky,Rockcastle County,7.2,2020
21205,Kentucky,Rowan County,4.3,2000
21205,Kentucky,Rowan County,5.1,2004
21205,Kentucky,Rowan County,6.1,2008
21205,Kentucky,Rowan County,8.4,2012
21205,Kentucky,Rowan County,5.9,2016
21205,Kentucky,Rowan County,7.3,2020
21207,Kentucky,Russell County,5.7,2000
21207,Kentucky,Russell County,6.1,2004
21207,Kentucky,Russell County,7.4,2008
21207,Kentucky,Russell County,10.4,2012
21207,Kentucky,Russell County,8.3,2016
21207,Kentucky,Russell County,8.1,2020
21209,Kentucky,Scott County,3.1,2000
21209,Kentucky,Scott County,4.6,2004
21209,Kentucky,Scott County,5.5,2008
21209,Kentucky,Scott County,6.6,2012
21209,Kentucky,Scott County,3.7,2016
21209,Kentucky,Scott County,6.1,2020
21211,Kentucky,Shelby County,3.0,2000
21211,Kentucky,Shelby County,4.5,2004
21211,Kentucky,Shelby County,5.8,2008
21211,Kentucky,Shelby County,6.3,2012
21211,Kentucky,Shelby County,3.5,2016
21211,Kentucky,Shelby County,5.3,2020
21213,Kentucky,Simpson County,3.4,2000
21213,Kentucky,Simpson County,4.9,2004
21213,Kentucky,Simpson County,6.5,2008
21213,Kentucky,Simpson County,8.6,2012
21213,Kentucky,Simpson County,4.4,2016
21213,Kentucky,Simpson County,7.1,2020
21215,Kentucky,Spencer County,3.0,2000
21215,Kentucky,Spencer County,4.7,2004
21215,Kentucky,Spencer County,7.4,2008
21215,Kentucky,Spencer County,7.1,2012
21215,Kentucky,Spencer County,3.7,2016
21215,Kentucky,Spencer County,5.6,2020
21217,Kentucky,Taylor County,5.1,2000
21217,Kentucky,Taylor County,5.1,2004
21217,Kentucky,Taylor County,6.1,2008
21217,Kentucky,Taylor County,9.6,2012
21217,Kentucky,Taylor County,4.9,2016
21217,Kentucky,Taylor County,5.9,2020
21219,Kentucky,Todd County,4.1,2000
21219,Kentucky,Todd County,4.6,2004
21219,Kentucky,Todd County,7.2,2008
21219,Kentucky,Todd County,7.6,2012
21219,Kentucky,Todd County,4.4,2016
21219,Kentucky,Todd County,4.7,2020
21221,Kentucky,Trigg County,4.4,2000
21221,Kentucky,Trigg County,5.1,2004
21221,Kentucky,Trigg County,7.8,2008
21221,Kentucky,Trigg County,9.4,2012
21221,Kentucky,Trigg County,5.5,2016
21221,Kentucky,Trigg County,6.8,2020
21223,Kentucky,Trimble County,3.7,2000
21223,Kentucky,Trimble County,5.4,2004
21223,Kentucky,Trimble County,7.3,2008
21223,Kentucky,Trimble County,9.1,2012
21223,Kentucky,Trimble County,5.3,2016
21223,Kentucky,Trimble County,6.6,2020
21225,Kentucky,Union County,4.7,2000
21225,Kentucky,Union County,5.4,2004
21225,Kentucky,Union County,6.6,2008
21225,Kentucky,Union County,7.8,2012
21225,Kentucky,Union County,6.7,2016
21225,Kentucky,Union County,6.2,2020
21227,Kentucky,Warren County,3.7,2000
21227,Kentucky,Warren County,4.6,2004
21227,Kentucky,Warren County,5.4,2008
21227,Kentucky,Warren County,7.0,2012
21227,Kentucky,Warren County,3.9,2016
21227,Kentucky,Warren County,6.4,2020
21229,Kentucky,Washington County,4.1,2000
21229,Kentucky,Washington County,5.5,2004
21229,Kentucky,Washington County,7.3,2008
21229,Kentucky,Washington County,7.5,2012
21229,Kentucky,Washington County,4.2,2016
21229,Kentucky,Washington County,6.2,2020
21231,Kentucky,Wayne County,5.4,2000
21231,Kentucky,Wayne County,5.6,2004
21231,Kentucky,Wayne County,8.4,2008
21231,Kentucky,Wayne County,13.0,2012
21231,Kentucky,Wayne County,7.6,2016
21231,Kentucky,Wayne County,6.3,2020
21233,Kentucky,Webster County,4.5,2000
21233,Kentucky,Webster County,4.4,2004
21233,Kentucky,Webster County,6.4,2008
21233,Kentucky,Webster County,7.1,2012
21233,Kentucky,Webster County,5.9,2016
21233,Kentucky,Webster County,6.3,2020
21235,Kentucky,Whitley County,4.8,2000
21235,Kentucky,Whitley County,5.8,2004
21235,Kentucky,Whitley County,7.4,2008
21235,Kentucky,Whitley County,10.7,2012
21235,Kentucky,Whitley County,6.5,2016
21235,Kentucky,Whitley County,7.0,2020
21237,Kentucky,Wolfe County,8.4,2000
21237,Kentucky,Wolfe County,9.7,2004
21237,Kentucky,Wolfe County,9.9,2008
21237,Kentucky,Wolfe County,14.3,2012
21237,Kentucky,Wolfe County,10.0,2016
21237,Kentucky,Wolfe County,7.5,2020
21239,Kentucky,Woodford County,2.7,2000
21239,Kentucky,Woodford County,3.8,2004
21239,Kentucky,Woodford County,4.8,2008
21239,Kentucky,Woodford County,5.4,2012
21239,Kentucky,Woodford County,3.2,2016
21239,Kentucky,Woodford County,4.9,2020
22001,Louisiana,Acadia Parish,5.7,2000
22001,Louisiana,Acadia Parish,5.5,2004
22001,Louisiana,Acadia Parish,4.0,2008
22001,Louisiana,Acadia Parish,5.7,2012
22001,Louisiana,Acadia Parish,7.4,2016
22001,Louisiana,Acadia Parish,7.7,2020
22003,Louisiana,Allen Parish,6.6,2000
22003,Louisiana,Allen Parish,8.1,2004
22003,Louisiana,Allen Parish,5.9,2008
22003,Louisiana,Allen Parish,7.6,2012
22003,Louisiana,Allen Parish,6.4,2016
22003,Louisiana,Allen Parish,9.6,2020
22005,Louisiana,Ascension Parish,5.1,2000
22005,Louisiana,Ascension Parish,6.3,2004
22005,Louisiana,Ascension Parish,4.1,2008
22005,Louisiana,Ascension Parish,5.8,2012
22005,Louisiana,Ascension Parish,4.9,2016
22005,Louisiana,Ascension Parish,7.0,2020
22007,Louisiana,Assumption Parish,6.2,2000
22007,Louisiana,Assumption Parish,8.1,2004
22007,Louisiana,Assumption Parish,5.5,2008
22007,Louisiana,Assumption Parish,9.3,2012
22007,Louisiana,Assumption Parish,8.4,2016
22007,Louisiana,Assumption Parish,10.6,2020
22009,Louisiana,Avoyelles Parish,6.2,2000
22009,Louisiana,Avoyelles Parish,7.8,2004
22009,Louisiana,Avoyelles Parish,5.7,2008
22009,Louisiana,Avoyelles Parish,7.2,2012
22009,Louisiana,Avoyelles Parish,7.1,2016
22009,Louisiana,Avoyelles Parish,8.4,2020
22011,Louisiana,Beauregard Parish,5.2,2000
22011,Louisiana,Beauregard Parish,6.4,2004
22011,Louisiana,Beauregard Parish,5.2,2008
22011,Louisiana,Beauregard Parish,7.2,2012
22011,Louisiana,Beauregard Parish,6.1,2016
22011,Louisiana,Beauregard Parish,7.1,2020
22013,Louisiana,Bienville Parish,6.5,2000
22013,Louisiana,Bienville Parish,8.1,2004
22013,Louisiana,Bienville Parish,6.1,2008
22013,Louisiana,Bienville Parish,8.6,2012
22013,Louisiana,Bienville Parish,7.6,2016
22013,Louisiana,Bienville Parish,8.1,2020
22015,Louisiana,Bossier Parish,4.7,2000
22015,Louisiana,Bossier Parish,5.3,2004
22015,Louisiana,Bossier Parish,4.2,2008
22015,Louisiana,Bossier Parish,5.5,2012
22015,Louisiana,Bossier Parish,5.3,2016
22015,Louisiana,Bossier Parish,6.6,2020
22017,Louisiana,Caddo Parish,5.0,2000
22017,Louisiana,Caddo Parish,6.0,2004
22017,Louisiana,Caddo Parish,5.4,2008
22017,Louisiana,Caddo Parish,7.4,2012
22017,Louisiana,Caddo Parish,6.6,2016
22017,Louisiana,Caddo Parish,9.4,2020
22019,Louisiana,Calcasieu Parish,4.9,2000
22019,Louisiana,Calcasieu Parish,5.4,2004
22019,Louisiana,Calcasieu Parish,4.2,2008
22019,Louisiana,Calcasieu Parish,6.6,2012
22019,Louisiana,Calcasieu Parish,4.8,2016
22019,Louisiana,Calcasieu Parish,9.5,2020
22021,Louisiana,Caldwell Parish,6.6,2000
22021,Louisiana,Caldwell Parish,8.3,2004
22021,Louisiana,Caldwell Parish,4.9,2008
22021,Louisiana,Caldwell Parish,8.3,2012
22021,Louisiana,Caldwell Parish,7.6,2016
22021,Louisiana,Caldwell Parish,7.8,2020
22023,Louisiana,Cameron Parish,4.9,2000
22023,Louisiana,Cameron Parish,5.0,2004
22023,Louisiana,Cameron Parish,4.2,2008
22023,Louisiana,Cameron Parish,5.0,2012
22023,Louisiana,Cameron Parish,4.4,2016
22023,Louisiana,Cameron Parish,6.1,2020
22025,Louisiana,Catahoula Parish,9.1,2000
22025,Louisiana,Catahoula Parish,7.7,2004
22025,Louisiana,Catahoula Parish,6.4,2008
22025,Louisiana,Catahoula Parish,8.5,2012
22025,Louisiana,Catahoula Parish,9.3,2016
22025,Louisiana,Catahoula Parish,7.5,2020
22027,Louisiana,Claiborne Parish,6.2,2000
22027,Louisiana,Claiborne Parish,6.5,2004
22027,Louisiana,Claiborne Parish,5.9,2008
22027,Louisiana,Claiborne Parish,7.1,2012
22027,Louisiana,Claiborne Parish,6.7,2016
22027,Louisiana,Claiborne Parish,7.0,2020
22029,Louisiana,Concordia Parish,8.2,2000
22029,Louisiana,Concordia Parish,9.8,2004
22029,Louisiana,Concordia Parish,7.0,2008
22029,Louisiana,Concordia Parish,8.4,2012
22029,Louisiana,Concordia Parish,8.3,2016
22029,Louisiana,Concordia Parish,8.7,2020
22031,Louisiana,De Soto Parish,6.0,2000
22031,Louisiana,De Soto Parish,7.3,2004
22031,Louisiana,De Soto Parish,6.8,2008
22031,Louisiana,De Soto Parish,8.6,2012
22031,Louisiana,De Soto Parish,7.4,2016
22031,Louisiana,De Soto Parish,7.6,2020
22033,Louisiana,East Baton Rouge Parish,4.5,2000
22033,Louisiana,East Baton Rouge Parish,5.5,2004
22033,Louisiana,East Baton Rouge Parish,4.4,2008
22033,Louisiana,East Baton Rouge Parish,6.4,2012
22033,Louisiana,East Baton Rouge Parish,5.2,2016
22033,Louisiana,East Baton Rouge Parish,8.2,2020
22035,Louisiana,East Carroll Parish,9.4,2000
22035,Louisiana,East Carroll Parish,13.2,2004
22035,Louisiana,East Carroll Parish,10.0,2008
22035,Louisiana,East Carroll Parish,19.3,2012
22035,Louisiana,East Carroll Parish,11.6,2016
22035,Louisiana,East Carroll Parish,12.5,2020
22037,Louisiana,East Feliciana Parish,5.6,2000
22037,Louisiana,East Feliciana Parish,6.9,2004
22037,Louisiana,East Feliciana Parish,5.1,2008
22037,Louisiana,East Feliciana Parish,7.2,2012
22037,Louisiana,East Feliciana Parish,5.8,2016
22037,Louisiana,East Feliciana Parish,7.1,2020
22039,Louisiana,Evangeline Parish,5.8,2000
22039,Louisiana,Evangeline Parish,6.6,2004
22039,Louisiana,Evangeline Parish,5.1,2008
22039,Louisiana,Evangeline Parish,7.1,2012
22039,Louisiana,Evangeline Parish,7.4,2016
22039,Louisiana,Evangeline Parish,8.2,2020
22041,Louisiana,Franklin Parish,7.1,2000
22041,Louisiana,Franklin Parish,8.8,2004
22041,Louisiana,Franklin Parish,7.2,2008
22041,Louisiana,Franklin Parish,9.9,2012
22041,Louisiana,Franklin Parish,9.1,2016
22041,Louisiana,Franklin Parish,8.6,2020
22043,Louisiana,Grant Parish,6.1,2000
22043,Louisiana,Grant Parish,6.6,2004
22043,Louisiana,Grant Parish,5.0,2008
22043,Louisiana,Grant Parish,7.6,2012
22043,Louisiana,Grant Parish,7.0,2016
22043,Louisiana,Grant Parish,6.9,2020
22045,Louisiana,Iberia Parish,5.6,2000
22045,Louisiana,Iberia Parish,6.0,2004
22045,Louisiana,Iberia Parish,4.1,2008
22045,Louisiana,Iberia Parish,6.5,2012
22045,Louisiana,Iberia Parish,9.4,2016
22045,Louisiana,Iberia Parish,10.0,2020
22047,Louisiana,Iberville Parish,6.9,2000
22047,Louisiana,Iberville Parish,8.7,2004
22047,Louisiana,Iberville Parish,6.5,2008
22047,Louisiana,Iberville Parish,9.0,2012
22047,Louisiana,Iberville Parish,6.9,2016
22047,Louisiana,Iberville Parish,10.4,2020
22049,Louisiana,Jackson Parish,5.5,2000
22049,Louisiana,Jackson Parish,6.5,2004
22049,Louisiana,Jackson Parish,4.7,2008
22049,Louisiana,Jackson Parish,6.5,2012
22049,Louisiana,Jackson Parish,5.6,2016
22049,Louisiana,Jackson Parish,5.7,2020
22051,Louisiana,Jefferson Parish,4.5,2000
22051,Louisiana,Jefferson Parish,4.7,2004
22051,Louisiana,Jefferson Parish,4.2,2008
22051,Louisiana,Jefferson Parish,6.4,2012
22051,Louisiana,Jefferson Parish,5.3,2016
22051,Louisiana,Jefferson Parish,9.6,2020
22053,Louisiana,Jefferson Davis Parish,5.7,2000
22053,Louisiana,Jefferson Davis Parish,4.9,2004
22053,Louisiana,Jefferson Davis Parish,3.8,2008
22053,Louisiana,Jefferson Davis Parish,6.2,2012
22053,Louisiana,Jefferson Davis Parish,6.0,2016
22053,Louisiana,Jefferson Davis Parish,8.0,2020
22055,Louisiana,Lafayette Parish,4.0,2000
22055,Louisiana,Lafayette Parish,4.3,2004
22055,Louisiana,Lafayette Parish,3.2,2008
22055,Louisiana,Lafayette Parish,4.8,2012
22055,Louisiana,Lafayette Parish,6.1,2016
22055,Louisiana,Lafayette Parish,7.4,2020
22057,Louisiana,Lafourche Parish,4.4,2000
22057,Louisiana,Lafourche Parish,4.8,2004
22057,Louisiana,Lafourche Parish,3.3,2008
22057,Louisiana,Lafourche Parish,5.0,2012
22057,Louisiana,Lafourche Parish,6.3,2016
22057,Louisiana,Lafourche Parish,6.9,2020
22059,Louisiana,Lasalle Parish,5.7,2000
22059,Louisiana,Lasalle Parish,6.1,2004
22059,Louisiana,Lasalle Parish,3.8,2008
22059,Louisiana,Lasalle Parish,4.8,2012
22059,Louisiana,Lasalle Parish,6.6,2016
22059,Louisiana,Lasalle Parish,5.1,2020
22061,Louisiana,Lincoln Parish,5.3,2000
22061,Louisiana,Lincoln Parish,6.3,2004
22061,Louisiana,Lincoln Parish,5.2,2008
22061,Louisiana,Lincoln Parish,8.2,2012
22061,Louisiana,Lincoln Parish,6.2,2016
22061,Louisiana,Lincoln Parish,6.6,2020
22063,Louisiana,Livingston Parish,5.5,2000
22063,Louisiana,Livingston Parish,6.3,2004
22063,Louisiana,Livingston Parish,4.1,2008
22063,Louisiana,Livingston Parish,6.1,2012
22063,Louisiana,Livingston Parish,5.1,2016
22063,Louisiana,Livingston Parish,6.7,2020
22065,Louisiana,Madison Parish,7.8,2000
22065,Louisiana,Madison Parish,9.5,2004
22065,Louisiana,Madison Parish,7.5,2008
22065,Louisiana,Madison Parish,11.5,2012
22065,Louisiana,Madison Parish,9.0,2016
22065,Louisiana,Madison Parish,9.0,2020
22067,Louisiana,Morehouse Parish,7.4,2000
22067,Louisiana,Morehouse Parish,9.8,2004
22067,Louisiana,Morehouse Parish,8.5,2008
22067,Louisiana,Morehouse Parish,12.5,2012
22067,Louisiana,Morehouse Parish,9.7,2016
22067,Louisiana,Morehouse Parish,10.3,2020
22069,Louisiana,Natchitoches Parish,5.7,2000
22069,Louisiana,Natchitoches Parish,6.2,2004
22069,Louisiana,Natchitoches Parish,5.8,2008
22069,Louisiana,Natchitoches Parish,8.5,2012
22069,Louisiana,Natchitoches Parish,6.7,2016
22069,Louisiana,Natchitoches Parish,7.2,2020
22071,Louisiana,Orleans Parish,5.3,2000
22071,Louisiana,Orleans Parish,5.7,2004
22071,Louisiana,Orleans Parish,5.7,2008
22071,Louisiana,Orleans Parish,7.5,2012
22071,Louisiana,Orleans Parish,5.9,2016
22071,Louisiana,Orleans Parish,12.4,2020
22073,Louisiana,Ouachita Parish,4.6,2000
22073,Louisiana,Ouachita Parish,5.4,2004
22073,Louisiana,Ouachita Parish,4.9,2008
22073,Louisiana,Ouachita Parish,7.4,2012
22073,Louisiana,Ouachita Parish,6.1,2016
22073,Louisiana,Ouachita Parish,7.8,2020
22075,Louisiana,Plaquemines Parish,5.7,2000
22075,Louisiana,Plaquemines Parish,5.3,2004
22075,Louisiana,Plaquemines Parish,4.5,2008
22075,Louisiana,Plaquemines Parish,5.7,2012
22075,Louisiana,Plaquemines Parish,5.4,2016
22075,Louisiana,Plaquemines Parish,7.4,2020
22077,Louisiana,Pointe Coupee Parish,6.1,2000
22077,Louisiana,Pointe Coupee Parish,7.2,2004
22077,Louisiana,Pointe Coupee Parish,5.0,2008
22077,Louisiana,Pointe Coupee Parish,7.8,2012
22077,Louisiana,Pointe Coupee Parish,6.5,2016
22077,Louisiana,Pointe Coupee Parish,8.3,2020
22079,Louisiana,Rapides Parish,5.3,2000
22079,Louisiana,Rapides Parish,5.4,2004
22079,Louisiana,Rapides Parish,4.4,2008
22079,Louisiana,Rapides Parish,6.7,2012
22079,Louisiana,Rapides Parish,6.2,2016
22079,Louisiana,Rapides Parish,6.6,2020
22081,Louisiana,Red River Parish,6.8,2000
22081,Louisiana,Red River Parish,9.6,2004
22081,Louisiana,Red River Parish,7.4,2008
22081,Louisiana,Red River Parish,7.0,2012
22081,Louisiana,Red River Parish,6.0,2016
22081,Louisiana,Red River Parish,6.6,2020
22083,Louisiana,Richland Parish,6.7,2000
22083,Louisiana,Richland Parish,8.0,2004
22083,Louisiana,Richland Parish,6.2,2008
22083,Louisiana,Richland Parish,9.3,2012
22083,Louisiana,Richland Parish,7.4,2016
22083,Louisiana,Richland Parish,8.1,2020
22085,Louisiana,Sabine Parish,5.1,2000
22085,Louisiana,Sabine Parish,5.9,2004
22085,Louisiana,Sabine Parish,4.7,2008
22085,Louisiana,Sabine Parish,6.6,2012
22085,Louisiana,Sabine Parish,6.9,2016
22085,Louisiana,Sabine Parish,5.9,2020
22087,Louisiana,St. Bernard Parish,5.3,2000
22087,Louisiana,St. Bernard Parish,5.2,2004
22087,Louisiana,St. Bernard Parish,4.3,2008
22087,Louisiana,St. Bernard Parish,7.6,2012
22087,Louisiana,St. Bernard Parish,6.1,2016
22087,Louisiana,St. Bernard Parish,10.4,2020
22089,Louisiana,St. Charles Parish,5.4,2000
22089,Louisiana,St. Charles Parish,5.1,2004
22089,Louisiana,St. Charles Parish,4.5,2008
22089,Louisiana,St. Charles Parish,6.3,2012
22089,Louisiana,St. Charles Parish,5.3,2016
22089,Louisiana,St. Charles Parish,8.1,2020
22091,Louisiana,St. Helena Parish,5.6,2000
22091,Louisiana,St. Helena Parish,6.5,2004
22091,Louisiana,St. Helena Parish,8.4,2008
22091,Louisiana,St. Helena Parish,11.5,2012
22091,Louisiana,St. Helena Parish,7.7,2016
22091,Louisiana,St. Helena Parish,12.1,2020
22093,Louisiana,St. James Parish,8.4,2000
22093,Louisiana,St. James Parish,9.5,2004
22093,Louisiana,St. James Parish,7.1,2008
22093,Louisiana,St. James Parish,9.7,2012
22093,Louisiana,St. James Parish,7.5,2016
22093,Louisiana,St. James Parish,10.3,2020
22095,Louisiana,St. John The Baptist Parish,6.6,2000
22095,Louisiana,St. John The Baptist Parish,6.6,2004
22095,Louisiana,St. John The Baptist Parish,5.8,2008
22095,Louisiana,St. John The Baptist Parish,8.8,2012
22095,Louisiana,St. John The Baptist Parish,6.8,2016
22095,Louisiana,St. John The Baptist Parish,11.6,2020
22097,Louisiana,St. Landry Parish,6.3,2000
22097,Louisiana,St. Landry Parish,6.3,2004
22097,Louisiana,St. Landry Parish,5.1,2008
22097,Louisiana,St. Landry Parish,7.9,2012
22097,Louisiana,St. Landry Parish,8.1,2016
22097,Louisiana,St. Landry Parish,9.1,2020
22099,Louisiana,St. Martin Parish,5.4,2000
22099,Louisiana,St. Martin Parish,5.4,2004
22099,Louisiana,St. Martin Parish,4.0,2008
22099,Louisiana,St. Martin Parish,5.9,2012
22099,Louisiana,St. Martin Parish,7.8,2016
22099,Louisiana,St. Martin Parish,8.6,2020
22101,Louisiana,St. Mary Parish,7.2,2000
22101,Louisiana,St. Mary Parish,8.4,2004
22101,Louisiana,St. Mary Parish,4.6,2008
22101,Louisiana,St. Mary Parish,7.1,2012
22101,Louisiana,St. Mary Parish,9.4,2016
22101,Louisiana,St. Mary Parish,9.6,2020
22103,Louisiana,St. Tammany Parish,4.2,2000
22103,Louisiana,St. Tammany Parish,4.2,2004
22103,Louisiana,St. Tammany Parish,3.8,2008
22103,Louisiana,St. Tammany Parish,5.6,2012
22103,Louisiana,St. Tammany Parish,5.0,2016
22103,Louisiana,St. Tammany Parish,7.0,2020
22105,Louisiana,Tangipahoa Parish,6.3,2000
22105,Louisiana,Tangipahoa Parish,6.6,2004
22105,Louisiana,Tangipahoa Parish,5.4,2008
22105,Louisiana,Tangipahoa Parish,8.1,2012
22105,Louisiana,Tangipahoa Parish,6.8,2016
22105,Louisiana,Tangipahoa Parish,10.0,2020
22107,Louisiana,Tensas Parish,7.4,2000
22107,Louisiana,Tensas Parish,8.3,2004
22107,Louisiana,Tensas Parish,8.1,2008
22107,Louisiana,Tensas Parish,10.3,2012
22107,Louisiana,Tensas Parish,9.8,2016
22107,Louisiana,Tensas Parish,8.9,2020
22109,Louisiana,Terrebonne Parish,4.5,2000
22109,Louisiana,Terrebonne Parish,4.9,2004
22109,Louisiana,Terrebonne Parish,3.6,2008
22109,Louisiana,Terrebonne Parish,5.1,2012
22109,Louisiana,Terrebonne Parish,7.0,2016
22109,Louisiana,Terrebonne Parish,8.1,2020
22111,Louisiana,Union Parish,5.5,2000
22111,Louisiana,Union Parish,6.3,2004
22111,Louisiana,Union Parish,5.2,2008
22111,Louisiana,Union Parish,7.9,2012
22111,Louisiana,Union Parish,6.6,2016
22111,Louisiana,Union Parish,7.5,2020
22113,Louisiana,Vermilion Parish,5.2,2000
22113,Louisiana,Vermilion Parish,5.7,2004
22113,Louisiana,Vermilion Parish,4.2,2008
22113,Louisiana,Vermilion Parish,5.5,2012
22113,Louisiana,Vermilion Parish,7.6,2016
22113,Louisiana,Vermilion Parish,7.8,2020
22115,Louisiana,Vernon Parish,6.0,2000
22115,Louisiana,Vernon Parish,5.2,2004
22115,Louisiana,Vernon Parish,4.6,2008
22115,Louisiana,Vernon Parish,7.9,2012
22115,Louisiana,Vernon Parish,7.3,2016
22115,Louisiana,Vernon Parish,7.6,2020
22117,Louisiana,Washington Parish,6.0,2000
22117,Louisiana,Washington Parish,7.3,2004
22117,Louisiana,Washington Parish,6.2,2008
22117,Louisiana,Washington Parish,8.4,2012
22117,Louisiana,Washington Parish,7.0,2016
22117,Louisiana,Washington Parish,8.6,2020
22119,Louisiana,Webster Parish,6.0,2000
22119,Louisiana,Webster Parish,6.7,2004
22119,Louisiana,Webster Parish,5.9,2008
22119,Louisiana,Webster Parish,9.2,2012
22119,Louisiana,Webster Parish,8.5,2016
22119,Louisiana,Webster Parish,8.3,2020
22121,Louisiana,West Baton Rouge Parish,5.1,2000
22121,Louisiana,West Baton Rouge Parish,6.6,2004
22121,Louisiana,West Baton Rouge Parish,4.7,2008
22121,Louisiana,West Baton Rouge Parish,6.6,2012
22121,Louisiana,West Baton Rouge Parish,5.3,2016
22121,Louisiana,West Baton Rouge Parish,7.5,2020
22123,Louisiana,West Carroll Parish,9.3,2000
22123,Louisiana,West Carroll Parish,12.6,2004
22123,Louisiana,West Carroll Parish,9.9,2008
22123,Louisiana,West Carroll Parish,13.0,2012
22123,Louisiana,West Carroll Parish,12.0,2016
22123,Louisiana,West Carroll Parish,10.6,2020
22125,Louisiana,West Feliciana Parish,6.6,2000
22125,Louisiana,West Feliciana Parish,6.8,2004
22125,Louisiana,West Feliciana Parish,5.5,2008
22125,Louisiana,West Feliciana Parish,5.8,2012
22125,Louisiana,West Feliciana Parish,5.2,2016
22125,Louisiana,West Feliciana Parish,5.8,2020
22127,Louisiana,Winn Parish,6.4,2000
22127,Louisiana,Winn Parish,6.5,2004
22127,Louisiana,Winn Parish,5.4,2008
22127,Louisiana,Winn Parish,8.1,2012
22127,Louisiana,Winn Parish,7.8,2016
22127,Louisiana,Winn Parish,7.5,2020
23001,Maine,Androscoggin County,3.4,2000
23001,Maine,Androscoggin County,4.5,2004
23001,Maine,Androscoggin County,5.4,2008
23001,Maine,Androscoggin County,7.5,2012
23001,Maine,Androscoggin County,3.6,2016
23001,Maine,Androscoggin County,5.1,2020
23003,Maine,Aroostook County,4.2,2000
23003,Maine,Aroostook County,6.2,2004
23003,Maine,Aroostook County,6.8,2008
23003,Maine,Aroostook County,9.0,2012
23003,Maine,Aroostook County,5.4,2016
23003,Maine,Aroostook County,5.1,2020
23005,Maine,Cumberland County,2.5,2000
23005,Maine,Cumberland County,3.4,2004
23005,Maine,Cumberland County,4.1,2008
23005,Maine,Cumberland County,5.8,2012
23005,Maine,Cumberland County,2.9,2016
23005,Maine,Cumberland County,4.9,2020
23007,Maine,Franklin County,5.0,2000
23007,Maine,Franklin County,5.7,2004
23007,Maine,Franklin County,6.9,2008
23007,Maine,Franklin County,8.3,2012
23007,Maine,Franklin County,4.5,2016
23007,Maine,Franklin County,5.7,2020
23009,Maine,Hancock County,4.0,2000
23009,Maine,Hancock County,5.1,2004
23009,Maine,Hancock County,5.9,2008
23009,Maine,Hancock County,8.3,2012
23009,Maine,Hancock County,4.5,2016
23009,Maine,Hancock County,5.4,2020
23011,Maine,Kennebec County,3.5,2000
23011,Maine,Kennebec County,4.8,2004
23011,Maine,Kennebec County,5.2,2008
23011,Maine,Kennebec County,6.9,2012
23011,Maine,Kennebec County,3.6,2016
23011,Maine,Kennebec County,4.6,2020
23013,Maine,Knox County,2.7,2000
23013,Maine,Knox County,3.6,2004
23013,Maine,Knox County,5.1,2008
23013,Maine,Knox County,6.6,2012
23013,Maine,Knox County,3.5,2016
23013,Maine,Knox County,5.0,2020
23015,Maine,Lincoln County,3.0,2000
23015,Maine,Lincoln County,3.9,2004
23015,Maine,Lincoln County,5.0,2008
23015,Maine,Lincoln County,7.0,2012
23015,Maine,Lincoln County,3.7,2016
23015,Maine,Lincoln County,4.9,2020
23017,Maine,Oxford County,4.0,2000
23017,Maine,Oxford County,5.7,2004
23017,Maine,Oxford County,6.8,2008
23017,Maine,Oxford County,9.3,2012
23017,Maine,Oxford County,4.6,2016
23017,Maine,Oxford County,6.1,2020
23019,Maine,Penobscot County,3.7,2000
23019,Maine,Penobscot County,5.5,2004
23019,Maine,Penobscot County,5.6,2008
23019,Maine,Penobscot County,7.5,2012
23019,Maine,Penobscot County,4.3,2016
23019,Maine,Penobscot County,5.0,2020
23021,Maine,Piscataquis County,5.2,2000
23021,Maine,Piscataquis County,6.9,2004
23021,Maine,Piscataquis County,8.2,2008
23021,Maine,Piscataquis County,9.1,2012
23021,Maine,Piscataquis County,5.0,2016
23021,Maine,Piscataquis County,5.1,2020
23023,Maine,Sagadahoc County,2.6,2000
23023,Maine,Sagadahoc County,3.7,2004
23023,Maine,Sagadahoc County,4.7,2008
23023,Maine,Sagadahoc County,6.4,2012
23023,Maine,Sagadahoc County,3.0,2016
23023,Maine,Sagadahoc County,4.4,2020
23025,Maine,Somerset County,4.7,2000
23025,Maine,Somerset County,7.4,2004
23025,Maine,Somerset County,7.7,2008
23025,Maine,Somerset County,9.6,2012
23025,Maine,Somerset County,5.6,2016
23025,Maine,Somerset County,6.2,2020
23027,Maine,Waldo County,3.9,2000
23027,Maine,Waldo County,5.1,2004
23027,Maine,Waldo County,6.1,2008
23027,Maine,Waldo County,7.9,2012
23027,Maine,Waldo County,4.2,2016
23027,Maine,Waldo County,4.8,2020
23029,Maine,Washington County,5.9,2000
23029,Maine,Washington County,7.6,2004
23029,Maine,Washington County,8.3,2008
23029,Maine,Washington County,9.9,2012
23029,Maine,Washington County,5.5,2016
23029,Maine,Washington County,5.8,2020
23031,Maine,York County,2.6,2000
23031,Maine,York County,4.0,2004
23031,Maine,York County,4.8,2008
23031,Maine,York County,6.7,2012
23031,Maine,York County,3.4,2016
23031,Maine,York County,5.0,2020
24001,Maryland,Allegany County,5.9,2000
24001,Maryland,Allegany County,6.6,2004
24001,Maryland,Allegany County,6.0,2008
24001,Maryland,Allegany County,8.8,2012
24001,Maryland,Allegany County,6.0,2016
24001,Maryland,Allegany County,7.4,2020
24003,Maryland,Anne Arundel County,3.0,2000
24003,Maryland,Anne Arundel County,4.0,2004
24003,Maryland,Anne Arundel County,4.0,2008
24003,Maryland,Anne Arundel County,5.9,2012
24003,Maryland,Anne Arundel County,3.7,2016
24003,Maryland,Anne Arundel County,5.5,2020
24005,Maryland,Baltimore County,3.7,2000
24005,Maryland,Baltimore County,4.8,2004
24005,Maryland,Baltimore County,4.7,2008
24005,Maryland,Baltimore County,7.2,2012
24005,Maryland,Baltimore County,4.5,2016
24005,Maryland,Baltimore County,6.5,2020
24009,Maryland,Calvert County,3.0,2000
24009,Maryland,Calvert County,3.7,2004
24009,Maryland,Calvert County,3.7,2008
24009,Maryland,Calvert County,6.2,2012
24009,Maryland,Calvert County,3.7,2016
24009,Maryland,Calvert County,5.0,2020
24011,Maryland,Caroline County,3.6,2000
24011,Maryland,Caroline County,5.1,2004
24011,Maryland,Caroline County,5.7,2008
24011,Maryland,Caroline County,7.6,2012
24011,Maryland,Caroline County,4.6,2016
24011,Maryland,Caroline County,5.3,2020
24013,Maryland,Carroll County,2.9,2000
24013,Maryland,Carroll County,3.8,2004
24013,Maryland,Carroll County,3.9,2008
24013,Maryland,Carroll County,5.8,2012
24013,Maryland,Carroll County,3.5,2016
24013,Maryland,Carroll County,4.8,2020
24015,Maryland,Cecil County,3.5,2000
24015,Maryland,Cecil County,4.7,2004
24015,Maryland,Cecil County,5.4,2008
24015,Maryland,Cecil County,8.2,2012
24015,Maryland,Cecil County,5.0,2016
24015,Maryland,Cecil County,5.6,2020
24017,Maryland,Charles County,2.9,2000
24017,Maryland,Charles County,3.7,2004
24017,Maryland,Charles County,3.8,2008
24017,Maryland,Charles County,6.6,2012
24017,Maryland,Charles County,4.1,2016
24017,Maryland,Charles County,6.4,2020
24019,Maryland,Dorchester County,5.1,2000
24019,Maryland,Dorchester County,6.3,2004
24019,Maryland,Dorchester County,7.2,2008
24019,Maryland,Dorchester County,10.7,2012
24019,Maryland,Dorchester County,6.0,2016
24019,Maryland,Dorchester County,6.3,2020
24021,Maryland,Frederick County,2.7,2000
24021,Maryland,Frederick County,3.6,2004
24021,Maryland,Frederick County,3.9,2008
24021,Maryland,Frederick County,6.0,2012
24021,Maryland,Frederick County,3.8,2016
24021,Maryland,Frederick County,5.6,2020
24023,Maryland,Garrett County,5.1,2000
24023,Maryland,Garrett County,5.3,2004
24023,Maryland,Garrett County,5.2,2008
24023,Maryland,Garrett County,8.2,2012
24023,Maryland,Garrett County,5.5,2016
24023,Maryland,Garrett County,6.3,2020
24025,Maryland,Harford County,3.2,2000
24025,Maryland,Harford County,4.4,2004
24025,Maryland,Harford County,4.4,2008
24025,Maryland,Harford County,6.9,2012
24025,Maryland,Harford County,4.1,2016
24025,Maryland,Harford County,5.5,2020
24027,Maryland,Howard County,2.5,2000
24027,Maryland,Howard County,3.5,2004
24027,Maryland,Howard County,3.3,2008
24027,Maryland,Howard County,4.9,2012
24027,Maryland,Howard County,3.2,2016
24027,Maryland,Howard County,4.9,2020
24029,Maryland,Kent County,3.8,2000
24029,Maryland,Kent County,4.6,2004
24029,Maryland,Kent County,5.1,2008
24029,Maryland,Kent County,7.5,2012
24029,Maryland,Kent County,4.7,2016
24029,Maryland,Kent County,6.3,2020
24031,Maryland,Montgomery County,2.6,2000
24031,Maryland,Montgomery County,3.5,2004
24031,Maryland,Montgomery County,3.4,2008
24031,Maryland,Montgomery County,5.1,2012
24031,Maryland,Montgomery County,3.3,2016
24031,Maryland,Montgomery County,6.0,2020
24033,Maryland,Prince George'S County,3.7,2000
24033,Maryland,Prince George'S County,4.8,2004
24033,Maryland,Prince George'S County,4.6,2008
24033,Maryland,Prince George'S County,7.2,2012
24033,Maryland,Prince George'S County,4.3,2016
24033,Maryland,Prince George'S County,7.8,2020
24035,Maryland,Queen Anne'S County,3.0,2000
24035,Maryland,Queen Anne'S County,3.9,2004
24035,Maryland,Queen Anne'S County,4.3,2008
24035,Maryland,Queen Anne'S County,6.2,2012
24035,Maryland,Queen Anne'S County,3.8,2016
24035,Maryland,Queen Anne'S County,5.2,2020
24037,Maryland,St. Mary'S County,3.2,2000
24037,Maryland,St. Mary'S County,3.7,2004
24037,Maryland,St. Mary'S County,3.8,2008
24037,Maryland,St. Mary'S County,6.1,2012
24037,Maryland,St. Mary'S County,4.1,2016
24037,Maryland,St. Mary'S County,4.6,2020
24039,Maryland,Somerset County,6.2,2000
24039,Maryland,Somerset County,7.0,2004
24039,Maryland,Somerset County,6.8,2008
24039,Maryland,Somerset County,11.1,2012
24039,Maryland,Somerset County,7.0,2016
24039,Maryland,Somerset County,8.1,2020
24041,Maryland,Talbot County,3.3,2000
24041,Maryland,Talbot County,4.4,2004
24041,Maryland,Talbot County,4.4,2008
24041,Maryland,Talbot County,7.1,2012
24041,Maryland,Talbot County,4.0,2016
24041,Maryland,Talbot County,5.8,2020
24043,Maryland,Washington County,3.6,2000
24043,Maryland,Washington County,4.9,2004
24043,Maryland,Washington County,5.9,2008
24043,Maryland,Washington County,7.7,2012
24043,Maryland,Washington County,4.9,2016
24043,Maryland,Washington County,6.5,2020
24045,Maryland,Wicomico County,4.1,2000
24045,Maryland,Wicomico County,4.8,2004
24045,Maryland,Wicomico County,5.5,2008
24045,Maryland,Wicomico County,9.3,2012
24045,Maryland,Wicomico County,6.0,2016
24045,Maryland,Wicomico County,7.2,2020
24047,Maryland,Worcester County,6.1,2000
24047,Maryland,Worcester County,7.3,2004
24047,Maryland,Worcester County,7.7,2008
24047,Maryland,Worcester County,12.8,2012
24047,Maryland,Worcester County,9.0,2016
24047,Maryland,Worcester County,10.9,2020
24510,Maryland,Baltimore City,5.9,2000
24510,Maryland,Baltimore City,7.8,2004
24510,Maryland,Baltimore City,6.9,2008
24510,Maryland,Baltimore City,10.0,2012
24510,Maryland,Baltimore City,6.4,2016
24510,Maryland,Baltimore City,8.5,2020
25001,Massachusetts,Barnstable County,3.6,2000
25001,Massachusetts,Barnstable County,4.9,2004
25001,Massachusetts,Barnstable County,5.8,2008
25001,Massachusetts,Barnstable County,8.3,2012
25001,Massachusetts,Barnstable County,5.1,2016
25001,Massachusetts,Barnstable County,10.7,2020
25003,Massachusetts,Berkshire County,3.0,2000
25003,Massachusetts,Berkshire County,4.6,2004
25003,Massachusetts,Berkshire County,5.1,2008
25003,Massachusetts,Berkshire County,7.4,2012
25003,Massachusetts,Berkshire County,4.7,2016
25003,Massachusetts,Berkshire County,9.9,2020
25005,Massachusetts,Bristol County,3.9,2000
25005,Massachusetts,Bristol County,6.1,2004
25005,Massachusetts,Bristol County,7.0,2008
25005,Massachusetts,Bristol County,8.8,2012
25005,Massachusetts,Bristol County,5.1,2016
25005,Massachusetts,Bristol County,10.7,2020
25007,Massachusetts,Dukes County,2.9,2000
25007,Massachusetts,Dukes County,4.0,2004
25007,Massachusetts,Dukes County,4.1,2008
25007,Massachusetts,Dukes County,8.9,2012
25007,Massachusetts,Dukes County,5.3,2016
25007,Massachusetts,Dukes County,10.3,2020
25009,Massachusetts,Essex County,2.9,2000
25009,Massachusetts,Essex County,5.6,2004
25009,Massachusetts,Essex County,5.6,2008
25009,Massachusetts,Essex County,7.1,2012
25009,Massachusetts,Essex County,4.1,2016
25009,Massachusetts,Essex County,10.3,2020
25011,Massachusetts,Franklin County,2.6,2000
25011,Massachusetts,Franklin County,4.2,2004
25011,Massachusetts,Franklin County,5.0,2008
25011,Massachusetts,Franklin County,6.1,2012
25011,Massachusetts,Franklin County,3.6,2016
25011,Massachusetts,Franklin County,7.9,2020
25013,Massachusetts,Hampden County,3.4,2000
25013,Massachusetts,Hampden County,6.1,2004
25013,Massachusetts,Hampden County,6.4,2008
25013,Massachusetts,Hampden County,8.6,2012
25013,Massachusetts,Hampden County,5.4,2016
25013,Massachusetts,Hampden County,10.9,2020
25015,Massachusetts,Hampshire County,2.3,2000
25015,Massachusetts,Hampshire County,4.0,2004
25015,Massachusetts,Hampshire County,4.4,2008
25015,Massachusetts,Hampshire County,5.8,2012
25015,Massachusetts,Hampshire County,3.8,2016
25015,Massachusetts,Hampshire County,7.5,2020
25017,Massachusetts,Middlesex County,2.3,2000
25017,Massachusetts,Middlesex County,4.4,2004
25017,Massachusetts,Middlesex County,4.3,2008
25017,Massachusetts,Middlesex County,5.4,2012
25017,Massachusetts,Middlesex County,3.3,2016
25017,Massachusetts,Middlesex County,7.6,2020
25019,Massachusetts,Nantucket County/Town,1.5,2000
25019,Massachusetts,Nantucket County/Town,2.5,2004
25019,Massachusetts,Nantucket County/Town,3.3,2008
25019,Massachusetts,Nantucket County/Town,7.9,2012
25019,Massachusetts,Nantucket County/Town,4.6,2016
25019,Massachusetts,Nantucket County/Town,11.8,2020
25021,Massachusetts,Norfolk County,2.4,2000
25021,Massachusetts,Norfolk County,4.5,2004
25021,Massachusetts,Norfolk County,4.7,2008
25021,Massachusetts,Norfolk County,5.7,2012
25021,Massachusetts,Norfolk County,3.5,2016
25021,Massachusetts,Norfolk County,8.7,2020
25023,Massachusetts,Plymouth County,2.8,2000
25023,Massachusetts,Plymouth County,5.1,2004
25023,Massachusetts,Plymouth County,5.6,2008
25023,Massachusetts,Plymouth County,7.0,2012
25023,Massachusetts,Plymouth County,4.2,2016
25023,Massachusetts,Plymouth County,9.9,2020
25025,Massachusetts,Suffolk County,3.1,2000
25025,Massachusetts,Suffolk County,5.6,2004
25025,Massachusetts,Suffolk County,5.2,2008
25025,Massachusetts,Suffolk County,6.2,2012
25025,Massachusetts,Suffolk County,3.7,2016
25025,Massachusetts,Suffolk County,10.2,2020
25027,Massachusetts,Worcester County,2.9,2000
25027,Massachusetts,Worcester County,5.5,2004
25027,Massachusetts,Worcester County,5.8,2008
25027,Massachusetts,Worcester County,7.2,2012
25027,Massachusetts,Worcester County,4.3,2016
25027,Massachusetts,Worcester County,9.2,2020
26001,Michigan,Alcona County,7.0,2000
26001,Michigan,Alcona County,10.7,2004
26001,Michigan,Alcona County,11.5,2008
26001,Michigan,Alcona County,12.5,2012
26001,Michigan,Alcona County,7.7,2016
26001,Michigan,Alcona County,10.4,2020
26003,Michigan,Alger County,5.5,2000
26003,Michigan,Alger County,7.7,2004
26003,Michigan,Alger County,9.5,2008
26003,Michigan,Alger County,11.8,2012
26003,Michigan,Alger County,8.3,2016
26003,Michigan,Alger County,11.2,2020
26005,Michigan,Allegan County,3.0,2000
26005,Michigan,Allegan County,6.4,2004
26005,Michigan,Allegan County,7.4,2008
26005,Michigan,Allegan County,7.3,2012
26005,Michigan,Allegan County,3.9,2016
26005,Michigan,Allegan County,7.6,2020
26007,Michigan,Alpena County,5.7,2000
26007,Michigan,Alpena County,8.3,2004
26007,Michigan,Alpena County,8.9,2008
26007,Michigan,Alpena County,9.6,2012
26007,Michigan,Alpena County,6.0,2016
26007,Michigan,Alpena County,8.0,2020
26009,Michigan,Antrim County,4.8,2000
26009,Michigan,Antrim County,7.8,2004
26009,Michigan,Antrim County,9.5,2008
26009,Michigan,Antrim County,11.4,2012
26009,Michigan,Antrim County,7.1,2016
26009,Michigan,Antrim County,10.1,2020
26011,Michigan,Arenac County,6.0,2000
26011,Michigan,Arenac County,9.6,2004
26011,Michigan,Arenac County,10.4,2008
26011,Michigan,Arenac County,12.6,2012
26011,Michigan,Arenac County,8.4,2016
26011,Michigan,Arenac County,11.7,2020
26013,Michigan,Baraga County,6.7,2000
26013,Michigan,Baraga County,11.2,2004
26013,Michigan,Baraga County,13.6,2008
26013,Michigan,Baraga County,13.9,2012
26013,Michigan,Baraga County,8.3,2016
26013,Michigan,Baraga County,12.3,2020
26015,Michigan,Barry County,3.4,2000
26015,Michigan,Barry County,5.6,2004
26015,Michigan,Barry County,6.5,2008
26015,Michigan,Barry County,6.8,2012
26015,Michigan,Barry County,4.0,2016
26015,Michigan,Barry County,7.7,2020
26017,Michigan,Bay County,4.2,2000
26017,Michigan,Bay County,7.3,2004
26017,Michigan,Bay County,7.6,2008
26017,Michigan,Bay County,8.6,2012
26017,Michigan,Bay County,5.5,2016
26017,Michigan,Bay County,9.5,2020
26019,Michigan,Benzie County,4.7,2000
26019,Michigan,Benzie County,7.4,2004
26019,Michigan,Benzie County,9.0,2008
26019,Michigan,Benzie County,10.3,2012
26019,Michigan,Benzie County,6.6,2016
26019,Michigan,Benzie County,9.7,2020
26021,Michigan,Berrien County,3.9,2000
26021,Michigan,Berrien County,7.4,2004
26021,Michigan,Berrien County,7.9,2008
26021,Michigan,Berrien County,8.9,2012
26021,Michigan,Berrien County,5.0,2016
26021,Michigan,Berrien County,9.1,2020
26023,Michigan,Branch County,3.9,2000
26023,Michigan,Branch County,6.9,2004
26023,Michigan,Branch County,8.4,2008
26023,Michigan,Branch County,8.7,2012
26023,Michigan,Branch County,4.9,2016
26023,Michigan,Branch County,8.4,2020
26025,Michigan,Calhoun County,4.3,2000
26025,Michigan,Calhoun County,6.7,2004
26025,Michigan,Calhoun County,7.5,2008
26025,Michigan,Calhoun County,8.2,2012
26025,Michigan,Calhoun County,4.8,2016
26025,Michigan,Calhoun County,10.1,2020
26027,Michigan,Cass County,3.3,2000
26027,Michigan,Cass County,4.6,2004
26027,Michigan,Cass County,6.8,2008
26027,Michigan,Cass County,8.3,2012
26027,Michigan,Cass County,4.7,2016
26027,Michigan,Cass County,9.2,2020
26029,Michigan,Charlevoix County,4.6,2000
26029,Michigan,Charlevoix County,7.5,2004
26029,Michigan,Charlevoix County,9.7,2008
26029,Michigan,Charlevoix County,10.7,2012
26029,Michigan,Charlevoix County,5.6,2016
26029,Michigan,Charlevoix County,10.2,2020
26031,Michigan,Cheboygan County,8.4,2000
26031,Michigan,Cheboygan County,9.3,2004
26031,Michigan,Cheboygan County,11.3,2008
26031,Michigan,Cheboygan County,11.7,2012
26031,Michigan,Cheboygan County,9.5,2016
26031,Michigan,Cheboygan County,14.8,2020
26033,Michigan,Chippewa County,6.6,2000
26033,Michigan,Chippewa County,8.7,2004
26033,Michigan,Chippewa County,9.6,2008
26033,Michigan,Chippewa County,9.9,2012
26033,Michigan,Chippewa County,7.7,2016
26033,Michigan,Chippewa County,9.4,2020
26035,Michigan,Clare County,5.6,2000
26035,Michigan,Clare County,9.5,2004
26035,Michigan,Clare County,11.6,2008
26035,Michigan,Clare County,11.7,2012
26035,Michigan,Clare County,7.4,2016
26035,Michigan,Clare County,12.0,2020
26037,Michigan,Clinton County,2.7,2000
26037,Michigan,Clinton County,5.2,2004
26037,Michigan,Clinton County,5.9,2008
26037,Michigan,Clinton County,6.0,2012
26037,Michigan,Clinton County,3.7,2016
26037,Michigan,Clinton County,6.8,2020
26039,Michigan,Crawford County,4.8,2000
26039,Michigan,Crawford County,7.3,2004
26039,Michigan,Crawford County,9.3,2008
26039,Michigan,Crawford County,11.6,2012
26039,Michigan,Crawford County,7.6,2016
26039,Michigan,Crawford County,10.9,2020
26041,Michigan,Delta County,5.5,2000
26041,Michigan,Delta County,7.7,2004
26041,Michigan,Delta County,8.4,2008
26041,Michigan,Delta County,9.8,2012
26041,Michigan,Delta County,6.6,2016
26041,Michigan,Delta County,9.1,2020
26043,Michigan,Dickinson County,4.3,2000
26043,Michigan,Dickinson County,6.3,2004
26043,Michigan,Dickinson County,6.9,2008
26043,Michigan,Dickinson County,8.3,2012
26043,Michigan,Dickinson County,5.2,2016
26043,Michigan,Dickinson County,7.4,2020
26045,Michigan,Eaton County,2.9,2000
26045,Michigan,Eaton County,5.2,2004
26045,Michigan,Eaton County,6.2,2008
26045,Michigan,Eaton County,6.8,2012
26045,Michigan,Eaton County,4.2,2016
26045,Michigan,Eaton County,7.9,2020
26047,Michigan,Emmet County,5.7,2000
26047,Michigan,Emmet County,7.8,2004
26047,Michigan,Emmet County,9.9,2008
26047,Michigan,Emmet County,11.8,2012
26047,Michigan,Emmet County,6.6,2016
26047,Michigan,Emmet County,10.7,2020
26049,Michigan,Genesee County,4.6,2000
26049,Michigan,Genesee County,8.0,2004
26049,Michigan,Genesee County,10.2,2008
26049,Michigan,Genesee County,10.0,2012
26049,Michigan,Genesee County,5.8,2016
26049,Michigan,Genesee County,11.6,2020
26051,Michigan,Gladwin County,5.5,2000
26051,Michigan,Gladwin County,10.2,2004
26051,Michigan,Gladwin County,10.8,2008
26051,Michigan,Gladwin County,11.7,2012
26051,Michigan,Gladwin County,7.0,2016
26051,Michigan,Gladwin County,10.1,2020
26053,Michigan,Gogebic County,6.5,2000
26053,Michigan,Gogebic County,7.8,2004
26053,Michigan,Gogebic County,8.5,2008
26053,Michigan,Gogebic County,11.0,2012
26053,Michigan,Gogebic County,6.2,2016
26053,Michigan,Gogebic County,8.1,2020
26055,Michigan,Grand Traverse County,3.5,2000
26055,Michigan,Grand Traverse County,6.3,2004
26055,Michigan,Grand Traverse County,7.4,2008
26055,Michigan,Grand Traverse County,8.2,2012
26055,Michigan,Grand Traverse County,4.3,2016
26055,Michigan,Grand Traverse County,8.7,2020
26057,Michigan,Gratiot County,4.7,2000
26057,Michigan,Gratiot County,7.7,2004
26057,Michigan,Gratiot County,9.3,2008
26057,Michigan,Gratiot County,8.9,2012
26057,Michigan,Gratiot County,5.2,2016
26057,Michigan,Gratiot County,8.3,2020
26059,Michigan,Hillsdale County,3.8,2000
26059,Michigan,Hillsdale County,8.1,2004
26059,Michigan,Hillsdale County,10.3,2008
26059,Michigan,Hillsdale County,9.0,2012
26059,Michigan,Hillsdale County,5.1,2016
26059,Michigan,Hillsdale County,9.3,2020
26061,Michigan,Houghton County,5.1,2000
26061,Michigan,Houghton County,6.3,2004
26061,Michigan,Houghton County,7.8,2008
26061,Michigan,Houghton County,8.8,2012
26061,Michigan,Houghton County,6.2,2016
26061,Michigan,Houghton County,7.6,2020
26063,Michigan,Huron County,4.7,2000
26063,Michigan,Huron County,8.5,2004
26063,Michigan,Huron County,8.9,2008
26063,Michigan,Huron County,7.9,2012
26063,Michigan,Huron County,5.2,2016
26063,Michigan,Huron County,8.8,2020
26065,Michigan,Ingham County,3.1,2000
26065,Michigan,Ingham County,6.1,2004
26065,Michigan,Ingham County,7.0,2008
26065,Michigan,Ingham County,7.7,2012
26065,Michigan,Ingham County,4.3,2016
26065,Michigan,Ingham County,7.8,2020
26067,Michigan,Ionia County,3.8,2000
26067,Michigan,Ionia County,7.7,2004
26067,Michigan,Ionia County,8.4,2008
26067,Michigan,Ionia County,8.4,2012
26067,Michigan,Ionia County,4.3,2016
26067,Michigan,Ionia County,8.2,2020
26069,Michigan,Iosco County,6.7,2000
26069,Michigan,Iosco County,9.5,2004
26069,Michigan,Iosco County,10.9,2008
26069,Michigan,Iosco County,11.1,2012
26069,Michigan,Iosco County,7.4,2016
26069,Michigan,Iosco County,10.9,2020
26071,Michigan,Iron County,6.0,2000
26071,Michigan,Iron County,7.3,2004
26071,Michigan,Iron County,8.4,2008
26071,Michigan,Iron County,9.4,2012
26071,Michigan,Iron County,6.5,2016
26071,Michigan,Iron County,8.5,2020
26073,Michigan,Isabella County,3.4,2000
26073,Michigan,Isabella County,4.9,2004
26073,Michigan,Isabella County,6.0,2008
26073,Michigan,Isabella County,7.3,2012
26073,Michigan,Isabella County,4.7,2016
26073,Michigan,Isabella County,8.7,2020
26075,Michigan,Jackson County,3.5,2000
26075,Michigan,Jackson County,7.3,2004
26075,Michigan,Jackson County,8.4,2008
26075,Michigan,Jackson County,8.4,2012
26075,Michigan,Jackson County,4.9,2016
26075,Michigan,Jackson County,9.3,2020
26077,Michigan,Kalamazoo County,3.1,2000
26077,Michigan,Kalamazoo County,5.6,2004
26077,Michigan,Kalamazoo County,6.2,2008
26077,Michigan,Kalamazoo County,7.2,2012
26077,Michigan,Kalamazoo County,4.1,2016
26077,Michigan,Kalamazoo County,7.6,2020
26079,Michigan,Kalkaska County,4.8,2000
26079,Michigan,Kalkaska County,7.6,2004
26079,Michigan,Kalkaska County,8.7,2008
26079,Michigan,Kalkaska County,11.2,2012
26079,Michigan,Kalkaska County,7.2,2016
26079,Michigan,Kalkaska County,11.5,2020
26081,Michigan,Kent County,3.2,2000
26081,Michigan,Kent County,6.5,2004
26081,Michigan,Kent County,6.7,2008
26081,Michigan,Kent County,6.7,2012
26081,Michigan,Kent County,3.6,2016
26081,Michigan,Kent County,7.9,2020
26083,Michigan,Keweenaw County,6.5,2000
26083,Michigan,Keweenaw County,11.3,2004
26083,Michigan,Keweenaw County,10.8,2008
26083,Michigan,Keweenaw County,12.7,2012
26083,Michigan,Keweenaw County,8.7,2016
26083,Michigan,Keweenaw County,9.1,2020
26085,Michigan,Lake County,5.9,2000
26085,Michigan,Lake County,10.4,2004
26085,Michigan,Lake County,11.3,2008
26085,Michigan,Lake County,12.9,2012
26085,Michigan,Lake County,7.6,2016
26085,Michigan,Lake County,11.2,2020
26087,Michigan,Lapeer County,4.0,2000
26087,Michigan,Lapeer County,7.8,2004
26087,Michigan,Lapeer County,9.9,2008
26087,Michigan,Lapeer County,11.6,2012
26087,Michigan,Lapeer County,6.4,2016
26087,Michigan,Lapeer County,12.2,2020
26089,Michigan,Leelanau County,3.2,2000
26089,Michigan,Leelanau County,5.3,2004
26089,Michigan,Leelanau County,6.1,2008
26089,Michigan,Leelanau County,7.9,2012
26089,Michigan,Leelanau County,4.9,2016
26089,Michigan,Leelanau County,8.2,2020
26091,Michigan,Lenawee County,3.9,2000
26091,Michigan,Lenawee County,7.2,2004
26091,Michigan,Lenawee County,9.8,2008
26091,Michigan,Lenawee County,8.3,2012
26091,Michigan,Lenawee County,4.7,2016
26091,Michigan,Lenawee County,9.2,2020
26093,Michigan,Livingston County,2.4,2000
26093,Michigan,Livingston County,5.0,2004
26093,Michigan,Livingston County,6.6,2008
26093,Michigan,Livingston County,7.8,2012
26093,Michigan,Livingston County,4.1,2016
26093,Michigan,Livingston County,8.6,2020
26095,Michigan,Luce County,6.2,2000
26095,Michigan,Luce County,7.3,2004
26095,Michigan,Luce County,9.2,2008
26095,Michigan,Luce County,10.8,2012
26095,Michigan,Luce County,6.8,2016
26095,Michigan,Luce County,9.0,2020
26097,Michigan,Mackinac County,7.8,2000
26097,Michigan,Mackinac County,9.6,2004
26097,Michigan,Mackinac County,11.7,2008
26097,Michigan,Mackinac County,12.0,2012
26097,Michigan,Mackinac County,10.0,2016
26097,Michigan,Mackinac County,13.6,2020
26099,Michigan,Macomb County,3.3,2000
26099,Michigan,Macomb County,6.8,2004
26099,Michigan,Macomb County,8.5,2008
26099,Michigan,Macomb County,9.8,2012
26099,Michigan,Macomb County,5.2,2016
26099,Michigan,Macomb County,11.8,2020
26101,Michigan,Manistee County,5.5,2000
26101,Michigan,Manistee County,8.5,2004
26101,Michigan,Manistee County,8.8,2008
26101,Michigan,Manistee County,10.7,2012
26101,Michigan,Manistee County,6.6,2016
26101,Michigan,Manistee County,11.3,2020
26103,Michigan,Marquette County,4.5,2000
26103,Michigan,Marquette County,6.0,2004
26103,Michigan,Marquette County,6.9,2008
26103,Michigan,Marquette County,8.0,2012
26103,Michigan,Marquette County,5.8,2016
26103,Michigan,Marquette County,8.6,2020
26105,Michigan,Mason County,5.0,2000
26105,Michigan,Mason County,9.2,2004
26105,Michigan,Mason County,8.4,2008
26105,Michigan,Mason County,9.6,2012
26105,Michigan,Mason County,5.9,2016
26105,Michigan,Mason County,9.6,2020
26107,Michigan,Mecosta County,4.4,2000
26107,Michigan,Mecosta County,7.0,2004
26107,Michigan,Mecosta County,8.6,2008
26107,Michigan,Mecosta County,10.0,2012
26107,Michigan,Mecosta County,5.7,2016
26107,Michigan,Mecosta County,9.5,2020
26109,Michigan,Menominee County,4.3,2000
26109,Michigan,Menominee County,5.7,2004
26109,Michigan,Menominee County,6.3,2008
26109,Michigan,Menominee County,7.9,2012
26109,Michigan,Menominee County,5.2,2016
26109,Michigan,Menominee County,6.7,2020
26111,Michigan,Midland County,3.4,2000
26111,Michigan,Midland County,6.2,2004
26111,Michigan,Midland County,6.2,2008
26111,Michigan,Midland County,7.7,2012
26111,Michigan,Midland County,4.8,2016
26111,Michigan,Midland County,7.9,2020
26113,Michigan,Missaukee County,4.6,2000
26113,Michigan,Missaukee County,7.8,2004
26113,Michigan,Missaukee County,10.4,2008
26113,Michigan,Missaukee County,9.5,2012
26113,Michigan,Missaukee County,6.0,2016
26113,Michigan,Missaukee County,9.5,2020
26115,Michigan,Monroe County,3.3,2000
26115,Michigan,Monroe County,6.0,2004
26115,Michigan,Monroe County,8.6,2008
26115,Michigan,Monroe County,7.6,2012
26115,Michigan,Monroe County,4.4,2016
26115,Michigan,Monroe County,9.2,2020
26117,Michigan,Montcalm County,4.3,2000
26117,Michigan,Montcalm County,7.7,2004
26117,Michigan,Montcalm County,11.4,2008
26117,Michigan,Montcalm County,10.1,2012
26117,Michigan,Montcalm County,5.4,2016
26117,Michigan,Montcalm County,9.5,2020
26119,Michigan,Montmorency County,8.3,2000
26119,Michigan,Montmorency County,11.9,2004
26119,Michigan,Montmorency County,13.9,2008
26119,Michigan,Montmorency County,16.1,2012
26119,Michigan,Montmorency County,10.2,2016
26119,Michigan,Montmorency County,13.7,2020
26121,Michigan,Muskegon County,4.2,2000
26121,Michigan,Muskegon County,7.5,2004
26121,Michigan,Muskegon County,8.5,2008
26121,Michigan,Muskegon County,9.9,2012
26121,Michigan,Muskegon County,5.5,2016
26121,Michigan,Muskegon County,11.9,2020
26123,Michigan,Newaygo County,4.7,2000
26123,Michigan,Newaygo County,7.7,2004
26123,Michigan,Newaygo County,9.0,2008
26123,Michigan,Newaygo County,9.1,2012
26123,Michigan,Newaygo County,4.9,2016
26123,Michigan,Newaygo County,9.0,2020
26125,Michigan,Oakland County,2.6,2000
26125,Michigan,Oakland County,5.7,2004
26125,Michigan,Oakland County,6.9,2008
26125,Michigan,Oakland County,8.2,2012
26125,Michigan,Oakland County,4.1,2016
26125,Michigan,Oakland County,9.1,2020
26127,Michigan,Oceana County,6.1,2000
26127,Michigan,Oceana County,8.2,2004
26127,Michigan,Oceana County,10.4,2008
26127,Michigan,Oceana County,12.5,2012
26127,Michigan,Oceana County,7.4,2016
26127,Michigan,Oceana County,10.8,2020
26129,Michigan,Ogemaw County,5.6,2000
26129,Michigan,Ogemaw County,8.4,2004
26129,Michigan,Ogemaw County,9.3,2008
26129,Michigan,Ogemaw County,11.3,2012
26129,Michigan,Ogemaw County,7.9,2016
26129,Michigan,Ogemaw County,11.3,2020
26131,Michigan,Ontonagon County,6.6,2000
26131,Michigan,Ontonagon County,7.5,2004
26131,Michigan,Ontonagon County,9.2,2008
26131,Michigan,Ontonagon County,13.3,2012
26131,Michigan,Ontonagon County,8.6,2016
26131,Michigan,Ontonagon County,10.8,2020
26133,Michigan,Osceola County,4.7,2000
26133,Michigan,Osceola County,8.4,2004
26133,Michigan,Osceola County,9.4,2008
26133,Michigan,Osceola County,9.8,2012
26133,Michigan,Osceola County,5.8,2016
26133,Michigan,Osceola County,8.6,2020
26135,Michigan,Oscoda County,6.3,2000
26135,Michigan,Oscoda County,10.8,2004
26135,Michigan,Oscoda County,12.7,2008
26135,Michigan,Oscoda County,15.5,2012
26135,Michigan,Oscoda County,7.4,2016
26135,Michigan,Oscoda County,12.9,2020
26137,Michigan,Otsego County,4.3,2000
26137,Michigan,Otsego County,7.4,2004
26137,Michigan,Otsego County,10.1,2008
26137,Michigan,Otsego County,10.6,2012
26137,Michigan,Otsego County,6.0,2016
26137,Michigan,Otsego County,10.6,2020
26139,Michigan,Ottawa County,2.8,2000
26139,Michigan,Ottawa County,5.4,2004
26139,Michigan,Ottawa County,6.9,2008
26139,Michigan,Ottawa County,6.5,2012
26139,Michigan,Ottawa County,3.4,2016
26139,Michigan,Ottawa County,7.1,2020
26141,Michigan,Presque Isle County,8.6,2000
26141,Michigan,Presque Isle County,11.1,2004
26141,Michigan,Presque Isle County,13.6,2008
26141,Michigan,Presque Isle County,14.3,2012
26141,Michigan,Presque Isle County,9.7,2016
26141,Michigan,Presque Isle County,11.5,2020
26143,Michigan,Roscommon County,5.7,2000
26143,Michigan,Roscommon County,8.3,2004
26143,Michigan,Roscommon County,11.0,2008
26143,Michigan,Roscommon County,13.3,2012
26143,Michigan,Roscommon County,8.6,2016
26143,Michigan,Roscommon County,12.7,2020
26145,Michigan,Saginaw County,4.2,2000
26145,Michigan,Saginaw County,8.4,2004
26145,Michigan,Saginaw County,8.4,2008
26145,Michigan,Saginaw County,9.1,2012
26145,Michigan,Saginaw County,5.4,2016
26145,Michigan,Saginaw County,10.3,2020
26147,Michigan,St. Clair County,3.9,2000
26147,Michigan,St. Clair County,7.8,2004
26147,Michigan,St. Clair County,10.2,2008
26147,Michigan,St. Clair County,11.7,2012
26147,Michigan,St. Clair County,6.0,2016
26147,Michigan,St. Clair County,11.7,2020
26149,Michigan,St. Joseph County,3.5,2000
26149,Michigan,St. Joseph County,6.4,2004
26149,Michigan,St. Joseph County,8.6,2008
26149,Michigan,St. Joseph County,8.8,2012
26149,Michigan,St. Joseph County,4.2,2016
26149,Michigan,St. Joseph County,9.4,2020
26151,Michigan,Sanilac County,4.8,2000
26151,Michigan,Sanilac County,9.0,2004
26151,Michigan,Sanilac County,11.0,2008
26151,Michigan,Sanilac County,10.4,2012
26151,Michigan,Sanilac County,6.3,2016
26151,Michigan,Sanilac County,10.0,2020
26153,Michigan,Schoolcraft County,8.4,2000
26153,Michigan,Schoolcraft County,10.7,2004
26153,Michigan,Schoolcraft County,11.3,2008
26153,Michigan,Schoolcraft County,12.4,2012
26153,Michigan,Schoolcraft County,9.2,2016
26153,Michigan,Schoolcraft County,10.1,2020
26155,Michigan,Shiawassee County,4.0,2000
26155,Michigan,Shiawassee County,7.7,2004
26155,Michigan,Shiawassee County,9.8,2008
26155,Michigan,Shiawassee County,9.5,2012
26155,Michigan,Shiawassee County,5.3,2016
26155,Michigan,Shiawassee County,9.5,2020
26157,Michigan,Tuscola County,4.7,2000
26157,Michigan,Tuscola County,8.6,2004
26157,Michigan,Tuscola County,10.1,2008
26157,Michigan,Tuscola County,10.4,2012
26157,Michigan,Tuscola County,6.4,2016
26157,Michigan,Tuscola County,10.4,2020
26159,Michigan,Van Buren County,4.2,2000
26159,Michigan,Van Buren County,7.0,2004
26159,Michigan,Van Buren County,8.1,2008
26159,Michigan,Van Buren County,10.4,2012
26159,Michigan,Van Buren County,5.8,2016
26159,Michigan,Van Buren County,8.7,2020
26161,Michigan,Washtenaw County,2.4,2000
26161,Michigan,Washtenaw County,4.2,2004
26161,Michigan,Washtenaw County,5.7,2008
26161,Michigan,Washtenaw County,5.9,2012
26161,Michigan,Washtenaw County,3.7,2016
26161,Michigan,Washtenaw County,6.7,2020
26163,Michigan,Wayne County,4.0,2000
26163,Michigan,Wayne County,8.6,2004
26163,Michigan,Wayne County,9.7,2008
26163,Michigan,Wayne County,11.7,2012
26163,Michigan,Wayne County,6.2,2016
26163,Michigan,Wayne County,13.6,2020
26165,Michigan,Wexford County,5.5,2000
26165,Michigan,Wexford County,8.1,2004
26165,Michigan,Wexford County,10.9,2008
26165,Michigan,Wexford County,10.9,2012
26165,Michigan,Wexford County,5.9,2016
26165,Michigan,Wexford County,10.5,2020
27001,Minnesota,Aitkin County,5.9,2000
27001,Minnesota,Aitkin County,6.8,2004
27001,Minnesota,Aitkin County,8.1,2008
27001,Minnesota,Aitkin County,8.1,2012
27001,Minnesota,Aitkin County,7.0,2016
27001,Minnesota,Aitkin County,8.2,2020
27003,Minnesota,Anoka County,2.6,2000
27003,Minnesota,Anoka County,4.4,2004
27003,Minnesota,Anoka County,5.4,2008
27003,Minnesota,Anoka County,5.9,2012
27003,Minnesota,Anoka County,3.7,2016
27003,Minnesota,Anoka County,6.4,2020
27005,Minnesota,Becker County,4.8,2000
27005,Minnesota,Becker County,5.7,2004
27005,Minnesota,Becker County,6.7,2008
27005,Minnesota,Becker County,5.8,2012
27005,Minnesota,Becker County,4.6,2016
27005,Minnesota,Becker County,6.3,2020
27007,Minnesota,Beltrami County,4.5,2000
27007,Minnesota,Beltrami County,5.6,2004
27007,Minnesota,Beltrami County,6.9,2008
27007,Minnesota,Beltrami County,7.0,2012
27007,Minnesota,Beltrami County,5.2,2016
27007,Minnesota,Beltrami County,6.4,2020
27009,Minnesota,Benton County,3.4,2000
27009,Minnesota,Benton County,5.2,2004
27009,Minnesota,Benton County,6.0,2008
27009,Minnesota,Benton County,6.4,2012
27009,Minnesota,Benton County,4.4,2016
27009,Minnesota,Benton County,6.7,2020
27011,Minnesota,Big Stone County,4.2,2000
27011,Minnesota,Big Stone County,4.8,2004
27011,Minnesota,Big Stone County,5.5,2008
27011,Minnesota,Big Stone County,5.3,2012
27011,Minnesota,Big Stone County,4.8,2016
27011,Minnesota,Big Stone County,4.8,2020
27013,Minnesota,Blue Earth County,2.7,2000
27013,Minnesota,Blue Earth County,3.8,2004
27013,Minnesota,Blue Earth County,4.4,2008
27013,Minnesota,Blue Earth County,4.8,2012
27013,Minnesota,Blue Earth County,3.2,2016
27013,Minnesota,Blue Earth County,5.4,2020
27015,Minnesota,Brown County,3.6,2000
27015,Minnesota,Brown County,4.8,2004
27015,Minnesota,Brown County,6.0,2008
27015,Minnesota,Brown County,5.7,2012
27015,Minnesota,Brown County,4.2,2016
27015,Minnesota,Brown County,5.2,2020
27017,Minnesota,Carlton County,4.7,2000
27017,Minnesota,Carlton County,6.3,2004
27017,Minnesota,Carlton County,6.6,2008
27017,Minnesota,Carlton County,6.9,2012
27017,Minnesota,Carlton County,5.3,2016
27017,Minnesota,Carlton County,7.3,2020
27019,Minnesota,Carver County,2.3,2000
27019,Minnesota,Carver County,3.9,2004
27019,Minnesota,Carver County,4.9,2008
27019,Minnesota,Carver County,4.9,2012
27019,Minnesota,Carver County,3.3,2016
27019,Minnesota,Carver County,5.2,2020
27021,Minnesota,Cass County,5.3,2000
27021,Minnesota,Cass County,7.1,2004
27021,Minnesota,Cass County,8.6,2008
27021,Minnesota,Cass County,8.9,2012
27021,Minnesota,Cass County,6.8,2016
27021,Minnesota,Cass County,9.2,2020
27023,Minnesota,Chippewa County,4.9,2000
27023,Minnesota,Chippewa County,4.9,2004
27023,Minnesota,Chippewa County,5.2,2008
27023,Minnesota,Chippewa County,5.3,2012
27023,Minnesota,Chippewa County,4.5,2016
27023,Minnesota,Chippewa County,5.2,2020
27025,Minnesota,Chisago County,3.5,2000
27025,Minnesota,Chisago County,5.3,2004
27025,Minnesota,Chisago County,6.8,2008
27025,Minnesota,Chisago County,6.6,2012
27025,Minnesota,Chisago County,4.3,2016
27025,Minnesota,Chisago County,6.7,2020
27027,Minnesota,Clay County,3.1,2000
27027,Minnesota,Clay County,3.6,2004
27027,Minnesota,Clay County,3.7,2008
27027,Minnesota,Clay County,4.9,2012
27027,Minnesota,Clay County,3.4,2016
27027,Minnesota,Clay County,4.4,2020
27029,Minnesota,Clearwater County,9.1,2000
27029,Minnesota,Clearwater County,10.8,2004
27029,Minnesota,Clearwater County,11.4,2008
27029,Minnesota,Clearwater County,10.6,2012
27029,Minnesota,Clearwater County,9.6,2016
27029,Minnesota,Clearwater County,9.8,2020
27031,Minnesota,Cook County,3.9,2000
27031,Minnesota,Cook County,4.7,2004
27031,Minnesota,Cook County,5.6,2008
27031,Minnesota,Cook County,6.3,2012
27031,Minnesota,Cook County,4.6,2016
27031,Minnesota,Cook County,8.4,2020
27033,Minnesota,Cottonwood County,4.6,2000
27033,Minnesota,Cottonwood County,4.6,2004
27033,Minnesota,Cottonwood County,5.2,2008
27033,Minnesota,Cottonwood County,6.5,2012
27033,Minnesota,Cottonwood County,7.2,2016
27033,Minnesota,Cottonwood County,4.8,2020
27035,Minnesota,Crow Wing County,3.9,2000
27035,Minnesota,Crow Wing County,5.3,2004
27035,Minnesota,Crow Wing County,6.9,2008
27035,Minnesota,Crow Wing County,7.7,2012
27035,Minnesota,Crow Wing County,5.1,2016
27035,Minnesota,Crow Wing County,7.3,2020
27037,Minnesota,Dakota County,2.4,2000
27037,Minnesota,Dakota County,4.0,2004
27037,Minnesota,Dakota County,4.9,2008
27037,Minnesota,Dakota County,5.3,2012
27037,Minnesota,Dakota County,3.4,2016
27037,Minnesota,Dakota County,6.3,2020
27039,Minnesota,Dodge County,2.9,2000
27039,Minnesota,Dodge County,4.3,2004
27039,Minnesota,Dodge County,5.2,2008
27039,Minnesota,Dodge County,5.1,2012
27039,Minnesota,Dodge County,3.7,2016
27039,Minnesota,Dodge County,5.5,2020
27041,Minnesota,Douglas County,3.2,2000
27041,Minnesota,Douglas County,3.8,2004
27041,Minnesota,Douglas County,4.9,2008
27041,Minnesota,Douglas County,5.1,2012
27041,Minnesota,Douglas County,3.5,2016
27041,Minnesota,Douglas County,4.8,2020
27043,Minnesota,Faribault County,3.6,2000
27043,Minnesota,Faribault County,5.6,2004
27043,Minnesota,Faribault County,6.2,2008
27043,Minnesota,Faribault County,5.9,2012
27043,Minnesota,Faribault County,4.4,2016
27043,Minnesota,Faribault County,6.2,2020
27045,Minnesota,Fillmore County,3.1,2000
27045,Minnesota,Fillmore County,4.9,2004
27045,Minnesota,Fillmore County,6.1,2008
27045,Minnesota,Fillmore County,5.6,2012
27045,Minnesota,Fillmore County,4.0,2016
27045,Minnesota,Fillmore County,5.1,2020
27047,Minnesota,Freeborn County,3.4,2000
27047,Minnesota,Freeborn County,5.2,2004
27047,Minnesota,Freeborn County,5.7,2008
27047,Minnesota,Freeborn County,5.8,2012
27047,Minnesota,Freeborn County,3.8,2016
27047,Minnesota,Freeborn County,5.7,2020
27049,Minnesota,Goodhue County,3.0,2000
27049,Minnesota,Goodhue County,4.8,2004
27049,Minnesota,Goodhue County,5.7,2008
27049,Minnesota,Goodhue County,5.2,2012
27049,Minnesota,Goodhue County,3.7,2016
27049,Minnesota,Goodhue County,5.9,2020
27051,Minnesota,Grant County,4.8,2000
27051,Minnesota,Grant County,5.8,2004
27051,Minnesota,Grant County,7.0,2008
27051,Minnesota,Grant County,6.2,2012
27051,Minnesota,Grant County,4.7,2016
27051,Minnesota,Grant County,5.4,2020
27053,Minnesota,Hennepin County,2.6,2000
27053,Minnesota,Hennepin County,4.3,2004
27053,Minnesota,Hennepin County,4.9,2008
27053,Minnesota,Hennepin County,5.3,2012
27053,Minnesota,Hennepin County,3.3,2016
27053,Minnesota,Hennepin County,6.6,2020
27055,Minnesota,Houston County,3.9,2000
27055,Minnesota,Houston County,5.1,2004
27055,Minnesota,Houston County,5.7,2008
27055,Minnesota,Houston County,5.8,2012
27055,Minnesota,Houston County,3.9,2016
27055,Minnesota,Houston County,4.4,2020
27057,Minnesota,Hubbard County,4.8,2000
27057,Minnesota,Hubbard County,5.8,2004
27057,Minnesota,Hubbard County,7.5,2008
27057,Minnesota,Hubbard County,8.1,2012
27057,Minnesota,Hubbard County,6.5,2016
27057,Minnesota,Hubbard County,7.1,2020
27059,Minnesota,Isanti County,3.3,2000
27059,Minnesota,Isanti County,5.2,2004
27059,Minnesota,Isanti County,6.9,2008
27059,Minnesota,Isanti County,7.0,2012
27059,Minnesota,Isanti County,4.7,2016
27059,Minnesota,Isanti County,6.8,2020
27061,Minnesota,Itasca County,5.6,2000
27061,Minnesota,Itasca County,7.3,2004
27061,Minnesota,Itasca County,7.9,2008
27061,Minnesota,Itasca County,7.9,2012
27061,Minnesota,Itasca County,8.5,2016
27061,Minnesota,Itasca County,8.6,2020
27063,Minnesota,Jackson County,3.0,2000
27063,Minnesota,Jackson County,3.6,2004
27063,Minnesota,Jackson County,4.2,2008
27063,Minnesota,Jackson County,4.6,2012
27063,Minnesota,Jackson County,4.5,2016
27063,Minnesota,Jackson County,5.3,2020
27065,Minnesota,Kanabec County,4.7,2000
27065,Minnesota,Kanabec County,7.4,2004
27065,Minnesota,Kanabec County,10.2,2008
27065,Minnesota,Kanabec County,9.1,2012
27065,Minnesota,Kanabec County,6.5,2016
27065,Minnesota,Kanabec County,8.2,2020
27067,Minnesota,Kandiyohi County,3.1,2000
27067,Minnesota,Kandiyohi County,4.5,2004
27067,Minnesota,Kandiyohi County,4.9,2008
27067,Minnesota,Kandiyohi County,5.3,2012
27067,Minnesota,Kandiyohi County,3.8,2016
27067,Minnesota,Kandiyohi County,4.9,2020
27069,Minnesota,Kittson County,5.4,2000
27069,Minnesota,Kittson County,6.6,2004
27069,Minnesota,Kittson County,5.6,2008
27069,Minnesota,Kittson County,5.8,2012
27069,Minnesota,Kittson County,4.6,2016
27069,Minnesota,Kittson County,4.7,2020
27071,Minnesota,Koochiching County,5.1,2000
27071,Minnesota,Koochiching County,6.1,2004
27071,Minnesota,Koochiching County,7.7,2008
27071,Minnesota,Koochiching County,8.0,2012
27071,Minnesota,Koochiching County,8.5,2016
27071,Minnesota,Koochiching County,7.5,2020
27073,Minnesota,Lac Qui Parle County,3.4,2000
27073,Minnesota,Lac Qui Parle County,4.4,2004
27073,Minnesota,Lac Qui Parle County,4.8,2008
27073,Minnesota,Lac Qui Parle County,5.1,2012
27073,Minnesota,Lac Qui Parle County,4.3,2016
27073,Minnesota,Lac Qui Parle County,4.8,2020
27075,Minnesota,Lake County,4.1,2000
27075,Minnesota,Lake County,4.7,2004
27075,Minnesota,Lake County,5.3,2008
27075,Minnesota,Lake County,6.0,2012
27075,Minnesota,Lake County,6.4,2016
27075,Minnesota,Lake County,7.3,2020
27077,Minnesota,Lake Of The Woods County,3.9,2000
27077,Minnesota,Lake Of The Woods County,4.7,2004
27077,Minnesota,Lake Of The Woods County,6.0,2008
27077,Minnesota,Lake Of The Woods County,6.1,2012
27077,Minnesota,Lake Of The Woods County,4.8,2016
27077,Minnesota,Lake Of The Woods County,6.2,2020
27079,Minnesota,Le Sueur County,3.7,2000
27079,Minnesota,Le Sueur County,5.6,2004
27079,Minnesota,Le Sueur County,7.3,2008
27079,Minnesota,Le Sueur County,6.5,2012
27079,Minnesota,Le Sueur County,4.9,2016
27079,Minnesota,Le Sueur County,6.9,2020
27081,Minnesota,Lincoln County,3.5,2000
27081,Minnesota,Lincoln County,4.1,2004
27081,Minnesota,Lincoln County,5.0,2008
27081,Minnesota,Lincoln County,4.8,2012
27081,Minnesota,Lincoln County,3.6,2016
27081,Minnesota,Lincoln County,4.5,2020
27083,Minnesota,Lyon County,2.8,2000
27083,Minnesota,Lyon County,3.8,2004
27083,Minnesota,Lyon County,4.4,2008
27083,Minnesota,Lyon County,4.4,2012
27083,Minnesota,Lyon County,3.6,2016
27083,Minnesota,Lyon County,4.5,2020
27085,Minnesota,Mcleod County,3.2,2000
27085,Minnesota,Mcleod County,4.5,2004
27085,Minnesota,Mcleod County,6.0,2008
27085,Minnesota,Mcleod County,6.8,2012
27085,Minnesota,Mcleod County,4.4,2016
27085,Minnesota,Mcleod County,5.8,2020
27087,Minnesota,Mahnomen County,5.6,2000
27087,Minnesota,Mahnomen County,5.7,2004
27087,Minnesota,Mahnomen County,7.2,2008
27087,Minnesota,Mahnomen County,7.0,2012
27087,Minnesota,Mahnomen County,5.8,2016
27087,Minnesota,Mahnomen County,13.2,2020
27089,Minnesota,Marshall County,7.7,2000
27089,Minnesota,Marshall County,7.6,2004
27089,Minnesota,Marshall County,7.8,2008
27089,Minnesota,Marshall County,7.7,2012
27089,Minnesota,Marshall County,7.3,2016
27089,Minnesota,Marshall County,6.6,2020
27091,Minnesota,Martin County,3.4,2000
27091,Minnesota,Martin County,4.8,2004
27091,Minnesota,Martin County,4.9,2008
27091,Minnesota,Martin County,5.6,2012
27091,Minnesota,Martin County,4.1,2016
27091,Minnesota,Martin County,5.4,2020
27093,Minnesota,Meeker County,4.2,2000
27093,Minnesota,Meeker County,5.5,2004
27093,Minnesota,Meeker County,6.6,2008
27093,Minnesota,Meeker County,6.6,2012
27093,Minnesota,Meeker County,4.5,2016
27093,Minnesota,Meeker County,5.3,2020
27095,Minnesota,Mille Lacs County,4.4,2000
27095,Minnesota,Mille Lacs County,7.1,2004
27095,Minnesota,Mille Lacs County,9.0,2008
27095,Minnesota,Mille Lacs County,8.4,2012
27095,Minnesota,Mille Lacs County,6.0,2016
27095,Minnesota,Mille Lacs County,8.6,2020
27097,Minnesota,Morrison County,4.5,2000
27097,Minnesota,Morrison County,5.7,2004
27097,Minnesota,Morrison County,7.5,2008
27097,Minnesota,Morrison County,7.1,2012
27097,Minnesota,Morrison County,5.6,2016
27097,Minnesota,Morrison County,6.8,2020
27099,Minnesota,Mower County,2.8,2000
27099,Minnesota,Mower County,4.4,2004
27099,Minnesota,Mower County,4.6,2008
27099,Minnesota,Mower County,5.0,2012
27099,Minnesota,Mower County,3.2,2016
27099,Minnesota,Mower County,5.1,2020
27101,Minnesota,Murray County,3.7,2000
27101,Minnesota,Murray County,4.3,2004
27101,Minnesota,Murray County,5.1,2008
27101,Minnesota,Murray County,5.2,2012
27101,Minnesota,Murray County,4.7,2016
27101,Minnesota,Murray County,5.1,2020
27103,Minnesota,Nicollet County,2.7,2000
27103,Minnesota,Nicollet County,3.6,2004
27103,Minnesota,Nicollet County,4.3,2008
27103,Minnesota,Nicollet County,4.6,2012
27103,Minnesota,Nicollet County,2.8,2016
27103,Minnesota,Nicollet County,4.9,2020
27105,Minnesota,Nobles County,2.9,2000
27105,Minnesota,Nobles County,3.8,2004
27105,Minnesota,Nobles County,4.1,2008
27105,Minnesota,Nobles County,4.4,2012
27105,Minnesota,Nobles County,3.8,2016
27105,Minnesota,Nobles County,4.3,2020
27107,Minnesota,Norman County,4.4,2000
27107,Minnesota,Norman County,4.9,2004
27107,Minnesota,Norman County,5.6,2008
27107,Minnesota,Norman County,6.0,2012
27107,Minnesota,Norman County,4.8,2016
27107,Minnesota,Norman County,6.4,2020
27109,Minnesota,Olmsted County,2.6,2000
27109,Minnesota,Olmsted County,3.9,2004
27109,Minnesota,Olmsted County,4.4,2008
27109,Minnesota,Olmsted County,4.5,2012
27109,Minnesota,Olmsted County,3.0,2016
27109,Minnesota,Olmsted County,5.5,2020
27111,Minnesota,Otter Tail County,4.0,2000
27111,Minnesota,Otter Tail County,5.1,2004
27111,Minnesota,Otter Tail County,6.1,2008
27111,Minnesota,Otter Tail County,5.6,2012
27111,Minnesota,Otter Tail County,4.4,2016
27111,Minnesota,Otter Tail County,5.5,2020
27113,Minnesota,Pennington County,5.8,2000
27113,Minnesota,Pennington County,6.4,2004
27113,Minnesota,Pennington County,7.1,2008
27113,Minnesota,Pennington County,6.7,2012
27113,Minnesota,Pennington County,5.8,2016
27113,Minnesota,Pennington County,6.2,2020
27115,Minnesota,Pine County,5.1,2000
27115,Minnesota,Pine County,6.6,2004
27115,Minnesota,Pine County,8.5,2008
27115,Minnesota,Pine County,7.6,2012
27115,Minnesota,Pine County,5.8,2016
27115,Minnesota,Pine County,8.7,2020
27117,Minnesota,Pipestone County,3.3,2000
27117,Minnesota,Pipestone County,4.2,2004
27117,Minnesota,Pipestone County,4.4,2008
27117,Minnesota,Pipestone County,5.0,2012
27117,Minnesota,Pipestone County,3.8,2016
27117,Minnesota,Pipestone County,4.1,2020
27119,Minnesota,Polk County,4.7,2000
27119,Minnesota,Polk County,5.2,2004
27119,Minnesota,Polk County,5.0,2008
27119,Minnesota,Polk County,6.3,2012
27119,Minnesota,Polk County,4.3,2016
27119,Minnesota,Polk County,5.7,2020
27121,Minnesota,Pope County,2.9,2000
27121,Minnesota,Pope County,4.1,2004
27121,Minnesota,Pope County,5.3,2008
27121,Minnesota,Pope County,4.7,2012
27121,Minnesota,Pope County,3.6,2016
27121,Minnesota,Pope County,4.5,2020
27123,Minnesota,Ramsey County,2.8,2000
27123,Minnesota,Ramsey County,4.6,2004
27123,Minnesota,Ramsey County,5.2,2008
27123,Minnesota,Ramsey County,5.8,2012
27123,Minnesota,Ramsey County,3.6,2016
27123,Minnesota,Ramsey County,7.0,2020
27125,Minnesota,Red Lake County,7.2,2000
27125,Minnesota,Red Lake County,7.7,2004
27125,Minnesota,Red Lake County,7.9,2008
27125,Minnesota,Red Lake County,7.3,2012
27125,Minnesota,Red Lake County,7.3,2016
27125,Minnesota,Red Lake County,6.5,2020
27127,Minnesota,Redwood County,3.1,2000
27127,Minnesota,Redwood County,4.4,2004
27127,Minnesota,Redwood County,5.4,2008
27127,Minnesota,Redwood County,5.6,2012
27127,Minnesota,Redwood County,4.1,2016
27127,Minnesota,Redwood County,5.6,2020
27129,Minnesota,Renville County,3.9,2000
27129,Minnesota,Renville County,5.6,2004
27129,Minnesota,Renville County,5.8,2008
27129,Minnesota,Renville County,6.8,2012
27129,Minnesota,Renville County,5.3,2016
27129,Minnesota,Renville County,5.8,2020
27131,Minnesota,Rice County,3.0,2000
27131,Minnesota,Rice County,4.7,2004
27131,Minnesota,Rice County,5.9,2008
27131,Minnesota,Rice County,5.9,2012
27131,Minnesota,Rice County,3.5,2016
27131,Minnesota,Rice County,5.4,2020
27133,Minnesota,Rock County,2.6,2000
27133,Minnesota,Rock County,3.3,2004
27133,Minnesota,Rock County,3.9,2008
27133,Minnesota,Rock County,3.7,2012
27133,Minnesota,Rock County,2.3,2016
27133,Minnesota,Rock County,3.1,2020
27135,Minnesota,Roseau County,3.5,2000
27135,Minnesota,Roseau County,4.5,2004
27135,Minnesota,Roseau County,4.9,2008
27135,Minnesota,Roseau County,4.8,2012
27135,Minnesota,Roseau County,5.1,2016
27135,Minnesota,Roseau County,5.8,2020
27137,Minnesota,St. Louis County,4.2,2000
27137,Minnesota,St. Louis County,5.7,2004
27137,Minnesota,St. Louis County,6.3,2008
27137,Minnesota,St. Louis County,6.5,2012
27137,Minnesota,St. Louis County,5.7,2016
27137,Minnesota,St. Louis County,7.3,2020
27139,Minnesota,Scott County,2.5,2000
27139,Minnesota,Scott County,3.9,2004
27139,Minnesota,Scott County,5.0,2008
27139,Minnesota,Scott County,5.0,2012
27139,Minnesota,Scott County,3.2,2016
27139,Minnesota,Scott County,5.9,2020
27141,Minnesota,Sherburne County,2.9,2000
27141,Minnesota,Sherburne County,4.9,2004
27141,Minnesota,Sherburne County,6.2,2008
27141,Minnesota,Sherburne County,6.2,2012
27141,Minnesota,Sherburne County,4.1,2016
27141,Minnesota,Sherburne County,6.2,2020
27143,Minnesota,Sibley County,3.2,2000
27143,Minnesota,Sibley County,4.9,2004
27143,Minnesota,Sibley County,6.2,2008
27143,Minnesota,Sibley County,6.0,2012
27143,Minnesota,Sibley County,4.3,2016
27143,Minnesota,Sibley County,5.7,2020
27145,Minnesota,Stearns County,3.0,2000
27145,Minnesota,Stearns County,4.5,2004
27145,Minnesota,Stearns County,5.5,2008
27145,Minnesota,Stearns County,5.4,2012
27145,Minnesota,Stearns County,3.8,2016
27145,Minnesota,Stearns County,5.8,2020
27147,Minnesota,Steele County,2.8,2000
27147,Minnesota,Steele County,4.5,2004
27147,Minnesota,Steele County,5.1,2008
27147,Minnesota,Steele County,5.5,2012
27147,Minnesota,Steele County,3.6,2016
27147,Minnesota,Steele County,5.5,2020
27149,Minnesota,Stevens County,3.3,2000
27149,Minnesota,Stevens County,3.8,2004
27149,Minnesota,Stevens County,4.7,2008
27149,Minnesota,Stevens County,4.3,2012
27149,Minnesota,Stevens County,3.0,2016
27149,Minnesota,Stevens County,3.3,2020
27151,Minnesota,Swift County,3.7,2000
27151,Minnesota,Swift County,5.0,2004
27151,Minnesota,Swift County,6.1,2008
27151,Minnesota,Swift County,6.2,2012
27151,Minnesota,Swift County,5.4,2016
27151,Minnesota,Swift County,5.9,2020
27153,Minnesota,Todd County,3.8,2000
27153,Minnesota,Todd County,5.1,2004
27153,Minnesota,Todd County,6.5,2008
27153,Minnesota,Todd County,5.8,2012
27153,Minnesota,Todd County,4.7,2016
27153,Minnesota,Todd County,5.4,2020
27155,Minnesota,Traverse County,4.6,2000
27155,Minnesota,Traverse County,4.3,2004
27155,Minnesota,Traverse County,5.4,2008
27155,Minnesota,Traverse County,5.1,2012
27155,Minnesota,Traverse County,3.9,2016
27155,Minnesota,Traverse County,4.5,2020
27157,Minnesota,Wabasha County,2.8,2000
27157,Minnesota,Wabasha County,4.3,2004
27157,Minnesota,Wabasha County,5.0,2008
27157,Minnesota,Wabasha County,5.2,2012
27157,Minnesota,Wabasha County,3.7,2016
27157,Minnesota,Wabasha County,5.4,2020
27159,Minnesota,Wadena County,5.0,2000
27159,Minnesota,Wadena County,6.4,2004
27159,Minnesota,Wadena County,8.1,2008
27159,Minnesota,Wadena County,7.9,2012
27159,Minnesota,Wadena County,5.9,2016
27159,Minnesota,Wadena County,7.8,2020
27161,Minnesota,Waseca County,2.9,2000
27161,Minnesota,Waseca County,4.5,2004
27161,Minnesota,Waseca County,5.4,2008
27161,Minnesota,Waseca County,5.8,2012
27161,Minnesota,Waseca County,4.3,2016
27161,Minnesota,Waseca County,6.3,2020
27163,Minnesota,Washington County,2.4,2000
27163,Minnesota,Washington County,4.0,2004
27163,Minnesota,Washington County,5.0,2008
27163,Minnesota,Washington County,5.2,2012
27163,Minnesota,Washington County,3.3,2016
27163,Minnesota,Washington County,5.7,2020
27165,Minnesota,Watonwan County,3.2,2000
27165,Minnesota,Watonwan County,4.5,2004
27165,Minnesota,Watonwan County,6.5,2008
27165,Minnesota,Watonwan County,5.7,2012
27165,Minnesota,Watonwan County,4.9,2016
27165,Minnesota,Watonwan County,4.7,2020
27167,Minnesota,Wilkin County,3.0,2000
27167,Minnesota,Wilkin County,3.7,2004
27167,Minnesota,Wilkin County,4.4,2008
27167,Minnesota,Wilkin County,4.8,2012
27167,Minnesota,Wilkin County,3.3,2016
27167,Minnesota,Wilkin County,4.2,2020
27169,Minnesota,Winona County,3.0,2000
27169,Minnesota,Winona County,4.3,2004
27169,Minnesota,Winona County,4.8,2008
27169,Minnesota,Winona County,4.9,2012
27169,Minnesota,Winona County,3.5,2016
27169,Minnesota,Winona County,5.0,2020
27171,Minnesota,Wright County,3.1,2000
27171,Minnesota,Wright County,4.8,2004
27171,Minnesota,Wright County,6.1,2008
27171,Minnesota,Wright County,5.9,2012
27171,Minnesota,Wright County,3.9,2016
27171,Minnesota,Wright County,5.6,2020
27173,Minnesota,Yellow Medicine County,4.1,2000
27173,Minnesota,Yellow Medicine County,5.1,2004
27173,Minnesota,Yellow Medicine County,5.1,2008
27173,Minnesota,Yellow Medicine County,5.1,2012
27173,Minnesota,Yellow Medicine County,3.8,2016
27173,Minnesota,Yellow Medicine County,4.6,2020
28001,Mississippi,Adams County,6.2,2000
28001,Mississippi,Adams County,7.5,2004
28001,Mississippi,Adams County,6.6,2008
28001,Mississippi,Adams County,9.7,2012
28001,Mississippi,Adams County,8.4,2016
28001,Mississippi,Adams County,10.8,2020
28003,Mississippi,Alcorn County,4.8,2000
28003,Mississippi,Alcorn County,6.6,2004
28003,Mississippi,Alcorn County,7.7,2008
28003,Mississippi,Alcorn County,8.5,2012
28003,Mississippi,Alcorn County,5.3,2016
28003,Mississippi,Alcorn County,6.2,2020
28005,Mississippi,Amite County,5.3,2000
28005,Mississippi,Amite County,6.6,2004
28005,Mississippi,Amite County,7.1,2008
28005,Mississippi,Amite County,9.9,2012
28005,Mississippi,Amite County,7.5,2016
28005,Mississippi,Amite County,8.3,2020
28007,Mississippi,Attala County,7.0,2000
28007,Mississippi,Attala County,7.9,2004
28007,Mississippi,Attala County,9.1,2008
28007,Mississippi,Attala County,9.6,2012
28007,Mississippi,Attala County,6.8,2016
28007,Mississippi,Attala County,8.3,2020
28009,Mississippi,Benton County,6.4,2000
28009,Mississippi,Benton County,9.1,2004
28009,Mississippi,Benton County,11.2,2008
28009,Mississippi,Benton County,10.4,2012
28009,Mississippi,Benton County,6.9,2016
28009,Mississippi,Benton County,8.2,2020
28011,Mississippi,Bolivar County,7.1,2000
28011,Mississippi,Bolivar County,8.2,2004
28011,Mississippi,Bolivar County,8.6,2008
28011,Mississippi,Bolivar County,10.4,2012
28011,Mississippi,Bolivar County,7.4,2016
28011,Mississippi,Bolivar County,8.6,2020
28013,Mississippi,Calhoun County,5.6,2000
28013,Mississippi,Calhoun County,6.8,2004
28013,Mississippi,Calhoun County,9.0,2008
28013,Mississippi,Calhoun County,8.2,2012
28013,Mississippi,Calhoun County,5.5,2016
28013,Mississippi,Calhoun County,8.0,2020
28015,Mississippi,Carroll County,5.6,2000
28015,Mississippi,Carroll County,5.9,2004
28015,Mississippi,Carroll County,7.1,2008
28015,Mississippi,Carroll County,10.8,2012
28015,Mississippi,Carroll County,7.4,2016
28015,Mississippi,Carroll County,7.6,2020
28017,Mississippi,Chickasaw County,5.3,2000
28017,Mississippi,Chickasaw County,8.1,2004
28017,Mississippi,Chickasaw County,10.9,2008
28017,Mississippi,Chickasaw County,10.0,2012
28017,Mississippi,Chickasaw County,6.7,2016
28017,Mississippi,Chickasaw County,10.7,2020
28019,Mississippi,Choctaw County,7.4,2000
28019,Mississippi,Choctaw County,8.1,2004
28019,Mississippi,Choctaw County,8.0,2008
28019,Mississippi,Choctaw County,8.9,2012
28019,Mississippi,Choctaw County,5.8,2016
28019,Mississippi,Choctaw County,6.3,2020
28021,Mississippi,Claiborne County,9.0,2000
28021,Mississippi,Claiborne County,10.4,2004
28021,Mississippi,Claiborne County,10.9,2008
28021,Mississippi,Claiborne County,15.1,2012
28021,Mississippi,Claiborne County,11.6,2016
28021,Mississippi,Claiborne County,14.2,2020
28023,Mississippi,Clarke County,8.1,2000
28023,Mississippi,Clarke County,7.6,2004
28023,Mississippi,Clarke County,7.7,2008
28023,Mississippi,Clarke County,10.5,2012
28023,Mississippi,Clarke County,6.9,2016
28023,Mississippi,Clarke County,8.3,2020
28025,Mississippi,Clay County,6.1,2000
28025,Mississippi,Clay County,9.2,2004
28025,Mississippi,Clay County,13.1,2008
28025,Mississippi,Clay County,13.8,2012
28025,Mississippi,Clay County,8.3,2016
28025,Mississippi,Clay County,11.5,2020
28027,Mississippi,Coahoma County,7.6,2000
28027,Mississippi,Coahoma County,9.0,2004
28027,Mississippi,Coahoma County,9.2,2008
28027,Mississippi,Coahoma County,12.3,2012
28027,Mississippi,Coahoma County,8.9,2016
28027,Mississippi,Coahoma County,12.3,2020
28029,Mississippi,Copiah County,6.1,2000
28029,Mississippi,Copiah County,6.8,2004
28029,Mississippi,Copiah County,7.2,2008
28029,Mississippi,Copiah County,10.8,2012
28029,Mississippi,Copiah County,6.7,2016
28029,Mississippi,Copiah County,8.2,2020
28031,Mississippi,Covington County,5.5,2000
28031,Mississippi,Covington County,5.5,2004
28031,Mississippi,Covington County,6.0,2008
28031,Mississippi,Covington County,8.3,2012
28031,Mississippi,Covington County,5.5,2016
28031,Mississippi,Covington County,6.8,2020
28033,Mississippi,Desoto County,2.4,2000
28033,Mississippi,Desoto County,3.6,2004
28033,Mississippi,Desoto County,4.7,2008
28033,Mississippi,Desoto County,6.3,2012
28033,Mississippi,Desoto County,4.3,2016
28033,Mississippi,Desoto County,5.9,2020
28035,Mississippi,Forrest County,4.8,2000
28035,Mississippi,Forrest County,5.5,2004
28035,Mississippi,Forrest County,5.7,2008
28035,Mississippi,Forrest County,8.8,2012
28035,Mississippi,Forrest County,5.8,2016
28035,Mississippi,Forrest County,8.0,2020
28037,Mississippi,Franklin County,6.5,2000
28037,Mississippi,Franklin County,7.9,2004
28037,Mississippi,Franklin County,7.6,2008
28037,Mississippi,Franklin County,9.6,2012
28037,Mississippi,Franklin County,7.3,2016
28037,Mississippi,Franklin County,8.2,2020
28039,Mississippi,George County,7.5,2000
28039,Mississippi,George County,8.9,2004
28039,Mississippi,George County,7.5,2008
28039,Mississippi,George County,10.0,2012
28039,Mississippi,George County,7.6,2016
28039,Mississippi,George County,9.0,2020
28041,Mississippi,Greene County,8.4,2000
28041,Mississippi,Greene County,9.2,2004
28041,Mississippi,Greene County,9.2,2008
28041,Mississippi,Greene County,11.0,2012
28041,Mississippi,Greene County,7.4,2016
28041,Mississippi,Greene County,9.6,2020
28043,Mississippi,Grenada County,5.5,2000
28043,Mississippi,Grenada County,6.3,2004
28043,Mississippi,Grenada County,7.4,2008
28043,Mississippi,Grenada County,9.0,2012
28043,Mississippi,Grenada County,5.2,2016
28043,Mississippi,Grenada County,7.1,2020
28045,Mississippi,Hancock County,4.6,2000
28045,Mississippi,Hancock County,5.0,2004
28045,Mississippi,Hancock County,5.6,2008
28045,Mississippi,Hancock County,8.3,2012
28045,Mississippi,Hancock County,6.2,2016
28045,Mississippi,Hancock County,8.3,2020
28047,Mississippi,Harrison County,4.6,2000
28047,Mississippi,Harrison County,5.0,2004
28047,Mississippi,Harrison County,5.5,2008
28047,Mississippi,Harrison County,8.0,2012
28047,Mississippi,Harrison County,5.6,2016
28047,Mississippi,Harrison County,9.3,2020
28049,Mississippi,Hinds County,5.0,2000
28049,Mississippi,Hinds County,5.5,2004
28049,Mississippi,Hinds County,6.0,2008
28049,Mississippi,Hinds County,8.6,2012
28049,Mississippi,Hinds County,5.6,2016
28049,Mississippi,Hinds County,9.3,2020
28051,Mississippi,Holmes County,13.0,2000
28051,Mississippi,Holmes County,10.9,2004
28051,Mississippi,Holmes County,13.1,2008
28051,Mississippi,Holmes County,16.2,2012
28051,Mississippi,Holmes County,11.2,2016
28051,Mississippi,Holmes County,16.0,2020
28053,Mississippi,Humphreys County,9.2,2000
28053,Mississippi,Humphreys County,8.7,2004
28053,Mississippi,Humphreys County,9.8,2008
28053,Mississippi,Humphreys County,18.7,2012
28053,Mississippi,Humphreys County,11.6,2016
28053,Mississippi,Humphreys County,14.5,2020
28055,Mississippi,Issaquena County,10.1,2000
28055,Mississippi,Issaquena County,10.2,2004
28055,Mississippi,Issaquena County,8.7,2008
28055,Mississippi,Issaquena County,17.3,2012
28055,Mississippi,Issaquena County,14.3,2016
28055,Mississippi,Issaquena County,8.9,2020
28057,Mississippi,Itawamba County,5.2,2000
28057,Mississippi,Itawamba County,5.8,2004
28057,Mississippi,Itawamba County,8.1,2008
28057,Mississippi,Itawamba County,8.2,2012
28057,Mississippi,Itawamba County,5.2,2016
28057,Mississippi,Itawamba County,6.9,2020
28059,Mississippi,Jackson County,5.7,2000
28059,Mississippi,Jackson County,5.8,2004
28059,Mississippi,Jackson County,5.8,2008
28059,Mississippi,Jackson County,9.3,2012
28059,Mississippi,Jackson County,6.7,2016
28059,Mississippi,Jackson County,9.4,2020
28061,Mississippi,Jasper County,5.8,2000
28061,Mississippi,Jasper County,7.9,2004
28061,Mississippi,Jasper County,7.1,2008
28061,Mississippi,Jasper County,10.0,2012
28061,Mississippi,Jasper County,7.8,2016
28061,Mississippi,Jasper County,8.8,2020
28063,Mississippi,Jefferson County,11.9,2000
28063,Mississippi,Jefferson County,13.2,2004
28063,Mississippi,Jefferson County,13.3,2008
28063,Mississippi,Jefferson County,17.1,2012
28063,Mississippi,Jefferson County,15.2,2016
28063,Mississippi,Jefferson County,18.1,2020
28065,Mississippi,Jefferson Davis County,9.7,2000
28065,Mississippi,Jefferson Davis County,7.7,2004
28065,Mississippi,Jefferson Davis County,7.0,2008
28065,Mississippi,Jefferson Davis County,12.7,2012
28065,Mississippi,Jefferson Davis County,8.4,2016
28065,Mississippi,Jefferson Davis County,9.5,2020
28067,Mississippi,Jones County,4.4,2000
28067,Mississippi,Jones County,5.2,2004
28067,Mississippi,Jones County,5.3,2008
28067,Mississippi,Jones County,7.4,2012
28067,Mississippi,Jones County,6.3,2016
28067,Mississippi,Jones County,7.0,2020
28069,Mississippi,Kemper County,8.2,2000
28069,Mississippi,Kemper County,8.5,2004
28069,Mississippi,Kemper County,8.3,2008
28069,Mississippi,Kemper County,12.9,2012
28069,Mississippi,Kemper County,8.9,2016
28069,Mississippi,Kemper County,9.5,2020
28071,Mississippi,Lafayette County,4.3,2000
28071,Mississippi,Lafayette County,5.2,2004
28071,Mississippi,Lafayette County,5.3,2008
28071,Mississippi,Lafayette County,7.6,2012
28071,Mississippi,Lafayette County,5.0,2016
28071,Mississippi,Lafayette County,6.0,2020
28073,Mississippi,Lamar County,3.9,2000
28073,Mississippi,Lamar County,4.2,2004
28073,Mississippi,Lamar County,4.7,2008
28073,Mississippi,Lamar County,6.3,2012
28073,Mississippi,Lamar County,4.6,2016
28073,Mississippi,Lamar County,5.9,2020
28075,Mississippi,Lauderdale County,5.6,2000
28075,Mississippi,Lauderdale County,6.6,2004
28075,Mississippi,Lauderdale County,6.8,2008
28075,Mississippi,Lauderdale County,8.9,2012
28075,Mississippi,Lauderdale County,6.0,2016
28075,Mississippi,Lauderdale County,7.4,2020
28077,Mississippi,Lawrence County,7.6,2000
28077,Mississippi,Lawrence County,6.8,2004
28077,Mississippi,Lawrence County,7.9,2008
28077,Mississippi,Lawrence County,10.1,2012
28077,Mississippi,Lawrence County,7.3,2016
28077,Mississippi,Lawrence County,8.6,2020
28079,Mississippi,Leake County,6.2,2000
28079,Mississippi,Leake County,6.5,2004
28079,Mississippi,Leake County,6.8,2008
28079,Mississippi,Leake County,9.0,2012
28079,Mississippi,Leake County,6.2,2016
28079,Mississippi,Leake County,7.8,2020
28081,Mississippi,Lee County,4.4,2000
28081,Mississippi,Lee County,5.6,2004
28081,Mississippi,Lee County,7.0,2008
28081,Mississippi,Lee County,8.2,2012
28081,Mississippi,Lee County,5.0,2016
28081,Mississippi,Lee County,8.0,2020
28083,Mississippi,Leflore County,8.7,2000
28083,Mississippi,Leflore County,9.2,2004
28083,Mississippi,Leflore County,8.9,2008
28083,Mississippi,Leflore County,13.8,2012
28083,Mississippi,Leflore County,9.3,2016
28083,Mississippi,Leflore County,10.5,2020
28085,Mississippi,Lincoln County,5.3,2000
28085,Mississippi,Lincoln County,6.2,2004
28085,Mississippi,Lincoln County,7.3,2008
28085,Mississippi,Lincoln County,8.4,2012
28085,Mississippi,Lincoln County,5.8,2016
28085,Mississippi,Lincoln County,7.3,2020
28087,Mississippi,Lowndes County,5.5,2000
28087,Mississippi,Lowndes County,6.7,2004
28087,Mississippi,Lowndes County,7.7,2008
28087,Mississippi,Lowndes County,9.0,2012
28087,Mississippi,Lowndes County,6.3,2016
28087,Mississippi,Lowndes County,8.2,2020
28089,Mississippi,Madison County,4.1,2000
28089,Mississippi,Madison County,4.8,2004
28089,Mississippi,Madison County,5.2,2008
28089,Mississippi,Madison County,6.1,2012
28089,Mississippi,Madison County,4.4,2016
28089,Mississippi,Madison County,6.4,2020
28091,Mississippi,Marion County,5.9,2000
28091,Mississippi,Marion County,6.7,2004
28091,Mississippi,Marion County,7.1,2008
28091,Mississippi,Marion County,10.0,2012
28091,Mississippi,Marion County,6.7,2016
28091,Mississippi,Marion County,7.0,2020
28093,Mississippi,Marshall County,4.1,2000
28093,Mississippi,Marshall County,7.7,2004
28093,Mississippi,Marshall County,8.2,2008
28093,Mississippi,Marshall County,10.6,2012
28093,Mississippi,Marshall County,6.2,2016
28093,Mississippi,Marshall County,7.5,2020
28095,Mississippi,Monroe County,7.0,2000
28095,Mississippi,Monroe County,7.5,2004
28095,Mississippi,Monroe County,9.8,2008
28095,Mississippi,Monroe County,10.8,2012
28095,Mississippi,Monroe County,6.4,2016
28095,Mississippi,Monroe County,8.8,2020
28097,Mississippi,Montgomery County,6.2,2000
28097,Mississippi,Montgomery County,7.7,2004
28097,Mississippi,Montgomery County,8.8,2008
28097,Mississippi,Montgomery County,11.4,2012
28097,Mississippi,Montgomery County,6.5,2016
28097,Mississippi,Montgomery County,7.9,2020
28099,Mississippi,Neshoba County,5.3,2000
28099,Mississippi,Neshoba County,5.7,2004
28099,Mississippi,Neshoba County,5.4,2008
28099,Mississippi,Neshoba County,8.2,2012
28099,Mississippi,Neshoba County,5.9,2016
28099,Mississippi,Neshoba County,9.2,2020
28101,Mississippi,Newton County,5.5,2000
28101,Mississippi,Newton County,5.6,2004
28101,Mississippi,Newton County,6.6,2008
28101,Mississippi,Newton County,7.8,2012
28101,Mississippi,Newton County,6.0,2016
28101,Mississippi,Newton County,7.8,2020
28103,Mississippi,Noxubee County,8.8,2000
28103,Mississippi,Noxubee County,12.0,2004
28103,Mississippi,Noxubee County,13.8,2008
28103,Mississippi,Noxubee County,12.9,2012
28103,Mississippi,Noxubee County,8.4,2016
28103,Mississippi,Noxubee County,11.0,2020
28105,Mississippi,Oktibbeha County,5.0,2000
28105,Mississippi,Oktibbeha County,5.6,2004
28105,Mississippi,Oktibbeha County,6.3,2008
28105,Mississippi,Oktibbeha County,8.2,2012
28105,Mississippi,Oktibbeha County,5.5,2016
28105,Mississippi,Oktibbeha County,7.6,2020
28107,Mississippi,Panola County,6.9,2000
28107,Mississippi,Panola County,9.1,2004
28107,Mississippi,Panola County,8.5,2008
28107,Mississippi,Panola County,11.9,2012
28107,Mississippi,Panola County,7.5,2016
28107,Mississippi,Panola County,9.7,2020
28109,Mississippi,Pearl River County,5.0,2000
28109,Mississippi,Pearl River County,5.5,2004
28109,Mississippi,Pearl River County,6.7,2008
28109,Mississippi,Pearl River County,8.1,2012
28109,Mississippi,Pearl River County,6.1,2016
28109,Mississippi,Pearl River County,7.1,2020
28111,Mississippi,Perry County,6.1,2000
28111,Mississippi,Perry County,7.3,2004
28111,Mississippi,Perry County,8.2,2008
28111,Mississippi,Perry County,11.3,2012
28111,Mississippi,Perry County,7.3,2016
28111,Mississippi,Perry County,8.7,2020
28113,Mississippi,Pike County,6.2,2000
28113,Mississippi,Pike County,7.1,2004
28113,Mississippi,Pike County,7.1,2008
28113,Mississippi,Pike County,10.3,2012
28113,Mississippi,Pike County,6.9,2016
28113,Mississippi,Pike County,8.8,2020
28115,Mississippi,Pontotoc County,4.5,2000
28115,Mississippi,Pontotoc County,5.2,2004
28115,Mississippi,Pontotoc County,7.8,2008
28115,Mississippi,Pontotoc County,7.6,2012
28115,Mississippi,Pontotoc County,4.8,2016
28115,Mississippi,Pontotoc County,7.6,2020
28117,Mississippi,Prentiss County,5.0,2000
28117,Mississippi,Prentiss County,7.2,2004
28117,Mississippi,Prentiss County,8.1,2008
28117,Mississippi,Prentiss County,8.4,2012
28117,Mississippi,Prentiss County,5.6,2016
28117,Mississippi,Prentiss County,6.8,2020
28119,Mississippi,Quitman County,7.1,2000
28119,Mississippi,Quitman County,9.8,2004
28119,Mississippi,Quitman County,8.9,2008
28119,Mississippi,Quitman County,13.7,2012
28119,Mississippi,Quitman County,9.9,2016
28119,Mississippi,Quitman County,10.7,2020
28121,Mississippi,Rankin County,3.5,2000
28121,Mississippi,Rankin County,4.0,2004
28121,Mississippi,Rankin County,4.2,2008
28121,Mississippi,Rankin County,5.6,2012
28121,Mississippi,Rankin County,4.0,2016
28121,Mississippi,Rankin County,5.2,2020
28123,Mississippi,Scott County,4.6,2000
28123,Mississippi,Scott County,5.1,2004
28123,Mississippi,Scott County,5.1,2008
28123,Mississippi,Scott County,7.5,2012
28123,Mississippi,Scott County,4.7,2016
28123,Mississippi,Scott County,5.8,2020
28125,Mississippi,Sharkey County,9.7,2000
28125,Mississippi,Sharkey County,10.6,2004
28125,Mississippi,Sharkey County,8.6,2008
28125,Mississippi,Sharkey County,13.3,2012
28125,Mississippi,Sharkey County,9.0,2016
28125,Mississippi,Sharkey County,10.7,2020
28127,Mississippi,Simpson County,4.8,2000
28127,Mississippi,Simpson County,5.1,2004
28127,Mississippi,Simpson County,6.0,2008
28127,Mississippi,Simpson County,8.1,2012
28127,Mississippi,Simpson County,5.6,2016
28127,Mississippi,Simpson County,6.7,2020
28129,Mississippi,Smith County,4.7,2000
28129,Mississippi,Smith County,5.3,2004
28129,Mississippi,Smith County,6.5,2008
28129,Mississippi,Smith County,7.1,2012
28129,Mississippi,Smith County,5.4,2016
28129,Mississippi,Smith County,5.7,2020
28131,Mississippi,Stone County,5.5,2000
28131,Mississippi,Stone County,5.5,2004
28131,Mississippi,Stone County,5.9,2008
28131,Mississippi,Stone County,10.1,2012
28131,Mississippi,Stone County,6.9,2016
28131,Mississippi,Stone County,7.5,2020
28133,Mississippi,Sunflower County,8.8,2000
28133,Mississippi,Sunflower County,8.9,2004
28133,Mississippi,Sunflower County,10.4,2008
28133,Mississippi,Sunflower County,14.1,2012
28133,Mississippi,Sunflower County,9.5,2016
28133,Mississippi,Sunflower County,11.0,2020
28135,Mississippi,Tallahatchie County,8.0,2000
28135,Mississippi,Tallahatchie County,9.4,2004
28135,Mississippi,Tallahatchie County,8.4,2008
28135,Mississippi,Tallahatchie County,11.1,2012
28135,Mississippi,Tallahatchie County,6.9,2016
28135,Mississippi,Tallahatchie County,7.4,2020
28137,Mississippi,Tate County,3.6,2000
28137,Mississippi,Tate County,5.9,2004
28137,Mississippi,Tate County,6.8,2008
28137,Mississippi,Tate County,9.1,2012
28137,Mississippi,Tate County,6.0,2016
28137,Mississippi,Tate County,7.5,2020
28139,Mississippi,Tippah County,5.6,2000
28139,Mississippi,Tippah County,6.9,2004
28139,Mississippi,Tippah County,10.1,2008
28139,Mississippi,Tippah County,9.9,2012
28139,Mississippi,Tippah County,5.7,2016
28139,Mississippi,Tippah County,6.9,2020
28141,Mississippi,Tishomingo County,6.9,2000
28141,Mississippi,Tishomingo County,7.9,2004
28141,Mississippi,Tishomingo County,8.9,2008
28141,Mississippi,Tishomingo County,10.1,2012
28141,Mississippi,Tishomingo County,5.6,2016
28141,Mississippi,Tishomingo County,6.5,2020
28143,Mississippi,Tunica County,4.9,2000
28143,Mississippi,Tunica County,8.8,2004
28143,Mississippi,Tunica County,10.7,2008
28143,Mississippi,Tunica County,12.1,2012
28143,Mississippi,Tunica County,7.3,2016
28143,Mississippi,Tunica County,14.9,2020
28145,Mississippi,Union County,4.4,2000
28145,Mississippi,Union County,6.2,2004
28145,Mississippi,Union County,7.1,2008
28145,Mississippi,Union County,7.9,2012
28145,Mississippi,Union County,4.5,2016
28145,Mississippi,Union County,7.0,2020
28147,Mississippi,Walthall County,6.7,2000
28147,Mississippi,Walthall County,6.8,2004
28147,Mississippi,Walthall County,7.3,2008
28147,Mississippi,Walthall County,11.0,2012
28147,Mississippi,Walthall County,7.9,2016
28147,Mississippi,Walthall County,8.3,2020
28149,Mississippi,Warren County,5.0,2000
28149,Mississippi,Warren County,6.0,2004
28149,Mississippi,Warren County,6.4,2008
28149,Mississippi,Warren County,8.8,2012
28149,Mississippi,Warren County,6.5,2016
28149,Mississippi,Warren County,8.6,2020
28151,Mississippi,Washington County,7.6,2000
28151,Mississippi,Washington County,9.5,2004
28151,Mississippi,Washington County,9.5,2008
28151,Mississippi,Washington County,14.3,2012
28151,Mississippi,Washington County,9.2,2016
28151,Mississippi,Washington County,10.6,2020
28153,Mississippi,Wayne County,6.3,2000
28153,Mississippi,Wayne County,6.9,2004
28153,Mississippi,Wayne County,7.6,2008
28153,Mississippi,Wayne County,10.9,2012
28153,Mississippi,Wayne County,7.5,2016
28153,Mississippi,Wayne County,8.6,2020
28155,Mississippi,Webster County,4.9,2000
28155,Mississippi,Webster County,8.3,2004
28155,Mississippi,Webster County,9.3,2008
28155,Mississippi,Webster County,9.0,2012
28155,Mississippi,Webster County,6.4,2016
28155,Mississippi,Webster County,7.3,2020
28157,Mississippi,Wilkinson County,8.3,2000
28157,Mississippi,Wilkinson County,8.6,2004
28157,Mississippi,Wilkinson County,8.0,2008
28157,Mississippi,Wilkinson County,12.0,2012
28157,Mississippi,Wilkinson County,10.4,2016
28157,Mississippi,Wilkinson County,12.9,2020
28159,Mississippi,Winston County,6.7,2000
28159,Mississippi,Winston County,7.5,2004
28159,Mississippi,Winston County,7.6,2008
28159,Mississippi,Winston County,11.3,2012
28159,Mississippi,Winston County,7.2,2016
28159,Mississippi,Winston County,8.6,2020
28161,Mississippi,Yalobusha County,5.7,2000
28161,Mississippi,Yalobusha County,8.7,2004
28161,Mississippi,Yalobusha County,8.7,2008
28161,Mississippi,Yalobusha County,9.9,2012
28161,Mississippi,Yalobusha County,6.4,2016
28161,Mississippi,Yalobusha County,7.7,2020
28163,Mississippi,Yazoo County,7.0,2000
28163,Mississippi,Yazoo County,8.6,2004
28163,Mississippi,Yazoo County,8.8,2008
28163,Mississippi,Yazoo County,11.0,2012
28163,Mississippi,Yazoo County,7.5,2016
28163,Mississippi,Yazoo County,10.1,2020
29001,Missouri,Adair County,2.9,2000
29001,Missouri,Adair County,5.0,2004
29001,Missouri,Adair County,5.3,2008
29001,Missouri,Adair County,7.3,2012
29001,Missouri,Adair County,5.7,2016
29001,Missouri,Adair County,5.2,2020
29003,Missouri,Andrew County,3.1,2000
29003,Missouri,Andrew County,5.2,2004
29003,Missouri,Andrew County,4.8,2008
29003,Missouri,Andrew County,5.5,2012
29003,Missouri,Andrew County,3.7,2016
29003,Missouri,Andrew County,4.1,2020
29005,Missouri,Atchison County,2.6,2000
29005,Missouri,Atchison County,4.7,2004
29005,Missouri,Atchison County,4.8,2008
29005,Missouri,Atchison County,6.6,2012
29005,Missouri,Atchison County,4.5,2016
29005,Missouri,Atchison County,4.1,2020
29007,Missouri,Audrain County,3.0,2000
29007,Missouri,Audrain County,5.8,2004
29007,Missouri,Audrain County,6.3,2008
29007,Missouri,Audrain County,6.7,2012
29007,Missouri,Audrain County,4.2,2016
29007,Missouri,Audrain County,5.9,2020
29009,Missouri,Barry County,3.3,2000
29009,Missouri,Barry County,5.2,2004
29009,Missouri,Barry County,5.5,2008
29009,Missouri,Barry County,7.3,2012
29009,Missouri,Barry County,4.5,2016
29009,Missouri,Barry County,6.6,2020
29011,Missouri,Barton County,2.7,2000
29011,Missouri,Barton County,5.1,2004
29011,Missouri,Barton County,9.4,2008
29011,Missouri,Barton County,7.7,2012
29011,Missouri,Barton County,5.2,2016
29011,Missouri,Barton County,4.9,2020
29013,Missouri,Bates County,3.6,2000
29013,Missouri,Bates County,7.2,2004
29013,Missouri,Bates County,7.2,2008
29013,Missouri,Bates County,8.5,2012
29013,Missouri,Bates County,5.3,2016
29013,Missouri,Bates County,5.4,2020
29015,Missouri,Benton County,5.2,2000
29015,Missouri,Benton County,6.5,2004
29015,Missouri,Benton County,7.0,2008
29015,Missouri,Benton County,9.3,2012
29015,Missouri,Benton County,6.1,2016
29015,Missouri,Benton County,7.4,2020
29017,Missouri,Bollinger County,4.1,2000
29017,Missouri,Bollinger County,6.0,2004
29017,Missouri,Bollinger County,6.8,2008
29017,Missouri,Bollinger County,7.2,2012
29017,Missouri,Bollinger County,5.2,2016
29017,Missouri,Bollinger County,5.7,2020
29019,Missouri,Boone County,2.2,2000
29019,Missouri,Boone County,3.9,2004
29019,Missouri,Boone County,4.4,2008
29019,Missouri,Boone County,4.7,2012
29019,Missouri,Boone County,3.3,2016
29019,Missouri,Boone County,4.3,2020
29021,Missouri,Buchanan County,3.5,2000
29021,Missouri,Buchanan County,6.2,2004
29021,Missouri,Buchanan County,5.3,2008
29021,Missouri,Buchanan County,6.5,2012
29021,Missouri,Buchanan County,4.1,2016
29021,Missouri,Buchanan County,5.0,2020
29023,Missouri,Butler County,4.7,2000
29023,Missouri,Butler County,5.5,2004
29023,Missouri,Butler County,6.2,2008
29023,Missouri,Butler County,8.5,2012
29023,Missouri,Butler County,5.7,2016
29023,Missouri,Butler County,6.3,2020
29025,Missouri,Caldwell County,3.3,2000
29025,Missouri,Caldwell County,6.1,2004
29025,Missouri,Caldwell County,6.8,2008
29025,Missouri,Caldwell County,7.2,2012
29025,Missouri,Caldwell County,4.7,2016
29025,Missouri,Caldwell County,5.4,2020
29027,Missouri,Callaway County,2.8,2000
29027,Missouri,Callaway County,4.8,2004
29027,Missouri,Callaway County,5.4,2008
29027,Missouri,Callaway County,6.4,2012
29027,Missouri,Callaway County,4.1,2016
29027,Missouri,Callaway County,4.5,2020
29029,Missouri,Camden County,4.0,2000
29029,Missouri,Camden County,5.7,2004
29029,Missouri,Camden County,6.3,2008
29029,Missouri,Camden County,9.9,2012
29029,Missouri,Camden County,5.8,2016
29029,Missouri,Camden County,7.1,2020
29031,Missouri,Cape Girardeau County,2.9,2000
29031,Missouri,Cape Girardeau County,4.6,2004
29031,Missouri,Cape Girardeau County,5.2,2008
29031,Missouri,Cape Girardeau County,5.7,2012
29031,Missouri,Cape Girardeau County,4.3,2016
29031,Missouri,Cape Girardeau County,5.2,2020
29033,Missouri,Carroll County,3.2,2000
29033,Missouri,Carroll County,5.6,2004
29033,Missouri,Carroll County,7.1,2008
29033,Missouri,Carroll County,8.6,2012
29033,Missouri,Carroll County,5.4,2016
29033,Missouri,Carroll County,5.6,2020
29035,Missouri,Carter County,5.5,2000
29035,Missouri,Carter County,6.8,2004
29035,Missouri,Carter County,7.3,2008
29035,Missouri,Carter County,9.8,2012
29035,Missouri,Carter County,7.1,2016
29035,Missouri,Carter County,6.6,2020
29037,Missouri,Cass County,2.8,2000
29037,Missouri,Cass County,5.7,2004
29037,Missouri,Cass County,6.0,2008
29037,Missouri,Cass County,6.9,2012
29037,Missouri,Cass County,4.1,2016
29037,Missouri,Cass County,5.4,2020
29039,Missouri,Cedar County,3.6,2000
29039,Missouri,Cedar County,6.3,2004
29039,Missouri,Cedar County,6.6,2008
29039,Missouri,Cedar County,7.7,2012
29039,Missouri,Cedar County,5.0,2016
29039,Missouri,Cedar County,4.5,2020
29041,Missouri,Chariton County,3.7,2000
29041,Missouri,Chariton County,5.9,2004
29041,Missouri,Chariton County,6.2,2008
29041,Missouri,Chariton County,6.8,2012
29041,Missouri,Chariton County,4.3,2016
29041,Missouri,Chariton County,4.1,2020
29043,Missouri,Christian County,2.8,2000
29043,Missouri,Christian County,4.7,2004
29043,Missouri,Christian County,5.1,2008
29043,Missouri,Christian County,6.0,2012
29043,Missouri,Christian County,3.9,2016
29043,Missouri,Christian County,4.9,2020
29045,Missouri,Clark County,3.6,2000
29045,Missouri,Clark County,6.8,2004
29045,Missouri,Clark County,6.2,2008
29045,Missouri,Clark County,8.3,2012
29045,Missouri,Clark County,7.3,2016
29045,Missouri,Clark County,6.1,2020
29047,Missouri,Clay County,2.4,2000
29047,Missouri,Clay County,5.0,2004
29047,Missouri,Clay County,5.2,2008
29047,Missouri,Clay County,6.3,2012
29047,Missouri,Clay County,3.9,2016
29047,Missouri,Clay County,6.1,2020
29049,Missouri,Clinton County,3.0,2000
29049,Missouri,Clinton County,5.9,2004
29049,Missouri,Clinton County,6.0,2008
29049,Missouri,Clinton County,7.2,2012
29049,Missouri,Clinton County,4.2,2016
29049,Missouri,Clinton County,6.0,2020
29051,Missouri,Cole County,2.6,2000
29051,Missouri,Cole County,4.1,2004
29051,Missouri,Cole County,4.5,2008
29051,Missouri,Cole County,5.3,2012
29051,Missouri,Cole County,3.6,2016
29051,Missouri,Cole County,4.5,2020
29053,Missouri,Cooper County,3.2,2000
29053,Missouri,Cooper County,5.1,2004
29053,Missouri,Cooper County,5.8,2008
29053,Missouri,Cooper County,7.4,2012
29053,Missouri,Cooper County,4.9,2016
29053,Missouri,Cooper County,5.5,2020
29055,Missouri,Crawford County,4.3,2000
29055,Missouri,Crawford County,6.5,2004
29055,Missouri,Crawford County,8.2,2008
29055,Missouri,Crawford County,9.1,2012
29055,Missouri,Crawford County,5.3,2016
29055,Missouri,Crawford County,6.5,2020
29057,Missouri,Dade County,3.5,2000
29057,Missouri,Dade County,5.3,2004
29057,Missouri,Dade County,6.3,2008
29057,Missouri,Dade County,7.7,2012
29057,Missouri,Dade County,4.5,2016
29057,Missouri,Dade County,4.4,2020
29059,Missouri,Dallas County,4.4,2000
29059,Missouri,Dallas County,6.1,2004
29059,Missouri,Dallas County,7.7,2008
29059,Missouri,Dallas County,9.4,2012
29059,Missouri,Dallas County,5.5,2016
29059,Missouri,Dallas County,5.9,2020
29061,Missouri,Daviess County,3.2,2000
29061,Missouri,Daviess County,5.3,2004
29061,Missouri,Daviess County,5.4,2008
29061,Missouri,Daviess County,7.2,2012
29061,Missouri,Daviess County,3.8,2016
29061,Missouri,Daviess County,4.3,2020
29063,Missouri,Dekalb County,3.8,2000
29063,Missouri,Dekalb County,6.2,2004
29063,Missouri,Dekalb County,6.3,2008
29063,Missouri,Dekalb County,6.1,2012
29063,Missouri,Dekalb County,4.4,2016
29063,Missouri,Dekalb County,4.6,2020
29065,Missouri,Dent County,4.7,2000
29065,Missouri,Dent County,6.7,2004
29065,Missouri,Dent County,7.7,2008
29065,Missouri,Dent County,8.4,2012
29065,Missouri,Dent County,5.4,2016
29065,Missouri,Dent County,4.9,2020
29067,Missouri,Douglas County,4.5,2000
29067,Missouri,Douglas County,6.0,2004
29067,Missouri,Douglas County,6.8,2008
29067,Missouri,Douglas County,10.1,2012
29067,Missouri,Douglas County,6.1,2016
29067,Missouri,Douglas County,7.7,2020
29069,Missouri,Dunklin County,4.4,2000
29069,Missouri,Dunklin County,7.4,2004
29069,Missouri,Dunklin County,8.0,2008
29069,Missouri,Dunklin County,10.7,2012
29069,Missouri,Dunklin County,8.2,2016
29069,Missouri,Dunklin County,7.4,2020
29071,Missouri,Franklin County,3.6,2000
29071,Missouri,Franklin County,6.0,2004
29071,Missouri,Franklin County,7.5,2008
29071,Missouri,Franklin County,8.1,2012
29071,Missouri,Franklin County,4.4,2016
29071,Missouri,Franklin County,6.2,2020
29073,Missouri,Gasconade County,3.4,2000
29073,Missouri,Gasconade County,6.2,2004
29073,Missouri,Gasconade County,7.7,2008
29073,Missouri,Gasconade County,7.3,2012
29073,Missouri,Gasconade County,4.3,2016
29073,Missouri,Gasconade County,5.8,2020
29075,Missouri,Gentry County,3.1,2000
29075,Missouri,Gentry County,4.7,2004
29075,Missouri,Gentry County,4.5,2008
29075,Missouri,Gentry County,5.5,2012
29075,Missouri,Gentry County,3.7,2016
29075,Missouri,Gentry County,3.4,2020
29077,Missouri,Greene County,2.8,2000
29077,Missouri,Greene County,4.7,2004
29077,Missouri,Greene County,5.1,2008
29077,Missouri,Greene County,6.1,2012
29077,Missouri,Greene County,3.8,2016
29077,Missouri,Greene County,5.4,2020
29079,Missouri,Grundy County,3.2,2000
29079,Missouri,Grundy County,5.7,2004
29079,Missouri,Grundy County,5.6,2008
29079,Missouri,Grundy County,6.7,2012
29079,Missouri,Grundy County,4.6,2016
29079,Missouri,Grundy County,4.6,2020
29081,Missouri,Harrison County,3.1,2000
29081,Missouri,Harrison County,5.3,2004
29081,Missouri,Harrison County,5.0,2008
29081,Missouri,Harrison County,7.5,2012
29081,Missouri,Harrison County,4.2,2016
29081,Missouri,Harrison County,4.6,2020
29083,Missouri,Henry County,3.5,2000
29083,Missouri,Henry County,6.9,2004
29083,Missouri,Henry County,6.8,2008
29083,Missouri,Henry County,8.0,2012
29083,Missouri,Henry County,5.0,2016
29083,Missouri,Henry County,5.9,2020
29085,Missouri,Hickory County,6.0,2000
29085,Missouri,Hickory County,8.6,2004
29085,Missouri,Hickory County,9.7,2008
29085,Missouri,Hickory County,12.4,2012
29085,Missouri,Hickory County,5.6,2016
29085,Missouri,Hickory County,5.1,2020
29087,Missouri,Holt County,3.1,2000
29087,Missouri,Holt County,5.1,2004
29087,Missouri,Holt County,5.1,2008
29087,Missouri,Holt County,5.5,2012
29087,Missouri,Holt County,3.2,2016
29087,Missouri,Holt County,3.4,2020
29089,Missouri,Howard County,3.0,2000
29089,Missouri,Howard County,4.8,2004
29089,Missouri,Howard County,6.0,2008
29089,Missouri,Howard County,7.0,2012
29089,Missouri,Howard County,4.4,2016
29089,Missouri,Howard County,4.2,2020
29091,Missouri,Howell County,3.7,2000
29091,Missouri,Howell County,5.3,2004
29091,Missouri,Howell County,5.7,2008
29091,Missouri,Howell County,8.4,2012
29091,Missouri,Howell County,6.3,2016
29091,Missouri,Howell County,6.8,2020
29093,Missouri,Iron County,5.5,2000
29093,Missouri,Iron County,8.4,2004
29093,Missouri,Iron County,5.7,2008
29093,Missouri,Iron County,11.7,2012
29093,Missouri,Iron County,7.1,2016
29093,Missouri,Iron County,7.1,2020
29095,Missouri,Jackson County,3.5,2000
29095,Missouri,Jackson County,7.1,2004
29095,Missouri,Jackson County,7.0,2008
29095,Missouri,Jackson County,8.0,2012
29095,Missouri,Jackson County,5.1,2016
29095,Missouri,Jackson County,7.3,2020
29097,Missouri,Jasper County,3.3,2000
29097,Missouri,Jasper County,5.3,2004
29097,Missouri,Jasper County,5.3,2008
29097,Missouri,Jasper County,6.1,2012
29097,Missouri,Jasper County,4.1,2016
29097,Missouri,Jasper County,5.8,2020
29099,Missouri,Jefferson County,3.2,2000
29099,Missouri,Jefferson County,5.8,2004
29099,Missouri,Jefferson County,6.9,2008
29099,Missouri,Jefferson County,7.4,2012
29099,Missouri,Jefferson County,4.3,2016
29099,Missouri,Jefferson County,6.1,2020
29101,Missouri,Johnson County,3.2,2000
29101,Missouri,Johnson County,5.1,2004
29101,Missouri,Johnson County,5.3,2008
29101,Missouri,Johnson County,7.9,2012
29101,Missouri,Johnson County,4.9,2016
29101,Missouri,Johnson County,5.7,2020
29103,Missouri,Knox County,3.5,2000
29103,Missouri,Knox County,4.2,2004
29103,Missouri,Knox County,4.7,2008
29103,Missouri,Knox County,5.8,2012
29103,Missouri,Knox County,3.6,2016
29103,Missouri,Knox County,4.0,2020
29105,Missouri,Laclede County,3.6,2000
29105,Missouri,Laclede County,7.4,2004
29105,Missouri,Laclede County,7.6,2008
29105,Missouri,Laclede County,9.5,2012
29105,Missouri,Laclede County,5.4,2016
29105,Missouri,Laclede County,8.3,2020
29107,Missouri,Lafayette County,3.2,2000
29107,Missouri,Lafayette County,5.8,2004
29107,Missouri,Lafayette County,6.2,2008
29107,Missouri,Lafayette County,7.3,2012
29107,Missouri,Lafayette County,4.3,2016
29107,Missouri,Lafayette County,5.3,2020
29109,Missouri,Lawrence County,3.2,2000
29109,Missouri,Lawrence County,4.9,2004
29109,Missouri,Lawrence County,4.9,2008
29109,Missouri,Lawrence County,6.7,2012
29109,Missouri,Lawrence County,4.4,2016
29109,Missouri,Lawrence County,6.1,2020
29111,Missouri,Lewis County,3.3,2000
29111,Missouri,Lewis County,5.0,2004
29111,Missouri,Lewis County,4.9,2008
29111,Missouri,Lewis County,5.7,2012
29111,Missouri,Lewis County,4.5,2016
29111,Missouri,Lewis County,4.9,2020
29113,Missouri,Lincoln County,3.3,2000
29113,Missouri,Lincoln County,5.9,2004
29113,Missouri,Lincoln County,7.9,2008
29113,Missouri,Lincoln County,8.6,2012
29113,Missouri,Lincoln County,4.5,2016
29113,Missouri,Lincoln County,6.2,2020
29115,Missouri,Linn County,5.0,2000
29115,Missouri,Linn County,7.5,2004
29115,Missouri,Linn County,7.0,2008
29115,Missouri,Linn County,9.6,2012
29115,Missouri,Linn County,6.7,2016
29115,Missouri,Linn County,6.2,2020
29117,Missouri,Livingston County,2.7,2000
29117,Missouri,Livingston County,5.2,2004
29117,Missouri,Livingston County,5.2,2008
29117,Missouri,Livingston County,6.4,2012
29117,Missouri,Livingston County,3.9,2016
29117,Missouri,Livingston County,3.8,2020
29119,Missouri,Mcdonald County,3.6,2000
29119,Missouri,Mcdonald County,5.2,2004
29119,Missouri,Mcdonald County,5.0,2008
29119,Missouri,Mcdonald County,6.9,2012
29119,Missouri,Mcdonald County,4.3,2016
29119,Missouri,Mcdonald County,5.1,2020
29121,Missouri,Macon County,4.1,2000
29121,Missouri,Macon County,5.4,2004
29121,Missouri,Macon County,6.0,2008
29121,Missouri,Macon County,6.9,2012
29121,Missouri,Macon County,4.8,2016
29121,Missouri,Macon County,4.9,2020
29123,Missouri,Madison County,4.8,2000
29123,Missouri,Madison County,6.4,2004
29123,Missouri,Madison County,6.2,2008
29123,Missouri,Madison County,8.5,2012
29123,Missouri,Madison County,5.5,2016
29123,Missouri,Madison County,6.6,2020
29125,Missouri,Maries County,3.6,2000
29125,Missouri,Maries County,5.1,2004
29125,Missouri,Maries County,6.3,2008
29125,Missouri,Maries County,7.4,2012
29125,Missouri,Maries County,5.0,2016
29125,Missouri,Maries County,4.9,2020
29127,Missouri,Marion County,3.8,2000
29127,Missouri,Marion County,5.7,2004
29127,Missouri,Marion County,5.7,2008
29127,Missouri,Marion County,6.3,2012
29127,Missouri,Marion County,4.3,2016
29127,Missouri,Marion County,4.9,2020
29129,Missouri,Mercer County,2.9,2000
29129,Missouri,Mercer County,5.2,2004
29129,Missouri,Mercer County,4.8,2008
29129,Missouri,Mercer County,5.3,2012
29129,Missouri,Mercer County,4.6,2016
29129,Missouri,Mercer County,3.6,2020
29131,Missouri,Miller County,4.3,2000
29131,Missouri,Miller County,6.4,2004
29131,Missouri,Miller County,6.8,2008
29131,Missouri,Miller County,9.3,2012
29131,Missouri,Miller County,5.2,2016
29131,Missouri,Miller County,6.2,2020
29133,Missouri,Mississippi County,5.1,2000
29133,Missouri,Mississippi County,7.5,2004
29133,Missouri,Mississippi County,7.3,2008
29133,Missouri,Mississippi County,8.2,2012
29133,Missouri,Mississippi County,6.6,2016
29133,Missouri,Mississippi County,5.4,2020
29135,Missouri,Moniteau County,3.1,2000
29135,Missouri,Moniteau County,4.8,2004
29135,Missouri,Moniteau County,5.6,2008
29135,Missouri,Moniteau County,6.8,2012
29135,Missouri,Moniteau County,4.3,2016
29135,Missouri,Moniteau County,4.4,2020
29137,Missouri,Monroe County,3.7,2000
29137,Missouri,Monroe County,6.0,2004
29137,Missouri,Monroe County,7.0,2008
29137,Missouri,Monroe County,7.9,2012
29137,Missouri,Monroe County,4.8,2016
29137,Missouri,Monroe County,6.0,2020
29139,Missouri,Montgomery County,3.4,2000
29139,Missouri,Montgomery County,6.3,2004
29139,Missouri,Montgomery County,7.2,2008
29139,Missouri,Montgomery County,8.1,2012
29139,Missouri,Montgomery County,4.6,2016
29139,Missouri,Montgomery County,5.0,2020
29141,Missouri,Morgan County,4.1,2000
29141,Missouri,Morgan County,6.6,2004
29141,Missouri,Morgan County,7.6,2008
29141,Missouri,Morgan County,10.3,2012
29141,Missouri,Morgan County,5.9,2016
29141,Missouri,Morgan County,6.3,2020
29143,Missouri,New Madrid County,4.8,2000
29143,Missouri,New Madrid County,8.4,2004
29143,Missouri,New Madrid County,7.2,2008
29143,Missouri,New Madrid County,8.3,2012
29143,Missouri,New Madrid County,9.3,2016
29143,Missouri,New Madrid County,5.9,2020
29145,Missouri,Newton County,3.8,2000
29145,Missouri,Newton County,5.5,2004
29145,Missouri,Newton County,5.6,2008
29145,Missouri,Newton County,6.4,2012
29145,Missouri,Newton County,4.3,2016
29145,Missouri,Newton County,5.9,2020
29147,Missouri,Nodaway County,2.3,2000
29147,Missouri,Nodaway County,3.8,2004
29147,Missouri,Nodaway County,4.3,2008
29147,Missouri,Nodaway County,5.8,2012
29147,Missouri,Nodaway County,4.7,2016
29147,Missouri,Nodaway County,4.5,2020
29149,Missouri,Oregon County,3.9,2000
29149,Missouri,Oregon County,5.6,2004
29149,Missouri,Oregon County,5.9,2008
29149,Missouri,Oregon County,8.1,2012
29149,Missouri,Oregon County,6.0,2016
29149,Missouri,Oregon County,6.9,2020
29151,Missouri,Osage County,3.8,2000
29151,Missouri,Osage County,4.6,2004
29151,Missouri,Osage County,6.2,2008
29151,Missouri,Osage County,5.2,2012
29151,Missouri,Osage County,3.4,2016
29151,Missouri,Osage County,3.6,2020
29153,Missouri,Ozark County,4.2,2000
29153,Missouri,Ozark County,6.2,2004
29153,Missouri,Ozark County,6.1,2008
29153,Missouri,Ozark County,10.5,2012
29153,Missouri,Ozark County,7.3,2016
29153,Missouri,Ozark County,7.3,2020
29155,Missouri,Pemiscot County,5.6,2000
29155,Missouri,Pemiscot County,8.8,2004
29155,Missouri,Pemiscot County,7.5,2008
29155,Missouri,Pemiscot County,9.9,2012
29155,Missouri,Pemiscot County,8.9,2016
29155,Missouri,Pemiscot County,8.1,2020
29157,Missouri,Perry County,2.6,2000
29157,Missouri,Perry County,4.1,2004
29157,Missouri,Perry County,4.7,2008
29157,Missouri,Perry County,5.3,2012
29157,Missouri,Perry County,3.6,2016
29157,Missouri,Perry County,5.6,2020
29159,Missouri,Pettis County,3.3,2000
29159,Missouri,Pettis County,5.9,2004
29159,Missouri,Pettis County,6.3,2008
29159,Missouri,Pettis County,7.3,2012
29159,Missouri,Pettis County,4.9,2016
29159,Missouri,Pettis County,6.9,2020
29161,Missouri,Phelps County,3.4,2000
29161,Missouri,Phelps County,4.6,2004
29161,Missouri,Phelps County,5.9,2008
29161,Missouri,Phelps County,7.3,2012
29161,Missouri,Phelps County,4.7,2016
29161,Missouri,Phelps County,4.8,2020
29163,Missouri,Pike County,3.5,2000
29163,Missouri,Pike County,5.5,2004
29163,Missouri,Pike County,5.8,2008
29163,Missouri,Pike County,7.1,2012
29163,Missouri,Pike County,4.5,2016
29163,Missouri,Pike County,5.5,2020
29165,Missouri,Platte County,2.2,2000
29165,Missouri,Platte County,4.7,2004
29165,Missouri,Platte County,4.8,2008
29165,Missouri,Platte County,5.7,2012
29165,Missouri,Platte County,3.6,2016
29165,Missouri,Platte County,5.5,2020
29167,Missouri,Polk County,3.1,2000
29167,Missouri,Polk County,5.4,2004
29167,Missouri,Polk County,6.1,2008
29167,Missouri,Polk County,8.0,2012
29167,Missouri,Polk County,4.9,2016
29167,Missouri,Polk County,4.7,2020
29169,Missouri,Pulaski County,4.9,2000
29169,Missouri,Pulaski County,5.8,2004
29169,Missouri,Pulaski County,5.8,2008
29169,Missouri,Pulaski County,8.4,2012
29169,Missouri,Pulaski County,5.4,2016
29169,Missouri,Pulaski County,5.7,2020
29171,Missouri,Putnam County,3.3,2000
29171,Missouri,Putnam County,4.9,2004
29171,Missouri,Putnam County,5.4,2008
29171,Missouri,Putnam County,6.2,2012
29171,Missouri,Putnam County,4.6,2016
29171,Missouri,Putnam County,4.5,2020
29173,Missouri,Ralls County,3.6,2000
29173,Missouri,Ralls County,6.0,2004
29173,Missouri,Ralls County,5.4,2008
29173,Missouri,Ralls County,6.6,2012
29173,Missouri,Ralls County,4.0,2016
29173,Missouri,Ralls County,4.5,2020
29175,Missouri,Randolph County,3.8,2000
29175,Missouri,Randolph County,5.5,2004
29175,Missouri,Randolph County,6.1,2008
29175,Missouri,Randolph County,9.0,2012
29175,Missouri,Randolph County,5.2,2016
29175,Missouri,Randolph County,6.0,2020
29177,Missouri,Ray County,3.6,2000
29177,Missouri,Ray County,6.4,2004
29177,Missouri,Ray County,6.4,2008
29177,Missouri,Ray County,8.5,2012
29177,Missouri,Ray County,4.9,2016
29177,Missouri,Ray County,6.9,2020
29179,Missouri,Reynolds County,7.0,2000
29179,Missouri,Reynolds County,8.2,2004
29179,Missouri,Reynolds County,7.4,2008
29179,Missouri,Reynolds County,11.3,2012
29179,Missouri,Reynolds County,6.5,2016
29179,Missouri,Reynolds County,5.7,2020
29181,Missouri,Ripley County,5.0,2000
29181,Missouri,Ripley County,6.3,2004
29181,Missouri,Ripley County,6.8,2008
29181,Missouri,Ripley County,10.8,2012
29181,Missouri,Ripley County,7.0,2016
29181,Missouri,Ripley County,7.9,2020
29183,Missouri,St. Charles County,2.5,2000
29183,Missouri,St. Charles County,4.6,2004
29183,Missouri,St. Charles County,5.5,2008
29183,Missouri,St. Charles County,5.8,2012
29183,Missouri,St. Charles County,3.5,2016
29183,Missouri,St. Charles County,5.2,2020
29185,Missouri,St. Clair County,3.9,2000
29185,Missouri,St. Clair County,6.7,2004
29185,Missouri,St. Clair County,7.1,2008
29185,Missouri,St. Clair County,8.2,2012
29185,Missouri,St. Clair County,6.3,2016
29185,Missouri,St. Clair County,6.3,2020
29186,Missouri,Ste. Genevieve County,3.2,2000
29186,Missouri,Ste. Genevieve County,5.7,2004
29186,Missouri,Ste. Genevieve County,5.9,2008
29186,Missouri,Ste. Genevieve County,7.5,2012
29186,Missouri,Ste. Genevieve County,4.6,2016
29186,Missouri,Ste. Genevieve County,5.0,2020
29187,Missouri,St. Francois County,5.5,2000
29187,Missouri,St. Francois County,7.1,2004
29187,Missouri,St. Francois County,7.1,2008
29187,Missouri,St. Francois County,9.2,2012
29187,Missouri,St. Francois County,5.5,2016
29187,Missouri,St. Francois County,7.1,2020
29189,Missouri,St. Louis County,3.0,2000
29189,Missouri,St. Louis County,5.7,2004
29189,Missouri,St. Louis County,6.1,2008
29189,Missouri,St. Louis County,6.7,2012
29189,Missouri,St. Louis County,4.2,2016
29189,Missouri,St. Louis County,6.4,2020
29195,Missouri,Saline County,2.9,2000
29195,Missouri,Saline County,5.2,2004
29195,Missouri,Saline County,5.8,2008
29195,Missouri,Saline County,6.8,2012
29195,Missouri,Saline County,4.7,2016
29195,Missouri,Saline County,4.6,2020
29197,Missouri,Schuyler County,4.3,2000
29197,Missouri,Schuyler County,6.2,2004
29197,Missouri,Schuyler County,6.5,2008
29197,Missouri,Schuyler County,7.6,2012
29197,Missouri,Schuyler County,6.4,2016
29197,Missouri,Schuyler County,5.9,2020
29199,Missouri,Scotland County,2.9,2000
29199,Missouri,Scotland County,4.1,2004
29199,Missouri,Scotland County,6.7,2008
29199,Missouri,Scotland County,5.2,2012
29199,Missouri,Scotland County,4.1,2016
29199,Missouri,Scotland County,3.3,2020
29201,Missouri,Scott County,4.3,2000
29201,Missouri,Scott County,6.1,2004
29201,Missouri,Scott County,6.6,2008
29201,Missouri,Scott County,7.2,2012
29201,Missouri,Scott County,5.7,2016
29201,Missouri,Scott County,5.4,2020
29203,Missouri,Shannon County,5.3,2000
29203,Missouri,Shannon County,8.6,2004
29203,Missouri,Shannon County,8.0,2008
29203,Missouri,Shannon County,11.4,2012
29203,Missouri,Shannon County,7.3,2016
29203,Missouri,Shannon County,7.3,2020
29205,Missouri,Shelby County,4.6,2000
29205,Missouri,Shelby County,5.8,2004
29205,Missouri,Shelby County,5.4,2008
29205,Missouri,Shelby County,6.2,2012
29205,Missouri,Shelby County,4.2,2016
29205,Missouri,Shelby County,4.5,2020
29207,Missouri,Stoddard County,4.2,2000
29207,Missouri,Stoddard County,6.0,2004
29207,Missouri,Stoddard County,7.6,2008
29207,Missouri,Stoddard County,9.0,2012
29207,Missouri,Stoddard County,6.4,2016
29207,Missouri,Stoddard County,5.9,2020
29209,Missouri,Stone County,6.1,2000
29209,Missouri,Stone County,8.6,2004
29209,Missouri,Stone County,7.9,2008
29209,Missouri,Stone County,11.5,2012
29209,Missouri,Stone County,7.0,2016
29209,Missouri,Stone County,9.7,2020
29211,Missouri,Sullivan County,3.0,2000
29211,Missouri,Sullivan County,6.6,2004
29211,Missouri,Sullivan County,5.8,2008
29211,Missouri,Sullivan County,7.1,2012
29211,Missouri,Sullivan County,5.7,2016
29211,Missouri,Sullivan County,4.4,2020
29213,Missouri,Taney County,6.5,2000
29213,Missouri,Taney County,9.2,2004
29213,Missouri,Taney County,7.8,2008
29213,Missouri,Taney County,11.6,2012
29213,Missouri,Taney County,7.4,2016
29213,Missouri,Taney County,12.9,2020
29215,Missouri,Texas County,5.0,2000
29215,Missouri,Texas County,7.0,2004
29215,Missouri,Texas County,7.0,2008
29215,Missouri,Texas County,8.4,2012
29215,Missouri,Texas County,6.3,2016
29215,Missouri,Texas County,5.8,2020
29217,Missouri,Vernon County,2.8,2000
29217,Missouri,Vernon County,5.4,2004
29217,Missouri,Vernon County,5.7,2008
29217,Missouri,Vernon County,6.0,2012
29217,Missouri,Vernon County,4.8,2016
29217,Missouri,Vernon County,4.4,2020
29219,Missouri,Warren County,3.3,2000
29219,Missouri,Warren County,5.6,2004
29219,Missouri,Warren County,7.5,2008
29219,Missouri,Warren County,7.7,2012
29219,Missouri,Warren County,4.2,2016
29219,Missouri,Warren County,5.8,2020
29221,Missouri,Washington County,5.8,2000
29221,Missouri,Washington County,8.9,2004
29221,Missouri,Washington County,10.3,2008
29221,Missouri,Washington County,10.9,2012
29221,Missouri,Washington County,6.3,2016
29221,Missouri,Washington County,7.3,2020
29223,Missouri,Wayne County,5.3,2000
29223,Missouri,Wayne County,7.4,2004
29223,Missouri,Wayne County,6.8,2008
29223,Missouri,Wayne County,9.3,2012
29223,Missouri,Wayne County,5.3,2016
29223,Missouri,Wayne County,6.2,2020
29225,Missouri,Webster County,3.4,2000
29225,Missouri,Webster County,5.1,2004
29225,Missouri,Webster County,5.7,2008
29225,Missouri,Webster County,7.3,2012
29225,Missouri,Webster County,4.9,2016
29225,Missouri,Webster County,5.4,2020
29227,Missouri,Worth County,3.6,2000
29227,Missouri,Worth County,4.5,2004
29227,Missouri,Worth County,5.5,2008
29227,Missouri,Worth County,4.3,2012
29227,Missouri,Worth County,3.0,2016
29227,Missouri,Worth County,4.1,2020
29229,Missouri,Wright County,4.4,2000
29229,Missouri,Wright County,6.7,2004
29229,Missouri,Wright County,7.3,2008
29229,Missouri,Wright County,8.7,2012
29229,Missouri,Wright County,5.9,2016
29229,Missouri,Wright County,7.0,2020
29510,Missouri,St. Louis City,5.4,2000
29510,Missouri,St. Louis City,9.0,2004
29510,Missouri,St. Louis City,7.9,2008
29510,Missouri,St. Louis City,8.8,2012
29510,Missouri,St. Louis City,5.4,2016
29510,Missouri,St. Louis City,8.8,2020
30001,Montana,Beaverhead County,4.2,2000
30001,Montana,Beaverhead County,3.7,2004
30001,Montana,Beaverhead County,3.8,2008
30001,Montana,Beaverhead County,5.2,2012
30001,Montana,Beaverhead County,3.4,2016
30001,Montana,Beaverhead County,4.0,2020
30003,Montana,Big Horn County,9.5,2000
30003,Montana,Big Horn County,9.1,2004
30003,Montana,Big Horn County,7.7,2008
30003,Montana,Big Horn County,11.7,2012
30003,Montana,Big Horn County,7.5,2016
30003,Montana,Big Horn County,7.2,2020
30005,Montana,Blaine County,5.5,2000
30005,Montana,Blaine County,4.5,2004
30005,Montana,Blaine County,4.2,2008
30005,Montana,Blaine County,6.2,2012
30005,Montana,Blaine County,4.7,2016
30005,Montana,Blaine County,4.7,2020
30007,Montana,Broadwater County,4.5,2000
30007,Montana,Broadwater County,4.2,2004
30007,Montana,Broadwater County,5.2,2008
30007,Montana,Broadwater County,7.3,2012
30007,Montana,Broadwater County,5.1,2016
30007,Montana,Broadwater County,6.2,2020
30009,Montana,Carbon County,4.5,2000
30009,Montana,Carbon County,4.0,2004
30009,Montana,Carbon County,4.0,2008
30009,Montana,Carbon County,4.5,2012
30009,Montana,Carbon County,4.1,2016
30009,Montana,Carbon County,5.9,2020
30011,Montana,Carter County,3.6,2000
30011,Montana,Carter County,3.3,2004
30011,Montana,Carter County,3.0,2008
30011,Montana,Carter County,3.2,2012
30011,Montana,Carter County,2.9,2016
30011,Montana,Carter County,2.8,2020
30013,Montana,Cascade County,5.0,2000
30013,Montana,Cascade County,4.2,2004
30013,Montana,Cascade County,4.3,2008
30013,Montana,Cascade County,5.4,2012
30013,Montana,Cascade County,4.1,2016
30013,Montana,Cascade County,5.8,2020
30015,Montana,Chouteau County,3.8,2000
30015,Montana,Chouteau County,3.3,2004
30015,Montana,Chouteau County,3.3,2008
30015,Montana,Chouteau County,3.8,2012
30015,Montana,Chouteau County,3.9,2016
30015,Montana,Chouteau County,3.8,2020
30017,Montana,Custer County,4.6,2000
30017,Montana,Custer County,4.1,2004
30017,Montana,Custer County,3.9,2008
30017,Montana,Custer County,3.5,2012
30017,Montana,Custer County,3.7,2016
30017,Montana,Custer County,4.8,2020
30019,Montana,Daniels County,4.7,2000
30019,Montana,Daniels County,4.1,2004
30019,Montana,Daniels County,3.5,2008
30019,Montana,Daniels County,3.1,2012
30019,Montana,Daniels County,2.7,2016
30019,Montana,Daniels County,2.8,2020
30021,Montana,Dawson County,4.1,2000
30021,Montana,Dawson County,4.0,2004
30021,Montana,Dawson County,3.4,2008
30021,Montana,Dawson County,3.2,2012
30021,Montana,Dawson County,4.0,2016
30021,Montana,Dawson County,5.5,2020
30023,Montana,Deer Lodge County,7.2,2000
30023,Montana,Deer Lodge County,6.4,2004
30023,Montana,Deer Lodge County,6.2,2008
30023,Montana,Deer Lodge County,5.4,2012
30023,Montana,Deer Lodge County,3.9,2016
30023,Montana,Deer Lodge County,5.1,2020
30025,Montana,Fallon County,3.7,2000
30025,Montana,Fallon County,2.9,2004
30025,Montana,Fallon County,2.4,2008
30025,Montana,Fallon County,2.0,2012
30025,Montana,Fallon County,3.8,2016
30025,Montana,Fallon County,3.9,2020
30027,Montana,Fergus County,5.3,2000
30027,Montana,Fergus County,5.1,2004
30027,Montana,Fergus County,4.4,2008
30027,Montana,Fergus County,5.2,2012
30027,Montana,Fergus County,4.1,2016
30027,Montana,Fergus County,4.5,2020
30029,Montana,Flathead County,5.3,2000
30029,Montana,Flathead County,5.6,2004
30029,Montana,Flathead County,6.2,2008
30029,Montana,Flathead County,8.8,2012
30029,Montana,Flathead County,5.8,2016
30029,Montana,Flathead County,7.7,2020
30031,Montana,Gallatin County,3.6,2000
30031,Montana,Gallatin County,3.4,2004
30031,Montana,Gallatin County,3.9,2008
30031,Montana,Gallatin County,5.0,2012
30031,Montana,Gallatin County,2.9,2016
30031,Montana,Gallatin County,5.0,2020
30033,Montana,Garfield County,4.2,2000
30033,Montana,Garfield County,3.7,2004
30033,Montana,Garfield County,3.3,2008
30033,Montana,Garfield County,3.0,2012
30033,Montana,Garfield County,3.0,2016
30033,Montana,Garfield County,2.7,2020
30035,Montana,Glacier County,8.2,2000
30035,Montana,Glacier County,8.0,2004
30035,Montana,Glacier County,8.5,2008
30035,Montana,Glacier County,9.6,2012
30035,Montana,Glacier County,8.9,2016
30035,Montana,Glacier County,9.6,2020
30037,Montana,Golden Valley County,5.3,2000
30037,Montana,Golden Valley County,5.9,2004
30037,Montana,Golden Valley County,4.6,2008
30037,Montana,Golden Valley County,4.6,2012
30037,Montana,Golden Valley County,4.5,2016
30037,Montana,Golden Valley County,4.6,2020
30039,Montana,Granite County,6.3,2000
30039,Montana,Granite County,5.5,2004
30039,Montana,Granite County,6.2,2008
30039,Montana,Granite County,7.9,2012
30039,Montana,Granite County,6.1,2016
30039,Montana,Granite County,8.0,2020
30041,Montana,Hill County,4.9,2000
30041,Montana,Hill County,4.4,2004
30041,Montana,Hill County,4.7,2008
30041,Montana,Hill County,5.6,2012
30041,Montana,Hill County,4.5,2016
30041,Montana,Hill County,4.9,2020
30043,Montana,Jefferson County,4.8,2000
30043,Montana,Jefferson County,4.3,2004
30043,Montana,Jefferson County,4.3,2008
30043,Montana,Jefferson County,5.4,2012
30043,Montana,Jefferson County,4.8,2016
30043,Montana,Jefferson County,5.0,2020
30045,Montana,Judith Basin County,4.6,2000
30045,Montana,Judith Basin County,4.2,2004
30045,Montana,Judith Basin County,4.0,2008
30045,Montana,Judith Basin County,5.0,2012
30045,Montana,Judith Basin County,3.5,2016
30045,Montana,Judith Basin County,4.7,2020
30047,Montana,Lake County,5.6,2000
30047,Montana,Lake County,5.9,2004
30047,Montana,Lake County,7.0,2008
30047,Montana,Lake County,7.5,2012
30047,Montana,Lake County,4.9,2016
30047,Montana,Lake County,6.1,2020
30049,Montana,Lewis And Clark County,4.1,2000
30049,Montana,Lewis And Clark County,3.9,2004
30049,Montana,Lewis And Clark County,3.8,2008
30049,Montana,Lewis And Clark County,4.7,2012
30049,Montana,Lewis And Clark County,3.4,2016
30049,Montana,Lewis And Clark County,4.9,2020
30051,Montana,Liberty County,4.2,2000
30051,Montana,Liberty County,4.1,2004
30051,Montana,Liberty County,3.8,2008
30051,Montana,Liberty County,4.0,2012
30051,Montana,Liberty County,3.2,2016
30051,Montana,Liberty County,2.7,2020
30053,Montana,Lincoln County,8.5,2000
30053,Montana,Lincoln County,9.9,2004
30053,Montana,Lincoln County,10.0,2008
30053,Montana,Lincoln County,12.2,2012
30053,Montana,Lincoln County,9.3,2016
30053,Montana,Lincoln County,10.0,2020
30055,Montana,Mccone County,3.7,2000
30055,Montana,Mccone County,2.9,2004
30055,Montana,Mccone County,2.6,2008
30055,Montana,Mccone County,2.8,2012
30055,Montana,Mccone County,2.0,2016
30055,Montana,Mccone County,2.8,2020
30057,Montana,Madison County,5.0,2000
30057,Montana,Madison County,4.1,2004
30057,Montana,Madison County,3.9,2008
30057,Montana,Madison County,6.1,2012
30057,Montana,Madison County,3.9,2016
30057,Montana,Madison County,5.0,2020
30059,Montana,Meagher County,5.9,2000
30059,Montana,Meagher County,5.8,2004
30059,Montana,Meagher County,6.5,2008
30059,Montana,Meagher County,5.3,2012
30059,Montana,Meagher County,4.2,2016
30059,Montana,Meagher County,4.7,2020
30061,Montana,Mineral County,6.5,2000
30061,Montana,Mineral County,6.1,2004
30061,Montana,Mineral County,6.7,2008
30061,Montana,Mineral County,10.6,2012
30061,Montana,Mineral County,7.8,2016
30061,Montana,Mineral County,10.0,2020
30063,Montana,Missoula County,4.1,2000
30063,Montana,Missoula County,4.0,2004
30063,Montana,Missoula County,4.6,2008
30063,Montana,Missoula County,5.7,2012
30063,Montana,Missoula County,3.9,2016
30063,Montana,Missoula County,6.2,2020
30065,Montana,Musselshell County,6.1,2000
30065,Montana,Musselshell County,6.0,2004
30065,Montana,Musselshell County,5.4,2008
30065,Montana,Musselshell County,5.2,2012
30065,Montana,Musselshell County,5.3,2016
30065,Montana,Musselshell County,6.1,2020
30067,Montana,Park County,5.2,2000
30067,Montana,Park County,4.5,2004
30067,Montana,Park County,4.9,2008
30067,Montana,Park County,6.8,2012
30067,Montana,Park County,4.4,2016
30067,Montana,Park County,7.3,2020
30069,Montana,Petroleum County,6.7,2000
30069,Montana,Petroleum County,5.5,2004
30069,Montana,Petroleum County,5.2,2008
30069,Montana,Petroleum County,4.3,2012
30069,Montana,Petroleum County,4.7,2016
30069,Montana,Petroleum County,3.3,2020
30071,Montana,Phillips County,4.5,2000
30071,Montana,Phillips County,4.5,2004
30071,Montana,Phillips County,4.7,2008
30071,Montana,Phillips County,5.8,2012
30071,Montana,Phillips County,5.5,2016
30071,Montana,Phillips County,4.8,2020
30073,Montana,Pondera County,4.8,2000
30073,Montana,Pondera County,5.4,2004
30073,Montana,Pondera County,5.1,2008
30073,Montana,Pondera County,4.8,2012
30073,Montana,Pondera County,4.4,2016
30073,Montana,Pondera County,4.9,2020
30075,Montana,Powder River County,3.9,2000
30075,Montana,Powder River County,4.1,2004
30075,Montana,Powder River County,3.2,2008
30075,Montana,Powder River County,3.6,2012
30075,Montana,Powder River County,2.4,2016
30075,Montana,Powder River County,3.1,2020
30077,Montana,Powell County,5.8,2000
30077,Montana,Powell County,6.2,2004
30077,Montana,Powell County,7.1,2008
30077,Montana,Powell County,6.3,2012
30077,Montana,Powell County,5.2,2016
30077,Montana,Powell County,4.6,2020
30079,Montana,Prairie County,5.2,2000
30079,Montana,Prairie County,5.1,2004
30079,Montana,Prairie County,3.8,2008
30079,Montana,Prairie County,4.2,2012
30079,Montana,Prairie County,3.4,2016
30079,Montana,Prairie County,6.6,2020
30081,Montana,Ravalli County,5.4,2000
30081,Montana,Ravalli County,5.5,2004
30081,Montana,Ravalli County,6.1,2008
30081,Montana,Ravalli County,7.4,2012
30081,Montana,Ravalli County,5.0,2016
30081,Montana,Ravalli County,5.7,2020
30083,Montana,Richland County,5.3,2000
30083,Montana,Richland County,3.5,2004
30083,Montana,Richland County,2.9,2008
30083,Montana,Richland County,2.7,2012
30083,Montana,Richland County,5.2,2016
30083,Montana,Richland County,6.4,2020
30085,Montana,Roosevelt County,7.1,2000
30085,Montana,Roosevelt County,6.4,2004
30085,Montana,Roosevelt County,6.8,2008
30085,Montana,Roosevelt County,6.4,2012
30085,Montana,Roosevelt County,5.5,2016
30085,Montana,Roosevelt County,5.9,2020
30087,Montana,Rosebud County,5.9,2000
30087,Montana,Rosebud County,5.2,2004
30087,Montana,Rosebud County,5.9,2008
30087,Montana,Rosebud County,6.6,2012
30087,Montana,Rosebud County,5.7,2016
30087,Montana,Rosebud County,5.6,2020
30089,Montana,Sanders County,7.0,2000
30089,Montana,Sanders County,6.9,2004
30089,Montana,Sanders County,9.7,2008
30089,Montana,Sanders County,11.2,2012
30089,Montana,Sanders County,8.0,2016
30089,Montana,Sanders County,7.7,2020
30091,Montana,Sheridan County,4.6,2000
30091,Montana,Sheridan County,3.9,2004
30091,Montana,Sheridan County,2.9,2008
30091,Montana,Sheridan County,2.9,2012
30091,Montana,Sheridan County,3.4,2016
30091,Montana,Sheridan County,4.8,2020
30093,Montana,Silver Bow County,5.8,2000
30093,Montana,Silver Bow County,4.9,2004
30093,Montana,Silver Bow County,4.5,2008
30093,Montana,Silver Bow County,5.9,2012
30093,Montana,Silver Bow County,4.4,2016
30093,Montana,Silver Bow County,6.5,2020
30095,Montana,Stillwater County,4.6,2000
30095,Montana,Stillwater County,3.7,2004
30095,Montana,Stillwater County,4.1,2008
30095,Montana,Stillwater County,4.3,2012
30095,Montana,Stillwater County,4.1,2016
30095,Montana,Stillwater County,5.0,2020
30097,Montana,Sweet Grass County,3.2,2000
30097,Montana,Sweet Grass County,2.2,2004
30097,Montana,Sweet Grass County,2.5,2008
30097,Montana,Sweet Grass County,3.8,2012
30097,Montana,Sweet Grass County,3.2,2016
30097,Montana,Sweet Grass County,3.5,2020
30099,Montana,Teton County,4.5,2000
30099,Montana,Teton County,3.9,2004
30099,Montana,Teton County,3.9,2008
30099,Montana,Teton County,4.7,2012
30099,Montana,Teton County,3.7,2016
30099,Montana,Teton County,4.3,2020
30101,Montana,Toole County,4.1,2000
30101,Montana,Toole County,3.4,2004
30101,Montana,Toole County,3.1,2008
30101,Montana,Toole County,4.1,2012
30101,Montana,Toole County,3.6,2016
30101,Montana,Toole County,4.9,2020
30103,Montana,Treasure County,4.8,2000
30103,Montana,Treasure County,4.6,2004
30103,Montana,Treasure County,3.9,2008
30103,Montana,Treasure County,4.7,2012
30103,Montana,Treasure County,4.5,2016
30103,Montana,Treasure County,3.5,2020
30105,Montana,Valley County,4.5,2000
30105,Montana,Valley County,4.2,2004
30105,Montana,Valley County,4.0,2008
30105,Montana,Valley County,4.0,2012
30105,Montana,Valley County,3.5,2016
30105,Montana,Valley County,4.3,2020
30107,Montana,Wheatland County,4.9,2000
30107,Montana,Wheatland County,4.5,2004
30107,Montana,Wheatland County,3.8,2008
30107,Montana,Wheatland County,6.1,2012
30107,Montana,Wheatland County,5.3,2016
30107,Montana,Wheatland County,7.1,2020
30109,Montana,Wibaux County,4.5,2000
30109,Montana,Wibaux County,3.7,2004
30109,Montana,Wibaux County,3.2,2008
30109,Montana,Wibaux County,3.0,2012
30109,Montana,Wibaux County,4.1,2016
30109,Montana,Wibaux County,5.1,2020
30111,Montana,Yellowstone County,4.1,2000
30111,Montana,Yellowstone County,3.6,2004
30111,Montana,Yellowstone County,3.5,2008
30111,Montana,Yellowstone County,4.5,2012
30111,Montana,Yellowstone County,3.7,2016
30111,Montana,Yellowstone County,5.4,2020
31001,Nebraska,Adams County,2.6,2000
31001,Nebraska,Adams County,3.8,2004
31001,Nebraska,Adams County,3.0,2008
31001,Nebraska,Adams County,3.7,2012
31001,Nebraska,Adams County,3.1,2016
31001,Nebraska,Adams County,4.0,2020
31003,Nebraska,Antelope County,2.8,2000
31003,Nebraska,Antelope County,3.4,2004
31003,Nebraska,Antelope County,2.9,2008
31003,Nebraska,Antelope County,3.2,2012
31003,Nebraska,Antelope County,2.6,2016
31003,Nebraska,Antelope County,2.2,2020
31005,Nebraska,Arthur County,2.2,2000
31005,Nebraska,Arthur County,4.2,2004
31005,Nebraska,Arthur County,3.7,2008
31005,Nebraska,Arthur County,6.5,2012
31005,Nebraska,Arthur County,5.7,2016
31005,Nebraska,Arthur County,5.1,2020
31007,Nebraska,Banner County,2.8,2000
31007,Nebraska,Banner County,3.4,2004
31007,Nebraska,Banner County,2.5,2008
31007,Nebraska,Banner County,4.4,2012
31007,Nebraska,Banner County,3.6,2016
31007,Nebraska,Banner County,3.1,2020
31009,Nebraska,Blaine County,3.5,2000
31009,Nebraska,Blaine County,3.5,2004
31009,Nebraska,Blaine County,4.9,2008
31009,Nebraska,Blaine County,5.3,2012
31009,Nebraska,Blaine County,4.5,2016
31009,Nebraska,Blaine County,3.5,2020
31011,Nebraska,Boone County,2.4,2000
31011,Nebraska,Boone County,3.2,2004
31011,Nebraska,Boone County,2.6,2008
31011,Nebraska,Boone County,3.0,2012
31011,Nebraska,Boone County,2.6,2016
31011,Nebraska,Boone County,2.5,2020
31013,Nebraska,Box Butte County,3.9,2000
31013,Nebraska,Box Butte County,4.0,2004
31013,Nebraska,Box Butte County,3.6,2008
31013,Nebraska,Box Butte County,3.9,2012
31013,Nebraska,Box Butte County,3.6,2016
31013,Nebraska,Box Butte County,4.8,2020
31015,Nebraska,Boyd County,3.0,2000
31015,Nebraska,Boyd County,3.2,2004
31015,Nebraska,Boyd County,3.2,2008
31015,Nebraska,Boyd County,3.8,2012
31015,Nebraska,Boyd County,3.0,2016
31015,Nebraska,Boyd County,2.8,2020
31017,Nebraska,Brown County,3.3,2000
31017,Nebraska,Brown County,3.4,2004
31017,Nebraska,Brown County,2.6,2008
31017,Nebraska,Brown County,3.9,2012
31017,Nebraska,Brown County,3.7,2016
31017,Nebraska,Brown County,2.7,2020
31019,Nebraska,Buffalo County,2.3,2000
31019,Nebraska,Buffalo County,2.9,2004
31019,Nebraska,Buffalo County,2.4,2008
31019,Nebraska,Buffalo County,3.2,2012
31019,Nebraska,Buffalo County,2.5,2016
31019,Nebraska,Buffalo County,4.0,2020
31021,Nebraska,Burt County,3.7,2000
31021,Nebraska,Burt County,5.2,2004
31021,Nebraska,Burt County,4.1,2008
31021,Nebraska,Burt County,4.6,2012
31021,Nebraska,Burt County,3.7,2016
31021,Nebraska,Burt County,3.9,2020
31023,Nebraska,Butler County,2.8,2000
31023,Nebraska,Butler County,4.1,2004
31023,Nebraska,Butler County,2.8,2008
31023,Nebraska,Butler County,3.2,2012
31023,Nebraska,Butler County,3.2,2016
31023,Nebraska,Butler County,3.4,2020
31025,Nebraska,Cass County,2.8,2000
31025,Nebraska,Cass County,4.1,2004
31025,Nebraska,Cass County,3.6,2008
31025,Nebraska,Cass County,4.5,2012
31025,Nebraska,Cass County,3.4,2016
31025,Nebraska,Cass County,4.4,2020
31027,Nebraska,Cedar County,2.5,2000
31027,Nebraska,Cedar County,2.9,2004
31027,Nebraska,Cedar County,2.4,2008
31027,Nebraska,Cedar County,2.8,2012
31027,Nebraska,Cedar County,2.5,2016
31027,Nebraska,Cedar County,2.7,2020
31029,Nebraska,Chase County,2.3,2000
31029,Nebraska,Chase County,2.9,2004
31029,Nebraska,Chase County,2.6,2008
31029,Nebraska,Chase County,2.3,2012
31029,Nebraska,Chase County,2.0,2016
31029,Nebraska,Chase County,1.8,2020
31031,Nebraska,Cherry County,2.5,2000
31031,Nebraska,Cherry County,2.4,2004
31031,Nebraska,Cherry County,2.3,2008
31031,Nebraska,Cherry County,2.8,2012
31031,Nebraska,Cherry County,2.3,2016
31031,Nebraska,Cherry County,2.5,2020
31033,Nebraska,Cheyenne County,2.3,2000
31033,Nebraska,Cheyenne County,3.1,2004
31033,Nebraska,Cheyenne County,2.8,2008
31033,Nebraska,Cheyenne County,2.7,2012
31033,Nebraska,Cheyenne County,2.8,2016
31033,Nebraska,Cheyenne County,4.5,2020
31035,Nebraska,Clay County,2.9,2000
31035,Nebraska,Clay County,3.5,2004
31035,Nebraska,Clay County,3.1,2008
31035,Nebraska,Clay County,3.6,2012
31035,Nebraska,Clay County,3.1,2016
31035,Nebraska,Clay County,3.3,2020
31037,Nebraska,Colfax County,2.1,2000
31037,Nebraska,Colfax County,3.1,2004
31037,Nebraska,Colfax County,2.6,2008
31037,Nebraska,Colfax County,3.4,2012
31037,Nebraska,Colfax County,2.8,2016
31037,Nebraska,Colfax County,2.9,2020
31039,Nebraska,Cuming County,2.3,2000
31039,Nebraska,Cuming County,2.9,2004
31039,Nebraska,Cuming County,2.8,2008
31039,Nebraska,Cuming County,3.0,2012
31039,Nebraska,Cuming County,2.9,2016
31039,Nebraska,Cuming County,2.6,2020
31041,Nebraska,Custer County,2.5,2000
31041,Nebraska,Custer County,3.1,2004
31041,Nebraska,Custer County,2.3,2008
31041,Nebraska,Custer County,2.8,2012
31041,Nebraska,Custer County,2.3,2016
31041,Nebraska,Custer County,2.7,2020
31043,Nebraska,Dakota County,3.2,2000
31043,Nebraska,Dakota County,4.5,2004
31043,Nebraska,Dakota County,4.1,2008
31043,Nebraska,Dakota County,5.6,2012
31043,Nebraska,Dakota County,4.1,2016
31043,Nebraska,Dakota County,4.8,2020
31045,Nebraska,Dawes County,3.0,2000
31045,Nebraska,Dawes County,3.3,2004
31045,Nebraska,Dawes County,2.9,2008
31045,Nebraska,Dawes County,3.6,2012
31045,Nebraska,Dawes County,2.9,2016
31045,Nebraska,Dawes County,2.8,2020
31047,Nebraska,Dawson County,3.0,2000
31047,Nebraska,Dawson County,4.2,2004
31047,Nebraska,Dawson County,3.9,2008
31047,Nebraska,Dawson County,4.2,2012
31047,Nebraska,Dawson County,2.9,2016
31047,Nebraska,Dawson County,3.4,2020
31049,Nebraska,Deuel County,2.9,2000
31049,Nebraska,Deuel County,3.0,2004
31049,Nebraska,Deuel County,2.9,2008
31049,Nebraska,Deuel County,3.2,2012
31049,Nebraska,Deuel County,2.6,2016
31049,Nebraska,Deuel County,3.1,2020
31051,Nebraska,Dixon County,2.6,2000
31051,Nebraska,Dixon County,3.5,2004
31051,Nebraska,Dixon County,3.1,2008
31051,Nebraska,Dixon County,4.0,2012
31051,Nebraska,Dixon County,3.3,2016
31051,Nebraska,Dixon County,3.3,2020
31053,Nebraska,Dodge County,3.1,2000
31053,Nebraska,Dodge County,4.6,2004
31053,Nebraska,Dodge County,3.4,2008
31053,Nebraska,Dodge County,4.4,2012
31053,Nebraska,Dodge County,3.1,2016
31053,Nebraska,Dodge County,3.5,2020
31055,Nebraska,Douglas County,3.0,2000
31055,Nebraska,Douglas County,4.5,2004
31055,Nebraska,Douglas County,3.6,2008
31055,Nebraska,Douglas County,4.3,2012
31055,Nebraska,Douglas County,3.3,2016
31055,Nebraska,Douglas County,5.1,2020
31057,Nebraska,Dundy County,2.2,2000
31057,Nebraska,Dundy County,3.7,2004
31057,Nebraska,Dundy County,2.8,2008
31057,Nebraska,Dundy County,2.8,2012
31057,Nebraska,Dundy County,2.2,2016
31057,Nebraska,Dundy County,2.2,2020
31059,Nebraska,Fillmore County,2.6,2000
31059,Nebraska,Fillmore County,3.6,2004
31059,Nebraska,Fillmore County,2.9,2008
31059,Nebraska,Fillmore County,3.2,2012
31059,Nebraska,Fillmore County,2.7,2016
31059,Nebraska,Fillmore County,2.8,2020
31061,Nebraska,Franklin County,2.7,2000
31061,Nebraska,Franklin County,3.3,2004
31061,Nebraska,Franklin County,2.9,2008
31061,Nebraska,Franklin County,3.5,2012
31061,Nebraska,Franklin County,3.0,2016
31061,Nebraska,Franklin County,3.4,2020
31063,Nebraska,Frontier County,2.5,2000
31063,Nebraska,Frontier County,2.9,2004
31063,Nebraska,Frontier County,2.7,2008
31063,Nebraska,Frontier County,3.1,2012
31063,Nebraska,Frontier County,2.8,2016
31063,Nebraska,Frontier County,2.9,2020
31065,Nebraska,Furnas County,2.8,2000
31065,Nebraska,Furnas County,3.4,2004
31065,Nebraska,Furnas County,2.9,2008
31065,Nebraska,Furnas County,3.4,2012
31065,Nebraska,Furnas County,2.8,2016
31065,Nebraska,Furnas County,2.8,2020
31067,Nebraska,Gage County,3.0,2000
31067,Nebraska,Gage County,4.4,2004
31067,Nebraska,Gage County,4.6,2008
31067,Nebraska,Gage County,4.8,2012
31067,Nebraska,Gage County,3.3,2016
31067,Nebraska,Gage County,4.0,2020
31069,Nebraska,Garden County,2.6,2000
31069,Nebraska,Garden County,3.8,2004
31069,Nebraska,Garden County,3.0,2008
31069,Nebraska,Garden County,3.1,2012
31069,Nebraska,Garden County,3.3,2016
31069,Nebraska,Garden County,3.6,2020
31071,Nebraska,Garfield County,2.5,2000
31071,Nebraska,Garfield County,3.3,2004
31071,Nebraska,Garfield County,2.5,2008
31071,Nebraska,Garfield County,3.0,2012
31071,Nebraska,Garfield County,2.5,2016
31071,Nebraska,Garfield County,2.0,2020
31073,Nebraska,Gosper County,2.6,2000
31073,Nebraska,Gosper County,3.8,2004
31073,Nebraska,Gosper County,3.1,2008
31073,Nebraska,Gosper County,2.9,2012
31073,Nebraska,Gosper County,2.5,2016
31073,Nebraska,Gosper County,2.5,2020
31075,Nebraska,Grant County,2.3,2000
31075,Nebraska,Grant County,2.6,2004
31075,Nebraska,Grant County,2.9,2008
31075,Nebraska,Grant County,3.4,2012
31075,Nebraska,Grant County,2.2,2016
31075,Nebraska,Grant County,1.9,2020
31077,Nebraska,Greeley County,2.9,2000
31077,Nebraska,Greeley County,3.8,2004
31077,Nebraska,Greeley County,2.8,2008
31077,Nebraska,Greeley County,3.5,2012
31077,Nebraska,Greeley County,3.1,2016
31077,Nebraska,Greeley County,3.0,2020
31079,Nebraska,Hall County,2.9,2000
31079,Nebraska,Hall County,4.8,2004
31079,Nebraska,Hall County,3.0,2008
31079,Nebraska,Hall County,3.9,2012
31079,Nebraska,Hall County,3.6,2016
31079,Nebraska,Hall County,5.8,2020
31081,Nebraska,Hamilton County,2.4,2000
31081,Nebraska,Hamilton County,3.2,2004
31081,Nebraska,Hamilton County,2.4,2008
31081,Nebraska,Hamilton County,3.2,2012
31081,Nebraska,Hamilton County,2.8,2016
31081,Nebraska,Hamilton County,3.7,2020
31083,Nebraska,Harlan County,2.6,2000
31083,Nebraska,Harlan County,3.2,2004
31083,Nebraska,Harlan County,3.0,2008
31083,Nebraska,Harlan County,3.1,2012
31083,Nebraska,Harlan County,2.5,2016
31083,Nebraska,Harlan County,2.9,2020
31085,Nebraska,Hayes County,3.4,2000
31085,Nebraska,Hayes County,3.8,2004
31085,Nebraska,Hayes County,3.6,2008
31085,Nebraska,Hayes County,2.9,2012
31085,Nebraska,Hayes County,2.4,2016
31085,Nebraska,Hayes County,2.2,2020
31087,Nebraska,Hitchcock County,2.6,2000
31087,Nebraska,Hitchcock County,3.9,2004
31087,Nebraska,Hitchcock County,3.3,2008
31087,Nebraska,Hitchcock County,4.0,2012
31087,Nebraska,Hitchcock County,3.6,2016
31087,Nebraska,Hitchcock County,3.5,2020
31089,Nebraska,Holt County,2.6,2000
31089,Nebraska,Holt County,3.0,2004
31089,Nebraska,Holt County,2.6,2008
31089,Nebraska,Holt County,3.1,2012
31089,Nebraska,Holt County,2.5,2016
31089,Nebraska,Holt County,2.5,2020
31091,Nebraska,Hooker County,3.3,2000
31091,Nebraska,Hooker County,3.2,2004
31091,Nebraska,Hooker County,4.3,2008
31091,Nebraska,Hooker County,4.6,2012
31091,Nebraska,Hooker County,3.6,2016
31091,Nebraska,Hooker County,2.7,2020
31093,Nebraska,Howard County,2.5,2000
31093,Nebraska,Howard County,4.1,2004
31093,Nebraska,Howard County,3.0,2008
31093,Nebraska,Howard County,3.5,2012
31093,Nebraska,Howard County,3.3,2016
31093,Nebraska,Howard County,4.4,2020
31095,Nebraska,Jefferson County,3.2,2000
31095,Nebraska,Jefferson County,4.2,2004
31095,Nebraska,Jefferson County,3.8,2008
31095,Nebraska,Jefferson County,3.7,2012
31095,Nebraska,Jefferson County,2.4,2016
31095,Nebraska,Jefferson County,2.8,2020
31097,Nebraska,Johnson County,6.1,2000
31097,Nebraska,Johnson County,3.5,2004
31097,Nebraska,Johnson County,3.1,2008
31097,Nebraska,Johnson County,4.2,2012
31097,Nebraska,Johnson County,3.1,2016
31097,Nebraska,Johnson County,3.9,2020
31099,Nebraska,Kearney County,2.0,2000
31099,Nebraska,Kearney County,2.9,2004
31099,Nebraska,Kearney County,2.7,2008
31099,Nebraska,Kearney County,2.8,2012
31099,Nebraska,Kearney County,2.3,2016
31099,Nebraska,Kearney County,3.3,2020
31101,Nebraska,Keith County,2.7,2000
31101,Nebraska,Keith County,3.3,2004
31101,Nebraska,Keith County,2.8,2008
31101,Nebraska,Keith County,3.6,2012
31101,Nebraska,Keith County,2.9,2016
31101,Nebraska,Keith County,3.2,2020
31103,Nebraska,Keya Paha County,2.4,2000
31103,Nebraska,Keya Paha County,3.2,2004
31103,Nebraska,Keya Paha County,4.8,2008
31103,Nebraska,Keya Paha County,3.0,2012
31103,Nebraska,Keya Paha County,2.1,2016
31103,Nebraska,Keya Paha County,2.2,2020
31105,Nebraska,Kimball County,2.4,2000
31105,Nebraska,Kimball County,2.9,2004
31105,Nebraska,Kimball County,3.3,2008
31105,Nebraska,Kimball County,3.2,2012
31105,Nebraska,Kimball County,4.0,2016
31105,Nebraska,Kimball County,3.6,2020
31107,Nebraska,Knox County,3.7,2000
31107,Nebraska,Knox County,3.5,2004
31107,Nebraska,Knox County,3.1,2008
31107,Nebraska,Knox County,3.3,2012
31107,Nebraska,Knox County,3.0,2016
31107,Nebraska,Knox County,3.0,2020
31109,Nebraska,Lancaster County,2.3,2000
31109,Nebraska,Lancaster County,3.5,2004
31109,Nebraska,Lancaster County,3.0,2008
31109,Nebraska,Lancaster County,3.5,2012
31109,Nebraska,Lancaster County,2.8,2016
31109,Nebraska,Lancaster County,4.3,2020
31111,Nebraska,Lincoln County,3.2,2000
31111,Nebraska,Lincoln County,3.5,2004
31111,Nebraska,Lincoln County,2.9,2008
31111,Nebraska,Lincoln County,3.8,2012
31111,Nebraska,Lincoln County,3.1,2016
31111,Nebraska,Lincoln County,4.0,2020
31113,Nebraska,Logan County,2.4,2000
31113,Nebraska,Logan County,3.0,2004
31113,Nebraska,Logan County,1.9,2008
31113,Nebraska,Logan County,3.0,2012
31113,Nebraska,Logan County,2.9,2016
31113,Nebraska,Logan County,2.5,2020
31115,Nebraska,Loup County,2.4,2000
31115,Nebraska,Loup County,4.0,2004
31115,Nebraska,Loup County,3.8,2008
31115,Nebraska,Loup County,3.6,2012
31115,Nebraska,Loup County,3.5,2016
31115,Nebraska,Loup County,3.2,2020
31117,Nebraska,Mcpherson County,1.8,2000
31117,Nebraska,Mcpherson County,1.6,2004
31117,Nebraska,Mcpherson County,2.3,2008
31117,Nebraska,Mcpherson County,3.3,2012
31117,Nebraska,Mcpherson County,2.4,2016
31117,Nebraska,Mcpherson County,2.5,2020
31119,Nebraska,Madison County,3.2,2000
31119,Nebraska,Madison County,3.9,2004
31119,Nebraska,Madison County,3.2,2008
31119,Nebraska,Madison County,3.6,2012
31119,Nebraska,Madison County,2.7,2016
31119,Nebraska,Madison County,3.9,2020
31121,Nebraska,Merrick County,2.7,2000
31121,Nebraska,Merrick County,4.1,2004
31121,Nebraska,Merrick County,3.0,2008
31121,Nebraska,Merrick County,3.6,2012
31121,Nebraska,Merrick County,3.6,2016
31121,Nebraska,Merrick County,4.0,2020
31123,Nebraska,Morrill County,3.5,2000
31123,Nebraska,Morrill County,3.3,2004
31123,Nebraska,Morrill County,3.1,2008
31123,Nebraska,Morrill County,3.1,2012
31123,Nebraska,Morrill County,3.2,2016
31123,Nebraska,Morrill County,3.6,2020
31125,Nebraska,Nance County,3.0,2000
31125,Nebraska,Nance County,4.5,2004
31125,Nebraska,Nance County,2.9,2008
31125,Nebraska,Nance County,3.2,2012
31125,Nebraska,Nance County,2.7,2016
31125,Nebraska,Nance County,3.2,2020
31127,Nebraska,Nemaha County,4.0,2000
31127,Nebraska,Nemaha County,4.5,2004
31127,Nebraska,Nemaha County,4.5,2008
31127,Nebraska,Nemaha County,4.7,2012
31127,Nebraska,Nemaha County,3.6,2016
31127,Nebraska,Nemaha County,3.6,2020
31129,Nebraska,Nuckolls County,2.6,2000
31129,Nebraska,Nuckolls County,3.2,2004
31129,Nebraska,Nuckolls County,2.8,2008
31129,Nebraska,Nuckolls County,3.4,2012
31129,Nebraska,Nuckolls County,2.9,2016
31129,Nebraska,Nuckolls County,2.7,2020
31131,Nebraska,Otoe County,3.1,2000
31131,Nebraska,Otoe County,4.1,2004
31131,Nebraska,Otoe County,3.4,2008
31131,Nebraska,Otoe County,4.4,2012
31131,Nebraska,Otoe County,3.4,2016
31131,Nebraska,Otoe County,3.6,2020
31133,Nebraska,Pawnee County,3.5,2000
31133,Nebraska,Pawnee County,3.7,2004
31133,Nebraska,Pawnee County,3.3,2008
31133,Nebraska,Pawnee County,3.2,2012
31133,Nebraska,Pawnee County,2.2,2016
31133,Nebraska,Pawnee County,2.7,2020
31135,Nebraska,Perkins County,2.3,2000
31135,Nebraska,Perkins County,2.6,2004
31135,Nebraska,Perkins County,2.3,2008
31135,Nebraska,Perkins County,2.6,2012
31135,Nebraska,Perkins County,2.2,2016
31135,Nebraska,Perkins County,1.8,2020
31137,Nebraska,Phelps County,2.2,2000
31137,Nebraska,Phelps County,3.3,2004
31137,Nebraska,Phelps County,2.4,2008
31137,Nebraska,Phelps County,2.9,2012
31137,Nebraska,Phelps County,2.5,2016
31137,Nebraska,Phelps County,3.0,2020
31139,Nebraska,Pierce County,2.6,2000
31139,Nebraska,Pierce County,3.4,2004
31139,Nebraska,Pierce County,2.9,2008
31139,Nebraska,Pierce County,3.2,2012
31139,Nebraska,Pierce County,2.6,2016
31139,Nebraska,Pierce County,3.3,2020
31141,Nebraska,Platte County,2.8,2000
31141,Nebraska,Platte County,4.3,2004
31141,Nebraska,Platte County,2.9,2008
31141,Nebraska,Platte County,3.6,2012
31141,Nebraska,Platte County,3.5,2016
31141,Nebraska,Platte County,3.7,2020
31143,Nebraska,Polk County,2.3,2000
31143,Nebraska,Polk County,3.5,2004
31143,Nebraska,Polk County,2.7,2008
31143,Nebraska,Polk County,3.0,2012
31143,Nebraska,Polk County,2.7,2016
31143,Nebraska,Polk County,3.1,2020
31145,Nebraska,Red Willow County,2.6,2000
31145,Nebraska,Red Willow County,3.5,2004
31145,Nebraska,Red Willow County,2.8,2008
31145,Nebraska,Red Willow County,3.2,2012
31145,Nebraska,Red Willow County,2.8,2016
31145,Nebraska,Red Willow County,3.3,2020
31147,Nebraska,Richardson County,5.0,2000
31147,Nebraska,Richardson County,4.9,2004
31147,Nebraska,Richardson County,4.3,2008
31147,Nebraska,Richardson County,5.0,2012
31147,Nebraska,Richardson County,3.2,2016
31147,Nebraska,Richardson County,3.3,2020
31149,Nebraska,Rock County,2.8,2000
31149,Nebraska,Rock County,3.4,2004
31149,Nebraska,Rock County,2.7,2008
31149,Nebraska,Rock County,2.5,2012
31149,Nebraska,Rock County,2.6,2016
31149,Nebraska,Rock County,2.1,2020
31151,Nebraska,Saline County,2.6,2000
31151,Nebraska,Saline County,3.4,2004
31151,Nebraska,Saline County,3.3,2008
31151,Nebraska,Saline County,4.2,2012
31151,Nebraska,Saline County,3.1,2016
31151,Nebraska,Saline County,3.6,2020
31153,Nebraska,Sarpy County,2.3,2000
31153,Nebraska,Sarpy County,3.4,2004
31153,Nebraska,Sarpy County,3.1,2008
31153,Nebraska,Sarpy County,3.8,2012
31153,Nebraska,Sarpy County,2.9,2016
31153,Nebraska,Sarpy County,4.1,2020
31155,Nebraska,Saunders County,2.8,2000
31155,Nebraska,Saunders County,3.7,2004
31155,Nebraska,Saunders County,3.5,2008
31155,Nebraska,Saunders County,4.1,2012
31155,Nebraska,Saunders County,3.1,2016
31155,Nebraska,Saunders County,3.7,2020
31157,Nebraska,Scotts Bluff County,4.0,2000
31157,Nebraska,Scotts Bluff County,4.4,2004
31157,Nebraska,Scotts Bluff County,3.6,2008
31157,Nebraska,Scotts Bluff County,4.6,2012
31157,Nebraska,Scotts Bluff County,3.5,2016
31157,Nebraska,Scotts Bluff County,4.2,2020
31159,Nebraska,Seward County,2.3,2000
31159,Nebraska,Seward County,3.0,2004
31159,Nebraska,Seward County,3.2,2008
31159,Nebraska,Seward County,3.4,2012
31159,Nebraska,Seward County,2.9,2016
31159,Nebraska,Seward County,4.1,2020
31161,Nebraska,Sheridan County,2.9,2000
31161,Nebraska,Sheridan County,2.9,2004
31161,Nebraska,Sheridan County,2.7,2008
31161,Nebraska,Sheridan County,3.5,2012
31161,Nebraska,Sheridan County,2.8,2016
31161,Nebraska,Sheridan County,2.4,2020
31163,Nebraska,Sherman County,2.8,2000
31163,Nebraska,Sherman County,3.5,2004
31163,Nebraska,Sherman County,2.7,2008
31163,Nebraska,Sherman County,3.7,2012
31163,Nebraska,Sherman County,3.2,2016
31163,Nebraska,Sherman County,3.2,2020
31165,Nebraska,Sioux County,1.8,2000
31165,Nebraska,Sioux County,2.7,2004
31165,Nebraska,Sioux County,3.2,2008
31165,Nebraska,Sioux County,3.5,2012
31165,Nebraska,Sioux County,2.7,2016
31165,Nebraska,Sioux County,2.2,2020
31167,Nebraska,Stanton County,2.6,2000
31167,Nebraska,Stanton County,3.2,2004
31167,Nebraska,Stanton County,2.7,2008
31167,Nebraska,Stanton County,3.4,2012
31167,Nebraska,Stanton County,2.6,2016
31167,Nebraska,Stanton County,3.4,2020
31169,Nebraska,Thayer County,2.5,2000
31169,Nebraska,Thayer County,3.2,2004
31169,Nebraska,Thayer County,3.2,2008
31169,Nebraska,Thayer County,3.0,2012
31169,Nebraska,Thayer County,2.4,2016
31169,Nebraska,Thayer County,2.8,2020
31171,Nebraska,Thomas County,5.1,2000
31171,Nebraska,Thomas County,3.0,2004
31171,Nebraska,Thomas County,3.8,2008
31171,Nebraska,Thomas County,3.8,2012
31171,Nebraska,Thomas County,3.3,2016
31171,Nebraska,Thomas County,4.0,2020
31173,Nebraska,Thurston County,6.9,2000
31173,Nebraska,Thurston County,7.8,2004
31173,Nebraska,Thurston County,6.6,2008
31173,Nebraska,Thurston County,8.5,2012
31173,Nebraska,Thurston County,4.8,2016
31173,Nebraska,Thurston County,5.2,2020
31175,Nebraska,Valley County,2.7,2000
31175,Nebraska,Valley County,3.3,2004
31175,Nebraska,Valley County,2.7,2008
31175,Nebraska,Valley County,3.4,2012
31175,Nebraska,Valley County,2.8,2016
31175,Nebraska,Valley County,2.8,2020
31177,Nebraska,Washington County,2.4,2000
31177,Nebraska,Washington County,3.3,2004
31177,Nebraska,Washington County,3.1,2008
31177,Nebraska,Washington County,3.7,2012
31177,Nebraska,Washington County,3.2,2016
31177,Nebraska,Washington County,3.7,2020
31179,Nebraska,Wayne County,2.5,2000
31179,Nebraska,Wayne County,3.0,2004
31179,Nebraska,Wayne County,2.8,2008
31179,Nebraska,Wayne County,3.1,2012
31179,Nebraska,Wayne County,2.7,2016
31179,Nebraska,Wayne County,2.8,2020
31181,Nebraska,Webster County,2.7,2000
31181,Nebraska,Webster County,4.2,2004
31181,Nebraska,Webster County,3.3,2008
31181,Nebraska,Webster County,3.6,2012
31181,Nebraska,Webster County,3.1,2016
31181,Nebraska,Webster County,3.7,2020
31183,Nebraska,Wheeler County,2.4,2000
31183,Nebraska,Wheeler County,2.6,2004
31183,Nebraska,Wheeler County,2.3,2008
31183,Nebraska,Wheeler County,3.3,2012
31183,Nebraska,Wheeler County,2.1,2016
31183,Nebraska,Wheeler County,1.9,2020
31185,Nebraska,York County,2.5,2000
31185,Nebraska,York County,3.2,2004
31185,Nebraska,York County,3.6,2008
31185,Nebraska,York County,3.6,2012
31185,Nebraska,York County,2.7,2016
31185,Nebraska,York County,3.4,2020
32001,Nevada,Churchill County,5.7,2000
32001,Nevada,Churchill County,4.2,2004
32001,Nevada,Churchill County,6.1,2008
32001,Nevada,Churchill County,11.4,2012
32001,Nevada,Churchill County,5.6,2016
32001,Nevada,Churchill County,5.8,2020
32003,Nevada,Clark County,4.2,2000
32003,Nevada,Clark County,4.5,2004
32003,Nevada,Clark County,6.8,2008
32003,Nevada,Clark County,11.7,2012
32003,Nevada,Clark County,5.9,2016
32003,Nevada,Clark County,15.5,2020
32005,Nevada,Douglas County,3.8,2000
32005,Nevada,Douglas County,4.3,2004
32005,Nevada,Douglas County,7.6,2008
32005,Nevada,Douglas County,11.9,2012
32005,Nevada,Douglas County,5.7,2016
32005,Nevada,Douglas County,9.0,2020
32007,Nevada,Elko County,3.6,2000
32007,Nevada,Elko County,3.9,2004
32007,Nevada,Elko County,4.4,2008
32007,Nevada,Elko County,6.6,2012
32007,Nevada,Elko County,4.5,2016
32007,Nevada,Elko County,6.0,2020
32009,Nevada,Esmeralda County,8.0,2000
32009,Nevada,Esmeralda County,5.3,2004
32009,Nevada,Esmeralda County,5.1,2008
32009,Nevada,Esmeralda County,7.2,2012
32009,Nevada,Esmeralda County,4.7,2016
32009,Nevada,Esmeralda County,5.3,2020
32011,Nevada,Eureka County,3.0,2000
32011,Nevada,Eureka County,4.2,2004
32011,Nevada,Eureka County,5.2,2008
32011,Nevada,Eureka County,6.3,2012
32011,Nevada,Eureka County,4.6,2016
32011,Nevada,Eureka County,3.6,2020
32013,Nevada,Humboldt County,4.5,2000
32013,Nevada,Humboldt County,3.9,2004
32013,Nevada,Humboldt County,5.1,2008
32013,Nevada,Humboldt County,6.8,2012
32013,Nevada,Humboldt County,5.6,2016
32013,Nevada,Humboldt County,5.1,2020
32015,Nevada,Lander County,5.3,2000
32015,Nevada,Lander County,4.3,2004
32015,Nevada,Lander County,4.5,2008
32015,Nevada,Lander County,7.8,2012
32015,Nevada,Lander County,6.3,2016
32015,Nevada,Lander County,5.0,2020
32017,Nevada,Lincoln County,4.6,2000
32017,Nevada,Lincoln County,5.3,2004
32017,Nevada,Lincoln County,5.7,2008
32017,Nevada,Lincoln County,10.8,2012
32017,Nevada,Lincoln County,5.4,2016
32017,Nevada,Lincoln County,5.2,2020
32019,Nevada,Lyon County,5.4,2000
32019,Nevada,Lyon County,5.6,2004
32019,Nevada,Lyon County,10.0,2008
32019,Nevada,Lyon County,15.3,2012
32019,Nevada,Lyon County,7.6,2016
32019,Nevada,Lyon County,9.0,2020
32021,Nevada,Mineral County,7.7,2000
32021,Nevada,Mineral County,5.4,2004
32021,Nevada,Mineral County,7.6,2008
32021,Nevada,Mineral County,14.1,2012
32021,Nevada,Mineral County,6.4,2016
32021,Nevada,Mineral County,5.8,2020
32023,Nevada,Nye County,6.3,2000
32023,Nevada,Nye County,6.0,2004
32023,Nevada,Nye County,10.0,2008
32023,Nevada,Nye County,14.9,2012
32023,Nevada,Nye County,7.4,2016
32023,Nevada,Nye County,10.2,2020
32027,Nevada,Pershing County,4.1,2000
32027,Nevada,Pershing County,4.3,2004
32027,Nevada,Pershing County,7.2,2008
32027,Nevada,Pershing County,10.0,2012
32027,Nevada,Pershing County,6.0,2016
32027,Nevada,Pershing County,4.9,2020
32029,Nevada,Storey County,2.9,2000
32029,Nevada,Storey County,3.3,2004
32029,Nevada,Storey County,7.1,2008
32029,Nevada,Storey County,13.8,2012
32029,Nevada,Storey County,6.4,2016
32029,Nevada,Storey County,8.6,2020
32031,Nevada,Washoe County,3.4,2000
32031,Nevada,Washoe County,4.1,2004
32031,Nevada,Washoe County,7.0,2008
32031,Nevada,Washoe County,11.5,2012
32031,Nevada,Washoe County,5.1,2016
32031,Nevada,Washoe County,8.2,2020
32033,Nevada,White Pine County,3.8,2000
32033,Nevada,White Pine County,3.7,2004
32033,Nevada,White Pine County,4.8,2008
32033,Nevada,White Pine County,7.9,2012
32033,Nevada,White Pine County,4.7,2016
32033,Nevada,White Pine County,4.3,2020
32510,Nevada,Carson City,3.4,2000
32510,Nevada,Carson City,5.0,2004
32510,Nevada,Carson City,7.3,2008
32510,Nevada,Carson City,12.2,2012
32510,Nevada,Carson City,6.2,2016
32510,Nevada,Carson City,8.7,2020
33001,New Hampshire,Belknap County,2.4,2000
33001,New Hampshire,Belknap County,3.5,2004
33001,New Hampshire,Belknap County,4.0,2008
33001,New Hampshire,Belknap County,5.4,2012
33001,New Hampshire,Belknap County,2.8,2016
33001,New Hampshire,Belknap County,7.0,2020
33003,New Hampshire,Carroll County,2.7,2000
33003,New Hampshire,Carroll County,3.2,2004
33003,New Hampshire,Carroll County,3.5,2008
33003,New Hampshire,Carroll County,5.2,2012
33003,New Hampshire,Carroll County,2.9,2016
33003,New Hampshire,Carroll County,7.7,2020
33005,New Hampshire,Cheshire County,2.6,2000
33005,New Hampshire,Cheshire County,3.4,2004
33005,New Hampshire,Cheshire County,3.5,2008
33005,New Hampshire,Cheshire County,5.0,2012
33005,New Hampshire,Cheshire County,2.7,2016
33005,New Hampshire,Cheshire County,6.2,2020
33007,New Hampshire,Coos County,3.6,2000
33007,New Hampshire,Coos County,4.6,2004
33007,New Hampshire,Coos County,5.0,2008
33007,New Hampshire,Coos County,7.3,2012
33007,New Hampshire,Coos County,3.8,2016
33007,New Hampshire,Coos County,7.9,2020
33009,New Hampshire,Grafton County,2.4,2000
33009,New Hampshire,Grafton County,2.8,2004
33009,New Hampshire,Grafton County,3.1,2008
33009,New Hampshire,Grafton County,4.4,2012
33009,New Hampshire,Grafton County,2.4,2016
33009,New Hampshire,Grafton County,5.9,2020
33011,New Hampshire,Hillsborough County,2.5,2000
33011,New Hampshire,Hillsborough County,3.9,2004
33011,New Hampshire,Hillsborough County,3.7,2008
33011,New Hampshire,Hillsborough County,5.7,2012
33011,New Hampshire,Hillsborough County,3.0,2016
33011,New Hampshire,Hillsborough County,7.0,2020
33013,New Hampshire,Merrimack County,2.4,2000
33013,New Hampshire,Merrimack County,3.2,2004
33013,New Hampshire,Merrimack County,3.5,2008
33013,New Hampshire,Merrimack County,4.9,2012
33013,New Hampshire,Merrimack County,2.6,2016
33013,New Hampshire,Merrimack County,5.8,2020
33015,New Hampshire,Rockingham County,3.0,2000
33015,New Hampshire,Rockingham County,4.6,2004
33015,New Hampshire,Rockingham County,4.1,2008
33015,New Hampshire,Rockingham County,5.8,2012
33015,New Hampshire,Rockingham County,3.0,2016
33015,New Hampshire,Rockingham County,7.0,2020
33017,New Hampshire,Strafford County,2.7,2000
33017,New Hampshire,Strafford County,3.4,2004
33017,New Hampshire,Strafford County,3.5,2008
33017,New Hampshire,Strafford County,5.4,2012
33017,New Hampshire,Strafford County,2.5,2016
33017,New Hampshire,Strafford County,6.3,2020
33019,New Hampshire,Sullivan County,2.5,2000
33019,New Hampshire,Sullivan County,3.2,2004
33019,New Hampshire,Sullivan County,3.3,2008
33019,New Hampshire,Sullivan County,4.4,2012
33019,New Hampshire,Sullivan County,2.3,2016
33019,New Hampshire,Sullivan County,5.4,2020
34001,New Jersey,Atlantic County,4.6,2000
34001,New Jersey,Atlantic County,5.6,2004
34001,New Jersey,Atlantic County,6.9,2008
34001,New Jersey,Atlantic County,12.8,2012
34001,New Jersey,Atlantic County,7.4,2016
34001,New Jersey,Atlantic County,17.1,2020
34003,New Jersey,Bergen County,3.1,2000
34003,New Jersey,Bergen County,4.2,2004
34003,New Jersey,Bergen County,4.5,2008
34003,New Jersey,Bergen County,7.7,2012
34003,New Jersey,Bergen County,4.1,2016
34003,New Jersey,Bergen County,9.2,2020
34005,New Jersey,Burlington County,3.1,2000
34005,New Jersey,Burlington County,4.1,2004
34005,New Jersey,Burlington County,5.0,2008
34005,New Jersey,Burlington County,8.7,2012
34005,New Jersey,Burlington County,4.4,2016
34005,New Jersey,Burlington County,7.9,2020
34007,New Jersey,Camden County,3.8,2000
34007,New Jersey,Camden County,5.2,2004
34007,New Jersey,Camden County,6.0,2008
34007,New Jersey,Camden County,10.8,2012
34007,New Jersey,Camden County,5.5,2016
34007,New Jersey,Camden County,9.7,2020
34009,New Jersey,Cape May County,6.4,2000
34009,New Jersey,Cape May County,6.9,2004
34009,New Jersey,Cape May County,8.0,2008
34009,New Jersey,Cape May County,15.5,2012
34009,New Jersey,Cape May County,9.8,2016
34009,New Jersey,Cape May County,13.7,2020
34011,New Jersey,Cumberland County,5.8,2000
34011,New Jersey,Cumberland County,6.6,2004
34011,New Jersey,Cumberland County,8.0,2008
34011,New Jersey,Cumberland County,13.2,2012
34011,New Jersey,Cumberland County,7.4,2016
34011,New Jersey,Cumberland County,10.4,2020
34013,New Jersey,Essex County,4.5,2000
34013,New Jersey,Essex County,6.2,2004
34013,New Jersey,Essex County,6.6,2008
34013,New Jersey,Essex County,10.8,2012
34013,New Jersey,Essex County,6.0,2016
34013,New Jersey,Essex County,11.2,2020
34015,New Jersey,Gloucester County,3.6,2000
34015,New Jersey,Gloucester County,4.7,2004
34015,New Jersey,Gloucester County,5.4,2008
34015,New Jersey,Gloucester County,10.2,2012
34015,New Jersey,Gloucester County,5.0,2016
34015,New Jersey,Gloucester County,8.9,2020
34017,New Jersey,Hudson County,4.8,2000
34017,New Jersey,Hudson County,6.1,2004
34017,New Jersey,Hudson County,6.3,2008
34017,New Jersey,Hudson County,8.9,2012
34017,New Jersey,Hudson County,4.6,2016
34017,New Jersey,Hudson County,10.2,2020
34019,New Jersey,Hunterdon County,2.3,2000
34019,New Jersey,Hunterdon County,3.4,2004
34019,New Jersey,Hunterdon County,3.8,2008
34019,New Jersey,Hunterdon County,6.9,2012
34019,New Jersey,Hunterdon County,3.7,2016
34019,New Jersey,Hunterdon County,6.9,2020
34021,New Jersey,Mercer County,3.2,2000
34021,New Jersey,Mercer County,4.3,2004
34021,New Jersey,Mercer County,4.8,2008
34021,New Jersey,Mercer County,8.3,2012
34021,New Jersey,Mercer County,4.3,2016
34021,New Jersey,Mercer County,7.2,2020
34023,New Jersey,Middlesex County,3.3,2000
34023,New Jersey,Middlesex County,4.6,2004
34023,New Jersey,Middlesex County,5.0,2008
34023,New Jersey,Middlesex County,8.7,2012
34023,New Jersey,Middlesex County,4.4,2016
34023,New Jersey,Middlesex County,8.5,2020
34025,New Jersey,Monmouth County,3.2,2000
34025,New Jersey,Monmouth County,4.5,2004
34025,New Jersey,Monmouth County,4.9,2008
34025,New Jersey,Monmouth County,8.8,2012
34025,New Jersey,Monmouth County,4.4,2016
34025,New Jersey,Monmouth County,8.5,2020
34027,New Jersey,Morris County,2.6,2000
34027,New Jersey,Morris County,3.7,2004
34027,New Jersey,Morris County,4.0,2008
34027,New Jersey,Morris County,7.1,2012
34027,New Jersey,Morris County,3.9,2016
34027,New Jersey,Morris County,7.5,2020
34029,New Jersey,Ocean County,3.7,2000
34029,New Jersey,Ocean County,5.1,2004
34029,New Jersey,Ocean County,5.9,2008
34029,New Jersey,Ocean County,10.7,2012
34029,New Jersey,Ocean County,5.2,2016
34029,New Jersey,Ocean County,9.1,2020
34031,New Jersey,Passaic County,4.6,2000
34031,New Jersey,Passaic County,6.2,2004
34031,New Jersey,Passaic County,6.8,2008
34031,New Jersey,Passaic County,11.1,2012
34031,New Jersey,Passaic County,6.1,2016
34031,New Jersey,Passaic County,12.1,2020
34033,New Jersey,Salem County,3.8,2000
34033,New Jersey,Salem County,5.2,2004
34033,New Jersey,Salem County,6.2,2008
34033,New Jersey,Salem County,11.9,2012
34033,New Jersey,Salem County,6.3,2016
34033,New Jersey,Salem County,9.2,2020
34035,New Jersey,Somerset County,2.6,2000
34035,New Jersey,Somerset County,3.7,2004
34035,New Jersey,Somerset County,4.1,2008
34035,New Jersey,Somerset County,7.5,2012
34035,New Jersey,Somerset County,4.0,2016
34035,New Jersey,Somerset County,7.5,2020
34037,New Jersey,Sussex County,2.9,2000
34037,New Jersey,Sussex County,4.4,2004
34037,New Jersey,Sussex County,5.0,2008
34037,New Jersey,Sussex County,9.0,2012
34037,New Jersey,Sussex County,4.7,2016
34037,New Jersey,Sussex County,9.0,2020
34039,New Jersey,Union County,3.9,2000
34039,New Jersey,Union County,5.3,2004
34039,New Jersey,Union County,5.7,2008
34039,New Jersey,Union County,9.5,2012
34039,New Jersey,Union County,5.1,2016
34039,New Jersey,Union County,9.5,2020
34041,New Jersey,Warren County,2.9,2000
34041,New Jersey,Warren County,4.4,2004
34041,New Jersey,Warren County,5.0,2008
34041,New Jersey,Warren County,8.8,2012
34041,New Jersey,Warren County,4.5,2016
34041,New Jersey,Warren County,8.2,2020
35001,New Mexico,Bernalillo County,4.1,2000
35001,New Mexico,Bernalillo County,5.0,2004
35001,New Mexico,Bernalillo County,4.2,2008
35001,New Mexico,Bernalillo County,6.6,2012
35001,New Mexico,Bernalillo County,5.9,2016
35001,New Mexico,Bernalillo County,7.6,2020
35003,New Mexico,Catron County,6.8,2000
35003,New Mexico,Catron County,7.4,2004
35003,New Mexico,Catron County,5.1,2008
35003,New Mexico,Catron County,9.4,2012
35003,New Mexico,Catron County,8.2,2016
35003,New Mexico,Catron County,7.0,2020
35005,New Mexico,Chaves County,5.7,2000
35005,New Mexico,Chaves County,6.7,2004
35005,New Mexico,Chaves County,4.2,2008
35005,New Mexico,Chaves County,6.4,2012
35005,New Mexico,Chaves County,6.8,2016
35005,New Mexico,Chaves County,7.6,2020
35006,New Mexico,Cibola County,6.9,2000
35006,New Mexico,Cibola County,5.8,2004
35006,New Mexico,Cibola County,4.4,2008
35006,New Mexico,Cibola County,8.4,2012
35006,New Mexico,Cibola County,8.3,2016
35006,New Mexico,Cibola County,8.7,2020
35007,New Mexico,Colfax County,5.1,2000
35007,New Mexico,Colfax County,5.8,2004
35007,New Mexico,Colfax County,4.2,2008
35007,New Mexico,Colfax County,7.7,2012
35007,New Mexico,Colfax County,6.1,2016
35007,New Mexico,Colfax County,6.7,2020
35009,New Mexico,Curry County,4.7,2000
35009,New Mexico,Curry County,4.3,2004
35009,New Mexico,Curry County,3.0,2008
35009,New Mexico,Curry County,4.9,2012
35009,New Mexico,Curry County,5.1,2016
35009,New Mexico,Curry County,5.2,2020
35011,New Mexico,De Baca County,4.8,2000
35011,New Mexico,De Baca County,7.0,2004
35011,New Mexico,De Baca County,3.9,2008
35011,New Mexico,De Baca County,4.2,2012
35011,New Mexico,De Baca County,4.8,2016
35011,New Mexico,De Baca County,4.5,2020
35013,New Mexico,Dona Ana County,6.2,2000
35013,New Mexico,Dona Ana County,6.2,2004
35013,New Mexico,Dona Ana County,4.6,2008
35013,New Mexico,Dona Ana County,7.2,2012
35013,New Mexico,Dona Ana County,7.2,2016
35013,New Mexico,Dona Ana County,7.8,2020
35015,New Mexico,Eddy County,5.7,2000
35015,New Mexico,Eddy County,5.5,2004
35015,New Mexico,Eddy County,2.9,2008
35015,New Mexico,Eddy County,4.6,2012
35015,New Mexico,Eddy County,6.6,2016
35015,New Mexico,Eddy County,6.5,2020
35017,New Mexico,Grant County,5.9,2000
35017,New Mexico,Grant County,8.4,2004
35017,New Mexico,Grant County,4.7,2008
35017,New Mexico,Grant County,6.5,2012
35017,New Mexico,Grant County,6.5,2016
35017,New Mexico,Grant County,8.4,2020
35019,New Mexico,Guadalupe County,7.4,2000
35019,New Mexico,Guadalupe County,7.0,2004
35019,New Mexico,Guadalupe County,5.9,2008
35019,New Mexico,Guadalupe County,9.8,2012
35019,New Mexico,Guadalupe County,6.6,2016
35019,New Mexico,Guadalupe County,6.4,2020
35021,New Mexico,Harding County,4.4,2000
35021,New Mexico,Harding County,5.2,2004
35021,New Mexico,Harding County,2.8,2008
35021,New Mexico,Harding County,6.1,2012
35021,New Mexico,Harding County,7.1,2016
35021,New Mexico,Harding County,4.0,2020
35023,New Mexico,Hidalgo County,6.9,2000
35023,New Mexico,Hidalgo County,5.9,2004
35023,New Mexico,Hidalgo County,4.1,2008
35023,New Mexico,Hidalgo County,7.2,2012
35023,New Mexico,Hidalgo County,5.6,2016
35023,New Mexico,Hidalgo County,5.5,2020
35025,New Mexico,Lea County,5.3,2000
35025,New Mexico,Lea County,4.8,2004
35025,New Mexico,Lea County,2.7,2008
35025,New Mexico,Lea County,4.6,2012
35025,New Mexico,Lea County,9.3,2016
35025,New Mexico,Lea County,10.4,2020
35027,New Mexico,Lincoln County,4.3,2000
35027,New Mexico,Lincoln County,4.2,2004
35027,New Mexico,Lincoln County,3.4,2008
35027,New Mexico,Lincoln County,6.4,2012
35027,New Mexico,Lincoln County,6.0,2016
35027,New Mexico,Lincoln County,8.5,2020
35028,New Mexico,Los Alamos County,3.1,2000
35028,New Mexico,Los Alamos County,2.7,2004
35028,New Mexico,Los Alamos County,2.9,2008
35028,New Mexico,Los Alamos County,3.8,2012
35028,New Mexico,Los Alamos County,4.3,2016
35028,New Mexico,Los Alamos County,3.5,2020
35029,New Mexico,Luna County,15.8,2000
35029,New Mexico,Luna County,15.6,2004
35029,New Mexico,Luna County,11.7,2008
35029,New Mexico,Luna County,19.6,2012
35029,New Mexico,Luna County,14.6,2016
35029,New Mexico,Luna County,15.3,2020
35031,New Mexico,Mckinley County,6.7,2000
35031,New Mexico,Mckinley County,6.9,2004
35031,New Mexico,Mckinley County,5.3,2008
35031,New Mexico,Mckinley County,9.4,2012
35031,New Mexico,Mckinley County,9.5,2016
35031,New Mexico,Mckinley County,9.8,2020
35033,New Mexico,Mora County,10.7,2000
35033,New Mexico,Mora County,11.0,2004
35033,New Mexico,Mora County,8.3,2008
35033,New Mexico,Mora County,10.8,2012
35033,New Mexico,Mora County,8.8,2016
35033,New Mexico,Mora County,7.6,2020
35035,New Mexico,Otero County,5.4,2000
35035,New Mexico,Otero County,5.1,2004
35035,New Mexico,Otero County,4.2,2008
35035,New Mexico,Otero County,6.4,2012
35035,New Mexico,Otero County,6.1,2016
35035,New Mexico,Otero County,7.9,2020
35037,New Mexico,Quay County,5.0,2000
35037,New Mexico,Quay County,6.1,2004
35037,New Mexico,Quay County,4.7,2008
35037,New Mexico,Quay County,8.0,2012
35037,New Mexico,Quay County,6.9,2016
35037,New Mexico,Quay County,7.0,2020
35039,New Mexico,Rio Arriba County,6.2,2000
35039,New Mexico,Rio Arriba County,6.5,2004
35039,New Mexico,Rio Arriba County,5.2,2008
35039,New Mexico,Rio Arriba County,9.1,2012
35039,New Mexico,Rio Arriba County,7.5,2016
35039,New Mexico,Rio Arriba County,7.6,2020
35041,New Mexico,Roosevelt County,4.5,2000
35041,New Mexico,Roosevelt County,3.7,2004
35041,New Mexico,Roosevelt County,3.0,2008
35041,New Mexico,Roosevelt County,5.5,2012
35041,New Mexico,Roosevelt County,5.8,2016
35041,New Mexico,Roosevelt County,5.8,2020
35043,New Mexico,Sandoval County,4.3,2000
35043,New Mexico,Sandoval County,5.6,2004
35043,New Mexico,Sandoval County,5.0,2008
35043,New Mexico,Sandoval County,7.6,2012
35043,New Mexico,Sandoval County,6.7,2016
35043,New Mexico,Sandoval County,7.9,2020
35045,New Mexico,San Juan County,5.8,2000
35045,New Mexico,San Juan County,5.9,2004
35045,New Mexico,San Juan County,3.8,2008
35045,New Mexico,San Juan County,7.0,2012
35045,New Mexico,San Juan County,8.9,2016
35045,New Mexico,San Juan County,9.4,2020
35047,New Mexico,San Miguel County,5.9,2000
35047,New Mexico,San Miguel County,6.5,2004
35047,New Mexico,San Miguel County,4.8,2008
35047,New Mexico,San Miguel County,8.7,2012
35047,New Mexico,San Miguel County,7.8,2016
35047,New Mexico,San Miguel County,7.7,2020
35049,New Mexico,Santa Fe County,3.7,2000
35049,New Mexico,Santa Fe County,4.3,2004
35049,New Mexico,Santa Fe County,3.6,2008
35049,New Mexico,Santa Fe County,5.7,2012
35049,New Mexico,Santa Fe County,5.3,2016
35049,New Mexico,Santa Fe County,7.7,2020
35051,New Mexico,Sierra County,4.5,2000
35051,New Mexico,Sierra County,5.7,2004
35051,New Mexico,Sierra County,3.9,2008
35051,New Mexico,Sierra County,9.6,2012
35051,New Mexico,Sierra County,8.5,2016
35051,New Mexico,Sierra County,8.7,2020
35053,New Mexico,Socorro County,5.1,2000
35053,New Mexico,Socorro County,4.8,2004
35053,New Mexico,Socorro County,3.4,2008
35053,New Mexico,Socorro County,6.8,2012
35053,New Mexico,Socorro County,7.4,2016
35053,New Mexico,Socorro County,6.7,2020
35055,New Mexico,Taos County,6.8,2000
35055,New Mexico,Taos County,7.3,2004
35055,New Mexico,Taos County,5.3,2008
35055,New Mexico,Taos County,10.3,2012
35055,New Mexico,Taos County,8.5,2016
35055,New Mexico,Taos County,10.9,2020
35057,New Mexico,Torrance County,5.1,2000
35057,New Mexico,Torrance County,5.7,2004
35057,New Mexico,Torrance County,5.3,2008
35057,New Mexico,Torrance County,10.4,2012
35057,New Mexico,Torrance County,9.2,2016
35057,New Mexico,Torrance County,8.9,2020
35059,New Mexico,Union County,3.8,2000
35059,New Mexico,Union County,3.7,2004
35059,New Mexico,Union County,2.8,2008
35059,New Mexico,Union County,4.3,2012
35059,New Mexico,Union County,4.1,2016
35059,New Mexico,Union County,4.8,2020
35061,New Mexico,Valencia County,4.7,2000
35061,New Mexico,Valencia County,5.6,2004
35061,New Mexico,Valencia County,4.9,2008
35061,New Mexico,Valencia County,8.5,2012
35061,New Mexico,Valencia County,7.3,2016
35061,New Mexico,Valencia County,7.7,2020
36001,New York,Albany County,3.3,2000
36001,New York,Albany County,4.2,2004
36001,New York,Albany County,4.8,2008
36001,New York,Albany County,7.2,2012
36001,New York,Albany County,4.1,2016
36001,New York,Albany County,6.9,2020
36003,New York,Allegany County,4.9,2000
36003,New York,Allegany County,6.5,2004
36003,New York,Allegany County,6.3,2008
36003,New York,Allegany County,8.5,2012
36003,New York,Allegany County,6.4,2016
36003,New York,Allegany County,7.8,2020
36005,New York,Bronx County,7.1,2000
36005,New York,Bronx County,9.1,2004
36005,New York,Bronx County,7.5,2008
36005,New York,Bronx County,12.5,2012
36005,New York,Bronx County,7.1,2016
36005,New York,Bronx County,16.0,2020
36007,New York,Broome County,3.6,2000
36007,New York,Broome County,5.5,2004
36007,New York,Broome County,5.5,2008
36007,New York,Broome County,8.8,2012
36007,New York,Broome County,5.5,2016
36007,New York,Broome County,8.3,2020
36009,New York,Cattaraugus County,4.5,2000
36009,New York,Cattaraugus County,6.1,2004
36009,New York,Cattaraugus County,6.0,2008
36009,New York,Cattaraugus County,9.5,2012
36009,New York,Cattaraugus County,6.1,2016
36009,New York,Cattaraugus County,9.1,2020
36011,New York,Cayuga County,3.9,2000
36011,New York,Cayuga County,5.2,2004
36011,New York,Cayuga County,5.5,2008
36011,New York,Cayuga County,8.4,2012
36011,New York,Cayuga County,5.1,2016
36011,New York,Cayuga County,7.6,2020
36013,New York,Chautauqua County,4.0,2000
36013,New York,Chautauqua County,5.5,2004
36013,New York,Chautauqua County,5.5,2008
36013,New York,Chautauqua County,8.6,2012
36013,New York,Chautauqua County,5.9,2016
36013,New York,Chautauqua County,8.5,2020
36015,New York,Chemung County,4.3,2000
36015,New York,Chemung County,6.1,2004
36015,New York,Chemung County,5.5,2008
36015,New York,Chemung County,8.5,2012
36015,New York,Chemung County,5.8,2016
36015,New York,Chemung County,8.4,2020
36017,New York,Chenango County,4.0,2000
36017,New York,Chenango County,5.6,2004
36017,New York,Chenango County,6.3,2008
36017,New York,Chenango County,8.8,2012
36017,New York,Chenango County,5.1,2016
36017,New York,Chenango County,6.6,2020
36019,New York,Clinton County,4.6,2000
36019,New York,Clinton County,6.1,2004
36019,New York,Clinton County,6.5,2008
36019,New York,Clinton County,9.5,2012
36019,New York,Clinton County,5.5,2016
36019,New York,Clinton County,7.7,2020
36021,New York,Columbia County,3.4,2000
36021,New York,Columbia County,4.4,2004
36021,New York,Columbia County,4.8,2008
36021,New York,Columbia County,7.2,2012
36021,New York,Columbia County,3.7,2016
36021,New York,Columbia County,6.0,2020
36023,New York,Cortland County,4.3,2000
36023,New York,Cortland County,6.3,2004
36023,New York,Cortland County,6.3,2008
36023,New York,Cortland County,8.8,2012
36023,New York,Cortland County,5.8,2016
36023,New York,Cortland County,7.7,2020
36025,New York,Delaware County,4.1,2000
36025,New York,Delaware County,4.6,2004
36025,New York,Delaware County,5.9,2008
36025,New York,Delaware County,8.9,2012
36025,New York,Delaware County,5.6,2016
36025,New York,Delaware County,7.0,2020
36027,New York,Dutchess County,3.2,2000
36027,New York,Dutchess County,4.3,2004
36027,New York,Dutchess County,5.1,2008
36027,New York,Dutchess County,7.9,2012
36027,New York,Dutchess County,4.2,2016
36027,New York,Dutchess County,7.3,2020
36029,New York,Erie County,4.2,2000
36029,New York,Erie County,5.8,2004
36029,New York,Erie County,5.6,2008
36029,New York,Erie County,8.4,2012
36029,New York,Erie County,5.0,2016
36029,New York,Erie County,9.2,2020
36031,New York,Essex County,4.8,2000
36031,New York,Essex County,5.5,2004
36031,New York,Essex County,6.6,2008
36031,New York,Essex County,9.7,2012
36031,New York,Essex County,5.4,2016
36031,New York,Essex County,7.9,2020
36033,New York,Franklin County,5.7,2000
36033,New York,Franklin County,6.5,2004
36033,New York,Franklin County,6.8,2008
36033,New York,Franklin County,9.7,2012
36033,New York,Franklin County,5.8,2016
36033,New York,Franklin County,8.0,2020
36035,New York,Fulton County,4.6,2000
36035,New York,Fulton County,5.7,2004
36035,New York,Fulton County,6.6,2008
36035,New York,Fulton County,11.2,2012
36035,New York,Fulton County,5.8,2016
36035,New York,Fulton County,8.3,2020
36037,New York,Genesee County,3.9,2000
36037,New York,Genesee County,5.6,2004
36037,New York,Genesee County,5.5,2008
36037,New York,Genesee County,8.0,2012
36037,New York,Genesee County,4.7,2016
36037,New York,Genesee County,7.1,2020
36039,New York,Greene County,4.5,2000
36039,New York,Greene County,5.4,2004
36039,New York,Greene County,5.8,2008
36039,New York,Greene County,10.1,2012
36039,New York,Greene County,5.1,2016
36039,New York,Greene County,8.0,2020
36041,New York,Hamilton County,5.5,2000
36041,New York,Hamilton County,5.6,2004
36041,New York,Hamilton County,6.2,2008
36041,New York,Hamilton County,10.9,2012
36041,New York,Hamilton County,6.6,2016
36041,New York,Hamilton County,7.7,2020
36043,New York,Herkimer County,4.2,2000
36043,New York,Herkimer County,5.7,2004
36043,New York,Herkimer County,6.0,2008
36043,New York,Herkimer County,8.9,2012
36043,New York,Herkimer County,5.6,2016
36043,New York,Herkimer County,7.9,2020
36045,New York,Jefferson County,5.9,2000
36045,New York,Jefferson County,7.0,2004
36045,New York,Jefferson County,6.7,2008
36045,New York,Jefferson County,10.0,2012
36045,New York,Jefferson County,6.3,2016
36045,New York,Jefferson County,8.4,2020
36047,New York,Kings County,6.4,2000
36047,New York,Kings County,7.5,2004
36047,New York,Kings County,6.0,2008
36047,New York,Kings County,9.9,2012
36047,New York,Kings County,5.3,2016
36047,New York,Kings County,12.5,2020
36049,New York,Lewis County,5.1,2000
36049,New York,Lewis County,6.6,2004
36049,New York,Lewis County,6.6,2008
36049,New York,Lewis County,10.1,2012
36049,New York,Lewis County,6.8,2016
36049,New York,Lewis County,7.5,2020
36051,New York,Livingston County,4.0,2000
36051,New York,Livingston County,5.9,2004
36051,New York,Livingston County,5.9,2008
36051,New York,Livingston County,7.9,2012
36051,New York,Livingston County,5.0,2016
36051,New York,Livingston County,6.8,2020
36053,New York,Madison County,3.8,2000
36053,New York,Madison County,5.6,2004
36053,New York,Madison County,5.7,2008
36053,New York,Madison County,8.6,2012
36053,New York,Madison County,5.4,2016
36053,New York,Madison County,7.5,2020
36055,New York,Monroe County,3.5,2000
36055,New York,Monroe County,5.3,2004
36055,New York,Monroe County,5.4,2008
36055,New York,Monroe County,8.0,2012
36055,New York,Monroe County,4.8,2016
36055,New York,Monroe County,8.2,2020
36057,New York,Montgomery County,4.8,2000
36057,New York,Montgomery County,6.0,2004
36057,New York,Montgomery County,7.0,2008
36057,New York,Montgomery County,10.5,2012
36057,New York,Montgomery County,5.8,2016
36057,New York,Montgomery County,8.4,2020
36059,New York,Nassau County,3.3,2000
36059,New York,Nassau County,4.6,2004
36059,New York,Nassau County,4.7,2008
36059,New York,Nassau County,7.1,2012
36059,New York,Nassau County,4.0,2016
36059,New York,Nassau County,8.0,2020
36061,New York,New York County,5.1,2000
36061,New York,New York County,6.1,2004
36061,New York,New York County,4.9,2008
36061,New York,New York County,8.1,2012
36061,New York,New York County,4.5,2016
36061,New York,New York County,9.5,2020
36063,New York,Niagara County,4.7,2000
36063,New York,Niagara County,6.3,2004
36063,New York,Niagara County,6.6,2008
36063,New York,Niagara County,9.5,2012
36063,New York,Niagara County,5.9,2016
36063,New York,Niagara County,10.1,2020
36065,New York,Oneida County,3.9,2000
36065,New York,Oneida County,5.2,2004
36065,New York,Oneida County,5.3,2008
36065,New York,Oneida County,8.4,2012
36065,New York,Oneida County,4.9,2016
36065,New York,Oneida County,7.8,2020
36067,New York,Onondaga County,3.5,2000
36067,New York,Onondaga County,5.1,2004
36067,New York,Onondaga County,5.1,2008
36067,New York,Onondaga County,8.0,2012
36067,New York,Onondaga County,4.6,2016
36067,New York,Onondaga County,8.0,2020
36069,New York,Ontario County,3.5,2000
36069,New York,Ontario County,5.0,2004
36069,New York,Ontario County,5.1,2008
36069,New York,Ontario County,7.4,2012
36069,New York,Ontario County,4.4,2016
36069,New York,Ontario County,7.0,2020
36071,New York,Orange County,3.4,2000
36071,New York,Orange County,4.8,2004
36071,New York,Orange County,5.3,2008
36071,New York,Orange County,8.0,2012
36071,New York,Orange County,4.4,2016
36071,New York,Orange County,8.0,2020
36073,New York,Orleans County,4.6,2000
36073,New York,Orleans County,6.4,2004
36073,New York,Orleans County,6.9,2008
36073,New York,Orleans County,9.8,2012
36073,New York,Orleans County,5.8,2016
36073,New York,Orleans County,8.1,2020
36075,New York,Oswego County,4.7,2000
36075,New York,Oswego County,7.0,2004
36075,New York,Oswego County,6.9,2008
36075,New York,Oswego County,11.1,2012
36075,New York,Oswego County,6.6,2016
36075,New York,Oswego County,8.6,2020
36077,New York,Otsego County,4.2,2000
36077,New York,Otsego County,4.9,2004
36077,New York,Otsego County,5.6,2008
36077,New York,Otsego County,8.0,2012
36077,New York,Otsego County,5.0,2016
36077,New York,Otsego County,6.9,2020
36079,New York,Putnam County,2.9,2000
36079,New York,Putnam County,4.0,2004
36079,New York,Putnam County,4.4,2008
36079,New York,Putnam County,7.3,2012
36079,New York,Putnam County,4.1,2016
36079,New York,Putnam County,7.2,2020
36081,New York,Queens County,5.3,2000
36081,New York,Queens County,6.2,2004
36081,New York,Queens County,5.0,2008
36081,New York,Queens County,8.4,2012
36081,New York,Queens County,4.5,2016
36081,New York,Queens County,12.4,2020
36083,New York,Rensselaer County,3.6,2000
36083,New York,Rensselaer County,4.7,2004
36083,New York,Rensselaer County,5.1,2008
36083,New York,Rensselaer County,7.9,2012
36083,New York,Rensselaer County,4.4,2016
36083,New York,Rensselaer County,6.7,2020
36085,New York,Richmond County,5.1,2000
36085,New York,Richmond County,6.3,2004
36085,New York,Richmond County,5.1,2008
36085,New York,Richmond County,9.6,2012
36085,New York,Richmond County,5.2,2016
36085,New York,Richmond County,10.5,2020
36087,New York,Rockland County,3.3,2000
36087,New York,Rockland County,4.5,2004
36087,New York,Rockland County,4.7,2008
36087,New York,Rockland County,7.4,2012
36087,New York,Rockland County,4.3,2016
36087,New York,Rockland County,7.7,2020
36089,New York,St. Lawrence County,5.7,2000
36089,New York,St. Lawrence County,7.1,2004
36089,New York,St. Lawrence County,7.0,2008
36089,New York,St. Lawrence County,10.3,2012
36089,New York,St. Lawrence County,6.7,2016
36089,New York,St. Lawrence County,7.9,2020
36091,New York,Saratoga County,3.3,2000
36091,New York,Saratoga County,3.9,2004
36091,New York,Saratoga County,4.5,2008
36091,New York,Saratoga County,6.9,2012
36091,New York,Saratoga County,3.9,2016
36091,New York,Saratoga County,6.4,2020
36093,New York,Schenectady County,3.5,2000
36093,New York,Schenectady County,4.5,2004
36093,New York,Schenectady County,5.0,2008
36093,New York,Schenectady County,7.8,2012
36093,New York,Schenectady County,4.4,2016
36093,New York,Schenectady County,7.7,2020
36095,New York,Schoharie County,4.2,2000
36095,New York,Schoharie County,5.6,2004
36095,New York,Schoharie County,6.8,2008
36095,New York,Schoharie County,9.3,2012
36095,New York,Schoharie County,5.5,2016
36095,New York,Schoharie County,6.8,2020
36097,New York,Schuyler County,4.5,2000
36097,New York,Schuyler County,6.0,2004
36097,New York,Schuyler County,5.7,2008
36097,New York,Schuyler County,9.5,2012
36097,New York,Schuyler County,6.1,2016
36097,New York,Schuyler County,8.3,2020
36099,New York,Seneca County,4.1,2000
36099,New York,Seneca County,5.3,2004
36099,New York,Seneca County,5.4,2008
36099,New York,Seneca County,8.1,2012
36099,New York,Seneca County,4.8,2016
36099,New York,Seneca County,7.8,2020
36101,New York,Steuben County,4.1,2000
36101,New York,Steuben County,6.5,2004
36101,New York,Steuben County,6.0,2008
36101,New York,Steuben County,9.5,2012
36101,New York,Steuben County,5.9,2016
36101,New York,Steuben County,7.9,2020
36103,New York,Suffolk County,3.4,2000
36103,New York,Suffolk County,4.7,2004
36103,New York,Suffolk County,5.0,2008
36103,New York,Suffolk County,7.9,2012
36103,New York,Suffolk County,4.4,2016
36103,New York,Suffolk County,8.1,2020
36105,New York,Sullivan County,4.3,2000
36105,New York,Sullivan County,5.4,2004
36105,New York,Sullivan County,6.4,2008
36105,New York,Sullivan County,9.2,2012
36105,New York,Sullivan County,4.9,2016
36105,New York,Sullivan County,8.4,2020
36107,New York,Tioga County,3.4,2000
36107,New York,Tioga County,5.3,2004
36107,New York,Tioga County,5.2,2008
36107,New York,Tioga County,8.0,2012
36107,New York,Tioga County,5.2,2016
36107,New York,Tioga County,7.5,2020
36109,New York,Tompkins County,3.3,2000
36109,New York,Tompkins County,4.1,2004
36109,New York,Tompkins County,4.1,2008
36109,New York,Tompkins County,6.2,2012
36109,New York,Tompkins County,4.2,2016
36109,New York,Tompkins County,5.8,2020
36111,New York,Ulster County,3.5,2000
36111,New York,Ulster County,4.9,2004
36111,New York,Ulster County,5.4,2008
36111,New York,Ulster County,8.4,2012
36111,New York,Ulster County,4.5,2016
36111,New York,Ulster County,7.7,2020
36113,New York,Warren County,4.1,2000
36113,New York,Warren County,5.0,2004
36113,New York,Warren County,5.6,2008
36113,New York,Warren County,9.3,2012
36113,New York,Warren County,5.3,2016
36113,New York,Warren County,8.1,2020
36115,New York,Washington County,3.7,2000
36115,New York,Washington County,4.8,2004
36115,New York,Washington County,5.3,2008
36115,New York,Washington County,8.4,2012
36115,New York,Washington County,4.7,2016
36115,New York,Washington County,6.9,2020
36117,New York,Wayne County,3.8,2000
36117,New York,Wayne County,5.6,2004
36117,New York,Wayne County,5.8,2008
36117,New York,Wayne County,8.7,2012
36117,New York,Wayne County,5.1,2016
36117,New York,Wayne County,7.1,2020
36119,New York,Westchester County,3.4,2000
36119,New York,Westchester County,4.5,2004
36119,New York,Westchester County,4.7,2008
36119,New York,Westchester County,7.4,2012
36119,New York,Westchester County,4.4,2016
36119,New York,Westchester County,8.0,2020
36121,New York,Wyoming County,4.7,2000
36121,New York,Wyoming County,6.3,2004
36121,New York,Wyoming County,6.1,2008
36121,New York,Wyoming County,9.0,2012
36121,New York,Wyoming County,5.4,2016
36121,New York,Wyoming County,7.2,2020
36123,New York,Yates County,3.7,2000
36123,New York,Yates County,4.6,2004
36123,New York,Yates County,4.8,2008
36123,New York,Yates County,7.9,2012
36123,New York,Yates County,4.5,2016
36123,New York,Yates County,6.3,2020
37001,North Carolina,Alamance County,3.2,2000
37001,North Carolina,Alamance County,6.6,2004
37001,North Carolina,Alamance County,6.4,2008
37001,North Carolina,Alamance County,8.7,2012
37001,North Carolina,Alamance County,4.7,2016
37001,North Carolina,Alamance County,7.1,2020
37003,North Carolina,Alexander County,2.8,2000
37003,North Carolina,Alexander County,6.4,2004
37003,North Carolina,Alexander County,7.0,2008
37003,North Carolina,Alexander County,9.8,2012
37003,North Carolina,Alexander County,4.3,2016
37003,North Carolina,Alexander County,7.4,2020
37005,North Carolina,Alleghany County,6.0,2000
37005,North Carolina,Alleghany County,6.7,2004
37005,North Carolina,Alleghany County,7.5,2008
37005,North Carolina,Alleghany County,10.7,2012
37005,North Carolina,Alleghany County,5.5,2016
37005,North Carolina,Alleghany County,7.2,2020
37007,North Carolina,Anson County,5.3,2000
37007,North Carolina,Anson County,9.1,2004
37007,North Carolina,Anson County,8.9,2008
37007,North Carolina,Anson County,11.2,2012
37007,North Carolina,Anson County,5.8,2016
37007,North Carolina,Anson County,7.6,2020
37009,North Carolina,Ashe County,5.1,2000
37009,North Carolina,Ashe County,5.7,2004
37009,North Carolina,Ashe County,6.8,2008
37009,North Carolina,Ashe County,10.7,2012
37009,North Carolina,Ashe County,4.8,2016
37009,North Carolina,Ashe County,6.2,2020
37011,North Carolina,Avery County,4.0,2000
37011,North Carolina,Avery County,5.4,2004
37011,North Carolina,Avery County,5.7,2008
37011,North Carolina,Avery County,10.9,2012
37011,North Carolina,Avery County,5.0,2016
37011,North Carolina,Avery County,6.2,2020
37013,North Carolina,Beaufort County,6.1,2000
37013,North Carolina,Beaufort County,7.3,2004
37013,North Carolina,Beaufort County,7.2,2008
37013,North Carolina,Beaufort County,10.8,2012
37013,North Carolina,Beaufort County,5.7,2016
37013,North Carolina,Beaufort County,6.3,2020
37015,North Carolina,Bertie County,7.1,2000
37015,North Carolina,Bertie County,8.2,2004
37015,North Carolina,Bertie County,7.6,2008
37015,North Carolina,Bertie County,11.7,2012
37015,North Carolina,Bertie County,6.6,2016
37015,North Carolina,Bertie County,6.3,2020
37017,North Carolina,Bladen County,6.1,2000
37017,North Carolina,Bladen County,7.5,2004
37017,North Carolina,Bladen County,7.8,2008
37017,North Carolina,Bladen County,13.0,2012
37017,North Carolina,Bladen County,6.9,2016
37017,North Carolina,Bladen County,7.2,2020
37019,North Carolina,Brunswick County,4.5,2000
37019,North Carolina,Brunswick County,5.7,2004
37019,North Carolina,Brunswick County,6.4,2008
37019,North Carolina,Brunswick County,11.5,2012
37019,North Carolina,Brunswick County,6.5,2016
37019,North Carolina,Brunswick County,8.7,2020
37021,North Carolina,Buncombe County,3.1,2000
37021,North Carolina,Buncombe County,4.6,2004
37021,North Carolina,Buncombe County,4.7,2008
37021,North Carolina,Buncombe County,7.4,2012
37021,North Carolina,Buncombe County,3.9,2016
37021,North Carolina,Buncombe County,8.2,2020
37023,North Carolina,Burke County,3.6,2000
37023,North Carolina,Burke County,7.1,2004
37023,North Carolina,Burke County,8.2,2008
37023,North Carolina,Burke County,10.1,2012
37023,North Carolina,Burke County,4.9,2016
37023,North Carolina,Burke County,7.1,2020
37025,North Carolina,Cabarrus County,3.0,2000
37025,North Carolina,Cabarrus County,6.6,2004
37025,North Carolina,Cabarrus County,5.7,2008
37025,North Carolina,Cabarrus County,9.2,2012
37025,North Carolina,Cabarrus County,4.6,2016
37025,North Carolina,Cabarrus County,6.8,2020
37027,North Carolina,Caldwell County,2.9,2000
37027,North Carolina,Caldwell County,7.9,2004
37027,North Carolina,Caldwell County,7.8,2008
37027,North Carolina,Caldwell County,11.9,2012
37027,North Carolina,Caldwell County,5.2,2016
37027,North Carolina,Caldwell County,7.8,2020
37029,North Carolina,Camden County,3.0,2000
37029,North Carolina,Camden County,4.1,2004
37029,North Carolina,Camden County,5.4,2008
37029,North Carolina,Camden County,8.0,2012
37029,North Carolina,Camden County,5.1,2016
37029,North Carolina,Camden County,5.5,2020
37031,North Carolina,Carteret County,4.2,2000
37031,North Carolina,Carteret County,5.0,2004
37031,North Carolina,Carteret County,5.4,2008
37031,North Carolina,Carteret County,9.1,2012
37031,North Carolina,Carteret County,5.2,2016
37031,North Carolina,Carteret County,6.2,2020
37033,North Carolina,Caswell County,3.8,2000
37033,North Carolina,Caswell County,8.4,2004
37033,North Carolina,Caswell County,8.1,2008
37033,North Carolina,Caswell County,10.9,2012
37033,North Carolina,Caswell County,5.4,2016
37033,North Carolina,Caswell County,7.6,2020
37035,North Carolina,Catawba County,2.8,2000
37035,North Carolina,Catawba County,6.9,2004
37035,North Carolina,Catawba County,7.1,2008
37035,North Carolina,Catawba County,10.4,2012
37035,North Carolina,Catawba County,4.7,2016
37035,North Carolina,Catawba County,7.9,2020
37037,North Carolina,Chatham County,2.8,2000
37037,North Carolina,Chatham County,4.2,2004
37037,North Carolina,Chatham County,4.9,2008
37037,North Carolina,Chatham County,8.0,2012
37037,North Carolina,Chatham County,4.2,2016
37037,North Carolina,Chatham County,5.3,2020
37039,North Carolina,Cherokee County,6.5,2000
37039,North Carolina,Cherokee County,6.4,2004
37039,North Carolina,Cherokee County,9.2,2008
37039,North Carolina,Cherokee County,11.2,2012
37039,North Carolina,Cherokee County,5.7,2016
37039,North Carolina,Cherokee County,7.8,2020
37041,North Carolina,Chowan County,4.0,2000
37041,North Carolina,Chowan County,4.9,2004
37041,North Carolina,Chowan County,8.7,2008
37041,North Carolina,Chowan County,11.1,2012
37041,North Carolina,Chowan County,6.4,2016
37041,North Carolina,Chowan County,6.0,2020
37043,North Carolina,Clay County,4.1,2000
37043,North Carolina,Clay County,4.4,2004
37043,North Carolina,Clay County,6.5,2008
37043,North Carolina,Clay County,10.6,2012
37043,North Carolina,Clay County,5.5,2016
37043,North Carolina,Clay County,7.3,2020
37045,North Carolina,Cleveland County,5.0,2000
37045,North Carolina,Cleveland County,7.9,2004
37045,North Carolina,Cleveland County,8.2,2008
37045,North Carolina,Cleveland County,11.3,2012
37045,North Carolina,Cleveland County,5.5,2016
37045,North Carolina,Cleveland County,7.7,2020
37047,North Carolina,Columbus County,7.7,2000
37047,North Carolina,Columbus County,6.7,2004
37047,North Carolina,Columbus County,7.8,2008
37047,North Carolina,Columbus County,12.5,2012
37047,North Carolina,Columbus County,6.4,2016
37047,North Carolina,Columbus County,8.0,2020
37049,North Carolina,Craven County,4.2,2000
37049,North Carolina,Craven County,5.1,2004
37049,North Carolina,Craven County,6.0,2008
37049,North Carolina,Craven County,9.7,2012
37049,North Carolina,Craven County,5.2,2016
37049,North Carolina,Craven County,6.4,2020
37051,North Carolina,Cumberland County,4.5,2000
37051,North Carolina,Cumberland County,5.6,2004
37051,North Carolina,Cumberland County,6.2,2008
37051,North Carolina,Cumberland County,10.8,2012
37051,North Carolina,Cumberland County,6.4,2016
37051,North Carolina,Cumberland County,9.3,2020
37053,North Carolina,Currituck County,2.8,2000
37053,North Carolina,Currituck County,3.1,2004
37053,North Carolina,Currituck County,4.4,2008
37053,North Carolina,Currituck County,8.8,2012
37053,North Carolina,Currituck County,5.1,2016
37053,North Carolina,Currituck County,6.1,2020
37055,North Carolina,Dare County,4.3,2000
37055,North Carolina,Dare County,5.0,2004
37055,North Carolina,Dare County,6.5,2008
37055,North Carolina,Dare County,12.6,2012
37055,North Carolina,Dare County,6.8,2016
37055,North Carolina,Dare County,9.8,2020
37057,North Carolina,Davidson County,3.3,2000
37057,North Carolina,Davidson County,6.9,2004
37057,North Carolina,Davidson County,7.1,2008
37057,North Carolina,Davidson County,9.9,2012
37057,North Carolina,Davidson County,4.8,2016
37057,North Carolina,Davidson County,6.9,2020
37059,North Carolina,Davie County,4.2,2000
37059,North Carolina,Davie County,5.3,2004
37059,North Carolina,Davie County,6.1,2008
37059,North Carolina,Davie County,9.3,2012
37059,North Carolina,Davie County,4.5,2016
37059,North Carolina,Davie County,6.6,2020
37061,North Carolina,Duplin County,4.3,2000
37061,North Carolina,Duplin County,6.1,2004
37061,North Carolina,Duplin County,5.8,2008
37061,North Carolina,Duplin County,9.3,2012
37061,North Carolina,Duplin County,5.3,2016
37061,North Carolina,Duplin County,5.5,2020
37063,North Carolina,Durham County,3.0,2000
37063,North Carolina,Durham County,4.8,2004
37063,North Carolina,Durham County,4.7,2008
37063,North Carolina,Durham County,7.6,2012
37063,North Carolina,Durham County,4.5,2016
37063,North Carolina,Durham County,6.3,2020
37065,North Carolina,Edgecombe County,5.9,2000
37065,North Carolina,Edgecombe County,9.1,2004
37065,North Carolina,Edgecombe County,10.2,2008
37065,North Carolina,Edgecombe County,14.6,2012
37065,North Carolina,Edgecombe County,8.7,2016
37065,North Carolina,Edgecombe County,10.4,2020
37067,North Carolina,Forsyth County,3.2,2000
37067,North Carolina,Forsyth County,5.3,2004
37067,North Carolina,Forsyth County,5.7,2008
37067,North Carolina,Forsyth County,9.1,2012
37067,North Carolina,Forsyth County,4.9,2016
37067,North Carolina,Forsyth County,7.3,2020
37069,North Carolina,Franklin County,3.3,2000
37069,North Carolina,Franklin County,5.5,2004
37069,North Carolina,Franklin County,6.3,2008
37069,North Carolina,Franklin County,9.9,2012
37069,North Carolina,Franklin County,5.2,2016
37069,North Carolina,Franklin County,6.7,2020
37071,North Carolina,Gaston County,5.5,2000
37071,North Carolina,Gaston County,6.8,2004
37071,North Carolina,Gaston County,7.6,2008
37071,North Carolina,Gaston County,10.7,2012
37071,North Carolina,Gaston County,5.3,2016
37071,North Carolina,Gaston County,7.9,2020
37073,North Carolina,Gates County,3.4,2000
37073,North Carolina,Gates County,4.3,2004
37073,North Carolina,Gates County,5.3,2008
37073,North Carolina,Gates County,7.9,2012
37073,North Carolina,Gates County,5.1,2016
37073,North Carolina,Gates County,5.7,2020
37075,North Carolina,Graham County,6.6,2000
37075,North Carolina,Graham County,8.4,2004
37075,North Carolina,Graham County,10.7,2008
37075,North Carolina,Graham County,18.1,2012
37075,North Carolina,Graham County,8.8,2016
37075,North Carolina,Graham County,9.8,2020
37077,North Carolina,Granville County,4.4,2000
37077,North Carolina,Granville County,7.2,2004
37077,North Carolina,Granville County,6.7,2008
37077,North Carolina,Granville County,8.2,2012
37077,North Carolina,Granville County,4.3,2016
37077,North Carolina,Granville County,5.7,2020
37079,North Carolina,Greene County,4.7,2000
37079,North Carolina,Greene County,6.6,2004
37079,North Carolina,Greene County,6.6,2008
37079,North Carolina,Greene County,8.8,2012
37079,North Carolina,Greene County,5.3,2016
37079,North Carolina,Greene County,5.6,2020
37081,North Carolina,Guilford County,3.3,2000
37081,North Carolina,Guilford County,5.7,2004
37081,North Carolina,Guilford County,6.0,2008
37081,North Carolina,Guilford County,9.8,2012
37081,North Carolina,Guilford County,5.2,2016
37081,North Carolina,Guilford County,8.4,2020
37083,North Carolina,Halifax County,6.1,2000
37083,North Carolina,Halifax County,8.2,2004
37083,North Carolina,Halifax County,9.0,2008
37083,North Carolina,Halifax County,13.9,2012
37083,North Carolina,Halifax County,7.9,2016
37083,North Carolina,Halifax County,9.0,2020
37085,North Carolina,Harnett County,3.8,2000
37085,North Carolina,Harnett County,5.7,2004
37085,North Carolina,Harnett County,6.6,2008
37085,North Carolina,Harnett County,10.9,2012
37085,North Carolina,Harnett County,5.8,2016
37085,North Carolina,Harnett County,7.4,2020
37087,North Carolina,Haywood County,3.9,2000
37087,North Carolina,Haywood County,4.9,2004
37087,North Carolina,Haywood County,5.6,2008
37087,North Carolina,Haywood County,9.3,2012
37087,North Carolina,Haywood County,4.5,2016
37087,North Carolina,Haywood County,7.4,2020
37089,North Carolina,Henderson County,3.0,2000
37089,North Carolina,Henderson County,4.5,2004
37089,North Carolina,Henderson County,4.7,2008
37089,North Carolina,Henderson County,7.7,2012
37089,North Carolina,Henderson County,4.3,2016
37089,North Carolina,Henderson County,6.8,2020
37091,North Carolina,Hertford County,5.2,2000
37091,North Carolina,Hertford County,6.2,2004
37091,North Carolina,Hertford County,6.7,2008
37091,North Carolina,Hertford County,11.0,2012
37091,North Carolina,Hertford County,6.6,2016
37091,North Carolina,Hertford County,6.8,2020
37093,North Carolina,Hoke County,5.7,2000
37093,North Carolina,Hoke County,6.2,2004
37093,North Carolina,Hoke County,5.7,2008
37093,North Carolina,Hoke County,10.9,2012
37093,North Carolina,Hoke County,6.6,2016
37093,North Carolina,Hoke County,8.4,2020
37095,North Carolina,Hyde County,5.7,2000
37095,North Carolina,Hyde County,6.8,2004
37095,North Carolina,Hyde County,7.0,2008
37095,North Carolina,Hyde County,13.8,2012
37095,North Carolina,Hyde County,9.5,2016
37095,North Carolina,Hyde County,10.3,2020
37097,North Carolina,Iredell County,3.5,2000
37097,North Carolina,Iredell County,5.7,2004
37097,North Carolina,Iredell County,6.4,2008
37097,North Carolina,Iredell County,10.2,2012
37097,North Carolina,Iredell County,4.8,2016
37097,North Carolina,Iredell County,7.2,2020
37099,North Carolina,Jackson County,3.9,2000
37099,North Carolina,Jackson County,4.5,2004
37099,North Carolina,Jackson County,5.1,2008
37099,North Carolina,Jackson County,10.8,2012
37099,North Carolina,Jackson County,5.4,2016
37099,North Carolina,Jackson County,7.5,2020
37101,North Carolina,Johnston County,2.9,2000
37101,North Carolina,Johnston County,4.8,2004
37101,North Carolina,Johnston County,5.7,2008
37101,North Carolina,Johnston County,8.6,2012
37101,North Carolina,Johnston County,4.7,2016
37101,North Carolina,Johnston County,6.2,2020
37103,North Carolina,Jones County,4.6,2000
37103,North Carolina,Jones County,5.1,2004
37103,North Carolina,Jones County,6.4,2008
37103,North Carolina,Jones County,10.2,2012
37103,North Carolina,Jones County,5.3,2016
37103,North Carolina,Jones County,5.6,2020
37105,North Carolina,Lee County,4.0,2000
37105,North Carolina,Lee County,6.2,2004
37105,North Carolina,Lee County,7.6,2008
37105,North Carolina,Lee County,11.6,2012
37105,North Carolina,Lee County,5.9,2016
37105,North Carolina,Lee County,7.9,2020
37107,North Carolina,Lenoir County,5.3,2000
37107,North Carolina,Lenoir County,6.3,2004
37107,North Carolina,Lenoir County,7.2,2008
37107,North Carolina,Lenoir County,10.0,2012
37107,North Carolina,Lenoir County,5.9,2016
37107,North Carolina,Lenoir County,6.1,2020
37109,North Carolina,Lincoln County,3.8,2000
37109,North Carolina,Lincoln County,6.4,2004
37109,North Carolina,Lincoln County,7.3,2008
37109,North Carolina,Lincoln County,9.8,2012
37109,North Carolina,Lincoln County,4.7,2016
37109,North Carolina,Lincoln County,6.4,2020
37111,North Carolina,Mcdowell County,4.3,2000
37111,North Carolina,Mcdowell County,6.9,2004
37111,North Carolina,Mcdowell County,8.2,2008
37111,North Carolina,Mcdowell County,11.1,2012
37111,North Carolina,Mcdowell County,4.8,2016
37111,North Carolina,Mcdowell County,6.9,2020
37113,North Carolina,Macon County,3.9,2000
37113,North Carolina,Macon County,5.0,2004
37113,North Carolina,Macon County,6.0,2008
37113,North Carolina,Macon County,10.9,2012
37113,North Carolina,Macon County,5.4,2016
37113,North Carolina,Macon County,6.6,2020
37115,North Carolina,Madison County,3.8,2000
37115,North Carolina,Madison County,5.6,2004
37115,North Carolina,Madison County,5.7,2008
37115,North Carolina,Madison County,10.0,2012
37115,North Carolina,Madison County,4.9,2016
37115,North Carolina,Madison County,6.8,2020
37117,North Carolina,Martin County,7.0,2000
37117,North Carolina,Martin County,7.1,2004
37117,North Carolina,Martin County,6.5,2008
37117,North Carolina,Martin County,12.3,2012
37117,North Carolina,Martin County,6.8,2016
37117,North Carolina,Martin County,6.8,2020
37119,North Carolina,Mecklenburg County,3.0,2000
37119,North Carolina,Mecklenburg County,5.4,2004
37119,North Carolina,Mecklenburg County,6.0,2008
37119,North Carolina,Mecklenburg County,9.0,2012
37119,North Carolina,Mecklenburg County,4.7,2016
37119,North Carolina,Mecklenburg County,7.6,2020
37121,North Carolina,Mitchell County,4.5,2000
37121,North Carolina,Mitchell County,7.3,2004
37121,North Carolina,Mitchell County,8.1,2008
37121,North Carolina,Mitchell County,12.5,2012
37121,North Carolina,Mitchell County,6.1,2016
37121,North Carolina,Mitchell County,7.7,2020
37123,North Carolina,Montgomery County,3.9,2000
37123,North Carolina,Montgomery County,7.6,2004
37123,North Carolina,Montgomery County,8.2,2008
37123,North Carolina,Montgomery County,10.8,2012
37123,North Carolina,Montgomery County,5.2,2016
37123,North Carolina,Montgomery County,6.6,2020
37125,North Carolina,Moore County,3.6,2000
37125,North Carolina,Moore County,5.9,2004
37125,North Carolina,Moore County,6.1,2008
37125,North Carolina,Moore County,9.0,2012
37125,North Carolina,Moore County,5.0,2016
37125,North Carolina,Moore County,7.2,2020
37127,North Carolina,Nash County,4.6,2000
37127,North Carolina,Nash County,6.7,2004
37127,North Carolina,Nash County,7.4,2008
37127,North Carolina,Nash County,11.8,2012
37127,North Carolina,Nash County,6.6,2016
37127,North Carolina,Nash County,8.2,2020
37129,North Carolina,New Hanover County,3.7,2000
37129,North Carolina,New Hanover County,4.7,2004
37129,North Carolina,New Hanover County,5.2,2008
37129,North Carolina,New Hanover County,8.8,2012
37129,North Carolina,New Hanover County,4.7,2016
37129,North Carolina,New Hanover County,7.1,2020
37131,North Carolina,Northampton County,5.5,2000
37131,North Carolina,Northampton County,7.5,2004
37131,North Carolina,Northampton County,7.8,2008
37131,North Carolina,Northampton County,11.8,2012
37131,North Carolina,Northampton County,7.3,2016
37131,North Carolina,Northampton County,7.2,2020
37133,North Carolina,Onslow County,4.4,2000
37133,North Carolina,Onslow County,5.8,2004
37133,North Carolina,Onslow County,5.7,2008
37133,North Carolina,Onslow County,8.2,2012
37133,North Carolina,Onslow County,5.5,2016
37133,North Carolina,Onslow County,7.2,2020
37135,North Carolina,Orange County,2.5,2000
37135,North Carolina,Orange County,4.1,2004
37135,North Carolina,Orange County,4.0,2008
37135,North Carolina,Orange County,6.3,2012
37135,North Carolina,Orange County,4.2,2016
37135,North Carolina,Orange County,5.3,2020
37137,North Carolina,Pamlico County,4.1,2000
37137,North Carolina,Pamlico County,4.9,2004
37137,North Carolina,Pamlico County,6.0,2008
37137,North Carolina,Pamlico County,9.2,2012
37137,North Carolina,Pamlico County,5.3,2016
37137,North Carolina,Pamlico County,5.5,2020
37139,North Carolina,Pasquotank County,3.8,2000
37139,North Carolina,Pasquotank County,4.9,2004
37139,North Carolina,Pasquotank County,6.9,2008
37139,North Carolina,Pasquotank County,10.3,2012
37139,North Carolina,Pasquotank County,6.3,2016
37139,North Carolina,Pasquotank County,7.2,2020
37141,North Carolina,Pender County,4.1,2000
37141,North Carolina,Pender County,5.2,2004
37141,North Carolina,Pender County,6.1,2008
37141,North Carolina,Pender County,10.7,2012
37141,North Carolina,Pender County,5.3,2016
37141,North Carolina,Pender County,6.4,2020
37143,North Carolina,Perquimans County,3.9,2000
37143,North Carolina,Perquimans County,5.0,2004
37143,North Carolina,Perquimans County,6.8,2008
37143,North Carolina,Perquimans County,10.7,2012
37143,North Carolina,Perquimans County,6.4,2016
37143,North Carolina,Perquimans County,6.7,2020
37145,North Carolina,Person County,4.4,2000
37145,North Carolina,Person County,7.0,2004
37145,North Carolina,Person County,7.3,2008
37145,North Carolina,Person County,11.3,2012
37145,North Carolina,Person County,5.5,2016
37145,North Carolina,Person County,7.1,2020
37147,North Carolina,Pitt County,4.2,2000
37147,North Carolina,Pitt County,6.1,2004
37147,North Carolina,Pitt County,6.5,2008
37147,North Carolina,Pitt County,9.3,2012
37147,North Carolina,Pitt County,5.6,2016
37147,North Carolina,Pitt County,6.7,2020
37149,North Carolina,Polk County,3.6,2000
37149,North Carolina,Polk County,4.7,2004
37149,North Carolina,Polk County,4.8,2008
37149,North Carolina,Polk County,8.7,2012
37149,North Carolina,Polk County,4.6,2016
37149,North Carolina,Polk County,6.1,2020
37151,North Carolina,Randolph County,3.4,2000
37151,North Carolina,Randolph County,5.4,2004
37151,North Carolina,Randolph County,6.4,2008
37151,North Carolina,Randolph County,10.2,2012
37151,North Carolina,Randolph County,4.9,2016
37151,North Carolina,Randolph County,7.2,2020
37153,North Carolina,Richmond County,5.4,2000
37153,North Carolina,Richmond County,8.5,2004
37153,North Carolina,Richmond County,9.3,2008
37153,North Carolina,Richmond County,13.7,2012
37153,North Carolina,Richmond County,6.9,2016
37153,North Carolina,Richmond County,9.0,2020
37155,North Carolina,Robeson County,6.8,2000
37155,North Carolina,Robeson County,7.6,2004
37155,North Carolina,Robeson County,8.0,2008
37155,North Carolina,Robeson County,13.6,2012
37155,North Carolina,Robeson County,8.0,2016
37155,North Carolina,Robeson County,8.7,2020
37157,North Carolina,Rockingham County,4.8,2000
37157,North Carolina,Rockingham County,7.8,2004
37157,North Carolina,Rockingham County,7.5,2008
37157,North Carolina,Rockingham County,11.5,2012
37157,North Carolina,Rockingham County,5.7,2016
37157,North Carolina,Rockingham County,8.2,2020
37159,North Carolina,Rowan County,4.5,2000
37159,North Carolina,Rowan County,7.7,2004
37159,North Carolina,Rowan County,6.8,2008
37159,North Carolina,Rowan County,11.1,2012
37159,North Carolina,Rowan County,5.6,2016
37159,North Carolina,Rowan County,7.9,2020
37161,North Carolina,Rutherford County,5.9,2000
37161,North Carolina,Rutherford County,9.6,2004
37161,North Carolina,Rutherford County,8.1,2008
37161,North Carolina,Rutherford County,13.5,2012
37161,North Carolina,Rutherford County,6.7,2016
37161,North Carolina,Rutherford County,9.2,2020
37163,North Carolina,Sampson County,3.5,2000
37163,North Carolina,Sampson County,5.2,2004
37163,North Carolina,Sampson County,5.4,2008
37163,North Carolina,Sampson County,9.6,2012
37163,North Carolina,Sampson County,5.5,2016
37163,North Carolina,Sampson County,5.8,2020
37165,North Carolina,Scotland County,6.4,2000
37165,North Carolina,Scotland County,11.4,2004
37165,North Carolina,Scotland County,11.0,2008
37165,North Carolina,Scotland County,17.5,2012
37165,North Carolina,Scotland County,9.1,2016
37165,North Carolina,Scotland County,11.9,2020
37167,North Carolina,Stanly County,3.9,2000
37167,North Carolina,Stanly County,6.6,2004
37167,North Carolina,Stanly County,6.5,2008
37167,North Carolina,Stanly County,10.2,2012
37167,North Carolina,Stanly County,4.6,2016
37167,North Carolina,Stanly County,6.2,2020
37169,North Carolina,Stokes County,3.5,2000
37169,North Carolina,Stokes County,5.6,2004
37169,North Carolina,Stokes County,5.9,2008
37169,North Carolina,Stokes County,9.5,2012
37169,North Carolina,Stokes County,4.8,2016
37169,North Carolina,Stokes County,6.3,2020
37171,North Carolina,Surry County,4.1,2000
37171,North Carolina,Surry County,6.4,2004
37171,North Carolina,Surry County,7.8,2008
37171,North Carolina,Surry County,9.9,2012
37171,North Carolina,Surry County,4.8,2016
37171,North Carolina,Surry County,6.8,2020
37173,North Carolina,Swain County,8.9,2000
37173,North Carolina,Swain County,7.7,2004
37173,North Carolina,Swain County,7.9,2008
37173,North Carolina,Swain County,15.0,2012
37173,North Carolina,Swain County,6.1,2016
37173,North Carolina,Swain County,8.4,2020
37175,North Carolina,Transylvania County,3.3,2000
37175,North Carolina,Transylvania County,7.4,2004
37175,North Carolina,Transylvania County,5.1,2008
37175,North Carolina,Transylvania County,8.9,2012
37175,North Carolina,Transylvania County,4.9,2016
37175,North Carolina,Transylvania County,6.0,2020
37177,North Carolina,Tyrrell County,7.3,2000
37177,North Carolina,Tyrrell County,7.2,2004
37177,North Carolina,Tyrrell County,7.1,2008
37177,North Carolina,Tyrrell County,13.9,2012
37177,North Carolina,Tyrrell County,8.5,2016
37177,North Carolina,Tyrrell County,9.2,2020
37179,North Carolina,Union County,2.8,2000
37179,North Carolina,Union County,5.1,2004
37179,North Carolina,Union County,5.5,2008
37179,North Carolina,Union County,8.0,2012
37179,North Carolina,Union County,4.4,2016
37179,North Carolina,Union County,5.9,2020
37181,North Carolina,Vance County,6.9,2000
37181,North Carolina,Vance County,10.3,2004
37181,North Carolina,Vance County,8.9,2008
37181,North Carolina,Vance County,13.8,2012
37181,North Carolina,Vance County,7.2,2016
37181,North Carolina,Vance County,10.0,2020
37183,North Carolina,Wake County,2.4,2000
37183,North Carolina,Wake County,4.6,2004
37183,North Carolina,Wake County,4.6,2008
37183,North Carolina,Wake County,7.3,2012
37183,North Carolina,Wake County,4.3,2016
37183,North Carolina,Wake County,6.3,2020
37185,North Carolina,Warren County,6.1,2000
37185,North Carolina,Warren County,7.8,2004
37185,North Carolina,Warren County,8.4,2008
37185,North Carolina,Warren County,12.7,2012
37185,North Carolina,Warren County,7.3,2016
37185,North Carolina,Warren County,9.7,2020
37187,North Carolina,Washington County,5.4,2000
37187,North Carolina,Washington County,7.4,2004
37187,North Carolina,Washington County,7.7,2008
37187,North Carolina,Washington County,15.7,2012
37187,North Carolina,Washington County,7.4,2016
37187,North Carolina,Washington County,8.0,2020
37189,North Carolina,Watauga County,2.9,2000
37189,North Carolina,Watauga County,4.3,2004
37189,North Carolina,Watauga County,4.8,2008
37189,North Carolina,Watauga County,7.6,2012
37189,North Carolina,Watauga County,4.5,2016
37189,North Carolina,Watauga County,6.2,2020
37191,North Carolina,Wayne County,4.0,2000
37191,North Carolina,Wayne County,5.6,2004
37191,North Carolina,Wayne County,5.8,2008
37191,North Carolina,Wayne County,8.7,2012
37191,North Carolina,Wayne County,5.8,2016
37191,North Carolina,Wayne County,6.3,2020
37193,North Carolina,Wilkes County,3.6,2000
37193,North Carolina,Wilkes County,6.4,2004
37193,North Carolina,Wilkes County,7.5,2008
37193,North Carolina,Wilkes County,10.6,2012
37193,North Carolina,Wilkes County,4.8,2016
37193,North Carolina,Wilkes County,6.7,2020
37195,North Carolina,Wilson County,5.6,2000
37195,North Carolina,Wilson County,8.6,2004
37195,North Carolina,Wilson County,7.7,2008
37195,North Carolina,Wilson County,13.3,2012
37195,North Carolina,Wilson County,8.2,2016
37195,North Carolina,Wilson County,8.7,2020
37197,North Carolina,Yadkin County,3.6,2000
37197,North Carolina,Yadkin County,5.6,2004
37197,North Carolina,Yadkin County,5.6,2008
37197,North Carolina,Yadkin County,9.4,2012
37197,North Carolina,Yadkin County,4.4,2016
37197,North Carolina,Yadkin County,7.0,2020
37199,North Carolina,Yancey County,3.7,2000
37199,North Carolina,Yancey County,6.9,2004
37199,North Carolina,Yancey County,7.6,2008
37199,North Carolina,Yancey County,10.9,2012
37199,North Carolina,Yancey County,5.2,2016
37199,North Carolina,Yancey County,6.5,2020
38001,North Dakota,Adams County,2.7,2000
38001,North Dakota,Adams County,2.6,2004
38001,North Dakota,Adams County,2.3,2008
38001,North Dakota,Adams County,2.7,2012
38001,North Dakota,Adams County,2.6,2016
38001,North Dakota,Adams County,3.6,2020
38003,North Dakota,Barnes County,3.2,2000
38003,North Dakota,Barnes County,3.2,2004
38003,North Dakota,Barnes County,2.8,2008
38003,North Dakota,Barnes County,3.3,2012
38003,North Dakota,Barnes County,3.2,2016
38003,North Dakota,Barnes County,3.7,2020
38005,North Dakota,Benson County,6.0,2000
38005,North Dakota,Benson County,4.9,2004
38005,North Dakota,Benson County,6.2,2008
38005,North Dakota,Benson County,6.7,2012
38005,North Dakota,Benson County,4.0,2016
38005,North Dakota,Benson County,6.6,2020
38007,North Dakota,Billings County,2.5,2000
38007,North Dakota,Billings County,2.4,2004
38007,North Dakota,Billings County,2.1,2008
38007,North Dakota,Billings County,3.2,2012
38007,North Dakota,Billings County,3.0,2016
38007,North Dakota,Billings County,3.7,2020
38009,North Dakota,Bottineau County,3.8,2000
38009,North Dakota,Bottineau County,4.0,2004
38009,North Dakota,Bottineau County,3.2,2008
38009,North Dakota,Bottineau County,3.2,2012
38009,North Dakota,Bottineau County,4.7,2016
38009,North Dakota,Bottineau County,5.2,2020
38011,North Dakota,Bowman County,2.1,2000
38011,North Dakota,Bowman County,2.4,2004
38011,North Dakota,Bowman County,2.1,2008
38011,North Dakota,Bowman County,1.8,2012
38011,North Dakota,Bowman County,2.2,2016
38011,North Dakota,Bowman County,3.3,2020
38013,North Dakota,Burke County,2.9,2000
38013,North Dakota,Burke County,3.4,2004
38013,North Dakota,Burke County,2.4,2008
38013,North Dakota,Burke County,1.9,2012
38013,North Dakota,Burke County,4.5,2016
38013,North Dakota,Burke County,5.1,2020
38015,North Dakota,Burleigh County,2.3,2000
38015,North Dakota,Burleigh County,2.8,2004
38015,North Dakota,Burleigh County,2.7,2008
38015,North Dakota,Burleigh County,2.7,2012
38015,North Dakota,Burleigh County,2.6,2016
38015,North Dakota,Burleigh County,4.2,2020
38017,North Dakota,Cass County,2.1,2000
38017,North Dakota,Cass County,2.6,2004
38017,North Dakota,Cass County,2.6,2008
38017,North Dakota,Cass County,2.8,2012
38017,North Dakota,Cass County,2.2,2016
38017,North Dakota,Cass County,4.2,2020
38019,North Dakota,Cavalier County,3.4,2000
38019,North Dakota,Cavalier County,3.6,2004
38019,North Dakota,Cavalier County,3.0,2008
38019,North Dakota,Cavalier County,3.0,2012
38019,North Dakota,Cavalier County,2.7,2016
38019,North Dakota,Cavalier County,3.3,2020
38021,North Dakota,Dickey County,2.1,2000
38021,North Dakota,Dickey County,2.7,2004
38021,North Dakota,Dickey County,2.9,2008
38021,North Dakota,Dickey County,2.6,2012
38021,North Dakota,Dickey County,1.9,2016
38021,North Dakota,Dickey County,3.2,2020
38023,North Dakota,Divide County,2.9,2000
38023,North Dakota,Divide County,3.4,2004
38023,North Dakota,Divide County,3.1,2008
38023,North Dakota,Divide County,1.5,2012
38023,North Dakota,Divide County,2.6,2016
38023,North Dakota,Divide County,3.1,2020
38025,North Dakota,Dunn County,3.2,2000
38025,North Dakota,Dunn County,3.5,2004
38025,North Dakota,Dunn County,3.1,2008
38025,North Dakota,Dunn County,1.5,2012
38025,North Dakota,Dunn County,3.1,2016
38025,North Dakota,Dunn County,4.4,2020
38027,North Dakota,Eddy County,4.2,2000
38027,North Dakota,Eddy County,4.9,2004
38027,North Dakota,Eddy County,5.4,2008
38027,North Dakota,Eddy County,4.9,2012
38027,North Dakota,Eddy County,4.3,2016
38027,North Dakota,Eddy County,4.5,2020
38029,North Dakota,Emmons County,4.2,2000
38029,North Dakota,Emmons County,5.4,2004
38029,North Dakota,Emmons County,4.7,2008
38029,North Dakota,Emmons County,5.1,2012
38029,North Dakota,Emmons County,4.4,2016
38029,North Dakota,Emmons County,4.6,2020
38031,North Dakota,Foster County,2.9,2000
38031,North Dakota,Foster County,3.1,2004
38031,North Dakota,Foster County,2.9,2008
38031,North Dakota,Foster County,3.0,2012
38031,North Dakota,Foster County,3.0,2016
38031,North Dakota,Foster County,3.3,2020
38033,North Dakota,Golden Valley County,3.1,2000
38033,North Dakota,Golden Valley County,3.1,2004
38033,North Dakota,Golden Valley County,2.6,2008
38033,North Dakota,Golden Valley County,2.4,2012
38033,North Dakota,Golden Valley County,2.7,2016
38033,North Dakota,Golden Valley County,3.0,2020
38035,North Dakota,Grand Forks County,2.8,2000
38035,North Dakota,Grand Forks County,3.0,2004
38035,North Dakota,Grand Forks County,2.9,2008
38035,North Dakota,Grand Forks County,3.2,2012
38035,North Dakota,Grand Forks County,2.4,2016
38035,North Dakota,Grand Forks County,4.4,2020
38037,North Dakota,Grant County,3.1,2000
38037,North Dakota,Grant County,3.6,2004
38037,North Dakota,Grant County,4.0,2008
38037,North Dakota,Grant County,3.0,2012
38037,North Dakota,Grant County,3.0,2016
38037,North Dakota,Grant County,2.6,2020
38039,North Dakota,Griggs County,2.5,2000
38039,North Dakota,Griggs County,2.5,2004
38039,North Dakota,Griggs County,2.4,2008
38039,North Dakota,Griggs County,2.5,2012
38039,North Dakota,Griggs County,2.9,2016
38039,North Dakota,Griggs County,2.8,2020
38041,North Dakota,Hettinger County,3.0,2000
38041,North Dakota,Hettinger County,3.4,2004
38041,North Dakota,Hettinger County,3.4,2008
38041,North Dakota,Hettinger County,2.6,2012
38041,North Dakota,Hettinger County,3.0,2016
38041,North Dakota,Hettinger County,3.8,2020
38043,North Dakota,Kidder County,4.6,2000
38043,North Dakota,Kidder County,5.9,2004
38043,North Dakota,Kidder County,4.0,2008
38043,North Dakota,Kidder County,4.9,2012
38043,North Dakota,Kidder County,3.8,2016
38043,North Dakota,Kidder County,4.9,2020
38045,North Dakota,Lamoure County,2.8,2000
38045,North Dakota,Lamoure County,3.4,2004
38045,North Dakota,Lamoure County,3.2,2008
38045,North Dakota,Lamoure County,2.4,2012
38045,North Dakota,Lamoure County,2.4,2016
38045,North Dakota,Lamoure County,2.5,2020
38047,North Dakota,Logan County,2.8,2000
38047,North Dakota,Logan County,4.1,2004
38047,North Dakota,Logan County,3.5,2008
38047,North Dakota,Logan County,2.9,2012
38047,North Dakota,Logan County,3.4,2016
38047,North Dakota,Logan County,3.1,2020
38049,North Dakota,Mchenry County,4.9,2000
38049,North Dakota,Mchenry County,5.7,2004
38049,North Dakota,Mchenry County,5.0,2008
38049,North Dakota,Mchenry County,4.1,2012
38049,North Dakota,Mchenry County,4.9,2016
38049,North Dakota,Mchenry County,5.2,2020
38051,North Dakota,Mcintosh County,2.9,2000
38051,North Dakota,Mcintosh County,2.8,2004
38051,North Dakota,Mcintosh County,2.8,2008
38051,North Dakota,Mcintosh County,3.1,2012
38051,North Dakota,Mcintosh County,3.1,2016
38051,North Dakota,Mcintosh County,3.1,2020
38053,North Dakota,Mckenzie County,3.1,2000
38053,North Dakota,Mckenzie County,3.4,2004
38053,North Dakota,Mckenzie County,2.3,2008
38053,North Dakota,Mckenzie County,1.5,2012
38053,North Dakota,Mckenzie County,3.8,2016
38053,North Dakota,Mckenzie County,7.3,2020
38055,North Dakota,Mclean County,4.7,2000
38055,North Dakota,Mclean County,5.5,2004
38055,North Dakota,Mclean County,4.4,2008
38055,North Dakota,Mclean County,4.2,2012
38055,North Dakota,Mclean County,3.5,2016
38055,North Dakota,Mclean County,4.3,2020
38057,North Dakota,Mercer County,4.3,2000
38057,North Dakota,Mercer County,4.4,2004
38057,North Dakota,Mercer County,4.5,2008
38057,North Dakota,Mercer County,5.1,2012
38057,North Dakota,Mercer County,4.4,2016
38057,North Dakota,Mercer County,5.5,2020
38059,North Dakota,Morton County,3.0,2000
38059,North Dakota,Morton County,3.6,2004
38059,North Dakota,Morton County,3.4,2008
38059,North Dakota,Morton County,3.4,2012
38059,North Dakota,Morton County,3.3,2016
38059,North Dakota,Morton County,4.9,2020
38061,North Dakota,Mountrail County,4.7,2000
38061,North Dakota,Mountrail County,5.2,2004
38061,North Dakota,Mountrail County,4.1,2008
38061,North Dakota,Mountrail County,1.6,2012
38061,North Dakota,Mountrail County,3.0,2016
38061,North Dakota,Mountrail County,5.0,2020
38063,North Dakota,Nelson County,3.8,2000
38063,North Dakota,Nelson County,3.7,2004
38063,North Dakota,Nelson County,3.2,2008
38063,North Dakota,Nelson County,4.0,2012
38063,North Dakota,Nelson County,3.4,2016
38063,North Dakota,Nelson County,4.3,2020
38065,North Dakota,Oliver County,4.2,2000
38065,North Dakota,Oliver County,3.7,2004
38065,North Dakota,Oliver County,4.4,2008
38065,North Dakota,Oliver County,6.4,2012
38065,North Dakota,Oliver County,5.5,2016
38065,North Dakota,Oliver County,4.9,2020
38067,North Dakota,Pembina County,5.2,2000
38067,North Dakota,Pembina County,8.0,2004
38067,North Dakota,Pembina County,5.1,2008
38067,North Dakota,Pembina County,6.1,2012
38067,North Dakota,Pembina County,5.0,2016
38067,North Dakota,Pembina County,5.5,2020
38069,North Dakota,Pierce County,3.4,2000
38069,North Dakota,Pierce County,4.7,2004
38069,North Dakota,Pierce County,4.2,2008
38069,North Dakota,Pierce County,4.1,2012
38069,North Dakota,Pierce County,4.0,2016
38069,North Dakota,Pierce County,4.1,2020
38071,North Dakota,Ramsey County,3.4,2000
38071,North Dakota,Ramsey County,4.0,2004
38071,North Dakota,Ramsey County,3.7,2008
38071,North Dakota,Ramsey County,4.0,2012
38071,North Dakota,Ramsey County,2.9,2016
38071,North Dakota,Ramsey County,4.3,2020
38073,North Dakota,Ransom County,2.4,2000
38073,North Dakota,Ransom County,2.9,2004
38073,North Dakota,Ransom County,3.5,2008
38073,North Dakota,Ransom County,2.9,2012
38073,North Dakota,Ransom County,2.3,2016
38073,North Dakota,Ransom County,4.0,2020
38075,North Dakota,Renville County,2.5,2000
38075,North Dakota,Renville County,2.7,2004
38075,North Dakota,Renville County,2.5,2008
38075,North Dakota,Renville County,2.2,2012
38075,North Dakota,Renville County,3.9,2016
38075,North Dakota,Renville County,4.7,2020
38077,North Dakota,Richland County,2.7,2000
38077,North Dakota,Richland County,3.3,2004
38077,North Dakota,Richland County,3.8,2008
38077,North Dakota,Richland County,3.5,2012
38077,North Dakota,Richland County,2.7,2016
38077,North Dakota,Richland County,3.7,2020
38079,North Dakota,Rolette County,9.5,2000
38079,North Dakota,Rolette County,9.3,2004
38079,North Dakota,Rolette County,9.3,2008
38079,North Dakota,Rolette County,10.1,2012
38079,North Dakota,Rolette County,10.8,2016
38079,North Dakota,Rolette County,13.0,2020
38081,North Dakota,Sargent County,2.4,2000
38081,North Dakota,Sargent County,2.9,2004
38081,North Dakota,Sargent County,4.5,2008
38081,North Dakota,Sargent County,2.5,2012
38081,North Dakota,Sargent County,1.9,2016
38081,North Dakota,Sargent County,4.1,2020
38083,North Dakota,Sheridan County,5.2,2000
38083,North Dakota,Sheridan County,6.1,2004
38083,North Dakota,Sheridan County,4.0,2008
38083,North Dakota,Sheridan County,3.5,2012
38083,North Dakota,Sheridan County,5.6,2016
38083,North Dakota,Sheridan County,5.6,2020
38085,North Dakota,Sioux County,5.6,2000
38085,North Dakota,Sioux County,6.7,2004
38085,North Dakota,Sioux County,5.1,2008
38085,North Dakota,Sioux County,4.9,2012
38085,North Dakota,Sioux County,4.4,2016
38085,North Dakota,Sioux County,3.9,2020
38087,North Dakota,Slope County,2.6,2000
38087,North Dakota,Slope County,3.1,2004
38087,North Dakota,Slope County,1.3,2008
38087,North Dakota,Slope County,2.1,2012
38087,North Dakota,Slope County,2.5,2016
38087,North Dakota,Slope County,2.8,2020
38089,North Dakota,Stark County,2.8,2000
38089,North Dakota,Stark County,3.1,2004
38089,North Dakota,Stark County,2.3,2008
38089,North Dakota,Stark County,1.7,2012
38089,North Dakota,Stark County,3.9,2016
38089,North Dakota,Stark County,7.0,2020
38091,North Dakota,Steele County,2.0,2000
38091,North Dakota,Steele County,2.3,2004
38091,North Dakota,Steele County,2.1,2008
38091,North Dakota,Steele County,2.6,2012
38091,North Dakota,Steele County,2.1,2016
38091,North Dakota,Steele County,2.8,2020
38093,North Dakota,Stutsman County,2.5,2000
38093,North Dakota,Stutsman County,3.2,2004
38093,North Dakota,Stutsman County,2.8,2008
38093,North Dakota,Stutsman County,3.3,2012
38093,North Dakota,Stutsman County,2.5,2016
38093,North Dakota,Stutsman County,3.3,2020
38095,North Dakota,Towner County,2.8,2000
38095,North Dakota,Towner County,4.2,2004
38095,North Dakota,Towner County,3.1,2008
38095,North Dakota,Towner County,3.2,2012
38095,North Dakota,Towner County,2.2,2016
38095,North Dakota,Towner County,2.7,2020
38097,North Dakota,Traill County,2.9,2000
38097,North Dakota,Traill County,3.7,2004
38097,North Dakota,Traill County,3.2,2008
38097,North Dakota,Traill County,3.0,2012
38097,North Dakota,Traill County,2.8,2016
38097,North Dakota,Traill County,3.5,2020
38099,North Dakota,Walsh County,3.6,2000
38099,North Dakota,Walsh County,4.6,2004
38099,North Dakota,Walsh County,4.2,2008
38099,North Dakota,Walsh County,4.7,2012
38099,North Dakota,Walsh County,3.8,2016
38099,North Dakota,Walsh County,4.3,2020
38101,North Dakota,Ward County,3.2,2000
38101,North Dakota,Ward County,3.5,2004
38101,North Dakota,Ward County,2.9,2008
38101,North Dakota,Ward County,2.5,2012
38101,North Dakota,Ward County,4.1,2016
38101,North Dakota,Ward County,5.8,2020
38103,North Dakota,Wells County,4.0,2000
38103,North Dakota,Wells County,4.7,2004
38103,North Dakota,Wells County,4.3,2008
38103,North Dakota,Wells County,3.8,2012
38103,North Dakota,Wells County,3.8,2016
38103,North Dakota,Wells County,4.1,2020
38105,North Dakota,Williams County,2.9,2000
38105,North Dakota,Williams County,2.6,2004
38105,North Dakota,Williams County,1.7,2008
38105,North Dakota,Williams County,1.1,2012
38105,North Dakota,Williams County,4.4,2016
38105,North Dakota,Williams County,9.4,2020
39001,Ohio,Adams County,7.6,2000
39001,Ohio,Adams County,9.8,2004
39001,Ohio,Adams County,9.4,2008
39001,Ohio,Adams County,12.5,2012
39001,Ohio,Adams County,7.6,2016
39001,Ohio,Adams County,9.3,2020
39003,Ohio,Allen County,4.7,2000
39003,Ohio,Allen County,6.8,2004
39003,Ohio,Allen County,7.5,2008
39003,Ohio,Allen County,7.7,2012
39003,Ohio,Allen County,5.0,2016
39003,Ohio,Allen County,8.6,2020
39005,Ohio,Ashland County,4.3,2000
39005,Ohio,Ashland County,7.3,2004
39005,Ohio,Ashland County,7.6,2008
39005,Ohio,Ashland County,8.0,2012
39005,Ohio,Ashland County,5.1,2016
39005,Ohio,Ashland County,6.5,2020
39007,Ohio,Ashtabula County,5.2,2000
39007,Ohio,Ashtabula County,7.6,2004
39007,Ohio,Ashtabula County,8.1,2008
39007,Ohio,Ashtabula County,9.4,2012
39007,Ohio,Ashtabula County,6.1,2016
39007,Ohio,Ashtabula County,8.3,2020
39009,Ohio,Athens County,5.7,2000
39009,Ohio,Athens County,6.9,2004
39009,Ohio,Athens County,6.8,2008
39009,Ohio,Athens County,8.5,2012
39009,Ohio,Athens County,6.4,2016
39009,Ohio,Athens County,7.6,2020
39011,Ohio,Auglaize County,3.6,2000
39011,Ohio,Auglaize County,5.3,2004
39011,Ohio,Auglaize County,5.5,2008
39011,Ohio,Auglaize County,6.2,2012
39011,Ohio,Auglaize County,3.8,2016
39011,Ohio,Auglaize County,6.9,2020
39013,Ohio,Belmont County,6.6,2000
39013,Ohio,Belmont County,7.1,2004
39013,Ohio,Belmont County,6.2,2008
39013,Ohio,Belmont County,8.2,2012
39013,Ohio,Belmont County,7.5,2016
39013,Ohio,Belmont County,10.1,2020
39015,Ohio,Brown County,5.5,2000
39015,Ohio,Brown County,7.2,2004
39015,Ohio,Brown County,7.7,2008
39015,Ohio,Brown County,10.0,2012
39015,Ohio,Brown County,5.8,2016
39015,Ohio,Brown County,8.3,2020
39017,Ohio,Butler County,3.9,2000
39017,Ohio,Butler County,5.6,2004
39017,Ohio,Butler County,6.0,2008
39017,Ohio,Butler County,7.7,2012
39017,Ohio,Butler County,4.5,2016
39017,Ohio,Butler County,7.3,2020
39019,Ohio,Carroll County,4.7,2000
39019,Ohio,Carroll County,7.7,2004
39019,Ohio,Carroll County,7.7,2008
39019,Ohio,Carroll County,7.9,2012
39019,Ohio,Carroll County,6.9,2016
39019,Ohio,Carroll County,8.8,2020
39021,Ohio,Champaign County,3.9,2000
39021,Ohio,Champaign County,6.3,2004
39021,Ohio,Champaign County,7.1,2008
39021,Ohio,Champaign County,7.4,2012
39021,Ohio,Champaign County,4.5,2016
39021,Ohio,Champaign County,7.2,2020
39023,Ohio,Clark County,4.7,2000
39023,Ohio,Clark County,7.0,2004
39023,Ohio,Clark County,6.8,2008
39023,Ohio,Clark County,7.8,2012
39023,Ohio,Clark County,5.3,2016
39023,Ohio,Clark County,8.1,2020
39025,Ohio,Clermont County,3.9,2000
39025,Ohio,Clermont County,5.7,2004
39025,Ohio,Clermont County,6.0,2008
39025,Ohio,Clermont County,7.4,2012
39025,Ohio,Clermont County,4.5,2016
39025,Ohio,Clermont County,6.9,2020
39027,Ohio,Clinton County,3.8,2000
39027,Ohio,Clinton County,6.3,2004
39027,Ohio,Clinton County,6.1,2008
39027,Ohio,Clinton County,10.7,2012
39027,Ohio,Clinton County,5.9,2016
39027,Ohio,Clinton County,8.4,2020
39029,Ohio,Columbiana County,5.2,2000
39029,Ohio,Columbiana County,7.6,2004
39029,Ohio,Columbiana County,7.3,2008
39029,Ohio,Columbiana County,8.2,2012
39029,Ohio,Columbiana County,6.7,2016
39029,Ohio,Columbiana County,9.4,2020
39031,Ohio,Coshocton County,4.7,2000
39031,Ohio,Coshocton County,9.3,2004
39031,Ohio,Coshocton County,8.7,2008
39031,Ohio,Coshocton County,10.0,2012
39031,Ohio,Coshocton County,7.1,2016
39031,Ohio,Coshocton County,8.9,2020
39033,Ohio,Crawford County,4.6,2000
39033,Ohio,Crawford County,7.9,2004
39033,Ohio,Crawford County,8.8,2008
39033,Ohio,Crawford County,9.0,2012
39033,Ohio,Crawford County,6.1,2016
39033,Ohio,Crawford County,9.3,2020
39035,Ohio,Cuyahoga County,3.0,2000
39035,Ohio,Cuyahoga County,5.5,2004
39035,Ohio,Cuyahoga County,6.4,2008
39035,Ohio,Cuyahoga County,6.8,2012
39035,Ohio,Cuyahoga County,5.6,2016
39035,Ohio,Cuyahoga County,10.5,2020
39037,Ohio,Darke County,4.3,2000
39037,Ohio,Darke County,6.3,2004
39037,Ohio,Darke County,6.5,2008
39037,Ohio,Darke County,7.2,2012
39037,Ohio,Darke County,4.1,2016
39037,Ohio,Darke County,6.7,2020
39039,Ohio,Defiance County,4.0,2000
39039,Ohio,Defiance County,6.3,2004
39039,Ohio,Defiance County,7.6,2008
39039,Ohio,Defiance County,7.7,2012
39039,Ohio,Defiance County,5.0,2016
39039,Ohio,Defiance County,8.2,2020
39041,Ohio,Delaware County,2.9,2000
39041,Ohio,Delaware County,4.5,2004
39041,Ohio,Delaware County,4.7,2008
39041,Ohio,Delaware County,5.2,2012
39041,Ohio,Delaware County,3.6,2016
39041,Ohio,Delaware County,5.4,2020
39043,Ohio,Erie County,4.6,2000
39043,Ohio,Erie County,6.7,2004
39043,Ohio,Erie County,7.4,2008
39043,Ohio,Erie County,8.0,2012
39043,Ohio,Erie County,5.5,2016
39043,Ohio,Erie County,10.4,2020
39045,Ohio,Fairfield County,3.5,2000
39045,Ohio,Fairfield County,5.8,2004
39045,Ohio,Fairfield County,5.8,2008
39045,Ohio,Fairfield County,6.6,2012
39045,Ohio,Fairfield County,4.3,2016
39045,Ohio,Fairfield County,6.6,2020
39047,Ohio,Fayette County,4.2,2000
39047,Ohio,Fayette County,5.9,2004
39047,Ohio,Fayette County,5.8,2008
39047,Ohio,Fayette County,8.3,2012
39047,Ohio,Fayette County,4.5,2016
39047,Ohio,Fayette County,7.4,2020
39049,Ohio,Franklin County,3.4,2000
39049,Ohio,Franklin County,5.6,2004
39049,Ohio,Franklin County,5.6,2008
39049,Ohio,Franklin County,6.4,2012
39049,Ohio,Franklin County,4.1,2016
39049,Ohio,Franklin County,7.6,2020
39051,Ohio,Fulton County,4.3,2000
39051,Ohio,Fulton County,6.6,2004
39051,Ohio,Fulton County,8.3,2008
39051,Ohio,Fulton County,7.7,2012
39051,Ohio,Fulton County,4.7,2016
39051,Ohio,Fulton County,7.9,2020
39053,Ohio,Gallia County,7.4,2000
39053,Ohio,Gallia County,8.4,2004
39053,Ohio,Gallia County,6.6,2008
39053,Ohio,Gallia County,9.7,2012
39053,Ohio,Gallia County,6.9,2016
39053,Ohio,Gallia County,8.0,2020
39055,Ohio,Geauga County,2.3,2000
39055,Ohio,Geauga County,4.3,2004
39055,Ohio,Geauga County,5.2,2008
39055,Ohio,Geauga County,5.4,2012
39055,Ohio,Geauga County,4.5,2016
39055,Ohio,Geauga County,6.7,2020
39057,Ohio,Greene County,4.0,2000
39057,Ohio,Greene County,5.9,2004
39057,Ohio,Greene County,6.3,2008
39057,Ohio,Greene County,6.9,2012
39057,Ohio,Greene County,4.4,2016
39057,Ohio,Greene County,6.5,2020
39059,Ohio,Guernsey County,6.8,2000
39059,Ohio,Guernsey County,8.2,2004
39059,Ohio,Guernsey County,8.7,2008
39059,Ohio,Guernsey County,9.0,2012
39059,Ohio,Guernsey County,7.1,2016
39059,Ohio,Guernsey County,8.7,2020
39061,Ohio,Hamilton County,4.0,2000
39061,Ohio,Hamilton County,5.8,2004
39061,Ohio,Hamilton County,5.7,2008
39061,Ohio,Hamilton County,7.4,2012
39061,Ohio,Hamilton County,4.5,2016
39061,Ohio,Hamilton County,7.9,2020
39063,Ohio,Hancock County,3.6,2000
39063,Ohio,Hancock County,5.4,2004
39063,Ohio,Hancock County,6.0,2008
39063,Ohio,Hancock County,6.4,2012
39063,Ohio,Hancock County,3.7,2016
39063,Ohio,Hancock County,6.8,2020
39065,Ohio,Hardin County,4.4,2000
39065,Ohio,Hardin County,6.7,2004
39065,Ohio,Hardin County,7.3,2008
39065,Ohio,Hardin County,7.5,2012
39065,Ohio,Hardin County,5.0,2016
39065,Ohio,Hardin County,8.1,2020
39067,Ohio,Harrison County,5.6,2000
39067,Ohio,Harrison County,7.4,2004
39067,Ohio,Harrison County,7.3,2008
39067,Ohio,Harrison County,8.5,2012
39067,Ohio,Harrison County,7.7,2016
39067,Ohio,Harrison County,9.3,2020
39069,Ohio,Henry County,4.6,2000
39069,Ohio,Henry County,6.6,2004
39069,Ohio,Henry County,8.1,2008
39069,Ohio,Henry County,8.7,2012
39069,Ohio,Henry County,5.4,2016
39069,Ohio,Henry County,8.1,2020
39071,Ohio,Highland County,4.7,2000
39071,Ohio,Highland County,6.6,2004
39071,Ohio,Highland County,7.5,2008
39071,Ohio,Highland County,10.4,2012
39071,Ohio,Highland County,6.4,2016
39071,Ohio,Highland County,8.7,2020
39073,Ohio,Hocking County,6.7,2000
39073,Ohio,Hocking County,8.1,2004
39073,Ohio,Hocking County,7.7,2008
39073,Ohio,Hocking County,8.3,2012
39073,Ohio,Hocking County,5.6,2016
39073,Ohio,Hocking County,7.5,2020
39075,Ohio,Holmes County,3.1,2000
39075,Ohio,Holmes County,4.3,2004
39075,Ohio,Holmes County,5.0,2008
39075,Ohio,Holmes County,5.1,2012
39075,Ohio,Holmes County,3.6,2016
39075,Ohio,Holmes County,3.9,2020
39077,Ohio,Huron County,5.9,2000
39077,Ohio,Huron County,8.1,2004
39077,Ohio,Huron County,9.9,2008
39077,Ohio,Huron County,9.9,2012
39077,Ohio,Huron County,6.6,2016
39077,Ohio,Huron County,9.5,2020
39079,Ohio,Jackson County,6.3,2000
39079,Ohio,Jackson County,8.8,2004
39079,Ohio,Jackson County,8.6,2008
39079,Ohio,Jackson County,10.3,2012
39079,Ohio,Jackson County,7.9,2016
39079,Ohio,Jackson County,8.7,2020
39081,Ohio,Jefferson County,6.2,2000
39081,Ohio,Jefferson County,8.4,2004
39081,Ohio,Jefferson County,7.1,2008
39081,Ohio,Jefferson County,10.8,2012
39081,Ohio,Jefferson County,8.4,2016
39081,Ohio,Jefferson County,10.1,2020
39083,Ohio,Knox County,4.5,2000
39083,Ohio,Knox County,6.1,2004
39083,Ohio,Knox County,6.5,2008
39083,Ohio,Knox County,6.9,2012
39083,Ohio,Knox County,4.7,2016
39083,Ohio,Knox County,6.2,2020
39085,Ohio,Lake County,2.5,2000
39085,Ohio,Lake County,4.8,2004
39085,Ohio,Lake County,5.5,2008
39085,Ohio,Lake County,6.0,2012
39085,Ohio,Lake County,4.9,2016
39085,Ohio,Lake County,8.4,2020
39087,Ohio,Lawrence County,7.9,2000
39087,Ohio,Lawrence County,6.6,2004
39087,Ohio,Lawrence County,5.5,2008
39087,Ohio,Lawrence County,8.5,2012
39087,Ohio,Lawrence County,6.6,2016
39087,Ohio,Lawrence County,8.5,2020
39089,Ohio,Licking County,3.9,2000
39089,Ohio,Licking County,6.2,2004
39089,Ohio,Licking County,6.3,2008
39089,Ohio,Licking County,6.8,2012
39089,Ohio,Licking County,4.4,2016
39089,Ohio,Licking County,6.6,2020
39091,Ohio,Logan County,3.9,2000
39091,Ohio,Logan County,5.7,2004
39091,Ohio,Logan County,6.1,2008
39091,Ohio,Logan County,7.1,2012
39091,Ohio,Logan County,4.2,2016
39091,Ohio,Logan County,8.2,2020
39093,Ohio,Lorain County,3.0,2000
39093,Ohio,Lorain County,5.2,2004
39093,Ohio,Lorain County,6.6,2008
39093,Ohio,Lorain County,7.1,2012
39093,Ohio,Lorain County,6.0,2016
39093,Ohio,Lorain County,9.8,2020
39095,Ohio,Lucas County,4.9,2000
39095,Ohio,Lucas County,7.7,2004
39095,Ohio,Lucas County,8.4,2008
39095,Ohio,Lucas County,8.3,2012
39095,Ohio,Lucas County,5.2,2016
39095,Ohio,Lucas County,10.3,2020
39097,Ohio,Madison County,3.7,2000
39097,Ohio,Madison County,6.1,2004
39097,Ohio,Madison County,6.3,2008
39097,Ohio,Madison County,6.4,2012
39097,Ohio,Madison County,4.0,2016
39097,Ohio,Madison County,6.0,2020
39099,Ohio,Mahoning County,5.5,2000
39099,Ohio,Mahoning County,7.8,2004
39099,Ohio,Mahoning County,7.2,2008
39099,Ohio,Mahoning County,8.3,2012
39099,Ohio,Mahoning County,6.4,2016
39099,Ohio,Mahoning County,10.2,2020
39101,Ohio,Marion County,4.5,2000
39101,Ohio,Marion County,6.8,2004
39101,Ohio,Marion County,7.1,2008
39101,Ohio,Marion County,7.9,2012
39101,Ohio,Marion County,5.1,2016
39101,Ohio,Marion County,7.6,2020
39103,Ohio,Medina County,2.4,2000
39103,Ohio,Medina County,4.5,2004
39103,Ohio,Medina County,5.5,2008
39103,Ohio,Medina County,5.5,2012
39103,Ohio,Medina County,4.4,2016
39103,Ohio,Medina County,7.5,2020
39105,Ohio,Meigs County,7.8,2000
39105,Ohio,Meigs County,11.2,2004
39105,Ohio,Meigs County,10.2,2008
39105,Ohio,Meigs County,11.5,2012
39105,Ohio,Meigs County,8.6,2016
39105,Ohio,Meigs County,9.7,2020
39107,Ohio,Mercer County,4.4,2000
39107,Ohio,Mercer County,4.7,2004
39107,Ohio,Mercer County,5.0,2008
39107,Ohio,Mercer County,5.1,2012
39107,Ohio,Mercer County,3.3,2016
39107,Ohio,Mercer County,5.4,2020
39109,Ohio,Miami County,3.8,2000
39109,Ohio,Miami County,6.0,2004
39109,Ohio,Miami County,6.5,2008
39109,Ohio,Miami County,7.3,2012
39109,Ohio,Miami County,4.4,2016
39109,Ohio,Miami County,7.0,2020
39111,Ohio,Monroe County,7.6,2000
39111,Ohio,Monroe County,11.3,2004
39111,Ohio,Monroe County,8.7,2008
39111,Ohio,Monroe County,8.4,2012
39111,Ohio,Monroe County,11.2,2016
39111,Ohio,Monroe County,10.7,2020
39113,Ohio,Montgomery County,4.3,2000
39113,Ohio,Montgomery County,6.8,2004
39113,Ohio,Montgomery County,7.6,2008
39113,Ohio,Montgomery County,8.2,2012
39113,Ohio,Montgomery County,5.0,2016
39113,Ohio,Montgomery County,8.7,2020
39115,Ohio,Morgan County,7.2,2000
39115,Ohio,Morgan County,10.9,2004
39115,Ohio,Morgan County,10.4,2008
39115,Ohio,Morgan County,9.9,2012
39115,Ohio,Morgan County,8.3,2016
39115,Ohio,Morgan County,9.2,2020
39117,Ohio,Morrow County,4.1,2000
39117,Ohio,Morrow County,6.4,2004
39117,Ohio,Morrow County,7.2,2008
39117,Ohio,Morrow County,8.1,2012
39117,Ohio,Morrow County,5.1,2016
39117,Ohio,Morrow County,7.2,2020
39119,Ohio,Muskingum County,5.6,2000
39119,Ohio,Muskingum County,8.7,2004
39119,Ohio,Muskingum County,8.8,2008
39119,Ohio,Muskingum County,9.2,2012
39119,Ohio,Muskingum County,6.1,2016
39119,Ohio,Muskingum County,7.8,2020
39121,Ohio,Noble County,6.9,2000
39121,Ohio,Noble County,8.9,2004
39121,Ohio,Noble County,8.7,2008
39121,Ohio,Noble County,11.0,2012
39121,Ohio,Noble County,8.8,2016
39121,Ohio,Noble County,9.7,2020
39123,Ohio,Ottawa County,5.5,2000
39123,Ohio,Ottawa County,8.4,2004
39123,Ohio,Ottawa County,8.9,2008
39123,Ohio,Ottawa County,9.5,2012
39123,Ohio,Ottawa County,6.5,2016
39123,Ohio,Ottawa County,9.1,2020
39125,Ohio,Paulding County,4.1,2000
39125,Ohio,Paulding County,6.0,2004
39125,Ohio,Paulding County,7.2,2008
39125,Ohio,Paulding County,7.7,2012
39125,Ohio,Paulding County,4.6,2016
39125,Ohio,Paulding County,7.5,2020
39127,Ohio,Perry County,5.7,2000
39127,Ohio,Perry County,9.2,2004
39127,Ohio,Perry County,8.6,2008
39127,Ohio,Perry County,9.8,2012
39127,Ohio,Perry County,6.4,2016
39127,Ohio,Perry County,8.5,2020
39129,Ohio,Pickaway County,4.3,2000
39129,Ohio,Pickaway County,7.6,2004
39129,Ohio,Pickaway County,7.2,2008
39129,Ohio,Pickaway County,7.4,2012
39129,Ohio,Pickaway County,4.9,2016
39129,Ohio,Pickaway County,6.9,2020
39131,Ohio,Pike County,7.4,2000
39131,Ohio,Pike County,10.7,2004
39131,Ohio,Pike County,10.3,2008
39131,Ohio,Pike County,13.0,2012
39131,Ohio,Pike County,7.6,2016
39131,Ohio,Pike County,9.4,2020
39133,Ohio,Portage County,4.2,2000
39133,Ohio,Portage County,6.0,2004
39133,Ohio,Portage County,6.3,2008
39133,Ohio,Portage County,7.3,2012
39133,Ohio,Portage County,5.1,2016
39133,Ohio,Portage County,7.3,2020
39135,Ohio,Preble County,4.1,2000
39135,Ohio,Preble County,6.4,2004
39135,Ohio,Preble County,7.0,2008
39135,Ohio,Preble County,7.7,2012
39135,Ohio,Preble County,4.8,2016
39135,Ohio,Preble County,6.8,2020
39137,Ohio,Putnam County,3.5,2000
39137,Ohio,Putnam County,6.9,2004
39137,Ohio,Putnam County,5.9,2008
39137,Ohio,Putnam County,5.8,2012
39137,Ohio,Putnam County,3.7,2016
39137,Ohio,Putnam County,5.6,2020
39139,Ohio,Richland County,5.5,2000
39139,Ohio,Richland County,7.5,2004
39139,Ohio,Richland County,7.5,2008
39139,Ohio,Richland County,8.7,2012
39139,Ohio,Richland County,5.6,2016
39139,Ohio,Richland County,9.0,2020
39141,Ohio,Ross County,5.5,2000
39141,Ohio,Ross County,8.1,2004
39141,Ohio,Ross County,8.0,2008
39141,Ohio,Ross County,8.4,2012
39141,Ohio,Ross County,5.6,2016
39141,Ohio,Ross County,8.0,2020
39143,Ohio,Sandusky County,4.5,2000
39143,Ohio,Sandusky County,6.7,2004
39143,Ohio,Sandusky County,7.3,2008
39143,Ohio,Sandusky County,7.5,2012
39143,Ohio,Sandusky County,4.8,2016
39143,Ohio,Sandusky County,8.1,2020
39145,Ohio,Scioto County,7.8,2000
39145,Ohio,Scioto County,9.3,2004
39145,Ohio,Scioto County,8.5,2008
39145,Ohio,Scioto County,11.3,2012
39145,Ohio,Scioto County,7.8,2016
39145,Ohio,Scioto County,8.7,2020
39147,Ohio,Seneca County,4.6,2000
39147,Ohio,Seneca County,7.0,2004
39147,Ohio,Seneca County,7.2,2008
39147,Ohio,Seneca County,8.0,2012
39147,Ohio,Seneca County,4.9,2016
39147,Ohio,Seneca County,8.1,2020
39149,Ohio,Shelby County,4.2,2000
39149,Ohio,Shelby County,5.2,2004
39149,Ohio,Shelby County,6.3,2008
39149,Ohio,Shelby County,7.3,2012
39149,Ohio,Shelby County,4.2,2016
39149,Ohio,Shelby County,7.7,2020
39151,Ohio,Stark County,4.5,2000
39151,Ohio,Stark County,6.9,2004
39151,Ohio,Stark County,6.9,2008
39151,Ohio,Stark County,7.5,2012
39151,Ohio,Stark County,5.5,2016
39151,Ohio,Stark County,8.1,2020
39153,Ohio,Summit County,4.5,2000
39153,Ohio,Summit County,6.3,2004
39153,Ohio,Summit County,6.2,2008
39153,Ohio,Summit County,7.5,2012
39153,Ohio,Summit County,5.1,2016
39153,Ohio,Summit County,8.3,2020
39155,Ohio,Trumbull County,5.4,2000
39155,Ohio,Trumbull County,7.9,2004
39155,Ohio,Trumbull County,7.6,2008
39155,Ohio,Trumbull County,9.0,2012
39155,Ohio,Trumbull County,6.8,2016
39155,Ohio,Trumbull County,10.4,2020
39157,Ohio,Tuscarawas County,4.5,2000
39157,Ohio,Tuscarawas County,6.3,2004
39157,Ohio,Tuscarawas County,6.3,2008
39157,Ohio,Tuscarawas County,7.4,2012
39157,Ohio,Tuscarawas County,5.8,2016
39157,Ohio,Tuscarawas County,7.5,2020
39159,Ohio,Union County,3.3,2000
39159,Ohio,Union County,5.2,2004
39159,Ohio,Union County,5.3,2008
39159,Ohio,Union County,5.8,2012
39159,Ohio,Union County,3.8,2016
39159,Ohio,Union County,5.8,2020
39161,Ohio,Van Wert County,4.5,2000
39161,Ohio,Van Wert County,5.7,2004
39161,Ohio,Van Wert County,8.6,2008
39161,Ohio,Van Wert County,7.5,2012
39161,Ohio,Van Wert County,4.1,2016
39161,Ohio,Van Wert County,7.0,2020
39163,Ohio,Vinton County,7.4,2000
39163,Ohio,Vinton County,9.0,2004
39163,Ohio,Vinton County,9.3,2008
39163,Ohio,Vinton County,10.8,2012
39163,Ohio,Vinton County,7.1,2016
39163,Ohio,Vinton County,9.2,2020
39165,Ohio,Warren County,3.6,2000
39165,Ohio,Warren County,5.1,2004
39165,Ohio,Warren County,5.6,2008
39165,Ohio,Warren County,6.5,2012
39165,Ohio,Warren County,4.2,2016
39165,Ohio,Warren County,6.4,2020
39167,Ohio,Washington County,5.9,2000
39167,Ohio,Washington County,6.6,2004
39167,Ohio,Washington County,5.6,2008
39167,Ohio,Washington County,8.6,2012
39167,Ohio,Washington County,7.0,2016
39167,Ohio,Washington County,8.6,2020
39169,Ohio,Wayne County,3.6,2000
39169,Ohio,Wayne County,5.5,2004
39169,Ohio,Wayne County,5.8,2008
39169,Ohio,Wayne County,6.1,2012
39169,Ohio,Wayne County,4.0,2016
39169,Ohio,Wayne County,5.9,2020
39171,Ohio,Williams County,3.8,2000
39171,Ohio,Williams County,6.5,2004
39171,Ohio,Williams County,7.8,2008
39171,Ohio,Williams County,7.9,2012
39171,Ohio,Williams County,4.5,2016
39171,Ohio,Williams County,7.7,2020
39173,Ohio,Wood County,3.8,2000
39173,Ohio,Wood County,6.0,2004
39173,Ohio,Wood County,6.8,2008
39173,Ohio,Wood County,6.9,2012
39173,Ohio,Wood County,4.2,2016
39173,Ohio,Wood County,7.0,2020
39175,Ohio,Wyandot County,4.3,2000
39175,Ohio,Wyandot County,5.8,2004
39175,Ohio,Wyandot County,8.0,2008
39175,Ohio,Wyandot County,6.8,2012
39175,Ohio,Wyandot County,3.7,2016
39175,Ohio,Wyandot County,6.9,2020
40001,Oklahoma,Adair County,3.5,2000
40001,Oklahoma,Adair County,6.0,2004
40001,Oklahoma,Adair County,4.7,2008
40001,Oklahoma,Adair County,8.9,2012
40001,Oklahoma,Adair County,5.6,2016
40001,Oklahoma,Adair County,6.0,2020
40003,Oklahoma,Alfalfa County,2.9,2000
40003,Oklahoma,Alfalfa County,3.7,2004
40003,Oklahoma,Alfalfa County,3.0,2008
40003,Oklahoma,Alfalfa County,2.8,2012
40003,Oklahoma,Alfalfa County,3.2,2016
40003,Oklahoma,Alfalfa County,3.7,2020
40005,Oklahoma,Atoka County,3.5,2000
40005,Oklahoma,Atoka County,6.1,2004
40005,Oklahoma,Atoka County,4.4,2008
40005,Oklahoma,Atoka County,6.6,2012
40005,Oklahoma,Atoka County,6.4,2016
40005,Oklahoma,Atoka County,7.3,2020
40007,Oklahoma,Beaver County,2.3,2000
40007,Oklahoma,Beaver County,3.3,2004
40007,Oklahoma,Beaver County,2.0,2008
40007,Oklahoma,Beaver County,2.9,2012
40007,Oklahoma,Beaver County,3.0,2016
40007,Oklahoma,Beaver County,2.7,2020
40009,Oklahoma,Beckham County,3.1,2000
40009,Oklahoma,Beckham County,3.1,2004
40009,Oklahoma,Beckham County,2.2,2008
40009,Oklahoma,Beckham County,2.9,2012
40009,Oklahoma,Beckham County,6.9,2016
40009,Oklahoma,Beckham County,7.8,2020
40011,Oklahoma,Blaine County,2.7,2000
40011,Oklahoma,Blaine County,4.5,2004
40011,Oklahoma,Blaine County,3.5,2008
40011,Oklahoma,Blaine County,3.8,2012
40011,Oklahoma,Blaine County,3.6,2016
40011,Oklahoma,Blaine County,6.1,2020
40013,Oklahoma,Bryan County,2.9,2000
40013,Oklahoma,Bryan County,3.9,2004
40013,Oklahoma,Bryan County,3.3,2008
40013,Oklahoma,Bryan County,5.2,2012
40013,Oklahoma,Bryan County,4.2,2016
40013,Oklahoma,Bryan County,5.2,2020
40015,Oklahoma,Caddo County,3.7,2000
40015,Oklahoma,Caddo County,5.4,2004
40015,Oklahoma,Caddo County,3.9,2008
40015,Oklahoma,Caddo County,5.8,2012
40015,Oklahoma,Caddo County,5.1,2016
40015,Oklahoma,Caddo County,6.1,2020
40017,Oklahoma,Canadian County,2.3,2000
40017,Oklahoma,Canadian County,3.9,2004
40017,Oklahoma,Canadian County,3.3,2008
40017,Oklahoma,Canadian County,3.8,2012
40017,Oklahoma,Canadian County,3.8,2016
40017,Oklahoma,Canadian County,6.0,2020
40019,Oklahoma,Carter County,3.7,2000
40019,Oklahoma,Carter County,4.6,2004
40019,Oklahoma,Carter County,3.1,2008
40019,Oklahoma,Carter County,5.4,2012
40019,Oklahoma,Carter County,5.0,2016
40019,Oklahoma,Carter County,7.2,2020
40021,Oklahoma,Cherokee County,3.1,2000
40021,Oklahoma,Cherokee County,4.4,2004
40021,Oklahoma,Cherokee County,3.6,2008
40021,Oklahoma,Cherokee County,6.8,2012
40021,Oklahoma,Cherokee County,5.3,2016
40021,Oklahoma,Cherokee County,5.6,2020
40023,Oklahoma,Choctaw County,4.7,2000
40023,Oklahoma,Choctaw County,6.8,2004
40023,Oklahoma,Choctaw County,4.9,2008
40023,Oklahoma,Choctaw County,8.2,2012
40023,Oklahoma,Choctaw County,7.4,2016
40023,Oklahoma,Choctaw County,7.7,2020
40025,Oklahoma,Cimarron County,2.2,2000
40025,Oklahoma,Cimarron County,2.9,2004
40025,Oklahoma,Cimarron County,2.9,2008
40025,Oklahoma,Cimarron County,3.1,2012
40025,Oklahoma,Cimarron County,2.4,2016
40025,Oklahoma,Cimarron County,2.1,2020
40027,Oklahoma,Cleveland County,2.2,2000
40027,Oklahoma,Cleveland County,3.6,2004
40027,Oklahoma,Cleveland County,3.3,2008
40027,Oklahoma,Cleveland County,4.0,2012
40027,Oklahoma,Cleveland County,3.7,2016
40027,Oklahoma,Cleveland County,5.7,2020
40029,Oklahoma,Coal County,4.2,2000
40029,Oklahoma,Coal County,10.1,2004
40029,Oklahoma,Coal County,4.7,2008
40029,Oklahoma,Coal County,6.9,2012
40029,Oklahoma,Coal County,7.1,2016
40029,Oklahoma,Coal County,7.0,2020
40031,Oklahoma,Comanche County,3.5,2000
40031,Oklahoma,Comanche County,4.2,2004
40031,Oklahoma,Comanche County,3.7,2008
40031,Oklahoma,Comanche County,5.8,2012
40031,Oklahoma,Comanche County,4.4,2016
40031,Oklahoma,Comanche County,6.8,2020
40033,Oklahoma,Cotton County,3.1,2000
40033,Oklahoma,Cotton County,3.9,2004
40033,Oklahoma,Cotton County,2.7,2008
40033,Oklahoma,Cotton County,5.5,2012
40033,Oklahoma,Cotton County,4.6,2016
40033,Oklahoma,Cotton County,7.2,2020
40035,Oklahoma,Craig County,3.5,2000
40035,Oklahoma,Craig County,4.7,2004
40035,Oklahoma,Craig County,3.7,2008
40035,Oklahoma,Craig County,5.5,2012
40035,Oklahoma,Craig County,4.7,2016
40035,Oklahoma,Craig County,5.5,2020
40037,Oklahoma,Creek County,3.1,2000
40037,Oklahoma,Creek County,5.6,2004
40037,Oklahoma,Creek County,4.1,2008
40037,Oklahoma,Creek County,5.8,2012
40037,Oklahoma,Creek County,5.6,2016
40037,Oklahoma,Creek County,6.7,2020
40039,Oklahoma,Custer County,2.4,2000
40039,Oklahoma,Custer County,3.1,2004
40039,Oklahoma,Custer County,2.5,2008
40039,Oklahoma,Custer County,3.5,2012
40039,Oklahoma,Custer County,4.4,2016
40039,Oklahoma,Custer County,5.5,2020
40041,Oklahoma,Delaware County,3.5,2000
40041,Oklahoma,Delaware County,5.0,2004
40041,Oklahoma,Delaware County,4.0,2008
40041,Oklahoma,Delaware County,6.4,2012
40041,Oklahoma,Delaware County,4.7,2016
40041,Oklahoma,Delaware County,5.4,2020
40043,Oklahoma,Dewey County,2.6,2000
40043,Oklahoma,Dewey County,3.1,2004
40043,Oklahoma,Dewey County,2.3,2008
40043,Oklahoma,Dewey County,3.1,2012
40043,Oklahoma,Dewey County,3.9,2016
40043,Oklahoma,Dewey County,5.0,2020
40045,Oklahoma,Ellis County,2.6,2000
40045,Oklahoma,Ellis County,2.7,2004
40045,Oklahoma,Ellis County,2.1,2008
40045,Oklahoma,Ellis County,2.8,2012
40045,Oklahoma,Ellis County,3.7,2016
40045,Oklahoma,Ellis County,4.6,2020
40047,Oklahoma,Garfield County,2.7,2000
40047,Oklahoma,Garfield County,3.5,2004
40047,Oklahoma,Garfield County,2.5,2008
40047,Oklahoma,Garfield County,3.9,2012
40047,Oklahoma,Garfield County,4.2,2016
40047,Oklahoma,Garfield County,5.6,2020
40049,Oklahoma,Garvin County,3.4,2000
40049,Oklahoma,Garvin County,4.1,2004
40049,Oklahoma,Garvin County,2.9,2008
40049,Oklahoma,Garvin County,4.8,2012
40049,Oklahoma,Garvin County,5.2,2016
40049,Oklahoma,Garvin County,6.4,2020
40051,Oklahoma,Grady County,2.8,2000
40051,Oklahoma,Grady County,4.4,2004
40051,Oklahoma,Grady County,3.8,2008
40051,Oklahoma,Grady County,4.6,2012
40051,Oklahoma,Grady County,4.8,2016
40051,Oklahoma,Grady County,6.3,2020
40053,Oklahoma,Grant County,2.4,2000
40053,Oklahoma,Grant County,3.4,2004
40053,Oklahoma,Grant County,2.4,2008
40053,Oklahoma,Grant County,3.3,2012
40053,Oklahoma,Grant County,3.1,2016
40053,Oklahoma,Grant County,3.4,2020
40055,Oklahoma,Greer County,3.9,2000
40055,Oklahoma,Greer County,6.1,2004
40055,Oklahoma,Greer County,4.2,2008
40055,Oklahoma,Greer County,5.2,2012
40055,Oklahoma,Greer County,7.1,2016
40055,Oklahoma,Greer County,7.7,2020
40057,Oklahoma,Harmon County,2.7,2000
40057,Oklahoma,Harmon County,3.4,2004
40057,Oklahoma,Harmon County,3.2,2008
40057,Oklahoma,Harmon County,4.5,2012
40057,Oklahoma,Harmon County,3.7,2016
40057,Oklahoma,Harmon County,3.6,2020
40059,Oklahoma,Harper County,2.1,2000
40059,Oklahoma,Harper County,2.9,2004
40059,Oklahoma,Harper County,2.2,2008
40059,Oklahoma,Harper County,3.1,2012
40059,Oklahoma,Harper County,3.7,2016
40059,Oklahoma,Harper County,3.5,2020
40061,Oklahoma,Haskell County,4.3,2000
40061,Oklahoma,Haskell County,5.3,2004
40061,Oklahoma,Haskell County,3.6,2008
40061,Oklahoma,Haskell County,8.6,2012
40061,Oklahoma,Haskell County,8.0,2016
40061,Oklahoma,Haskell County,8.1,2020
40063,Oklahoma,Hughes County,5.1,2000
40063,Oklahoma,Hughes County,8.3,2004
40063,Oklahoma,Hughes County,5.2,2008
40063,Oklahoma,Hughes County,7.8,2012
40063,Oklahoma,Hughes County,7.0,2016
40063,Oklahoma,Hughes County,7.7,2020
40065,Oklahoma,Jackson County,2.9,2000
40065,Oklahoma,Jackson County,3.7,2004
40065,Oklahoma,Jackson County,3.1,2008
40065,Oklahoma,Jackson County,5.0,2012
40065,Oklahoma,Jackson County,4.2,2016
40065,Oklahoma,Jackson County,4.2,2020
40067,Oklahoma,Jefferson County,3.5,2000
40067,Oklahoma,Jefferson County,5.7,2004
40067,Oklahoma,Jefferson County,4.1,2008
40067,Oklahoma,Jefferson County,4.8,2012
40067,Oklahoma,Jefferson County,6.9,2016
40067,Oklahoma,Jefferson County,6.7,2020
40069,Oklahoma,Johnston County,3.5,2000
40069,Oklahoma,Johnston County,5.6,2004
40069,Oklahoma,Johnston County,4.1,2008
40069,Oklahoma,Johnston County,7.6,2012
40069,Oklahoma,Johnston County,5.7,2016
40069,Oklahoma,Johnston County,7.8,2020
40071,Oklahoma,Kay County,4.2,2000
40071,Oklahoma,Kay County,5.9,2004
40071,Oklahoma,Kay County,3.4,2008
40071,Oklahoma,Kay County,6.9,2012
40071,Oklahoma,Kay County,6.1,2016
40071,Oklahoma,Kay County,6.8,2020
40073,Oklahoma,Kingfisher County,2.2,2000
40073,Oklahoma,Kingfisher County,3.1,2004
40073,Oklahoma,Kingfisher County,2.2,2008
40073,Oklahoma,Kingfisher County,3.2,2012
40073,Oklahoma,Kingfisher County,3.2,2016
40073,Oklahoma,Kingfisher County,4.5,2020
40075,Oklahoma,Kiowa County,2.7,2000
40075,Oklahoma,Kiowa County,4.5,2004
40075,Oklahoma,Kiowa County,3.6,2008
40075,Oklahoma,Kiowa County,4.6,2012
40075,Oklahoma,Kiowa County,5.1,2016
40075,Oklahoma,Kiowa County,5.2,2020
40077,Oklahoma,Latimer County,4.6,2000
40077,Oklahoma,Latimer County,5.6,2004
40077,Oklahoma,Latimer County,4.1,2008
40077,Oklahoma,Latimer County,8.2,2012
40077,Oklahoma,Latimer County,8.3,2016
40077,Oklahoma,Latimer County,10.3,2020
40079,Oklahoma,Le Flore County,4.2,2000
40079,Oklahoma,Le Flore County,5.4,2004
40079,Oklahoma,Le Flore County,5.0,2008
40079,Oklahoma,Le Flore County,8.3,2012
40079,Oklahoma,Le Flore County,6.7,2016
40079,Oklahoma,Le Flore County,7.1,2020
40081,Oklahoma,Lincoln County,2.9,2000
40081,Oklahoma,Lincoln County,4.8,2004
40081,Oklahoma,Lincoln County,3.8,2008
40081,Oklahoma,Lincoln County,4.8,2012
40081,Oklahoma,Lincoln County,5.1,2016
40081,Oklahoma,Lincoln County,5.8,2020
40083,Oklahoma,Logan County,2.5,2000
40083,Oklahoma,Logan County,3.8,2004
40083,Oklahoma,Logan County,3.5,2008
40083,Oklahoma,Logan County,4.2,2012
40083,Oklahoma,Logan County,3.9,2016
40083,Oklahoma,Logan County,5.3,2020
40085,Oklahoma,Love County,3.5,2000
40085,Oklahoma,Love County,5.8,2004
40085,Oklahoma,Love County,2.8,2008
40085,Oklahoma,Love County,4.1,2012
40085,Oklahoma,Love County,3.0,2016
40085,Oklahoma,Love County,4.3,2020
40087,Oklahoma,Mcclain County,2.5,2000
40087,Oklahoma,Mcclain County,4.2,2004
40087,Oklahoma,Mcclain County,3.5,2008
40087,Oklahoma,Mcclain County,4.1,2012
40087,Oklahoma,Mcclain County,4.0,2016
40087,Oklahoma,Mcclain County,5.6,2020
40089,Oklahoma,Mccurtain County,4.7,2000
40089,Oklahoma,Mccurtain County,7.3,2004
40089,Oklahoma,Mccurtain County,6.4,2008
40089,Oklahoma,Mccurtain County,9.2,2012
40089,Oklahoma,Mccurtain County,6.9,2016
40089,Oklahoma,Mccurtain County,6.8,2020
40091,Oklahoma,Mcintosh County,4.5,2000
40091,Oklahoma,Mcintosh County,6.5,2004
40091,Oklahoma,Mcintosh County,4.6,2008
40091,Oklahoma,Mcintosh County,9.9,2012
40091,Oklahoma,Mcintosh County,8.6,2016
40091,Oklahoma,Mcintosh County,8.7,2020
40093,Oklahoma,Major County,2.3,2000
40093,Oklahoma,Major County,3.1,2004
40093,Oklahoma,Major County,2.2,2008
40093,Oklahoma,Major County,3.4,2012
40093,Oklahoma,Major County,4.0,2016
40093,Oklahoma,Major County,4.9,2020
40095,Oklahoma,Marshall County,3.6,2000
40095,Oklahoma,Marshall County,4.7,2004
40095,Oklahoma,Marshall County,3.9,2008
40095,Oklahoma,Marshall County,5.6,2012
40095,Oklahoma,Marshall County,4.9,2016
40095,Oklahoma,Marshall County,6.6,2020
40097,Oklahoma,Mayes County,3.2,2000
40097,Oklahoma,Mayes County,5.8,2004
40097,Oklahoma,Mayes County,4.1,2008
40097,Oklahoma,Mayes County,5.9,2012
40097,Oklahoma,Mayes County,4.9,2016
40097,Oklahoma,Mayes County,5.2,2020
40099,Oklahoma,Murray County,3.4,2000
40099,Oklahoma,Murray County,4.3,2004
40099,Oklahoma,Murray County,2.6,2008
40099,Oklahoma,Murray County,4.5,2012
40099,Oklahoma,Murray County,4.4,2016
40099,Oklahoma,Murray County,6.3,2020
40101,Oklahoma,Muskogee County,3.8,2000
40101,Oklahoma,Muskogee County,6.7,2004
40101,Oklahoma,Muskogee County,4.5,2008
40101,Oklahoma,Muskogee County,6.5,2012
40101,Oklahoma,Muskogee County,5.3,2016
40101,Oklahoma,Muskogee County,6.2,2020
40103,Oklahoma,Noble County,2.3,2000
40103,Oklahoma,Noble County,3.8,2004
40103,Oklahoma,Noble County,3.1,2008
40103,Oklahoma,Noble County,4.3,2012
40103,Oklahoma,Noble County,3.4,2016
40103,Oklahoma,Noble County,4.2,2020
40105,Oklahoma,Nowata County,3.3,2000
40105,Oklahoma,Nowata County,5.5,2004
40105,Oklahoma,Nowata County,4.1,2008
40105,Oklahoma,Nowata County,6.6,2012
40105,Oklahoma,Nowata County,5.9,2016
40105,Oklahoma,Nowata County,5.4,2020
40107,Oklahoma,Okfuskee County,3.8,2000
40107,Oklahoma,Okfuskee County,8.4,2004
40107,Oklahoma,Okfuskee County,4.0,2008
40107,Oklahoma,Okfuskee County,7.4,2012
40107,Oklahoma,Okfuskee County,5.9,2016
40107,Oklahoma,Okfuskee County,6.9,2020
40109,Oklahoma,Oklahoma County,2.8,2000
40109,Oklahoma,Oklahoma County,4.7,2004
40109,Oklahoma,Oklahoma County,3.8,2008
40109,Oklahoma,Oklahoma County,4.6,2012
40109,Oklahoma,Oklahoma County,4.1,2016
40109,Oklahoma,Oklahoma County,6.6,2020
40111,Oklahoma,Okmulgee County,4.3,2000
40111,Oklahoma,Okmulgee County,6.9,2004
40111,Oklahoma,Okmulgee County,5.0,2008
40111,Oklahoma,Okmulgee County,7.7,2012
40111,Oklahoma,Okmulgee County,6.9,2016
40111,Oklahoma,Okmulgee County,7.5,2020
40113,Oklahoma,Osage County,3.1,2000
40113,Oklahoma,Osage County,5.1,2004
40113,Oklahoma,Osage County,4.0,2008
40113,Oklahoma,Osage County,5.7,2012
40113,Oklahoma,Osage County,5.6,2016
40113,Oklahoma,Osage County,6.7,2020
40115,Oklahoma,Ottawa County,4.4,2000
40115,Oklahoma,Ottawa County,5.7,2004
40115,Oklahoma,Ottawa County,4.0,2008
40115,Oklahoma,Ottawa County,7.6,2012
40115,Oklahoma,Ottawa County,4.9,2016
40115,Oklahoma,Ottawa County,5.8,2020
40117,Oklahoma,Pawnee County,3.6,2000
40117,Oklahoma,Pawnee County,5.6,2004
40117,Oklahoma,Pawnee County,4.3,2008
40117,Oklahoma,Pawnee County,6.4,2012
40117,Oklahoma,Pawnee County,6.4,2016
40117,Oklahoma,Pawnee County,6.7,2020
40119,Oklahoma,Payne County,2.4,2000
40119,Oklahoma,Payne County,3.7,2004
40119,Oklahoma,Payne County,3.8,2008
40119,Oklahoma,Payne County,4.6,2012
40119,Oklahoma,Payne County,3.6,2016
40119,Oklahoma,Payne County,5.4,2020
40121,Oklahoma,Pittsburg County,4.3,2000
40121,Oklahoma,Pittsburg County,5.4,2004
40121,Oklahoma,Pittsburg County,3.1,2008
40121,Oklahoma,Pittsburg County,6.8,2012
40121,Oklahoma,Pittsburg County,5.9,2016
40121,Oklahoma,Pittsburg County,7.8,2020
40123,Oklahoma,Pontotoc County,3.2,2000
40123,Oklahoma,Pontotoc County,5.7,2004
40123,Oklahoma,Pontotoc County,3.0,2008
40123,Oklahoma,Pontotoc County,4.9,2012
40123,Oklahoma,Pontotoc County,3.9,2016
40123,Oklahoma,Pontotoc County,5.3,2020
40125,Oklahoma,Pottawatomie County,3.1,2000
40125,Oklahoma,Pottawatomie County,5.3,2004
40125,Oklahoma,Pottawatomie County,3.7,2008
40125,Oklahoma,Pottawatomie County,5.1,2012
40125,Oklahoma,Pottawatomie County,4.5,2016
40125,Oklahoma,Pottawatomie County,6.3,2020
40127,Oklahoma,Pushmataha County,4.2,2000
40127,Oklahoma,Pushmataha County,6.2,2004
40127,Oklahoma,Pushmataha County,4.6,2008
40127,Oklahoma,Pushmataha County,7.0,2012
40127,Oklahoma,Pushmataha County,7.0,2016
40127,Oklahoma,Pushmataha County,6.8,2020
40129,Oklahoma,Roger Mills County,2.4,2000
40129,Oklahoma,Roger Mills County,2.6,2004
40129,Oklahoma,Roger Mills County,2.2,2008
40129,Oklahoma,Roger Mills County,2.8,2012
40129,Oklahoma,Roger Mills County,5.0,2016
40129,Oklahoma,Roger Mills County,5.2,2020
40131,Oklahoma,Rogers County,2.6,2000
40131,Oklahoma,Rogers County,4.4,2004
40131,Oklahoma,Rogers County,3.4,2008
40131,Oklahoma,Rogers County,4.8,2012
40131,Oklahoma,Rogers County,4.8,2016
40131,Oklahoma,Rogers County,6.0,2020
40133,Oklahoma,Seminole County,4.2,2000
40133,Oklahoma,Seminole County,9.6,2004
40133,Oklahoma,Seminole County,4.3,2008
40133,Oklahoma,Seminole County,7.6,2012
40133,Oklahoma,Seminole County,6.7,2016
40133,Oklahoma,Seminole County,7.6,2020
40135,Oklahoma,Sequoyah County,4.2,2000
40135,Oklahoma,Sequoyah County,5.9,2004
40135,Oklahoma,Sequoyah County,5.7,2008
40135,Oklahoma,Sequoyah County,8.1,2012
40135,Oklahoma,Sequoyah County,6.0,2016
40135,Oklahoma,Sequoyah County,7.0,2020
40137,Oklahoma,Stephens County,3.3,2000
40137,Oklahoma,Stephens County,4.4,2004
40137,Oklahoma,Stephens County,3.3,2008
40137,Oklahoma,Stephens County,4.8,2012
40137,Oklahoma,Stephens County,9.2,2016
40137,Oklahoma,Stephens County,8.0,2020
40139,Oklahoma,Texas County,2.6,2000
40139,Oklahoma,Texas County,3.3,2004
40139,Oklahoma,Texas County,2.6,2008
40139,Oklahoma,Texas County,4.0,2012
40139,Oklahoma,Texas County,3.3,2016
40139,Oklahoma,Texas County,2.4,2020
40141,Oklahoma,Tillman County,3.1,2000
40141,Oklahoma,Tillman County,4.5,2004
40141,Oklahoma,Tillman County,3.9,2008
40141,Oklahoma,Tillman County,4.7,2012
40141,Oklahoma,Tillman County,4.3,2016
40141,Oklahoma,Tillman County,6.4,2020
40143,Oklahoma,Tulsa County,2.7,2000
40143,Oklahoma,Tulsa County,4.7,2004
40143,Oklahoma,Tulsa County,3.4,2008
40143,Oklahoma,Tulsa County,5.0,2012
40143,Oklahoma,Tulsa County,4.5,2016
40143,Oklahoma,Tulsa County,6.7,2020
40145,Oklahoma,Wagoner County,2.5,2000
40145,Oklahoma,Wagoner County,4.6,2004
40145,Oklahoma,Wagoner County,3.5,2008
40145,Oklahoma,Wagoner County,5.0,2012
40145,Oklahoma,Wagoner County,4.6,2016
40145,Oklahoma,Wagoner County,5.9,2020
40147,Oklahoma,Washington County,3.0,2000
40147,Oklahoma,Washington County,4.8,2004
40147,Oklahoma,Washington County,2.9,2008
40147,Oklahoma,Washington County,4.7,2012
40147,Oklahoma,Washington County,4.7,2016
40147,Oklahoma,Washington County,6.0,2020
40149,Oklahoma,Washita County,2.6,2000
40149,Oklahoma,Washita County,3.2,2004
40149,Oklahoma,Washita County,2.6,2008
40149,Oklahoma,Washita County,3.9,2012
40149,Oklahoma,Washita County,6.7,2016
40149,Oklahoma,Washita County,6.9,2020
40151,Oklahoma,Woods County,2.5,2000
40151,Oklahoma,Woods County,6.9,2004
40151,Oklahoma,Woods County,2.7,2008
40151,Oklahoma,Woods County,2.7,2012
40151,Oklahoma,Woods County,3.1,2016
40151,Oklahoma,Woods County,3.5,2020
40153,Oklahoma,Woodward County,2.9,2000
40153,Oklahoma,Woodward County,3.6,2004
40153,Oklahoma,Woodward County,2.1,2008
40153,Oklahoma,Woodward County,3.4,2012
40153,Oklahoma,Woodward County,6.0,2016
40153,Oklahoma,Woodward County,7.0,2020
41001,Oregon,Baker County,7.2,2000
41001,Oregon,Baker County,8.9,2004
41001,Oregon,Baker County,6.8,2008
41001,Oregon,Baker County,10.5,2012
41001,Oregon,Baker County,6.2,2016
41001,Oregon,Baker County,7.2,2020
41003,Oregon,Benton County,3.9,2000
41003,Oregon,Benton County,5.5,2004
41003,Oregon,Benton County,4.5,2008
41003,Oregon,Benton County,6.0,2012
41003,Oregon,Benton County,3.9,2016
41003,Oregon,Benton County,5.6,2020
41005,Oregon,Clackamas County,4.1,2000
41005,Oregon,Clackamas County,6.7,2004
41005,Oregon,Clackamas County,5.4,2008
41005,Oregon,Clackamas County,8.0,2012
41005,Oregon,Clackamas County,4.3,2016
41005,Oregon,Clackamas County,7.2,2020
41007,Oregon,Clatsop County,5.1,2000
41007,Oregon,Clatsop County,6.9,2004
41007,Oregon,Clatsop County,5.0,2008
41007,Oregon,Clatsop County,8.7,2012
41007,Oregon,Clatsop County,4.6,2016
41007,Oregon,Clatsop County,9.5,2020
41009,Oregon,Columbia County,5.6,2000
41009,Oregon,Columbia County,9.1,2004
41009,Oregon,Columbia County,6.8,2008
41009,Oregon,Columbia County,10.7,2012
41009,Oregon,Columbia County,6.0,2016
41009,Oregon,Columbia County,7.9,2020
41011,Oregon,Coos County,7.5,2000
41011,Oregon,Coos County,9.1,2004
41011,Oregon,Coos County,7.9,2008
41011,Oregon,Coos County,11.1,2012
41011,Oregon,Coos County,6.3,2016
41011,Oregon,Coos County,8.6,2020
41013,Oregon,Crook County,7.3,2000
41013,Oregon,Crook County,8.4,2004
41013,Oregon,Crook County,9.5,2008
41013,Oregon,Crook County,13.5,2012
41013,Oregon,Crook County,6.8,2016
41013,Oregon,Crook County,8.8,2020
41015,Oregon,Curry County,7.1,2000
41015,Oregon,Curry County,7.6,2004
41015,Oregon,Curry County,7.7,2008
41015,Oregon,Curry County,11.8,2012
41015,Oregon,Curry County,6.6,2016
41015,Oregon,Curry County,8.7,2020
41017,Oregon,Deschutes County,5.4,2000
41017,Oregon,Deschutes County,6.9,2004
41017,Oregon,Deschutes County,7.8,2008
41017,Oregon,Deschutes County,11.2,2012
41017,Oregon,Deschutes County,4.8,2016
41017,Oregon,Deschutes County,7.9,2020
41019,Oregon,Douglas County,7.4,2000
41019,Oregon,Douglas County,9.3,2004
41019,Oregon,Douglas County,9.5,2008
41019,Oregon,Douglas County,11.9,2012
41019,Oregon,Douglas County,6.2,2016
41019,Oregon,Douglas County,7.8,2020
41021,Oregon,Gilliam County,5.0,2000
41021,Oregon,Gilliam County,6.2,2004
41021,Oregon,Gilliam County,4.2,2008
41021,Oregon,Gilliam County,10.1,2012
41021,Oregon,Gilliam County,5.9,2016
41021,Oregon,Gilliam County,6.2,2020
41023,Oregon,Grant County,9.7,2000
41023,Oregon,Grant County,9.9,2004
41023,Oregon,Grant County,10.1,2008
41023,Oregon,Grant County,14.0,2012
41023,Oregon,Grant County,7.5,2016
41023,Oregon,Grant County,8.4,2020
41025,Oregon,Harney County,8.5,2000
41025,Oregon,Harney County,9.5,2004
41025,Oregon,Harney County,9.1,2008
41025,Oregon,Harney County,11.8,2012
41025,Oregon,Harney County,6.1,2016
41025,Oregon,Harney County,6.0,2020
41027,Oregon,Hood River County,6.7,2000
41027,Oregon,Hood River County,7.4,2004
41027,Oregon,Hood River County,5.1,2008
41027,Oregon,Hood River County,7.2,2012
41027,Oregon,Hood River County,4.1,2016
41027,Oregon,Hood River County,6.3,2020
41029,Oregon,Jackson County,5.7,2000
41029,Oregon,Jackson County,7.2,2004
41029,Oregon,Jackson County,7.6,2008
41029,Oregon,Jackson County,11.1,2012
41029,Oregon,Jackson County,5.6,2016
41029,Oregon,Jackson County,7.8,2020
41031,Oregon,Jefferson County,5.4,2000
41031,Oregon,Jefferson County,6.4,2004
41031,Oregon,Jefferson County,9.6,2008
41031,Oregon,Jefferson County,11.8,2012
41031,Oregon,Jefferson County,6.5,2016
41031,Oregon,Jefferson County,8.3,2020
41033,Oregon,Josephine County,7.1,2000
41033,Oregon,Josephine County,8.3,2004
41033,Oregon,Josephine County,8.8,2008
41033,Oregon,Josephine County,12.1,2012
41033,Oregon,Josephine County,6.4,2016
41033,Oregon,Josephine County,7.9,2020
41035,Oregon,Klamath County,7.5,2000
41035,Oregon,Klamath County,9.4,2004
41035,Oregon,Klamath County,8.8,2008
41035,Oregon,Klamath County,11.7,2012
41035,Oregon,Klamath County,6.6,2016
41035,Oregon,Klamath County,8.7,2020
41037,Oregon,Lake County,8.4,2000
41037,Oregon,Lake County,9.8,2004
41037,Oregon,Lake County,8.3,2008
41037,Oregon,Lake County,12.9,2012
41037,Oregon,Lake County,6.2,2016
41037,Oregon,Lake County,5.7,2020
41039,Oregon,Lane County,5.5,2000
41039,Oregon,Lane County,7.3,2004
41039,Oregon,Lane County,6.4,2008
41039,Oregon,Lane County,8.9,2012
41039,Oregon,Lane County,5.0,2016
41039,Oregon,Lane County,7.9,2020
41041,Oregon,Lincoln County,6.5,2000
41041,Oregon,Lincoln County,8.2,2004
41041,Oregon,Lincoln County,6.3,2008
41041,Oregon,Lincoln County,9.9,2012
41041,Oregon,Lincoln County,5.5,2016
41041,Oregon,Lincoln County,10.8,2020
41043,Oregon,Linn County,6.7,2000
41043,Oregon,Linn County,9.2,2004
41043,Oregon,Linn County,7.4,2008
41043,Oregon,Linn County,10.7,2012
41043,Oregon,Linn County,5.6,2016
41043,Oregon,Linn County,7.7,2020
41045,Oregon,Malheur County,7.7,2000
41045,Oregon,Malheur County,9.9,2004
41045,Oregon,Malheur County,7.2,2008
41045,Oregon,Malheur County,9.4,2012
41045,Oregon,Malheur County,5.4,2016
41045,Oregon,Malheur County,5.3,2020
41047,Oregon,Marion County,5.6,2000
41047,Oregon,Marion County,7.6,2004
41047,Oregon,Marion County,6.3,2008
41047,Oregon,Marion County,10.0,2012
41047,Oregon,Marion County,5.0,2016
41047,Oregon,Marion County,7.0,2020
41049,Oregon,Morrow County,7.8,2000
41049,Oregon,Morrow County,8.2,2004
41049,Oregon,Morrow County,6.1,2008
41049,Oregon,Morrow County,8.1,2012
41049,Oregon,Morrow County,4.8,2016
41049,Oregon,Morrow County,5.2,2020
41051,Oregon,Multnomah County,4.7,2000
41051,Oregon,Multnomah County,7.5,2004
41051,Oregon,Multnomah County,5.6,2008
41051,Oregon,Multnomah County,7.6,2012
41051,Oregon,Multnomah County,4.2,2016
41051,Oregon,Multnomah County,8.6,2020
41053,Oregon,Polk County,4.9,2000
41053,Oregon,Polk County,6.7,2004
41053,Oregon,Polk County,5.4,2008
41053,Oregon,Polk County,8.9,2012
41053,Oregon,Polk County,5.0,2016
41053,Oregon,Polk County,6.5,2020
41055,Oregon,Sherman County,6.3,2000
41055,Oregon,Sherman County,9.2,2004
41055,Oregon,Sherman County,5.6,2008
41055,Oregon,Sherman County,10.8,2012
41055,Oregon,Sherman County,4.5,2016
41055,Oregon,Sherman County,6.2,2020
41057,Oregon,Tillamook County,5.3,2000
41057,Oregon,Tillamook County,7.1,2004
41057,Oregon,Tillamook County,5.2,2008
41057,Oregon,Tillamook County,9.7,2012
41057,Oregon,Tillamook County,4.8,2016
41057,Oregon,Tillamook County,8.0,2020
41059,Oregon,Umatilla County,6.2,2000
41059,Oregon,Umatilla County,8.1,2004
41059,Oregon,Umatilla County,6.3,2008
41059,Oregon,Umatilla County,9.1,2012
41059,Oregon,Umatilla County,5.2,2016
41059,Oregon,Umatilla County,6.8,2020
41061,Oregon,Union County,5.6,2000
41061,Oregon,Union County,7.3,2004
41061,Oregon,Union County,7.7,2008
41061,Oregon,Union County,9.4,2012
41061,Oregon,Union County,5.8,2016
41061,Oregon,Union County,7.9,2020
41063,Oregon,Wallowa County,7.6,2000
41063,Oregon,Wallowa County,9.0,2004
41063,Oregon,Wallowa County,7.3,2008
41063,Oregon,Wallowa County,11.5,2012
41063,Oregon,Wallowa County,6.6,2016
41063,Oregon,Wallowa County,7.2,2020
41065,Oregon,Wasco County,6.2,2000
41065,Oregon,Wasco County,8.7,2004
41065,Oregon,Wasco County,5.8,2008
41065,Oregon,Wasco County,8.4,2012
41065,Oregon,Wasco County,4.7,2016
41065,Oregon,Wasco County,7.1,2020
41067,Oregon,Washington County,3.9,2000
41067,Oregon,Washington County,6.2,2004
41067,Oregon,Washington County,5.1,2008
41067,Oregon,Washington County,7.1,2012
41067,Oregon,Washington County,4.0,2016
41067,Oregon,Washington County,6.5,2020
41069,Oregon,Wheeler County,7.3,2000
41069,Oregon,Wheeler County,7.9,2004
41069,Oregon,Wheeler County,5.7,2008
41069,Oregon,Wheeler County,6.9,2012
41069,Oregon,Wheeler County,4.1,2016
41069,Oregon,Wheeler County,4.5,2020
41071,Oregon,Yamhill County,5.0,2000
41071,Oregon,Yamhill County,7.3,2004
41071,Oregon,Yamhill County,6.2,2008
41071,Oregon,Yamhill County,8.5,2012
41071,Oregon,Yamhill County,4.5,2016
41071,Oregon,Yamhill County,6.8,2020
42001,Pennsylvania,Adams County,3.2,2000
42001,Pennsylvania,Adams County,4.0,2004
42001,Pennsylvania,Adams County,4.3,2008
42001,Pennsylvania,Adams County,6.3,2012
42001,Pennsylvania,Adams County,3.9,2016
42001,Pennsylvania,Adams County,6.7,2020
42003,Pennsylvania,Allegheny County,4.1,2000
42003,Pennsylvania,Allegheny County,5.3,2004
42003,Pennsylvania,Allegheny County,4.8,2008
42003,Pennsylvania,Allegheny County,6.8,2012
42003,Pennsylvania,Allegheny County,5.1,2016
42003,Pennsylvania,Allegheny County,8.8,2020
42005,Pennsylvania,Armstrong County,5.8,2000
42005,Pennsylvania,Armstrong County,7.0,2004
42005,Pennsylvania,Armstrong County,5.9,2008
42005,Pennsylvania,Armstrong County,7.9,2012
42005,Pennsylvania,Armstrong County,7.4,2016
42005,Pennsylvania,Armstrong County,9.6,2020
42007,Pennsylvania,Beaver County,4.3,2000
42007,Pennsylvania,Beaver County,5.7,2004
42007,Pennsylvania,Beaver County,5.5,2008
42007,Pennsylvania,Beaver County,7.4,2012
42007,Pennsylvania,Beaver County,6.1,2016
42007,Pennsylvania,Beaver County,10.1,2020
42009,Pennsylvania,Bedford County,5.6,2000
42009,Pennsylvania,Bedford County,7.6,2004
42009,Pennsylvania,Bedford County,6.8,2008
42009,Pennsylvania,Bedford County,8.4,2012
42009,Pennsylvania,Bedford County,5.8,2016
42009,Pennsylvania,Bedford County,8.8,2020
42011,Pennsylvania,Berks County,4.0,2000
42011,Pennsylvania,Berks County,5.2,2004
42011,Pennsylvania,Berks County,5.4,2008
42011,Pennsylvania,Berks County,7.5,2012
42011,Pennsylvania,Berks County,4.9,2016
42011,Pennsylvania,Berks County,9.2,2020
42013,Pennsylvania,Blair County,4.7,2000
42013,Pennsylvania,Blair County,5.3,2004
42013,Pennsylvania,Blair County,5.2,2008
42013,Pennsylvania,Blair County,7.3,2012
42013,Pennsylvania,Blair County,5.2,2016
42013,Pennsylvania,Blair County,8.5,2020
42015,Pennsylvania,Bradford County,3.7,2000
42015,Pennsylvania,Bradford County,5.1,2004
42015,Pennsylvania,Bradford County,5.3,2008
42015,Pennsylvania,Bradford County,6.7,2012
42015,Pennsylvania,Bradford County,6.5,2016
42015,Pennsylvania,Bradford County,7.3,2020
42017,Pennsylvania,Bucks County,3.5,2000
42017,Pennsylvania,Bucks County,4.6,2004
42017,Pennsylvania,Bucks County,4.7,2008
42017,Pennsylvania,Bucks County,7.0,2012
42017,Pennsylvania,Bucks County,4.6,2016
42017,Pennsylvania,Bucks County,8.1,2020
42019,Pennsylvania,Butler County,4.1,2000
42019,Pennsylvania,Butler County,5.5,2004
42019,Pennsylvania,Butler County,4.7,2008
42019,Pennsylvania,Butler County,6.3,2012
42019,Pennsylvania,Butler County,5.0,2016
42019,Pennsylvania,Butler County,7.6,2020
42021,Pennsylvania,Cambria County,6.2,2000
42021,Pennsylvania,Cambria County,6.8,2004
42021,Pennsylvania,Cambria County,6.2,2008
42021,Pennsylvania,Cambria County,8.6,2012
42021,Pennsylvania,Cambria County,6.7,2016
42021,Pennsylvania,Cambria County,9.3,2020
42023,Pennsylvania,Cameron County,6.7,2000
42023,Pennsylvania,Cameron County,7.0,2004
42023,Pennsylvania,Cameron County,9.0,2008
42023,Pennsylvania,Cameron County,10.0,2012
42023,Pennsylvania,Cameron County,7.3,2016
42023,Pennsylvania,Cameron County,12.2,2020
42025,Pennsylvania,Carbon County,5.2,2000
42025,Pennsylvania,Carbon County,6.4,2004
42025,Pennsylvania,Carbon County,6.8,2008
42025,Pennsylvania,Carbon County,9.8,2012
42025,Pennsylvania,Carbon County,5.9,2016
42025,Pennsylvania,Carbon County,9.5,2020
42027,Pennsylvania,Centre County,3.5,2000
42027,Pennsylvania,Centre County,4.4,2004
42027,Pennsylvania,Centre County,4.3,2008
42027,Pennsylvania,Centre County,5.4,2012
42027,Pennsylvania,Centre County,4.1,2016
42027,Pennsylvania,Centre County,5.7,2020
42029,Pennsylvania,Chester County,3.1,2000
42029,Pennsylvania,Chester County,3.7,2004
42029,Pennsylvania,Chester County,3.9,2008
42029,Pennsylvania,Chester County,5.5,2012
42029,Pennsylvania,Chester County,3.8,2016
42029,Pennsylvania,Chester County,6.2,2020
42031,Pennsylvania,Clarion County,5.1,2000
42031,Pennsylvania,Clarion County,5.6,2004
42031,Pennsylvania,Clarion County,6.3,2008
42031,Pennsylvania,Clarion County,8.8,2012
42031,Pennsylvania,Clarion County,6.1,2016
42031,Pennsylvania,Clarion County,8.1,2020
42033,Pennsylvania,Clearfield County,5.7,2000
42033,Pennsylvania,Clearfield County,6.8,2004
42033,Pennsylvania,Clearfield County,6.7,2008
42033,Pennsylvania,Clearfield County,9.2,2012
42033,Pennsylvania,Clearfield County,7.2,2016
42033,Pennsylvania,Clearfield County,8.9,2020
42035,Pennsylvania,Clinton County,5.2,2000
42035,Pennsylvania,Clinton County,6.5,2004
42035,Pennsylvania,Clinton County,6.2,2008
42035,Pennsylvania,Clinton County,8.6,2012
42035,Pennsylvania,Clinton County,7.0,2016
42035,Pennsylvania,Clinton County,8.5,2020
42037,Pennsylvania,Columbia County,5.3,2000
42037,Pennsylvania,Columbia County,6.5,2004
42037,Pennsylvania,Columbia County,5.9,2008
42037,Pennsylvania,Columbia County,8.2,2012
42037,Pennsylvania,Columbia County,5.5,2016
42037,Pennsylvania,Columbia County,7.9,2020
42039,Pennsylvania,Crawford County,5.0,2000
42039,Pennsylvania,Crawford County,6.4,2004
42039,Pennsylvania,Crawford County,5.6,2008
42039,Pennsylvania,Crawford County,7.5,2012
42039,Pennsylvania,Crawford County,5.9,2016
42039,Pennsylvania,Crawford County,8.7,2020
42041,Pennsylvania,Cumberland County,3.2,2000
42041,Pennsylvania,Cumberland County,3.9,2004
42041,Pennsylvania,Cumberland County,4.3,2008
42041,Pennsylvania,Cumberland County,6.0,2012
42041,Pennsylvania,Cumberland County,4.0,2016
42041,Pennsylvania,Cumberland County,6.5,2020
42043,Pennsylvania,Dauphin County,3.6,2000
42043,Pennsylvania,Dauphin County,4.7,2004
42043,Pennsylvania,Dauphin County,4.7,2008
42043,Pennsylvania,Dauphin County,7.3,2012
42043,Pennsylvania,Dauphin County,4.7,2016
42043,Pennsylvania,Dauphin County,8.7,2020
42045,Pennsylvania,Delaware County,3.8,2000
42045,Pennsylvania,Delaware County,5.0,2004
42045,Pennsylvania,Delaware County,5.0,2008
42045,Pennsylvania,Delaware County,7.5,2012
42045,Pennsylvania,Delaware County,4.8,2016
42045,Pennsylvania,Delaware County,9.0,2020
42047,Pennsylvania,Elk County,4.9,2000
42047,Pennsylvania,Elk County,5.5,2004
42047,Pennsylvania,Elk County,6.0,2008
42047,Pennsylvania,Elk County,6.8,2012
42047,Pennsylvania,Elk County,5.5,2016
42047,Pennsylvania,Elk County,11.9,2020
42049,Pennsylvania,Erie County,4.6,2000
42049,Pennsylvania,Erie County,6.1,2004
42049,Pennsylvania,Erie County,5.7,2008
42049,Pennsylvania,Erie County,7.6,2012
42049,Pennsylvania,Erie County,6.4,2016
42049,Pennsylvania,Erie County,9.6,2020
42051,Pennsylvania,Fayette County,5.7,2000
42051,Pennsylvania,Fayette County,7.5,2004
42051,Pennsylvania,Fayette County,6.6,2008
42051,Pennsylvania,Fayette County,9.7,2012
42051,Pennsylvania,Fayette County,8.0,2016
42051,Pennsylvania,Fayette County,11.5,2020
42053,Pennsylvania,Forest County,7.1,2000
42053,Pennsylvania,Forest County,10.0,2004
42053,Pennsylvania,Forest County,7.7,2008
42053,Pennsylvania,Forest County,9.6,2012
42053,Pennsylvania,Forest County,7.8,2016
42053,Pennsylvania,Forest County,10.3,2020
42055,Pennsylvania,Franklin County,3.8,2000
42055,Pennsylvania,Franklin County,3.7,2004
42055,Pennsylvania,Franklin County,4.3,2008
42055,Pennsylvania,Franklin County,6.9,2012
42055,Pennsylvania,Franklin County,5.1,2016
42055,Pennsylvania,Franklin County,7.4,2020
42057,Pennsylvania,Fulton County,3.9,2000
42057,Pennsylvania,Fulton County,4.8,2004
42057,Pennsylvania,Fulton County,7.2,2008
42057,Pennsylvania,Fulton County,9.0,2012
42057,Pennsylvania,Fulton County,6.2,2016
42057,Pennsylvania,Fulton County,11.6,2020
42059,Pennsylvania,Greene County,6.0,2000
42059,Pennsylvania,Greene County,6.5,2004
42059,Pennsylvania,Greene County,5.8,2008
42059,Pennsylvania,Greene County,7.1,2012
42059,Pennsylvania,Greene County,7.7,2016
42059,Pennsylvania,Greene County,9.5,2020
42061,Pennsylvania,Huntingdon County,6.1,2000
42061,Pennsylvania,Huntingdon County,6.8,2004
42061,Pennsylvania,Huntingdon County,6.6,2008
42061,Pennsylvania,Huntingdon County,9.7,2012
42061,Pennsylvania,Huntingdon County,6.9,2016
42061,Pennsylvania,Huntingdon County,10.2,2020
42063,Pennsylvania,Indiana County,5.9,2000
42063,Pennsylvania,Indiana County,6.1,2004
42063,Pennsylvania,Indiana County,5.3,2008
42063,Pennsylvania,Indiana County,7.9,2012
42063,Pennsylvania,Indiana County,7.2,2016
42063,Pennsylvania,Indiana County,8.8,2020
42065,Pennsylvania,Jefferson County,5.4,2000
42065,Pennsylvania,Jefferson County,6.0,2004
42065,Pennsylvania,Jefferson County,5.6,2008
42065,Pennsylvania,Jefferson County,8.1,2012
42065,Pennsylvania,Jefferson County,6.8,2016
42065,Pennsylvania,Jefferson County,8.5,2020
42067,Pennsylvania,Juniata County,4.2,2000
42067,Pennsylvania,Juniata County,4.5,2004
42067,Pennsylvania,Juniata County,5.4,2008
42067,Pennsylvania,Juniata County,7.1,2012
42067,Pennsylvania,Juniata County,5.3,2016
42067,Pennsylvania,Juniata County,7.0,2020
42069,Pennsylvania,Lackawanna County,4.6,2000
42069,Pennsylvania,Lackawanna County,5.9,2004
42069,Pennsylvania,Lackawanna County,5.8,2008
42069,Pennsylvania,Lackawanna County,8.6,2012
42069,Pennsylvania,Lackawanna County,5.6,2016
42069,Pennsylvania,Lackawanna County,9.4,2020
42071,Pennsylvania,Lancaster County,2.8,2000
42071,Pennsylvania,Lancaster County,3.8,2004
42071,Pennsylvania,Lancaster County,4.3,2008
42071,Pennsylvania,Lancaster County,6.4,2012
42071,Pennsylvania,Lancaster County,4.1,2016
42071,Pennsylvania,Lancaster County,7.3,2020
42073,Pennsylvania,Lawrence County,5.0,2000
42073,Pennsylvania,Lawrence County,6.2,2004
42073,Pennsylvania,Lawrence County,6.2,2008
42073,Pennsylvania,Lawrence County,7.7,2012
42073,Pennsylvania,Lawrence County,6.6,2016
42073,Pennsylvania,Lawrence County,10.1,2020
42075,Pennsylvania,Lebanon County,3.2,2000
42075,Pennsylvania,Lebanon County,4.0,2004
42075,Pennsylvania,Lebanon County,4.2,2008
42075,Pennsylvania,Lebanon County,6.5,2012
42075,Pennsylvania,Lebanon County,4.4,2016
42075,Pennsylvania,Lebanon County,7.7,2020
42077,Pennsylvania,Lehigh County,3.7,2000
42077,Pennsylvania,Lehigh County,5.3,2004
42077,Pennsylvania,Lehigh County,5.6,2008
42077,Pennsylvania,Lehigh County,8.3,2012
42077,Pennsylvania,Lehigh County,5.3,2016
42077,Pennsylvania,Lehigh County,9.3,2020
42079,Pennsylvania,Luzerne County,5.2,2000
42079,Pennsylvania,Luzerne County,6.6,2004
42079,Pennsylvania,Luzerne County,6.3,2008
42079,Pennsylvania,Luzerne County,9.6,2012
42079,Pennsylvania,Luzerne County,6.2,2016
42079,Pennsylvania,Luzerne County,10.7,2020
42081,Pennsylvania,Lycoming County,4.4,2000
42081,Pennsylvania,Lycoming County,6.0,2004
42081,Pennsylvania,Lycoming County,5.9,2008
42081,Pennsylvania,Lycoming County,7.7,2012
42081,Pennsylvania,Lycoming County,6.6,2016
42081,Pennsylvania,Lycoming County,8.6,2020
42083,Pennsylvania,Mckean County,4.8,2000
42083,Pennsylvania,Mckean County,5.9,2004
42083,Pennsylvania,Mckean County,6.2,2008
42083,Pennsylvania,Mckean County,8.2,2012
42083,Pennsylvania,Mckean County,6.5,2016
42083,Pennsylvania,Mckean County,9.6,2020
42085,Pennsylvania,Mercer County,5.0,2000
42085,Pennsylvania,Mercer County,6.3,2004
42085,Pennsylvania,Mercer County,6.7,2008
42085,Pennsylvania,Mercer County,7.4,2012
42085,Pennsylvania,Mercer County,5.9,2016
42085,Pennsylvania,Mercer County,9.4,2020
42087,Pennsylvania,Mifflin County,4.3,2000
42087,Pennsylvania,Mifflin County,6.5,2004
42087,Pennsylvania,Mifflin County,6.6,2008
42087,Pennsylvania,Mifflin County,8.5,2012
42087,Pennsylvania,Mifflin County,5.7,2016
42087,Pennsylvania,Mifflin County,8.2,2020
42089,Pennsylvania,Monroe County,4.2,2000
42089,Pennsylvania,Monroe County,5.7,2004
42089,Pennsylvania,Monroe County,6.0,2008
42089,Pennsylvania,Monroe County,9.6,2012
42089,Pennsylvania,Monroe County,6.2,2016
42089,Pennsylvania,Monroe County,11.2,2020
42091,Pennsylvania,Montgomery County,3.2,2000
42091,Pennsylvania,Montgomery County,4.2,2004
42091,Pennsylvania,Montgomery County,4.3,2008
42091,Pennsylvania,Montgomery County,6.2,2012
42091,Pennsylvania,Montgomery County,4.1,2016
42091,Pennsylvania,Montgomery County,7.4,2020
42093,Pennsylvania,Montour County,3.5,2000
42093,Pennsylvania,Montour County,5.1,2004
42093,Pennsylvania,Montour County,4.8,2008
42093,Pennsylvania,Montour County,5.7,2012
42093,Pennsylvania,Montour County,4.2,2016
42093,Pennsylvania,Montour County,6.1,2020
42095,Pennsylvania,Northampton County,3.8,2000
42095,Pennsylvania,Northampton County,5.3,2004
42095,Pennsylvania,Northampton County,5.5,2008
42095,Pennsylvania,Northampton County,7.9,2012
42095,Pennsylvania,Northampton County,5.1,2016
42095,Pennsylvania,Northampton County,8.7,2020
42097,Pennsylvania,Northumberland County,4.6,2000
42097,Pennsylvania,Northumberland County,6.4,2004
42097,Pennsylvania,Northumberland County,6.6,2008
42097,Pennsylvania,Northumberland County,8.9,2012
42097,Pennsylvania,Northumberland County,6.2,2016
42097,Pennsylvania,Northumberland County,9.1,2020
42099,Pennsylvania,Perry County,3.8,2000
42099,Pennsylvania,Perry County,4.8,2004
42099,Pennsylvania,Perry County,5.2,2008
42099,Pennsylvania,Perry County,7.1,2012
42099,Pennsylvania,Perry County,4.6,2016
42099,Pennsylvania,Perry County,6.6,2020
42101,Pennsylvania,Philadelphia County/City,5.6,2000
42101,Pennsylvania,Philadelphia County/City,7.2,2004
42101,Pennsylvania,Philadelphia County/City,7.1,2008
42101,Pennsylvania,Philadelphia County/City,10.6,2012
42101,Pennsylvania,Philadelphia County/City,6.7,2016
42101,Pennsylvania,Philadelphia County/City,12.2,2020
42103,Pennsylvania,Pike County,3.8,2000
42103,Pennsylvania,Pike County,5.9,2004
42103,Pennsylvania,Pike County,6.0,2008
42103,Pennsylvania,Pike County,9.9,2012
42103,Pennsylvania,Pike County,6.3,2016
42103,Pennsylvania,Pike County,10.3,2020
42105,Pennsylvania,Potter County,4.6,2000
42105,Pennsylvania,Potter County,6.6,2004
42105,Pennsylvania,Potter County,7.2,2008
42105,Pennsylvania,Potter County,8.9,2012
42105,Pennsylvania,Potter County,7.8,2016
42105,Pennsylvania,Potter County,9.1,2020
42107,Pennsylvania,Schuylkill County,5.9,2000
42107,Pennsylvania,Schuylkill County,6.8,2004
42107,Pennsylvania,Schuylkill County,6.2,2008
42107,Pennsylvania,Schuylkill County,9.5,2012
42107,Pennsylvania,Schuylkill County,6.1,2016
42107,Pennsylvania,Schuylkill County,9.0,2020
42109,Pennsylvania,Snyder County,3.7,2000
42109,Pennsylvania,Snyder County,4.6,2004
42109,Pennsylvania,Snyder County,6.1,2008
42109,Pennsylvania,Snyder County,7.4,2012
42109,Pennsylvania,Snyder County,4.6,2016
42109,Pennsylvania,Snyder County,7.4,2020
42111,Pennsylvania,Somerset County,5.3,2000
42111,Pennsylvania,Somerset County,6.3,2004
42111,Pennsylvania,Somerset County,6.4,2008
42111,Pennsylvania,Somerset County,8.7,2012
42111,Pennsylvania,Somerset County,7.1,2016
42111,Pennsylvania,Somerset County,9.2,2020
42113,Pennsylvania,Sullivan County,4.9,2000
42113,Pennsylvania,Sullivan County,6.0,2004
42113,Pennsylvania,Sullivan County,5.7,2008
42113,Pennsylvania,Sullivan County,7.7,2012
42113,Pennsylvania,Sullivan County,7.1,2016
42113,Pennsylvania,Sullivan County,8.3,2020
42115,Pennsylvania,Susquehanna County,4.0,2000
42115,Pennsylvania,Susquehanna County,5.6,2004
42115,Pennsylvania,Susquehanna County,5.7,2008
42115,Pennsylvania,Susquehanna County,7.4,2012
42115,Pennsylvania,Susquehanna County,5.6,2016
42115,Pennsylvania,Susquehanna County,7.1,2020
42117,Pennsylvania,Tioga County,4.5,2000
42117,Pennsylvania,Tioga County,5.7,2004
42117,Pennsylvania,Tioga County,6.1,2008
42117,Pennsylvania,Tioga County,7.5,2012
42117,Pennsylvania,Tioga County,7.1,2016
42117,Pennsylvania,Tioga County,8.8,2020
42119,Pennsylvania,Union County,3.9,2000
42119,Pennsylvania,Union County,5.4,2004
42119,Pennsylvania,Union County,6.3,2008
42119,Pennsylvania,Union County,6.3,2012
42119,Pennsylvania,Union County,4.7,2016
42119,Pennsylvania,Union County,6.6,2020
42121,Pennsylvania,Venango County,5.1,2000
42121,Pennsylvania,Venango County,6.0,2004
42121,Pennsylvania,Venango County,5.7,2008
42121,Pennsylvania,Venango County,7.5,2012
42121,Pennsylvania,Venango County,7.2,2016
42121,Pennsylvania,Venango County,8.7,2020
42123,Pennsylvania,Warren County,3.8,2000
42123,Pennsylvania,Warren County,5.6,2004
42123,Pennsylvania,Warren County,5.2,2008
42123,Pennsylvania,Warren County,6.7,2012
42123,Pennsylvania,Warren County,5.4,2016
42123,Pennsylvania,Warren County,7.9,2020
42125,Pennsylvania,Washington County,4.7,2000
42125,Pennsylvania,Washington County,5.7,2004
42125,Pennsylvania,Washington County,5.2,2008
42125,Pennsylvania,Washington County,7.0,2012
42125,Pennsylvania,Washington County,6.0,2016
42125,Pennsylvania,Washington County,9.1,2020
42127,Pennsylvania,Wayne County,4.6,2000
42127,Pennsylvania,Wayne County,5.1,2004
42127,Pennsylvania,Wayne County,5.2,2008
42127,Pennsylvania,Wayne County,7.9,2012
42127,Pennsylvania,Wayne County,5.7,2016
42127,Pennsylvania,Wayne County,8.9,2020
42129,Pennsylvania,Westmoreland County,4.7,2000
42129,Pennsylvania,Westmoreland County,5.9,2004
42129,Pennsylvania,Westmoreland County,5.3,2008
42129,Pennsylvania,Westmoreland County,7.2,2012
42129,Pennsylvania,Westmoreland County,5.8,2016
42129,Pennsylvania,Westmoreland County,8.9,2020
42131,Pennsylvania,Wyoming County,4.9,2000
42131,Pennsylvania,Wyoming County,6.1,2004
42131,Pennsylvania,Wyoming County,6.1,2008
42131,Pennsylvania,Wyoming County,8.8,2012
42131,Pennsylvania,Wyoming County,6.1,2016
42131,Pennsylvania,Wyoming County,8.2,2020
42133,Pennsylvania,York County,3.4,2000
42133,Pennsylvania,York County,4.5,2004
42133,Pennsylvania,York County,4.7,2008
42133,Pennsylvania,York County,7.3,2012
42133,Pennsylvania,York County,4.6,2016
42133,Pennsylvania,York County,7.8,2020
44001,Rhode Island,Bristol County,3.5,2000
44001,Rhode Island,Bristol County,4.5,2004
44001,Rhode Island,Bristol County,6.6,2008
44001,Rhode Island,Bristol County,8.8,2012
44001,Rhode Island,Bristol County,4.6,2016
44001,Rhode Island,Bristol County,7.4,2020
44003,Rhode Island,Kent County,3.8,2000
44003,Rhode Island,Kent County,5.0,2004
44003,Rhode Island,Kent County,7.2,2008
44003,Rhode Island,Kent County,9.8,2012
44003,Rhode Island,Kent County,4.7,2016
44003,Rhode Island,Kent County,8.6,2020
44005,Rhode Island,Newport County,3.6,2000
44005,Rhode Island,Newport County,4.7,2004
44005,Rhode Island,Newport County,6.6,2008
44005,Rhode Island,Newport County,9.1,2012
44005,Rhode Island,Newport County,4.7,2016
44005,Rhode Island,Newport County,8.0,2020
44007,Rhode Island,Providence County,4.3,2000
44007,Rhode Island,Providence County,5.7,2004
44007,Rhode Island,Providence County,8.2,2008
44007,Rhode Island,Providence County,10.8,2012
44007,Rhode Island,Providence County,5.5,2016
44007,Rhode Island,Providence County,10.0,2020
44009,Rhode Island,Washington County,3.2,2000
44009,Rhode Island,Washington County,4.3,2004
44009,Rhode Island,Washington County,6.4,2008
44009,Rhode Island,Washington County,9.5,2012
44009,Rhode Island,Washington County,4.8,2016
44009,Rhode Island,Washington County,7.6,2020
45001,South Carolina,Abbeville County,3.8,2000
45001,South Carolina,Abbeville County,8.9,2004
45001,South Carolina,Abbeville County,8.6,2008
45001,South Carolina,Abbeville County,10.4,2012
45001,South Carolina,Abbeville County,5.4,2016
45001,South Carolina,Abbeville County,6.4,2020
45003,South Carolina,Aiken County,3.9,2000
45003,South Carolina,Aiken County,6.2,2004
45003,South Carolina,Aiken County,6.3,2008
45003,South Carolina,Aiken County,8.4,2012
45003,South Carolina,Aiken County,4.9,2016
45003,South Carolina,Aiken County,4.8,2020
45005,South Carolina,Allendale County,5.2,2000
45005,South Carolina,Allendale County,10.5,2004
45005,South Carolina,Allendale County,17.5,2008
45005,South Carolina,Allendale County,16.6,2012
45005,South Carolina,Allendale County,8.4,2016
45005,South Carolina,Allendale County,9.2,2020
45007,South Carolina,Anderson County,3.1,2000
45007,South Carolina,Anderson County,7.8,2004
45007,South Carolina,Anderson County,7.2,2008
45007,South Carolina,Anderson County,8.7,2012
45007,South Carolina,Anderson County,4.5,2016
45007,South Carolina,Anderson County,5.7,2020
45009,South Carolina,Bamberg County,5.2,2000
45009,South Carolina,Bamberg County,7.9,2004
45009,South Carolina,Bamberg County,12.0,2008
45009,South Carolina,Bamberg County,15.6,2012
45009,South Carolina,Bamberg County,8.8,2016
45009,South Carolina,Bamberg County,8.7,2020
45011,South Carolina,Barnwell County,5.1,2000
45011,South Carolina,Barnwell County,10.3,2004
45011,South Carolina,Barnwell County,11.6,2008
45011,South Carolina,Barnwell County,13.6,2012
45011,South Carolina,Barnwell County,7.2,2016
45011,South Carolina,Barnwell County,7.1,2020
45013,South Carolina,Beaufort County,3.2,2000
45013,South Carolina,Beaufort County,5.4,2004
45013,South Carolina,Beaufort County,5.7,2008
45013,South Carolina,Beaufort County,7.4,2012
45013,South Carolina,Beaufort County,4.7,2016
45013,South Carolina,Beaufort County,5.3,2020
45015,South Carolina,Berkeley County,3.3,2000
45015,South Carolina,Berkeley County,6.0,2004
45015,South Carolina,Berkeley County,6.6,2008
45015,South Carolina,Berkeley County,8.2,2012
45015,South Carolina,Berkeley County,4.5,2016
45015,South Carolina,Berkeley County,5.4,2020
45017,South Carolina,Calhoun County,3.8,2000
45017,South Carolina,Calhoun County,7.2,2004
45017,South Carolina,Calhoun County,8.2,2008
45017,South Carolina,Calhoun County,11.0,2012
45017,South Carolina,Calhoun County,6.0,2016
45017,South Carolina,Calhoun County,6.0,2020
45019,South Carolina,Charleston County,3.3,2000
45019,South Carolina,Charleston County,5.9,2004
45019,South Carolina,Charleston County,5.7,2008
45019,South Carolina,Charleston County,7.0,2012
45019,South Carolina,Charleston County,4.0,2016
45019,South Carolina,Charleston County,6.1,2020
45021,South Carolina,Cherokee County,4.3,2000
45021,South Carolina,Cherokee County,9.6,2004
45021,South Carolina,Cherokee County,9.7,2008
45021,South Carolina,Cherokee County,12.6,2012
45021,South Carolina,Cherokee County,5.8,2016
45021,South Carolina,Cherokee County,7.8,2020
45023,South Carolina,Chester County,5.2,2000
45023,South Carolina,Chester County,10.7,2004
45023,South Carolina,Chester County,12.6,2008
45023,South Carolina,Chester County,14.5,2012
45023,South Carolina,Chester County,7.0,2016
45023,South Carolina,Chester County,8.8,2020
45025,South Carolina,Chesterfield County,4.7,2000
45025,South Carolina,Chesterfield County,10.8,2004
45025,South Carolina,Chesterfield County,9.6,2008
45025,South Carolina,Chesterfield County,11.1,2012
45025,South Carolina,Chesterfield County,4.9,2016
45025,South Carolina,Chesterfield County,5.9,2020
45027,South Carolina,Clarendon County,5.5,2000
45027,South Carolina,Clarendon County,9.7,2004
45027,South Carolina,Clarendon County,10.4,2008
45027,South Carolina,Clarendon County,12.6,2012
45027,South Carolina,Clarendon County,6.5,2016
45027,South Carolina,Clarendon County,6.5,2020
45029,South Carolina,Colleton County,3.9,2000
45029,South Carolina,Colleton County,7.9,2004
45029,South Carolina,Colleton County,8.8,2008
45029,South Carolina,Colleton County,11.8,2012
45029,South Carolina,Colleton County,5.5,2016
45029,South Carolina,Colleton County,5.9,2020
45031,South Carolina,Darlington County,4.9,2000
45031,South Carolina,Darlington County,9.0,2004
45031,South Carolina,Darlington County,9.1,2008
45031,South Carolina,Darlington County,10.8,2012
45031,South Carolina,Darlington County,6.1,2016
45031,South Carolina,Darlington County,6.3,2020
45033,South Carolina,Dillon County,6.9,2000
45033,South Carolina,Dillon County,10.6,2004
45033,South Carolina,Dillon County,11.0,2008
45033,South Carolina,Dillon County,13.8,2012
45033,South Carolina,Dillon County,6.6,2016
45033,South Carolina,Dillon County,5.9,2020
45035,South Carolina,Dorchester County,3.1,2000
45035,South Carolina,Dorchester County,5.5,2004
45035,South Carolina,Dorchester County,6.0,2008
45035,South Carolina,Dorchester County,7.7,2012
45035,South Carolina,Dorchester County,4.5,2016
45035,South Carolina,Dorchester County,5.6,2020
45037,South Carolina,Edgefield County,3.7,2000
45037,South Carolina,Edgefield County,6.4,2004
45037,South Carolina,Edgefield County,7.2,2008
45037,South Carolina,Edgefield County,9.2,2012
45037,South Carolina,Edgefield County,5.5,2016
45037,South Carolina,Edgefield County,5.0,2020
45039,South Carolina,Fairfield County,5.0,2000
45039,South Carolina,Fairfield County,8.7,2004
45039,South Carolina,Fairfield County,11.3,2008
45039,South Carolina,Fairfield County,12.8,2012
45039,South Carolina,Fairfield County,7.1,2016
45039,South Carolina,Fairfield County,7.8,2020
45041,South Carolina,Florence County,4.2,2000
45041,South Carolina,Florence County,9.1,2004
45041,South Carolina,Florence County,7.5,2008
45041,South Carolina,Florence County,9.4,2012
45041,South Carolina,Florence County,5.2,2016
45041,South Carolina,Florence County,5.4,2020
45043,South Carolina,Georgetown County,5.5,2000
45043,South Carolina,Georgetown County,10.3,2004
45043,South Carolina,Georgetown County,7.9,2008
45043,South Carolina,Georgetown County,11.7,2012
45043,South Carolina,Georgetown County,6.7,2016
45043,South Carolina,Georgetown County,7.3,2020
45045,South Carolina,Greenville County,2.7,2000
45045,South Carolina,Greenville County,6.4,2004
45045,South Carolina,Greenville County,5.9,2008
45045,South Carolina,Greenville County,7.3,2012
45045,South Carolina,Greenville County,4.1,2016
45045,South Carolina,Greenville County,5.5,2020
45047,South Carolina,Greenwood County,4.3,2000
45047,South Carolina,Greenwood County,9.5,2004
45047,South Carolina,Greenwood County,8.1,2008
45047,South Carolina,Greenwood County,9.9,2012
45047,South Carolina,Greenwood County,5.1,2016
45047,South Carolina,Greenwood County,6.2,2020
45049,South Carolina,Hampton County,4.4,2000
45049,South Carolina,Hampton County,10.2,2004
45049,South Carolina,Hampton County,9.6,2008
45049,South Carolina,Hampton County,10.9,2012
45049,South Carolina,Hampton County,5.7,2016
45049,South Carolina,Hampton County,4.8,2020
45051,South Carolina,Horry County,3.7,2000
45051,South Carolina,Horry County,6.5,2004
45051,South Carolina,Horry County,7.6,2008
45051,South Carolina,Horry County,10.1,2012
45051,South Carolina,Horry County,5.7,2016
45051,South Carolina,Horry County,8.4,2020
45053,South Carolina,Jasper County,3.6,2000
45053,South Carolina,Jasper County,6.0,2004
45053,South Carolina,Jasper County,6.5,2008
45053,South Carolina,Jasper County,8.3,2012
45053,South Carolina,Jasper County,4.3,2016
45053,South Carolina,Jasper County,4.9,2020
45055,South Carolina,Kershaw County,3.8,2000
45055,South Carolina,Kershaw County,6.8,2004
45055,South Carolina,Kershaw County,7.0,2008
45055,South Carolina,Kershaw County,9.3,2012
45055,South Carolina,Kershaw County,5.1,2016
45055,South Carolina,Kershaw County,5.1,2020
45057,South Carolina,Lancaster County,3.7,2000
45057,South Carolina,Lancaster County,9.6,2004
45057,South Carolina,Lancaster County,12.3,2008
45057,South Carolina,Lancaster County,11.0,2012
45057,South Carolina,Lancaster County,5.2,2016
45057,South Carolina,Lancaster County,6.6,2020
45059,South Carolina,Laurens County,3.3,2000
45059,South Carolina,Laurens County,7.7,2004
45059,South Carolina,Laurens County,7.9,2008
45059,South Carolina,Laurens County,10.1,2012
45059,South Carolina,Laurens County,5.1,2016
45059,South Carolina,Laurens County,6.7,2020
45061,South Carolina,Lee County,5.7,2000
45061,South Carolina,Lee County,9.5,2004
45061,South Carolina,Lee County,10.0,2008
45061,South Carolina,Lee County,13.8,2012
45061,South Carolina,Lee County,6.9,2016
45061,South Carolina,Lee County,7.4,2020
45063,South Carolina,Lexington County,2.7,2000
45063,South Carolina,Lexington County,5.3,2004
45063,South Carolina,Lexington County,5.2,2008
45063,South Carolina,Lexington County,6.8,2012
45063,South Carolina,Lexington County,4.0,2016
45063,South Carolina,Lexington County,4.2,2020
45065,South Carolina,Mccormick County,6.4,2000
45065,South Carolina,Mccormick County,12.0,2004
45065,South Carolina,Mccormick County,11.5,2008
45065,South Carolina,Mccormick County,11.5,2012
45065,South Carolina,Mccormick County,5.5,2016
45065,South Carolina,Mccormick County,6.5,2020
45067,South Carolina,Marion County,9.5,2000
45067,South Carolina,Marion County,14.6,2004
45067,South Carolina,Marion County,14.6,2008
45067,South Carolina,Marion County,15.6,2012
45067,South Carolina,Marion County,8.5,2016
45067,South Carolina,Marion County,7.6,2020
45069,South Carolina,Marlboro County,6.9,2000
45069,South Carolina,Marlboro County,14.0,2004
45069,South Carolina,Marlboro County,13.3,2008
45069,South Carolina,Marlboro County,17.2,2012
45069,South Carolina,Marlboro County,8.2,2016
45069,South Carolina,Marlboro County,9.4,2020
45071,South Carolina,Newberry County,4.3,2000
45071,South Carolina,Newberry County,8.0,2004
45071,South Carolina,Newberry County,7.4,2008
45071,South Carolina,Newberry County,8.6,2012
45071,South Carolina,Newberry County,4.3,2016
45071,South Carolina,Newberry County,4.6,2020
45073,South Carolina,Oconee County,3.6,2000
45073,South Carolina,Oconee County,8.1,2004
45073,South Carolina,Oconee County,7.8,2008
45073,South Carolina,Oconee County,8.6,2012
45073,South Carolina,Oconee County,5.0,2016
45073,South Carolina,Oconee County,5.2,2020
45075,South Carolina,Orangeburg County,5.9,2000
45075,South Carolina,Orangeburg County,10.2,2004
45075,South Carolina,Orangeburg County,10.8,2008
45075,South Carolina,Orangeburg County,14.0,2012
45075,South Carolina,Orangeburg County,8.7,2016
45075,South Carolina,Orangeburg County,8.8,2020
45077,South Carolina,Pickens County,3.1,2000
45077,South Carolina,Pickens County,7.4,2004
45077,South Carolina,Pickens County,6.5,2008
45077,South Carolina,Pickens County,8.8,2012
45077,South Carolina,Pickens County,4.9,2016
45077,South Carolina,Pickens County,5.1,2020
45079,South Carolina,Richland County,3.3,2000
45079,South Carolina,Richland County,6.6,2004
45079,South Carolina,Richland County,6.5,2008
45079,South Carolina,Richland County,8.0,2012
45079,South Carolina,Richland County,4.7,2016
45079,South Carolina,Richland County,5.7,2020
45081,South Carolina,Saluda County,3.7,2000
45081,South Carolina,Saluda County,8.1,2004
45081,South Carolina,Saluda County,6.4,2008
45081,South Carolina,Saluda County,8.3,2012
45081,South Carolina,Saluda County,4.4,2016
45081,South Carolina,Saluda County,4.2,2020
45083,South Carolina,Spartanburg County,3.6,2000
45083,South Carolina,Spartanburg County,8.2,2004
45083,South Carolina,Spartanburg County,7.3,2008
45083,South Carolina,Spartanburg County,9.2,2012
45083,South Carolina,Spartanburg County,4.6,2016
45083,South Carolina,Spartanburg County,6.3,2020
45085,South Carolina,Sumter County,4.3,2000
45085,South Carolina,Sumter County,8.5,2004
45085,South Carolina,Sumter County,8.8,2008
45085,South Carolina,Sumter County,10.4,2012
45085,South Carolina,Sumter County,5.8,2016
45085,South Carolina,Sumter County,6.5,2020
45087,South Carolina,Union County,5.2,2000
45087,South Carolina,Union County,13.1,2004
45087,South Carolina,Union County,11.5,2008
45087,South Carolina,Union County,13.4,2012
45087,South Carolina,Union County,6.1,2016
45087,South Carolina,Union County,8.9,2020
45089,South Carolina,Williamsburg County,7.7,2000
45089,South Carolina,Williamsburg County,13.0,2004
45089,South Carolina,Williamsburg County,11.1,2008
45089,South Carolina,Williamsburg County,15.5,2012
45089,South Carolina,Williamsburg County,7.6,2016
45089,South Carolina,Williamsburg County,8.0,2020
45091,South Carolina,York County,3.3,2000
45091,South Carolina,York County,7.9,2004
45091,South Carolina,York County,7.5,2008
45091,South Carolina,York County,9.1,2012
45091,South Carolina,York County,4.5,2016
45091,South Carolina,York County,5.8,2020
46003,South Dakota,Aurora County,2.3,2000
46003,South Dakota,Aurora County,3.7,2004
46003,South Dakota,Aurora County,3.1,2008
46003,South Dakota,Aurora County,2.8,2012
46003,South Dakota,Aurora County,2.2,2016
46003,South Dakota,Aurora County,2.9,2020
46005,South Dakota,Beadle County,2.5,2000
46005,South Dakota,Beadle County,3.8,2004
46005,South Dakota,Beadle County,2.5,2008
46005,South Dakota,Beadle County,3.3,2012
46005,South Dakota,Beadle County,2.6,2016
46005,South Dakota,Beadle County,3.4,2020
46007,South Dakota,Bennett County,3.7,2000
46007,South Dakota,Bennett County,3.9,2004
46007,South Dakota,Bennett County,4.1,2008
46007,South Dakota,Bennett County,6.4,2012
46007,South Dakota,Bennett County,4.0,2016
46007,South Dakota,Bennett County,4.6,2020
46009,South Dakota,Bon Homme County,2.7,2000
46009,South Dakota,Bon Homme County,3.5,2004
46009,South Dakota,Bon Homme County,3.5,2008
46009,South Dakota,Bon Homme County,3.7,2012
46009,South Dakota,Bon Homme County,2.7,2016
46009,South Dakota,Bon Homme County,3.6,2020
46011,South Dakota,Brookings County,2.1,2000
46011,South Dakota,Brookings County,2.9,2004
46011,South Dakota,Brookings County,2.4,2008
46011,South Dakota,Brookings County,3.7,2012
46011,South Dakota,Brookings County,2.8,2016
46011,South Dakota,Brookings County,3.9,2020
46013,South Dakota,Brown County,2.3,2000
46013,South Dakota,Brown County,3.1,2004
46013,South Dakota,Brown County,2.5,2008
46013,South Dakota,Brown County,3.4,2012
46013,South Dakota,Brown County,2.7,2016
46013,South Dakota,Brown County,4.0,2020
46015,South Dakota,Brule County,2.5,2000
46015,South Dakota,Brule County,2.7,2004
46015,South Dakota,Brule County,2.7,2008
46015,South Dakota,Brule County,3.4,2012
46015,South Dakota,Brule County,2.6,2016
46015,South Dakota,Brule County,4.0,2020
46017,South Dakota,Buffalo County,9.6,2000
46017,South Dakota,Buffalo County,10.8,2004
46017,South Dakota,Buffalo County,10.1,2008
46017,South Dakota,Buffalo County,9.2,2012
46017,South Dakota,Buffalo County,8.4,2016
46017,South Dakota,Buffalo County,7.4,2020
46019,South Dakota,Butte County,2.8,2000
46019,South Dakota,Butte County,3.5,2004
46019,South Dakota,Butte County,2.8,2008
46019,South Dakota,Butte County,4.4,2012
46019,South Dakota,Butte County,3.5,2016
46019,South Dakota,Butte County,4.9,2020
46021,South Dakota,Campbell County,5.5,2000
46021,South Dakota,Campbell County,3.8,2004
46021,South Dakota,Campbell County,2.9,2008
46021,South Dakota,Campbell County,3.4,2012
46021,South Dakota,Campbell County,2.9,2016
46021,South Dakota,Campbell County,3.2,2020
46023,South Dakota,Charles Mix County,2.8,2000
46023,South Dakota,Charles Mix County,4.0,2004
46023,South Dakota,Charles Mix County,3.5,2008
46023,South Dakota,Charles Mix County,4.7,2012
46023,South Dakota,Charles Mix County,3.2,2016
46023,South Dakota,Charles Mix County,5.7,2020
46025,South Dakota,Clark County,3.7,2000
46025,South Dakota,Clark County,4.3,2004
46025,South Dakota,Clark County,3.9,2008
46025,South Dakota,Clark County,4.1,2012
46025,South Dakota,Clark County,3.9,2016
46025,South Dakota,Clark County,3.6,2020
46027,South Dakota,Clay County,2.1,2000
46027,South Dakota,Clay County,3.2,2004
46027,South Dakota,Clay County,2.8,2008
46027,South Dakota,Clay County,3.6,2012
46027,South Dakota,Clay County,3.0,2016
46027,South Dakota,Clay County,4.1,2020
46029,South Dakota,Codington County,2.5,2000
46029,South Dakota,Codington County,3.5,2004
46029,South Dakota,Codington County,3.0,2008
46029,South Dakota,Codington County,3.7,2012
46029,South Dakota,Codington County,3.1,2016
46029,South Dakota,Codington County,4.4,2020
46031,South Dakota,Corson County,5.7,2000
46031,South Dakota,Corson County,6.2,2004
46031,South Dakota,Corson County,5.2,2008
46031,South Dakota,Corson County,7.6,2012
46031,South Dakota,Corson County,4.5,2016
46031,South Dakota,Corson County,4.4,2020
46033,South Dakota,Custer County,3.0,2000
46033,South Dakota,Custer County,3.9,2004
46033,South Dakota,Custer County,2.8,2008
46033,South Dakota,Custer County,5.1,2012
46033,South Dakota,Custer County,4.0,2016
46033,South Dakota,Custer County,5.5,2020
46035,South Dakota,Davison County,2.3,2000
46035,South Dakota,Davison County,3.0,2004
46035,South Dakota,Davison County,2.6,2008
46035,South Dakota,Davison County,3.2,2012
46035,South Dakota,Davison County,2.4,2016
46035,South Dakota,Davison County,3.7,2020
46037,South Dakota,Day County,4.1,2000
46037,South Dakota,Day County,6.2,2004
46037,South Dakota,Day County,4.4,2008
46037,South Dakota,Day County,5.5,2012
46037,South Dakota,Day County,4.2,2016
46037,South Dakota,Day County,5.1,2020
46039,South Dakota,Deuel County,3.2,2000
46039,South Dakota,Deuel County,4.4,2004
46039,South Dakota,Deuel County,3.8,2008
46039,South Dakota,Deuel County,5.6,2012
46039,South Dakota,Deuel County,4.9,2016
46039,South Dakota,Deuel County,4.8,2020
46041,South Dakota,Dewey County,9.2,2000
46041,South Dakota,Dewey County,8.4,2004
46041,South Dakota,Dewey County,9.3,2008
46041,South Dakota,Dewey County,15.3,2012
46041,South Dakota,Dewey County,9.1,2016
46041,South Dakota,Dewey County,6.7,2020
46043,South Dakota,Douglas County,2.2,2000
46043,South Dakota,Douglas County,3.0,2004
46043,South Dakota,Douglas County,2.7,2008
46043,South Dakota,Douglas County,3.2,2012
46043,South Dakota,Douglas County,2.6,2016
46043,South Dakota,Douglas County,2.6,2020
46045,South Dakota,Edmunds County,2.3,2000
46045,South Dakota,Edmunds County,3.4,2004
46045,South Dakota,Edmunds County,2.7,2008
46045,South Dakota,Edmunds County,2.8,2012
46045,South Dakota,Edmunds County,2.3,2016
46045,South Dakota,Edmunds County,2.6,2020
46047,South Dakota,Fall River County,3.8,2000
46047,South Dakota,Fall River County,4.2,2004
46047,South Dakota,Fall River County,3.4,2008
46047,South Dakota,Fall River County,5.4,2012
46047,South Dakota,Fall River County,4.4,2016
46047,South Dakota,Fall River County,5.3,2020
46049,South Dakota,Faulk County,2.5,2000
46049,South Dakota,Faulk County,3.1,2004
46049,South Dakota,Faulk County,2.9,2008
46049,South Dakota,Faulk County,3.8,2012
46049,South Dakota,Faulk County,2.7,2016
46049,South Dakota,Faulk County,3.1,2020
46051,South Dakota,Grant County,3.1,2000
46051,South Dakota,Grant County,4.4,2004
46051,South Dakota,Grant County,3.7,2008
46051,South Dakota,Grant County,4.2,2012
46051,South Dakota,Grant County,3.2,2016
46051,South Dakota,Grant County,3.6,2020
46053,South Dakota,Gregory County,3.0,2000
46053,South Dakota,Gregory County,3.4,2004
46053,South Dakota,Gregory County,3.4,2008
46053,South Dakota,Gregory County,4.1,2012
46053,South Dakota,Gregory County,3.0,2016
46053,South Dakota,Gregory County,3.4,2020
46055,South Dakota,Haakon County,1.8,2000
46055,South Dakota,Haakon County,2.6,2004
46055,South Dakota,Haakon County,2.6,2008
46055,South Dakota,Haakon County,3.0,2012
46055,South Dakota,Haakon County,2.4,2016
46055,South Dakota,Haakon County,2.3,2020
46057,South Dakota,Hamlin County,2.6,2000
46057,South Dakota,Hamlin County,3.8,2004
46057,South Dakota,Hamlin County,3.4,2008
46057,South Dakota,Hamlin County,3.7,2012
46057,South Dakota,Hamlin County,3.4,2016
46057,South Dakota,Hamlin County,3.1,2020
46059,South Dakota,Hand County,2.1,2000
46059,South Dakota,Hand County,3.1,2004
46059,South Dakota,Hand County,2.6,2008
46059,South Dakota,Hand County,2.9,2012
46059,South Dakota,Hand County,2.2,2016
46059,South Dakota,Hand County,2.3,2020
46061,South Dakota,Hanson County,2.1,2000
46061,South Dakota,Hanson County,3.1,2004
46061,South Dakota,Hanson County,3.1,2008
46061,South Dakota,Hanson County,4.4,2012
46061,South Dakota,Hanson County,3.4,2016
46061,South Dakota,Hanson County,4.6,2020
46063,South Dakota,Harding County,2.6,2000
46063,South Dakota,Harding County,3.1,2004
46063,South Dakota,Harding County,2.7,2008
46063,South Dakota,Harding County,3.4,2012
46063,South Dakota,Harding County,2.9,2016
46063,South Dakota,Harding County,3.2,2020
46065,South Dakota,Hughes County,2.0,2000
46065,South Dakota,Hughes County,2.8,2004
46065,South Dakota,Hughes County,2.4,2008
46065,South Dakota,Hughes County,3.1,2012
46065,South Dakota,Hughes County,2.4,2016
46065,South Dakota,Hughes County,3.0,2020
46067,South Dakota,Hutchinson County,2.6,2000
46067,South Dakota,Hutchinson County,3.6,2004
46067,South Dakota,Hutchinson County,3.1,2008
46067,South Dakota,Hutchinson County,3.3,2012
46067,South Dakota,Hutchinson County,2.6,2016
46067,South Dakota,Hutchinson County,3.4,2020
46069,South Dakota,Hyde County,2.6,2000
46069,South Dakota,Hyde County,3.5,2004
46069,South Dakota,Hyde County,2.9,2008
46069,South Dakota,Hyde County,3.4,2012
46069,South Dakota,Hyde County,2.7,2016
46069,South Dakota,Hyde County,2.8,2020
46071,South Dakota,Jackson County,4.3,2000
46071,South Dakota,Jackson County,5.7,2004
46071,South Dakota,Jackson County,5.9,2008
46071,South Dakota,Jackson County,6.7,2012
46071,South Dakota,Jackson County,4.2,2016
46071,South Dakota,Jackson County,3.8,2020
46073,South Dakota,Jerauld County,2.4,2000
46073,South Dakota,Jerauld County,3.0,2004
46073,South Dakota,Jerauld County,2.3,2008
46073,South Dakota,Jerauld County,2.9,2012
46073,South Dakota,Jerauld County,2.5,2016
46073,South Dakota,Jerauld County,2.2,2020
46075,South Dakota,Jones County,2.1,2000
46075,South Dakota,Jones County,2.5,2004
46075,South Dakota,Jones County,2.5,2008
46075,South Dakota,Jones County,3.6,2012
46075,South Dakota,Jones County,2.4,2016
46075,South Dakota,Jones County,3.3,2020
46077,South Dakota,Kingsbury County,2.6,2000
46077,South Dakota,Kingsbury County,3.9,2004
46077,South Dakota,Kingsbury County,3.3,2008
46077,South Dakota,Kingsbury County,3.4,2012
46077,South Dakota,Kingsbury County,2.7,2016
46077,South Dakota,Kingsbury County,3.3,2020
46079,South Dakota,Lake County,2.5,2000
46079,South Dakota,Lake County,3.6,2004
46079,South Dakota,Lake County,3.2,2008
46079,South Dakota,Lake County,4.0,2012
46079,South Dakota,Lake County,3.4,2016
46079,South Dakota,Lake County,3.4,2020
46081,South Dakota,Lawrence County,2.9,2000
46081,South Dakota,Lawrence County,3.4,2004
46081,South Dakota,Lawrence County,2.9,2008
46081,South Dakota,Lawrence County,4.3,2012
46081,South Dakota,Lawrence County,3.3,2016
46081,South Dakota,Lawrence County,5.7,2020
46083,South Dakota,Lincoln County,1.7,2000
46083,South Dakota,Lincoln County,2.7,2004
46083,South Dakota,Lincoln County,2.5,2008
46083,South Dakota,Lincoln County,3.1,2012
46083,South Dakota,Lincoln County,2.2,2016
46083,South Dakota,Lincoln County,3.3,2020
46085,South Dakota,Lyman County,4.1,2000
46085,South Dakota,Lyman County,4.7,2004
46085,South Dakota,Lyman County,4.6,2008
46085,South Dakota,Lyman County,5.6,2012
46085,South Dakota,Lyman County,4.7,2016
46085,South Dakota,Lyman County,5.2,2020
46087,South Dakota,Mccook County,2.2,2000
46087,South Dakota,Mccook County,3.3,2004
46087,South Dakota,Mccook County,3.6,2008
46087,South Dakota,Mccook County,3.6,2012
46087,South Dakota,Mccook County,2.5,2016
46087,South Dakota,Mccook County,3.4,2020
46089,South Dakota,Mcpherson County,2.9,2000
46089,South Dakota,Mcpherson County,4.5,2004
46089,South Dakota,Mcpherson County,4.3,2008
46089,South Dakota,Mcpherson County,4.4,2012
46089,South Dakota,Mcpherson County,3.5,2016
46089,South Dakota,Mcpherson County,4.6,2020
46091,South Dakota,Marshall County,3.7,2000
46091,South Dakota,Marshall County,4.9,2004
46091,South Dakota,Marshall County,4.4,2008
46091,South Dakota,Marshall County,4.5,2012
46091,South Dakota,Marshall County,3.9,2016
46091,South Dakota,Marshall County,4.3,2020
46093,South Dakota,Meade County,2.4,2000
46093,South Dakota,Meade County,3.5,2004
46093,South Dakota,Meade County,3.1,2008
46093,South Dakota,Meade County,4.2,2012
46093,South Dakota,Meade County,3.2,2016
46093,South Dakota,Meade County,4.5,2020
46095,South Dakota,Mellette County,3.9,2000
46095,South Dakota,Mellette County,5.9,2004
46095,South Dakota,Mellette County,4.4,2008
46095,South Dakota,Mellette County,7.4,2012
46095,South Dakota,Mellette County,4.3,2016
46095,South Dakota,Mellette County,5.6,2020
46097,South Dakota,Miner County,2.7,2000
46097,South Dakota,Miner County,4.4,2004
46097,South Dakota,Miner County,3.5,2008
46097,South Dakota,Miner County,3.4,2012
46097,South Dakota,Miner County,2.7,2016
46097,South Dakota,Miner County,4.3,2020
46099,South Dakota,Minnehaha County,2.0,2000
46099,South Dakota,Minnehaha County,3.4,2004
46099,South Dakota,Minnehaha County,2.9,2008
46099,South Dakota,Minnehaha County,3.8,2012
46099,South Dakota,Minnehaha County,2.6,2016
46099,South Dakota,Minnehaha County,4.1,2020
46101,South Dakota,Moody County,3.8,2000
46101,South Dakota,Moody County,5.1,2004
46101,South Dakota,Moody County,4.3,2008
46101,South Dakota,Moody County,5.2,2012
46101,South Dakota,Moody County,3.7,2016
46101,South Dakota,Moody County,4.7,2020
46102,South Dakota,Oglala Lakota County,8.7,2000
46102,South Dakota,Oglala Lakota County,8.9,2004
46102,South Dakota,Oglala Lakota County,8.5,2008
46102,South Dakota,Oglala Lakota County,13.5,2012
46102,South Dakota,Oglala Lakota County,10.9,2016
46102,South Dakota,Oglala Lakota County,8.8,2020
46103,South Dakota,Pennington County,2.3,2000
46103,South Dakota,Pennington County,3.4,2004
46103,South Dakota,Pennington County,3.0,2008
46103,South Dakota,Pennington County,4.2,2012
46103,South Dakota,Pennington County,3.1,2016
46103,South Dakota,Pennington County,4.8,2020
46105,South Dakota,Perkins County,2.6,2000
46105,South Dakota,Perkins County,3.7,2004
46105,South Dakota,Perkins County,3.1,2008
46105,South Dakota,Perkins County,3.8,2012
46105,South Dakota,Perkins County,2.9,2016
46105,South Dakota,Perkins County,3.3,2020
46107,South Dakota,Potter County,2.8,2000
46107,South Dakota,Potter County,3.5,2004
46107,South Dakota,Potter County,3.1,2008
46107,South Dakota,Potter County,3.8,2012
46107,South Dakota,Potter County,2.8,2016
46107,South Dakota,Potter County,2.9,2020
46109,South Dakota,Roberts County,3.9,2000
46109,South Dakota,Roberts County,5.1,2004
46109,South Dakota,Roberts County,4.2,2008
46109,South Dakota,Roberts County,5.4,2012
46109,South Dakota,Roberts County,4.2,2016
46109,South Dakota,Roberts County,5.7,2020
46111,South Dakota,Sanborn County,2.4,2000
46111,South Dakota,Sanborn County,3.3,2004
46111,South Dakota,Sanborn County,2.7,2008
46111,South Dakota,Sanborn County,3.3,2012
46111,South Dakota,Sanborn County,3.0,2016
46111,South Dakota,Sanborn County,3.6,2020
46115,South Dakota,Spink County,3.1,2000
46115,South Dakota,Spink County,3.5,2004
46115,South Dakota,Spink County,3.3,2008
46115,South Dakota,Spink County,3.9,2012
46115,South Dakota,Spink County,3.1,2016
46115,South Dakota,Spink County,3.6,2020
46117,South Dakota,Stanley County,1.9,2000
46117,South Dakota,Stanley County,2.7,2004
46117,South Dakota,Stanley County,2.5,2008
46117,South Dakota,Stanley County,2.9,2012
46117,South Dakota,Stanley County,2.4,2016
46117,South Dakota,Stanley County,3.4,2020
46119,South Dakota,Sully County,2.3,2000
46119,South Dakota,Sully County,2.4,2004
46119,South Dakota,Sully County,2.2,2008
46119,South Dakota,Sully County,2.9,2012
46119,South Dakota,Sully County,2.3,2016
46119,South Dakota,Sully County,2.5,2020
46121,South Dakota,Todd County,4.6,2000
46121,South Dakota,Todd County,5.8,2004
46121,South Dakota,Todd County,6.4,2008
46121,South Dakota,Todd County,9.2,2012
46121,South Dakota,Todd County,6.5,2016
46121,South Dakota,Todd County,5.8,2020
46123,South Dakota,Tripp County,2.7,2000
46123,South Dakota,Tripp County,3.4,2004
46123,South Dakota,Tripp County,3.0,2008
46123,South Dakota,Tripp County,3.5,2012
46123,South Dakota,Tripp County,2.2,2016
46123,South Dakota,Tripp County,2.8,2020
46125,South Dakota,Turner County,2.3,2000
46125,South Dakota,Turner County,3.7,2004
46125,South Dakota,Turner County,3.3,2008
46125,South Dakota,Turner County,3.3,2012
46125,South Dakota,Turner County,2.8,2016
46125,South Dakota,Turner County,3.6,2020
46127,South Dakota,Union County,2.5,2000
46127,South Dakota,Union County,4.5,2004
46127,South Dakota,Union County,3.5,2008
46127,South Dakota,Union County,4.5,2012
46127,South Dakota,Union County,3.1,2016
46127,South Dakota,Union County,4.5,2020
46129,South Dakota,Walworth County,3.4,2000
46129,South Dakota,Walworth County,5.2,2004
46129,South Dakota,Walworth County,4.3,2008
46129,South Dakota,Walworth County,5.8,2012
46129,South Dakota,Walworth County,5.2,2016
46129,South Dakota,Walworth County,5.5,2020
46135,South Dakota,Yankton County,2.3,2000
46135,South Dakota,Yankton County,3.4,2004
46135,South Dakota,Yankton County,2.8,2008
46135,South Dakota,Yankton County,3.5,2012
46135,South Dakota,Yankton County,2.6,2016
46135,South Dakota,Yankton County,4.1,2020
46137,South Dakota,Ziebach County,7.8,2000
46137,South Dakota,Ziebach County,6.9,2004
46137,South Dakota,Ziebach County,6.0,2008
46137,South Dakota,Ziebach County,6.6,2012
46137,South Dakota,Ziebach County,4.6,2016
46137,South Dakota,Ziebach County,4.1,2020
47001,Tennessee,Anderson County,4.1,2000
47001,Tennessee,Anderson County,4.8,2004
47001,Tennessee,Anderson County,5.7,2008
47001,Tennessee,Anderson County,8.1,2012
47001,Tennessee,Anderson County,4.9,2016
47001,Tennessee,Anderson County,6.7,2020
47003,Tennessee,Bedford County,4.5,2000
47003,Tennessee,Bedford County,5.3,2004
47003,Tennessee,Bedford County,6.7,2008
47003,Tennessee,Bedford County,9.9,2012
47003,Tennessee,Bedford County,5.0,2016
47003,Tennessee,Bedford County,8.0,2020
47005,Tennessee,Benton County,7.3,2000
47005,Tennessee,Benton County,8.3,2004
47005,Tennessee,Benton County,8.6,2008
47005,Tennessee,Benton County,10.0,2012
47005,Tennessee,Benton County,7.1,2016
47005,Tennessee,Benton County,7.9,2020
47007,Tennessee,Bledsoe County,4.0,2000
47007,Tennessee,Bledsoe County,7.4,2004
47007,Tennessee,Bledsoe County,8.3,2008
47007,Tennessee,Bledsoe County,10.6,2012
47007,Tennessee,Bledsoe County,7.0,2016
47007,Tennessee,Bledsoe County,8.4,2020
47009,Tennessee,Blount County,3.5,2000
47009,Tennessee,Blount County,4.2,2004
47009,Tennessee,Blount County,6.1,2008
47009,Tennessee,Blount County,7.2,2012
47009,Tennessee,Blount County,4.4,2016
47009,Tennessee,Blount County,6.4,2020
47011,Tennessee,Bradley County,3.5,2000
47011,Tennessee,Bradley County,5.0,2004
47011,Tennessee,Bradley County,6.3,2008
47011,Tennessee,Bradley County,7.5,2012
47011,Tennessee,Bradley County,4.5,2016
47011,Tennessee,Bradley County,6.6,2020
47013,Tennessee,Campbell County,6.0,2000
47013,Tennessee,Campbell County,5.9,2004
47013,Tennessee,Campbell County,7.7,2008
47013,Tennessee,Campbell County,11.2,2012
47013,Tennessee,Campbell County,6.9,2016
47013,Tennessee,Campbell County,7.6,2020
47015,Tennessee,Cannon County,3.5,2000
47015,Tennessee,Cannon County,4.6,2004
47015,Tennessee,Cannon County,7.3,2008
47015,Tennessee,Cannon County,8.6,2012
47015,Tennessee,Cannon County,4.6,2016
47015,Tennessee,Cannon County,6.5,2020
47017,Tennessee,Carroll County,7.7,2000
47017,Tennessee,Carroll County,8.1,2004
47017,Tennessee,Carroll County,9.0,2008
47017,Tennessee,Carroll County,11.1,2012
47017,Tennessee,Carroll County,6.7,2016
47017,Tennessee,Carroll County,7.4,2020
47019,Tennessee,Carter County,4.7,2000
47019,Tennessee,Carter County,5.9,2004
47019,Tennessee,Carter County,6.5,2008
47019,Tennessee,Carter County,9.1,2012
47019,Tennessee,Carter County,5.7,2016
47019,Tennessee,Carter County,6.8,2020
47021,Tennessee,Cheatham County,2.7,2000
47021,Tennessee,Cheatham County,4.5,2004
47021,Tennessee,Cheatham County,5.4,2008
47021,Tennessee,Cheatham County,7.3,2012
47021,Tennessee,Cheatham County,4.0,2016
47021,Tennessee,Cheatham County,5.7,2020
47023,Tennessee,Chester County,4.0,2000
47023,Tennessee,Chester County,5.6,2004
47023,Tennessee,Chester County,6.9,2008
47023,Tennessee,Chester County,8.0,2012
47023,Tennessee,Chester County,5.0,2016
47023,Tennessee,Chester County,5.5,2020
47025,Tennessee,Claiborne County,4.9,2000
47025,Tennessee,Claiborne County,5.5,2004
47025,Tennessee,Claiborne County,7.4,2008
47025,Tennessee,Claiborne County,10.0,2012
47025,Tennessee,Claiborne County,6.2,2016
47025,Tennessee,Claiborne County,7.4,2020
47027,Tennessee,Clay County,6.4,2000
47027,Tennessee,Clay County,9.1,2004
47027,Tennessee,Clay County,10.5,2008
47027,Tennessee,Clay County,10.2,2012
47027,Tennessee,Clay County,6.6,2016
47027,Tennessee,Clay County,7.7,2020
47029,Tennessee,Cocke County,6.3,2000
47029,Tennessee,Cocke County,7.9,2004
47029,Tennessee,Cocke County,8.7,2008
47029,Tennessee,Cocke County,11.7,2012
47029,Tennessee,Cocke County,6.3,2016
47029,Tennessee,Cocke County,10.3,2020
47031,Tennessee,Coffee County,3.9,2000
47031,Tennessee,Coffee County,4.7,2004
47031,Tennessee,Coffee County,6.2,2008
47031,Tennessee,Coffee County,8.4,2012
47031,Tennessee,Coffee County,4.7,2016
47031,Tennessee,Coffee County,7.9,2020
47033,Tennessee,Crockett County,4.6,2000
47033,Tennessee,Crockett County,7.7,2004
47033,Tennessee,Crockett County,8.8,2008
47033,Tennessee,Crockett County,9.3,2012
47033,Tennessee,Crockett County,5.3,2016
47033,Tennessee,Crockett County,5.7,2020
47035,Tennessee,Cumberland County,4.9,2000
47035,Tennessee,Cumberland County,6.3,2004
47035,Tennessee,Cumberland County,7.7,2008
47035,Tennessee,Cumberland County,9.2,2012
47035,Tennessee,Cumberland County,5.9,2016
47035,Tennessee,Cumberland County,7.5,2020
47037,Tennessee,Davidson County,3.1,2000
47037,Tennessee,Davidson County,4.5,2004
47037,Tennessee,Davidson County,5.3,2008
47037,Tennessee,Davidson County,6.3,2012
47037,Tennessee,Davidson County,3.6,2016
47037,Tennessee,Davidson County,8.2,2020
47039,Tennessee,Decatur County,5.3,2000
47039,Tennessee,Decatur County,7.2,2004
47039,Tennessee,Decatur County,8.3,2008
47039,Tennessee,Decatur County,10.5,2012
47039,Tennessee,Decatur County,6.9,2016
47039,Tennessee,Decatur County,8.6,2020
47041,Tennessee,Dekalb County,4.6,2000
47041,Tennessee,Dekalb County,5.0,2004
47041,Tennessee,Dekalb County,6.6,2008
47041,Tennessee,Dekalb County,9.8,2012
47041,Tennessee,Dekalb County,5.6,2016
47041,Tennessee,Dekalb County,9.2,2020
47043,Tennessee,Dickson County,3.5,2000
47043,Tennessee,Dickson County,5.1,2004
47043,Tennessee,Dickson County,6.8,2008
47043,Tennessee,Dickson County,8.5,2012
47043,Tennessee,Dickson County,4.4,2016
47043,Tennessee,Dickson County,6.0,2020
47045,Tennessee,Dyer County,5.1,2000
47045,Tennessee,Dyer County,5.9,2004
47045,Tennessee,Dyer County,7.4,2008
47045,Tennessee,Dyer County,11.2,2012
47045,Tennessee,Dyer County,6.2,2016
47045,Tennessee,Dyer County,7.9,2020
47047,Tennessee,Fayette County,4.4,2000
47047,Tennessee,Fayette County,6.2,2004
47047,Tennessee,Fayette County,7.3,2008
47047,Tennessee,Fayette County,8.6,2012
47047,Tennessee,Fayette County,5.1,2016
47047,Tennessee,Fayette County,6.2,2020
47049,Tennessee,Fentress County,7.3,2000
47049,Tennessee,Fentress County,6.6,2004
47049,Tennessee,Fentress County,9.3,2008
47049,Tennessee,Fentress County,9.9,2012
47049,Tennessee,Fentress County,6.2,2016
47049,Tennessee,Fentress County,6.3,2020
47051,Tennessee,Franklin County,3.8,2000
47051,Tennessee,Franklin County,5.2,2004
47051,Tennessee,Franklin County,6.6,2008
47051,Tennessee,Franklin County,7.9,2012
47051,Tennessee,Franklin County,4.9,2016
47051,Tennessee,Franklin County,8.0,2020
47053,Tennessee,Gibson County,5.3,2000
47053,Tennessee,Gibson County,8.0,2004
47053,Tennessee,Gibson County,9.3,2008
47053,Tennessee,Gibson County,10.5,2012
47053,Tennessee,Gibson County,5.9,2016
47053,Tennessee,Gibson County,6.8,2020
47055,Tennessee,Giles County,4.3,2000
47055,Tennessee,Giles County,7.2,2004
47055,Tennessee,Giles County,7.9,2008
47055,Tennessee,Giles County,8.6,2012
47055,Tennessee,Giles County,4.0,2016
47055,Tennessee,Giles County,8.3,2020
47057,Tennessee,Grainger County,4.5,2000
47057,Tennessee,Grainger County,6.0,2004
47057,Tennessee,Grainger County,7.9,2008
47057,Tennessee,Grainger County,10.5,2012
47057,Tennessee,Grainger County,5.4,2016
47057,Tennessee,Grainger County,7.1,2020
47059,Tennessee,Greene County,5.7,2000
47059,Tennessee,Greene County,7.6,2004
47059,Tennessee,Greene County,9.2,2008
47059,Tennessee,Greene County,10.3,2012
47059,Tennessee,Greene County,5.5,2016
47059,Tennessee,Greene County,8.1,2020
47061,Tennessee,Grundy County,4.9,2000
47061,Tennessee,Grundy County,6.1,2004
47061,Tennessee,Grundy County,8.2,2008
47061,Tennessee,Grundy County,10.2,2012
47061,Tennessee,Grundy County,6.5,2016
47061,Tennessee,Grundy County,9.9,2020
47063,Tennessee,Hamblen County,3.9,2000
47063,Tennessee,Hamblen County,5.4,2004
47063,Tennessee,Hamblen County,7.0,2008
47063,Tennessee,Hamblen County,9.6,2012
47063,Tennessee,Hamblen County,5.1,2016
47063,Tennessee,Hamblen County,7.1,2020
47065,Tennessee,Hamilton County,3.2,2000
47065,Tennessee,Hamilton County,4.5,2004
47065,Tennessee,Hamilton County,5.6,2008
47065,Tennessee,Hamilton County,7.0,2012
47065,Tennessee,Hamilton County,4.6,2016
47065,Tennessee,Hamilton County,7.1,2020
47067,Tennessee,Hancock County,5.0,2000
47067,Tennessee,Hancock County,9.7,2004
47067,Tennessee,Hancock County,8.2,2008
47067,Tennessee,Hancock County,12.0,2012
47067,Tennessee,Hancock County,8.0,2016
47067,Tennessee,Hancock County,8.2,2020
47069,Tennessee,Hardeman County,5.1,2000
47069,Tennessee,Hardeman County,8.1,2004
47069,Tennessee,Hardeman County,8.5,2008
47069,Tennessee,Hardeman County,11.1,2012
47069,Tennessee,Hardeman County,6.2,2016
47069,Tennessee,Hardeman County,7.9,2020
47071,Tennessee,Hardin County,5.3,2000
47071,Tennessee,Hardin County,7.5,2004
47071,Tennessee,Hardin County,7.5,2008
47071,Tennessee,Hardin County,10.2,2012
47071,Tennessee,Hardin County,6.0,2016
47071,Tennessee,Hardin County,6.9,2020
47073,Tennessee,Hawkins County,4.1,2000
47073,Tennessee,Hawkins County,6.0,2004
47073,Tennessee,Hawkins County,6.6,2008
47073,Tennessee,Hawkins County,9.0,2012
47073,Tennessee,Hawkins County,5.4,2016
47073,Tennessee,Hawkins County,7.7,2020
47075,Tennessee,Haywood County,5.5,2000
47075,Tennessee,Haywood County,8.5,2004
47075,Tennessee,Haywood County,10.4,2008
47075,Tennessee,Haywood County,11.7,2012
47075,Tennessee,Haywood County,6.5,2016
47075,Tennessee,Haywood County,8.7,2020
47077,Tennessee,Henderson County,4.9,2000
47077,Tennessee,Henderson County,6.8,2004
47077,Tennessee,Henderson County,10.1,2008
47077,Tennessee,Henderson County,9.8,2012
47077,Tennessee,Henderson County,6.9,2016
47077,Tennessee,Henderson County,8.0,2020
47079,Tennessee,Henry County,4.8,2000
47079,Tennessee,Henry County,8.0,2004
47079,Tennessee,Henry County,8.6,2008
47079,Tennessee,Henry County,9.6,2012
47079,Tennessee,Henry County,5.9,2016
47079,Tennessee,Henry County,7.1,2020
47081,Tennessee,Hickman County,4.0,2000
47081,Tennessee,Hickman County,6.1,2004
47081,Tennessee,Hickman County,8.3,2008
47081,Tennessee,Hickman County,9.0,2012
47081,Tennessee,Hickman County,4.6,2016
47081,Tennessee,Hickman County,5.8,2020
47083,Tennessee,Houston County,5.8,2000
47083,Tennessee,Houston County,7.7,2004
47083,Tennessee,Houston County,8.0,2008
47083,Tennessee,Houston County,11.4,2012
47083,Tennessee,Houston County,7.5,2016
47083,Tennessee,Houston County,7.8,2020
47085,Tennessee,Humphreys County,4.9,2000
47085,Tennessee,Humphreys County,7.1,2004
47085,Tennessee,Humphreys County,8.3,2008
47085,Tennessee,Humphreys County,9.7,2012
47085,Tennessee,Humphreys County,6.0,2016
47085,Tennessee,Humphreys County,6.1,2020
47087,Tennessee,Jackson County,6.2,2000
47087,Tennessee,Jackson County,6.7,2004
47087,Tennessee,Jackson County,8.5,2008
47087,Tennessee,Jackson County,10.6,2012
47087,Tennessee,Jackson County,7.0,2016
47087,Tennessee,Jackson County,7.9,2020
47089,Tennessee,Jefferson County,4.2,2000
47089,Tennessee,Jefferson County,6.1,2004
47089,Tennessee,Jefferson County,7.0,2008
47089,Tennessee,Jefferson County,9.5,2012
47089,Tennessee,Jefferson County,5.3,2016
47089,Tennessee,Jefferson County,7.5,2020
47091,Tennessee,Johnson County,6.6,2000
47091,Tennessee,Johnson County,7.7,2004
47091,Tennessee,Johnson County,8.5,2008
47091,Tennessee,Johnson County,9.6,2012
47091,Tennessee,Johnson County,4.8,2016
47091,Tennessee,Johnson County,6.3,2020
47093,Tennessee,Knox County,3.0,2000
47093,Tennessee,Knox County,3.9,2004
47093,Tennessee,Knox County,4.9,2008
47093,Tennessee,Knox County,6.2,2012
47093,Tennessee,Knox County,4.0,2016
47093,Tennessee,Knox County,5.9,2020
47095,Tennessee,Lake County,6.1,2000
47095,Tennessee,Lake County,6.7,2004
47095,Tennessee,Lake County,7.5,2008
47095,Tennessee,Lake County,10.6,2012
47095,Tennessee,Lake County,7.8,2016
47095,Tennessee,Lake County,8.1,2020
47097,Tennessee,Lauderdale County,5.1,2000
47097,Tennessee,Lauderdale County,9.8,2004
47097,Tennessee,Lauderdale County,12.3,2008
47097,Tennessee,Lauderdale County,11.1,2012
47097,Tennessee,Lauderdale County,7.8,2016
47097,Tennessee,Lauderdale County,8.8,2020
47099,Tennessee,Lawrence County,9.2,2000
47099,Tennessee,Lawrence County,8.6,2004
47099,Tennessee,Lawrence County,9.7,2008
47099,Tennessee,Lawrence County,9.7,2012
47099,Tennessee,Lawrence County,5.8,2016
47099,Tennessee,Lawrence County,7.7,2020
47101,Tennessee,Lewis County,5.4,2000
47101,Tennessee,Lewis County,6.9,2004
47101,Tennessee,Lewis County,9.9,2008
47101,Tennessee,Lewis County,11.0,2012
47101,Tennessee,Lewis County,6.0,2016
47101,Tennessee,Lewis County,7.5,2020
47103,Tennessee,Lincoln County,3.5,2000
47103,Tennessee,Lincoln County,5.2,2004
47103,Tennessee,Lincoln County,4.9,2008
47103,Tennessee,Lincoln County,6.2,2012
47103,Tennessee,Lincoln County,4.1,2016
47103,Tennessee,Lincoln County,8.4,2020
47105,Tennessee,Loudon County,3.5,2000
47105,Tennessee,Loudon County,4.5,2004
47105,Tennessee,Loudon County,5.6,2008
47105,Tennessee,Loudon County,7.7,2012
47105,Tennessee,Loudon County,4.7,2016
47105,Tennessee,Loudon County,6.2,2020
47107,Tennessee,Mcminn County,4.4,2000
47107,Tennessee,Mcminn County,6.5,2004
47107,Tennessee,Mcminn County,8.6,2008
47107,Tennessee,Mcminn County,9.3,2012
47107,Tennessee,Mcminn County,5.4,2016
47107,Tennessee,Mcminn County,7.8,2020
47109,Tennessee,Mcnairy County,4.4,2000
47109,Tennessee,Mcnairy County,6.0,2004
47109,Tennessee,Mcnairy County,9.0,2008
47109,Tennessee,Mcnairy County,10.4,2012
47109,Tennessee,Mcnairy County,7.0,2016
47109,Tennessee,Mcnairy County,8.4,2020
47111,Tennessee,Macon County,3.7,2000
47111,Tennessee,Macon County,5.4,2004
47111,Tennessee,Macon County,8.2,2008
47111,Tennessee,Macon County,8.5,2012
47111,Tennessee,Macon County,4.4,2016
47111,Tennessee,Macon County,6.5,2020
47113,Tennessee,Madison County,3.6,2000
47113,Tennessee,Madison County,5.5,2004
47113,Tennessee,Madison County,6.6,2008
47113,Tennessee,Madison County,8.3,2012
47113,Tennessee,Madison County,4.9,2016
47113,Tennessee,Madison County,7.5,2020
47115,Tennessee,Marion County,4.4,2000
47115,Tennessee,Marion County,6.2,2004
47115,Tennessee,Marion County,7.6,2008
47115,Tennessee,Marion County,9.3,2012
47115,Tennessee,Marion County,6.3,2016
47115,Tennessee,Marion County,7.5,2020
47117,Tennessee,Marshall County,3.5,2000
47117,Tennessee,Marshall County,7.0,2004
47117,Tennessee,Marshall County,9.1,2008
47117,Tennessee,Marshall County,9.5,2012
47117,Tennessee,Marshall County,4.6,2016
47117,Tennessee,Marshall County,9.1,2020
47119,Tennessee,Maury County,3.5,2000
47119,Tennessee,Maury County,5.4,2004
47119,Tennessee,Maury County,8.0,2008
47119,Tennessee,Maury County,8.0,2012
47119,Tennessee,Maury County,4.1,2016
47119,Tennessee,Maury County,8.1,2020
47121,Tennessee,Meigs County,5.1,2000
47121,Tennessee,Meigs County,7.3,2004
47121,Tennessee,Meigs County,8.7,2008
47121,Tennessee,Meigs County,10.5,2012
47121,Tennessee,Meigs County,6.9,2016
47121,Tennessee,Meigs County,8.7,2020
47123,Tennessee,Monroe County,5.3,2000
47123,Tennessee,Monroe County,6.4,2004
47123,Tennessee,Monroe County,9.8,2008
47123,Tennessee,Monroe County,10.1,2012
47123,Tennessee,Monroe County,5.3,2016
47123,Tennessee,Monroe County,8.0,2020
47125,Tennessee,Montgomery County,3.7,2000
47125,Tennessee,Montgomery County,4.7,2004
47125,Tennessee,Montgomery County,6.2,2008
47125,Tennessee,Montgomery County,7.7,2012
47125,Tennessee,Montgomery County,5.1,2016
47125,Tennessee,Montgomery County,7.6,2020
47127,Tennessee,Moore County,3.1,2000
47127,Tennessee,Moore County,4.4,2004
47127,Tennessee,Moore County,5.5,2008
47127,Tennessee,Moore County,5.9,2012
47127,Tennessee,Moore County,3.8,2016
47127,Tennessee,Moore County,5.3,2020
47129,Tennessee,Morgan County,5.0,2000
47129,Tennessee,Morgan County,7.6,2004
47129,Tennessee,Morgan County,7.5,2008
47129,Tennessee,Morgan County,10.4,2012
47129,Tennessee,Morgan County,6.5,2016
47129,Tennessee,Morgan County,6.3,2020
47131,Tennessee,Obion County,4.2,2000
47131,Tennessee,Obion County,6.3,2004
47131,Tennessee,Obion County,6.9,2008
47131,Tennessee,Obion County,13.6,2012
47131,Tennessee,Obion County,7.1,2016
47131,Tennessee,Obion County,6.8,2020
47133,Tennessee,Overton County,5.3,2000
47133,Tennessee,Overton County,5.6,2004
47133,Tennessee,Overton County,8.9,2008
47133,Tennessee,Overton County,9.1,2012
47133,Tennessee,Overton County,5.4,2016
47133,Tennessee,Overton County,6.3,2020
47135,Tennessee,Perry County,5.1,2000
47135,Tennessee,Perry County,6.6,2004
47135,Tennessee,Perry County,15.8,2008
47135,Tennessee,Perry County,9.9,2012
47135,Tennessee,Perry County,6.4,2016
47135,Tennessee,Perry County,9.6,2020
47137,Tennessee,Pickett County,5.0,2000
47137,Tennessee,Pickett County,8.6,2004
47137,Tennessee,Pickett County,10.6,2008
47137,Tennessee,Pickett County,9.5,2012
47137,Tennessee,Pickett County,6.7,2016
47137,Tennessee,Pickett County,6.0,2020
47139,Tennessee,Polk County,4.4,2000
47139,Tennessee,Polk County,5.6,2004
47139,Tennessee,Polk County,7.9,2008
47139,Tennessee,Polk County,10.0,2012
47139,Tennessee,Polk County,5.7,2016
47139,Tennessee,Polk County,6.8,2020
47141,Tennessee,Putnam County,4.3,2000
47141,Tennessee,Putnam County,4.5,2004
47141,Tennessee,Putnam County,6.4,2008
47141,Tennessee,Putnam County,8.2,2012
47141,Tennessee,Putnam County,4.9,2016
47141,Tennessee,Putnam County,6.5,2020
47143,Tennessee,Rhea County,4.6,2000
47143,Tennessee,Rhea County,6.3,2004
47143,Tennessee,Rhea County,7.9,2008
47143,Tennessee,Rhea County,10.4,2012
47143,Tennessee,Rhea County,7.1,2016
47143,Tennessee,Rhea County,9.6,2020
47145,Tennessee,Roane County,4.2,2000
47145,Tennessee,Roane County,5.7,2004
47145,Tennessee,Roane County,5.8,2008
47145,Tennessee,Roane County,8.8,2012
47145,Tennessee,Roane County,5.6,2016
47145,Tennessee,Roane County,6.3,2020
47147,Tennessee,Robertson County,3.5,2000
47147,Tennessee,Robertson County,4.8,2004
47147,Tennessee,Robertson County,6.1,2008
47147,Tennessee,Robertson County,7.2,2012
47147,Tennessee,Robertson County,4.2,2016
47147,Tennessee,Robertson County,6.1,2020
47149,Tennessee,Rutherford County,3.0,2000
47149,Tennessee,Rutherford County,4.1,2004
47149,Tennessee,Rutherford County,5.7,2008
47149,Tennessee,Rutherford County,6.6,2012
47149,Tennessee,Rutherford County,3.7,2016
47149,Tennessee,Rutherford County,7.0,2020
47151,Tennessee,Scott County,5.1,2000
47151,Tennessee,Scott County,7.3,2004
47151,Tennessee,Scott County,11.4,2008
47151,Tennessee,Scott County,15.8,2012
47151,Tennessee,Scott County,7.4,2016
47151,Tennessee,Scott County,8.4,2020
47153,Tennessee,Sequatchie County,3.8,2000
47153,Tennessee,Sequatchie County,5.3,2004
47153,Tennessee,Sequatchie County,7.5,2008
47153,Tennessee,Sequatchie County,8.5,2012
47153,Tennessee,Sequatchie County,5.9,2016
47153,Tennessee,Sequatchie County,7.8,2020
47155,Tennessee,Sevier County,4.9,2000
47155,Tennessee,Sevier County,6.1,2004
47155,Tennessee,Sevier County,7.0,2008
47155,Tennessee,Sevier County,8.9,2012
47155,Tennessee,Sevier County,5.0,2016
47155,Tennessee,Sevier County,9.7,2020
47157,Tennessee,Shelby County,3.8,2000
47157,Tennessee,Shelby County,6.0,2004
47157,Tennessee,Shelby County,6.8,2008
47157,Tennessee,Shelby County,8.8,2012
47157,Tennessee,Shelby County,5.4,2016
47157,Tennessee,Shelby County,9.6,2020
47159,Tennessee,Smith County,4.3,2000
47159,Tennessee,Smith County,6.6,2004
47159,Tennessee,Smith County,8.0,2008
47159,Tennessee,Smith County,8.3,2012
47159,Tennessee,Smith County,4.6,2016
47159,Tennessee,Smith County,6.1,2020
47161,Tennessee,Stewart County,4.8,2000
47161,Tennessee,Stewart County,6.6,2004
47161,Tennessee,Stewart County,8.4,2008
47161,Tennessee,Stewart County,11.2,2012
47161,Tennessee,Stewart County,6.8,2016
47161,Tennessee,Stewart County,6.3,2020
47163,Tennessee,Sullivan County,3.7,2000
47163,Tennessee,Sullivan County,5.5,2004
47163,Tennessee,Sullivan County,5.2,2008
47163,Tennessee,Sullivan County,7.7,2012
47163,Tennessee,Sullivan County,5.2,2016
47163,Tennessee,Sullivan County,7.1,2020
47165,Tennessee,Sumner County,3.2,2000
47165,Tennessee,Sumner County,4.4,2004
47165,Tennessee,Sumner County,5.9,2008
47165,Tennessee,Sumner County,6.6,2012
47165,Tennessee,Sumner County,3.9,2016
47165,Tennessee,Sumner County,6.5,2020
47167,Tennessee,Tipton County,3.6,2000
47167,Tennessee,Tipton County,6.2,2004
47167,Tennessee,Tipton County,7.8,2008
47167,Tennessee,Tipton County,9.0,2012
47167,Tennessee,Tipton County,5.7,2016
47167,Tennessee,Tipton County,6.7,2020
47169,Tennessee,Trousdale County,3.4,2000
47169,Tennessee,Trousdale County,5.7,2004
47169,Tennessee,Trousdale County,8.2,2008
47169,Tennessee,Trousdale County,8.8,2012
47169,Tennessee,Trousdale County,4.9,2016
47169,Tennessee,Trousdale County,6.2,2020
47171,Tennessee,Unicoi County,6.8,2000
47171,Tennessee,Unicoi County,6.2,2004
47171,Tennessee,Unicoi County,7.3,2008
47171,Tennessee,Unicoi County,10.5,2012
47171,Tennessee,Unicoi County,7.1,2016
47171,Tennessee,Unicoi County,7.9,2020
47173,Tennessee,Union County,3.8,2000
47173,Tennessee,Union County,5.0,2004
47173,Tennessee,Union County,6.2,2008
47173,Tennessee,Union County,9.6,2012
47173,Tennessee,Union County,5.8,2016
47173,Tennessee,Union County,6.8,2020
47175,Tennessee,Van Buren County,4.6,2000
47175,Tennessee,Van Buren County,6.3,2004
47175,Tennessee,Van Buren County,8.2,2008
47175,Tennessee,Van Buren County,11.7,2012
47175,Tennessee,Van Buren County,6.2,2016
47175,Tennessee,Van Buren County,8.5,2020
47177,Tennessee,Warren County,4.0,2000
47177,Tennessee,Warren County,5.2,2004
47177,Tennessee,Warren County,8.4,2008
47177,Tennessee,Warren County,8.9,2012
47177,Tennessee,Warren County,4.8,2016
47177,Tennessee,Warren County,8.9,2020
47179,Tennessee,Washington County,3.9,2000
47179,Tennessee,Washington County,5.0,2004
47179,Tennessee,Washington County,5.5,2008
47179,Tennessee,Washington County,7.2,2012
47179,Tennessee,Washington County,4.8,2016
47179,Tennessee,Washington County,6.3,2020
47181,Tennessee,Wayne County,8.1,2000
47181,Tennessee,Wayne County,8.5,2004
47181,Tennessee,Wayne County,9.9,2008
47181,Tennessee,Wayne County,9.6,2012
47181,Tennessee,Wayne County,6.6,2016
47181,Tennessee,Wayne County,6.8,2020
47183,Tennessee,Weakley County,4.9,2000
47183,Tennessee,Weakley County,7.3,2004
47183,Tennessee,Weakley County,8.1,2008
47183,Tennessee,Weakley County,11.1,2012
47183,Tennessee,Weakley County,5.9,2016
47183,Tennessee,Weakley County,5.7,2020
47185,Tennessee,White County,4.5,2000
47185,Tennessee,White County,5.9,2004
47185,Tennessee,White County,8.3,2008
47185,Tennessee,White County,9.9,2012
47185,Tennessee,White County,5.0,2016
47185,Tennessee,White County,7.1,2020
47187,Tennessee,Williamson County,2.5,2000
47187,Tennessee,Williamson County,3.6,2004
47187,Tennessee,Williamson County,4.5,2008
47187,Tennessee,Williamson County,5.0,2012
47187,Tennessee,Williamson County,3.4,2016
47187,Tennessee,Williamson County,4.7,2020
47189,Tennessee,Wilson County,3.1,2000
47189,Tennessee,Wilson County,4.5,2004
47189,Tennessee,Wilson County,5.7,2008
47189,Tennessee,Wilson County,6.5,2012
47189,Tennessee,Wilson County,3.9,2016
47189,Tennessee,Wilson County,6.3,2020
48001,Texas,Anderson County,6.2,2000
48001,Texas,Anderson County,7.0,2004
48001,Texas,Anderson County,5.6,2008
48001,Texas,Anderson County,6.3,2012
48001,Texas,Anderson County,4.3,2016
48001,Texas,Anderson County,5.7,2020
48003,Texas,Andrews County,5.0,2000
48003,Texas,Andrews County,4.7,2004
48003,Texas,Andrews County,3.4,2008
48003,Texas,Andrews County,4.0,2012
48003,Texas,Andrews County,4.7,2016
48003,Texas,Andrews County,8.2,2020
48005,Texas,Angelina County,4.9,2000
48005,Texas,Angelina County,6.5,2004
48005,Texas,Angelina County,4.8,2008
48005,Texas,Angelina County,6.9,2012
48005,Texas,Angelina County,5.9,2016
48005,Texas,Angelina County,7.6,2020
48007,Texas,Aransas County,6.0,2000
48007,Texas,Aransas County,8.3,2004
48007,Texas,Aransas County,4.4,2008
48007,Texas,Aransas County,6.9,2012
48007,Texas,Aransas County,5.6,2016
48007,Texas,Aransas County,8.4,2020
48009,Texas,Archer County,3.2,2000
48009,Texas,Archer County,3.8,2004
48009,Texas,Archer County,3.7,2008
48009,Texas,Archer County,5.5,2012
48009,Texas,Archer County,4.3,2016
48009,Texas,Archer County,5.3,2020
48011,Texas,Armstrong County,3.2,2000
48011,Texas,Armstrong County,3.9,2004
48011,Texas,Armstrong County,3.5,2008
48011,Texas,Armstrong County,4.4,2012
48011,Texas,Armstrong County,2.8,2016
48011,Texas,Armstrong County,4.2,2020
48013,Texas,Atascosa County,4.2,2000
48013,Texas,Atascosa County,5.8,2004
48013,Texas,Atascosa County,4.7,2008
48013,Texas,Atascosa County,6.7,2012
48013,Texas,Atascosa County,5.3,2016
48013,Texas,Atascosa County,8.6,2020
48015,Texas,Austin County,4.0,2000
48015,Texas,Austin County,5.3,2004
48015,Texas,Austin County,4.2,2008
48015,Texas,Austin County,6.4,2012
48015,Texas,Austin County,5.3,2016
48015,Texas,Austin County,6.7,2020
48017,Texas,Bailey County,4.7,2000
48017,Texas,Bailey County,5.5,2004
48017,Texas,Bailey County,4.1,2008
48017,Texas,Bailey County,6.9,2012
48017,Texas,Bailey County,4.4,2016
48017,Texas,Bailey County,4.8,2020
48019,Texas,Bandera County,3.7,2000
48019,Texas,Bandera County,5.1,2004
48019,Texas,Bandera County,4.4,2008
48019,Texas,Bandera County,6.5,2012
48019,Texas,Bandera County,4.1,2016
48019,Texas,Bandera County,5.8,2020
48021,Texas,Bastrop County,3.5,2000
48021,Texas,Bastrop County,5.8,2004
48021,Texas,Bastrop County,4.9,2008
48021,Texas,Bastrop County,6.6,2012
48021,Texas,Bastrop County,3.7,2016
48021,Texas,Bastrop County,6.0,2020
48023,Texas,Baylor County,4.7,2000
48023,Texas,Baylor County,5.4,2004
48023,Texas,Baylor County,3.7,2008
48023,Texas,Baylor County,5.1,2012
48023,Texas,Baylor County,3.6,2016
48023,Texas,Baylor County,3.4,2020
48025,Texas,Bee County,6.0,2000
48025,Texas,Bee County,7.7,2004
48025,Texas,Bee County,6.2,2008
48025,Texas,Bee County,7.0,2012
48025,Texas,Bee County,7.5,2016
48025,Texas,Bee County,9.9,2020
48027,Texas,Bell County,4.2,2000
48027,Texas,Bell County,5.3,2004
48027,Texas,Bell County,4.9,2008
48027,Texas,Bell County,7.4,2012
48027,Texas,Bell County,4.5,2016
48027,Texas,Bell County,7.0,2020
48029,Texas,Bexar County,4.1,2000
48029,Texas,Bexar County,5.7,2004
48029,Texas,Bexar County,4.7,2008
48029,Texas,Bexar County,6.3,2012
48029,Texas,Bexar County,3.8,2016
48029,Texas,Bexar County,7.6,2020
48031,Texas,Blanco County,3.2,2000
48031,Texas,Blanco County,4.4,2004
48031,Texas,Blanco County,3.7,2008
48031,Texas,Blanco County,5.1,2012
48031,Texas,Blanco County,3.1,2016
48031,Texas,Blanco County,3.9,2020
48033,Texas,Borden County,6.4,2000
48033,Texas,Borden County,3.9,2004
48033,Texas,Borden County,3.3,2008
48033,Texas,Borden County,4.1,2012
48033,Texas,Borden County,3.6,2016
48033,Texas,Borden County,3.4,2020
48035,Texas,Bosque County,4.2,2000
48035,Texas,Bosque County,5.7,2004
48035,Texas,Bosque County,4.6,2008
48035,Texas,Bosque County,7.2,2012
48035,Texas,Bosque County,4.3,2016
48035,Texas,Bosque County,5.5,2020
48037,Texas,Bowie County,5.0,2000
48037,Texas,Bowie County,6.1,2004
48037,Texas,Bowie County,5.0,2008
48037,Texas,Bowie County,7.4,2012
48037,Texas,Bowie County,4.7,2016
48037,Texas,Bowie County,7.4,2020
48039,Texas,Brazoria County,5.0,2000
48039,Texas,Brazoria County,6.9,2004
48039,Texas,Brazoria County,5.1,2008
48039,Texas,Brazoria County,6.6,2012
48039,Texas,Brazoria County,5.2,2016
48039,Texas,Brazoria County,8.6,2020
48041,Texas,Brazos County,3.7,2000
48041,Texas,Brazos County,4.3,2004
48041,Texas,Brazos County,3.9,2008
48041,Texas,Brazos County,5.2,2012
48041,Texas,Brazos County,3.5,2016
48041,Texas,Brazos County,5.3,2020
48043,Texas,Brewster County,3.9,2000
48043,Texas,Brewster County,4.3,2004
48043,Texas,Brewster County,3.7,2008
48043,Texas,Brewster County,5.1,2012
48043,Texas,Brewster County,3.8,2016
48043,Texas,Brewster County,6.6,2020
48045,Texas,Briscoe County,3.6,2000
48045,Texas,Briscoe County,6.0,2004
48045,Texas,Briscoe County,4.3,2008
48045,Texas,Briscoe County,5.5,2012
48045,Texas,Briscoe County,4.4,2016
48045,Texas,Briscoe County,4.7,2020
48047,Texas,Brooks County,6.9,2000
48047,Texas,Brooks County,7.5,2004
48047,Texas,Brooks County,5.3,2008
48047,Texas,Brooks County,8.7,2012
48047,Texas,Brooks County,11.8,2016
48047,Texas,Brooks County,10.7,2020
48049,Texas,Brown County,4.5,2000
48049,Texas,Brown County,5.5,2004
48049,Texas,Brown County,4.4,2008
48049,Texas,Brown County,6.7,2012
48049,Texas,Brown County,4.4,2016
48049,Texas,Brown County,6.5,2020
48051,Texas,Burleson County,4.0,2000
48051,Texas,Burleson County,5.3,2004
48051,Texas,Burleson County,4.4,2008
48051,Texas,Burleson County,6.3,2012
48051,Texas,Burleson County,4.7,2016
48051,Texas,Burleson County,6.4,2020
48053,Texas,Burnet County,3.6,2000
48053,Texas,Burnet County,4.9,2004
48053,Texas,Burnet County,3.9,2008
48053,Texas,Burnet County,5.9,2012
48053,Texas,Burnet County,3.5,2016
48053,Texas,Burnet County,4.8,2020
48055,Texas,Caldwell County,4.1,2000
48055,Texas,Caldwell County,6.4,2004
48055,Texas,Caldwell County,5.3,2008
48055,Texas,Caldwell County,7.1,2012
48055,Texas,Caldwell County,4.3,2016
48055,Texas,Caldwell County,6.5,2020
48057,Texas,Calhoun County,4.7,2000
48057,Texas,Calhoun County,7.2,2004
48057,Texas,Calhoun County,4.8,2008
48057,Texas,Calhoun County,7.3,2012
48057,Texas,Calhoun County,5.6,2016
48057,Texas,Calhoun County,5.8,2020
48059,Texas,Callahan County,3.9,2000
48059,Texas,Callahan County,4.7,2004
48059,Texas,Callahan County,3.6,2008
48059,Texas,Callahan County,6.0,2012
48059,Texas,Callahan County,4.3,2016
48059,Texas,Callahan County,5.5,2020
48061,Texas,Cameron County,7.1,2000
48061,Texas,Cameron County,8.7,2004
48061,Texas,Cameron County,6.7,2008
48061,Texas,Cameron County,10.2,2012
48061,Texas,Cameron County,7.2,2016
48061,Texas,Cameron County,10.1,2020
48063,Texas,Camp County,5.2,2000
48063,Texas,Camp County,6.0,2004
48063,Texas,Camp County,4.9,2008
48063,Texas,Camp County,8.0,2012
48063,Texas,Camp County,6.9,2016
48063,Texas,Camp County,7.4,2020
48065,Texas,Carson County,3.3,2000
48065,Texas,Carson County,4.2,2004
48065,Texas,Carson County,3.3,2008
48065,Texas,Carson County,4.5,2012
48065,Texas,Carson County,3.3,2016
48065,Texas,Carson County,4.2,2020
48067,Texas,Cass County,5.9,2000
48067,Texas,Cass County,7.0,2004
48067,Texas,Cass County,6.1,2008
48067,Texas,Cass County,9.1,2012
48067,Texas,Cass County,7.2,2016
48067,Texas,Cass County,7.9,2020
48069,Texas,Castro County,3.7,2000
48069,Texas,Castro County,5.0,2004
48069,Texas,Castro County,3.6,2008
48069,Texas,Castro County,4.3,2012
48069,Texas,Castro County,3.1,2016
48069,Texas,Castro County,3.6,2020
48071,Texas,Chambers County,4.3,2000
48071,Texas,Chambers County,5.8,2004
48071,Texas,Chambers County,5.7,2008
48071,Texas,Chambers County,8.0,2012
48071,Texas,Chambers County,6.1,2016
48071,Texas,Chambers County,9.4,2020
48073,Texas,Cherokee County,4.7,2000
48073,Texas,Cherokee County,5.5,2004
48073,Texas,Cherokee County,5.9,2008
48073,Texas,Cherokee County,7.2,2012
48073,Texas,Cherokee County,5.1,2016
48073,Texas,Cherokee County,7.9,2020
48075,Texas,Childress County,4.8,2000
48075,Texas,Childress County,5.8,2004
48075,Texas,Childress County,5.0,2008
48075,Texas,Childress County,4.4,2012
48075,Texas,Childress County,3.0,2016
48075,Texas,Childress County,3.7,2020
48077,Texas,Clay County,3.6,2000
48077,Texas,Clay County,4.0,2004
48077,Texas,Clay County,3.9,2008
48077,Texas,Clay County,5.6,2012
48077,Texas,Clay County,4.4,2016
48077,Texas,Clay County,5.5,2020
48079,Texas,Cochran County,6.0,2000
48079,Texas,Cochran County,6.8,2004
48079,Texas,Cochran County,4.8,2008
48079,Texas,Cochran County,7.5,2012
48079,Texas,Cochran County,5.0,2016
48079,Texas,Cochran County,7.2,2020
48081,Texas,Coke County,4.3,2000
48081,Texas,Coke County,6.0,2004
48081,Texas,Coke County,7.8,2008
48081,Texas,Coke County,5.0,2012
48081,Texas,Coke County,4.1,2016
48081,Texas,Coke County,5.5,2020
48083,Texas,Coleman County,4.9,2000
48083,Texas,Coleman County,5.6,2004
48083,Texas,Coleman County,4.1,2008
48083,Texas,Coleman County,7.5,2012
48083,Texas,Coleman County,5.8,2016
48083,Texas,Coleman County,7.4,2020
48085,Texas,Collin County,2.9,2000
48085,Texas,Collin County,5.0,2004
48085,Texas,Collin County,4.5,2008
48085,Texas,Collin County,5.9,2012
48085,Texas,Collin County,3.5,2016
48085,Texas,Collin County,6.3,2020
48087,Texas,Collingsworth County,3.8,2000
48087,Texas,Collingsworth County,5.1,2004
48087,Texas,Collingsworth County,3.9,2008
48087,Texas,Collingsworth County,4.9,2012
48087,Texas,Collingsworth County,3.5,2016
48087,Texas,Collingsworth County,4.2,2020
48089,Texas,Colorado County,3.8,2000
48089,Texas,Colorado County,5.1,2004
48089,Texas,Colorado County,3.9,2008
48089,Texas,Colorado County,6.3,2012
48089,Texas,Colorado County,4.7,2016
48089,Texas,Colorado County,5.6,2020
48091,Texas,Comal County,3.6,2000
48091,Texas,Comal County,5.3,2004
48091,Texas,Comal County,4.1,2008
48091,Texas,Comal County,6.0,2012
48091,Texas,Comal County,3.6,2016
48091,Texas,Comal County,6.1,2020
48093,Texas,Comanche County,4.0,2000
48093,Texas,Comanche County,5.0,2004
48093,Texas,Comanche County,3.8,2008
48093,Texas,Comanche County,6.3,2012
48093,Texas,Comanche County,4.3,2016
48093,Texas,Comanche County,5.5,2020
48095,Texas,Concho County,5.7,2000
48095,Texas,Concho County,6.2,2004
48095,Texas,Concho County,5.2,2008
48095,Texas,Concho County,4.2,2012
48095,Texas,Concho County,3.4,2016
48095,Texas,Concho County,4.5,2020
48097,Texas,Cooke County,3.7,2000
48097,Texas,Cooke County,5.0,2004
48097,Texas,Cooke County,3.5,2008
48097,Texas,Cooke County,5.0,2012
48097,Texas,Cooke County,4.0,2016
48097,Texas,Cooke County,7.1,2020
48099,Texas,Coryell County,5.4,2000
48099,Texas,Coryell County,6.4,2004
48099,Texas,Coryell County,6.3,2008
48099,Texas,Coryell County,7.3,2012
48099,Texas,Coryell County,4.7,2016
48099,Texas,Coryell County,6.6,2020
48101,Texas,Cottle County,4.4,2000
48101,Texas,Cottle County,5.5,2004
48101,Texas,Cottle County,4.1,2008
48101,Texas,Cottle County,7.4,2012
48101,Texas,Cottle County,5.1,2016
48101,Texas,Cottle County,4.9,2020
48103,Texas,Crane County,5.4,2000
48103,Texas,Crane County,6.1,2004
48103,Texas,Crane County,4.1,2008
48103,Texas,Crane County,4.9,2012
48103,Texas,Crane County,8.6,2016
48103,Texas,Crane County,13.7,2020
48105,Texas,Crockett County,3.8,2000
48105,Texas,Crockett County,3.8,2004
48105,Texas,Crockett County,2.9,2008
48105,Texas,Crockett County,5.0,2012
48105,Texas,Crockett County,7.5,2016
48105,Texas,Crockett County,8.9,2020
48107,Texas,Crosby County,4.6,2000
48107,Texas,Crosby County,6.0,2004
48107,Texas,Crosby County,5.0,2008
48107,Texas,Crosby County,7.1,2012
48107,Texas,Crosby County,4.4,2016
48107,Texas,Crosby County,5.3,2020
48109,Texas,Culberson County,5.8,2000
48109,Texas,Culberson County,5.3,2004
48109,Texas,Culberson County,3.0,2008
48109,Texas,Culberson County,6.0,2012
48109,Texas,Culberson County,4.1,2016
48109,Texas,Culberson County,6.6,2020
48111,Texas,Dallam County,3.4,2000
48111,Texas,Dallam County,3.8,2004
48111,Texas,Dallam County,3.0,2008
48111,Texas,Dallam County,3.7,2012
48111,Texas,Dallam County,2.2,2016
48111,Texas,Dallam County,2.8,2020
48113,Texas,Dallas County,3.9,2000
48113,Texas,Dallas County,6.6,2004
48113,Texas,Dallas County,5.4,2008
48113,Texas,Dallas County,7.1,2012
48113,Texas,Dallas County,4.0,2016
48113,Texas,Dallas County,7.8,2020
48115,Texas,Dawson County,5.3,2000
48115,Texas,Dawson County,7.1,2004
48115,Texas,Dawson County,5.3,2008
48115,Texas,Dawson County,6.4,2012
48115,Texas,Dawson County,5.0,2016
48115,Texas,Dawson County,8.7,2020
48117,Texas,Deaf Smith County,4.9,2000
48117,Texas,Deaf Smith County,5.3,2004
48117,Texas,Deaf Smith County,3.8,2008
48117,Texas,Deaf Smith County,4.7,2012
48117,Texas,Deaf Smith County,3.1,2016
48117,Texas,Deaf Smith County,3.6,2020
48119,Texas,Delta County,5.1,2000
48119,Texas,Delta County,7.0,2004
48119,Texas,Delta County,5.4,2008
48119,Texas,Delta County,6.7,2012
48119,Texas,Delta County,3.8,2016
48119,Texas,Delta County,5.5,2020
48121,Texas,Denton County,2.8,2000
48121,Texas,Denton County,4.6,2004
48121,Texas,Denton County,4.4,2008
48121,Texas,Denton County,5.7,2012
48121,Texas,Denton County,3.4,2016
48121,Texas,Denton County,6.4,2020
48123,Texas,Dewitt County,4.4,2000
48123,Texas,Dewitt County,5.5,2004
48123,Texas,Dewitt County,4.1,2008
48123,Texas,Dewitt County,4.8,2012
48123,Texas,Dewitt County,5.5,2016
48123,Texas,Dewitt County,6.1,2020
48125,Texas,Dickens County,5.3,2000
48125,Texas,Dickens County,6.1,2004
48125,Texas,Dickens County,5.1,2008
48125,Texas,Dickens County,10.6,2012
48125,Texas,Dickens County,4.9,2016
48125,Texas,Dickens County,6.2,2020
48127,Texas,Dimmit County,8.8,2000
48127,Texas,Dimmit County,9.0,2004
48127,Texas,Dimmit County,6.6,2008
48127,Texas,Dimmit County,5.8,2012
48127,Texas,Dimmit County,7.1,2016
48127,Texas,Dimmit County,6.4,2020
48129,Texas,Donley County,4.2,2000
48129,Texas,Donley County,5.5,2004
48129,Texas,Donley County,4.3,2008
48129,Texas,Donley County,5.9,2012
48129,Texas,Donley County,4.0,2016
48129,Texas,Donley County,4.4,2020
48131,Texas,Duval County,7.1,2000
48131,Texas,Duval County,6.9,2004
48131,Texas,Duval County,5.4,2008
48131,Texas,Duval County,7.0,2012
48131,Texas,Duval County,10.9,2016
48131,Texas,Duval County,12.2,2020
48133,Texas,Eastland County,4.8,2000
48133,Texas,Eastland County,5.7,2004
48133,Texas,Eastland County,4.5,2008
48133,Texas,Eastland County,6.6,2012
48133,Texas,Eastland County,5.5,2016
48133,Texas,Eastland County,6.8,2020
48135,Texas,Ector County,5.4,2000
48135,Texas,Ector County,5.8,2004
48135,Texas,Ector County,3.4,2008
48135,Texas,Ector County,4.6,2012
48135,Texas,Ector County,6.4,2016
48135,Texas,Ector County,11.1,2020
48137,Texas,Edwards County,4.4,2000
48137,Texas,Edwards County,4.1,2004
48137,Texas,Edwards County,3.7,2008
48137,Texas,Edwards County,6.4,2012
48137,Texas,Edwards County,4.6,2016
48137,Texas,Edwards County,3.6,2020
48139,Texas,Ellis County,3.6,2000
48139,Texas,Ellis County,5.7,2004
48139,Texas,Ellis County,5.0,2008
48139,Texas,Ellis County,6.7,2012
48139,Texas,Ellis County,3.8,2016
48139,Texas,Ellis County,6.0,2020
48141,Texas,El Paso County,6.8,2000
48141,Texas,El Paso County,7.6,2004
48141,Texas,El Paso County,6.2,2008
48141,Texas,El Paso County,8.5,2012
48141,Texas,El Paso County,5.0,2016
48141,Texas,El Paso County,8.3,2020
48143,Texas,Erath County,3.7,2000
48143,Texas,Erath County,4.5,2004
48143,Texas,Erath County,3.8,2008
48143,Texas,Erath County,5.5,2012
48143,Texas,Erath County,4.1,2016
48143,Texas,Erath County,5.7,2020
48145,Texas,Falls County,5.5,2000
48145,Texas,Falls County,6.2,2004
48145,Texas,Falls County,5.8,2008
48145,Texas,Falls County,7.3,2012
48145,Texas,Falls County,4.4,2016
48145,Texas,Falls County,6.1,2020
48147,Texas,Fannin County,4.9,2000
48147,Texas,Fannin County,7.0,2004
48147,Texas,Fannin County,5.8,2008
48147,Texas,Fannin County,7.0,2012
48147,Texas,Fannin County,3.8,2016
48147,Texas,Fannin County,4.7,2020
48149,Texas,Fayette County,3.5,2000
48149,Texas,Fayette County,4.2,2004
48149,Texas,Fayette County,3.5,2008
48149,Texas,Fayette County,4.8,2012
48149,Texas,Fayette County,3.7,2016
48149,Texas,Fayette County,4.7,2020
48151,Texas,Fisher County,3.9,2000
48151,Texas,Fisher County,5.1,2004
48151,Texas,Fisher County,3.8,2008
48151,Texas,Fisher County,5.4,2012
48151,Texas,Fisher County,4.3,2016
48151,Texas,Fisher County,4.5,2020
48153,Texas,Floyd County,4.9,2000
48153,Texas,Floyd County,6.5,2004
48153,Texas,Floyd County,4.7,2008
48153,Texas,Floyd County,6.4,2012
48153,Texas,Floyd County,5.0,2016
48153,Texas,Floyd County,6.2,2020
48155,Texas,Foard County,3.8,2000
48155,Texas,Foard County,6.1,2004
48155,Texas,Foard County,4.2,2008
48155,Texas,Foard County,5.8,2012
48155,Texas,Foard County,3.7,2016
48155,Texas,Foard County,4.0,2020
48157,Texas,Fort Bend County,3.6,2000
48157,Texas,Fort Bend County,5.5,2004
48157,Texas,Fort Bend County,4.4,2008
48157,Texas,Fort Bend County,5.9,2012
48157,Texas,Fort Bend County,5.0,2016
48157,Texas,Fort Bend County,7.6,2020
48159,Texas,Franklin County,4.3,2000
48159,Texas,Franklin County,4.6,2004
48159,Texas,Franklin County,4.2,2008
48159,Texas,Franklin County,7.4,2012
48159,Texas,Franklin County,4.9,2016
48159,Texas,Franklin County,5.3,2020
48161,Texas,Freestone County,5.2,2000
48161,Texas,Freestone County,4.8,2004
48161,Texas,Freestone County,4.0,2008
48161,Texas,Freestone County,6.7,2012
48161,Texas,Freestone County,6.7,2016
48161,Texas,Freestone County,8.4,2020
48163,Texas,Frio County,6.2,2000
48163,Texas,Frio County,7.0,2004
48163,Texas,Frio County,5.4,2008
48163,Texas,Frio County,5.0,2012
48163,Texas,Frio County,4.9,2016
48163,Texas,Frio County,5.7,2020
48165,Texas,Gaines County,4.4,2000
48165,Texas,Gaines County,5.0,2004
48165,Texas,Gaines County,3.9,2008
48165,Texas,Gaines County,4.2,2012
48165,Texas,Gaines County,3.7,2016
48165,Texas,Gaines County,5.6,2020
48167,Texas,Galveston County,4.9,2000
48167,Texas,Galveston County,6.8,2004
48167,Texas,Galveston County,5.7,2008
48167,Texas,Galveston County,7.6,2012
48167,Texas,Galveston County,5.3,2016
48167,Texas,Galveston County,8.8,2020
48169,Texas,Garza County,4.4,2000
48169,Texas,Garza County,5.4,2004
48169,Texas,Garza County,3.8,2008
48169,Texas,Garza County,4.9,2012
48169,Texas,Garza County,3.9,2016
48169,Texas,Garza County,6.8,2020
48171,Texas,Gillespie County,3.9,2000
48171,Texas,Gillespie County,3.8,2004
48171,Texas,Gillespie County,3.1,2008
48171,Texas,Gillespie County,4.7,2012
48171,Texas,Gillespie County,2.8,2016
48171,Texas,Gillespie County,4.8,2020
48173,Texas,Glasscock County,3.0,2000
48173,Texas,Glasscock County,3.8,2004
48173,Texas,Glasscock County,3.8,2008
48173,Texas,Glasscock County,3.9,2012
48173,Texas,Glasscock County,3.9,2016
48173,Texas,Glasscock County,3.6,2020
48175,Texas,Goliad County,3.9,2000
48175,Texas,Goliad County,5.6,2004
48175,Texas,Goliad County,3.7,2008
48175,Texas,Goliad County,5.5,2012
48175,Texas,Goliad County,5.8,2016
48175,Texas,Goliad County,7.8,2020
48177,Texas,Gonzales County,3.5,2000
48177,Texas,Gonzales County,4.6,2004
48177,Texas,Gonzales County,3.9,2008
48177,Texas,Gonzales County,5.0,2012
48177,Texas,Gonzales County,4.2,2016
48177,Texas,Gonzales County,5.4,2020
48179,Texas,Gray County,5.1,2000
48179,Texas,Gray County,5.1,2004
48179,Texas,Gray County,3.5,2008
48179,Texas,Gray County,5.6,2012
48179,Texas,Gray County,6.9,2016
48179,Texas,Gray County,8.1,2020
48181,Texas,Grayson County,4.1,2000
48181,Texas,Grayson County,6.2,2004
48181,Texas,Grayson County,5.2,2008
48181,Texas,Grayson County,6.8,2012
48181,Texas,Grayson County,3.9,2016
48181,Texas,Grayson County,5.9,2020
48183,Texas,Gregg County,5.5,2000
48183,Texas,Gregg County,5.9,2004
48183,Texas,Gregg County,4.0,2008
48183,Texas,Gregg County,6.2,2012
48183,Texas,Gregg County,6.1,2016
48183,Texas,Gregg County,8.3,2020
48185,Texas,Grimes County,5.4,2000
48185,Texas,Grimes County,7.0,2004
48185,Texas,Grimes County,5.1,2008
48185,Texas,Grimes County,6.4,2012
48185,Texas,Grimes County,6.6,2016
48185,Texas,Grimes County,8.1,2020
48187,Texas,Guadalupe County,3.5,2000
48187,Texas,Guadalupe County,4.9,2004
48187,Texas,Guadalupe County,4.3,2008
48187,Texas,Guadalupe County,5.6,2012
48187,Texas,Guadalupe County,3.6,2016
48187,Texas,Guadalupe County,6.1,2020
48189,Texas,Hale County,4.6,2000
48189,Texas,Hale County,6.0,2004
48189,Texas,Hale County,4.5,2008
48189,Texas,Hale County,6.9,2012
48189,Texas,Hale County,5.6,2016
48189,Texas,Hale County,6.8,2020
48191,Texas,Hall County,5.3,2000
48191,Texas,Hall County,6.6,2004
48191,Texas,Hall County,5.6,2008
48191,Texas,Hall County,7.8,2012
48191,Texas,Hall County,6.7,2016
48191,Texas,Hall County,5.8,2020
48193,Texas,Hamilton County,3.8,2000
48193,Texas,Hamilton County,4.6,2004
48193,Texas,Hamilton County,3.6,2008
48193,Texas,Hamilton County,5.8,2012
48193,Texas,Hamilton County,4.9,2016
48193,Texas,Hamilton County,4.6,2020
48195,Texas,Hansford County,3.0,2000
48195,Texas,Hansford County,3.8,2004
48195,Texas,Hansford County,3.2,2008
48195,Texas,Hansford County,3.4,2012
48195,Texas,Hansford County,3.1,2016
48195,Texas,Hansford County,3.5,2020
48197,Texas,Hardeman County,3.7,2000
48197,Texas,Hardeman County,5.1,2004
48197,Texas,Hardeman County,3.6,2008
48197,Texas,Hardeman County,5.9,2012
48197,Texas,Hardeman County,3.9,2016
48197,Texas,Hardeman County,4.4,2020
48199,Texas,Hardin County,5.6,2000
48199,Texas,Hardin County,7.4,2004
48199,Texas,Hardin County,5.3,2008
48199,Texas,Hardin County,8.4,2012
48199,Texas,Hardin County,6.1,2016
48199,Texas,Hardin County,8.9,2020
48201,Texas,Harris County,4.3,2000
48201,Texas,Harris County,6.2,2004
48201,Texas,Harris County,4.7,2008
48201,Texas,Harris County,6.6,2012
48201,Texas,Harris County,5.3,2016
48201,Texas,Harris County,9.0,2020
48203,Texas,Harrison County,5.0,2000
48203,Texas,Harrison County,5.7,2004
48203,Texas,Harrison County,4.7,2008
48203,Texas,Harrison County,7.4,2012
48203,Texas,Harrison County,6.0,2016
48203,Texas,Harrison County,7.9,2020
48205,Texas,Hartley County,3.2,2000
48205,Texas,Hartley County,3.8,2004
48205,Texas,Hartley County,3.3,2008
48205,Texas,Hartley County,3.3,2012
48205,Texas,Hartley County,2.0,2016
48205,Texas,Hartley County,2.0,2020
48207,Texas,Haskell County,4.3,2000
48207,Texas,Haskell County,4.4,2004
48207,Texas,Haskell County,3.2,2008
48207,Texas,Haskell County,5.3,2012
48207,Texas,Haskell County,4.2,2016
48207,Texas,Haskell County,4.3,2020
48209,Texas,Hays County,3.3,2000
48209,Texas,Hays County,5.2,2004
48209,Texas,Hays County,4.3,2008
48209,Texas,Hays County,5.8,2012
48209,Texas,Hays County,3.3,2016
48209,Texas,Hays County,6.3,2020
48211,Texas,Hemphill County,2.9,2000
48211,Texas,Hemphill County,3.2,2004
48211,Texas,Hemphill County,1.9,2008
48211,Texas,Hemphill County,2.9,2012
48211,Texas,Hemphill County,3.7,2016
48211,Texas,Hemphill County,4.6,2020
48213,Texas,Henderson County,4.2,2000
48213,Texas,Henderson County,6.2,2004
48213,Texas,Henderson County,5.3,2008
48213,Texas,Henderson County,7.5,2012
48213,Texas,Henderson County,4.7,2016
48213,Texas,Henderson County,6.4,2020
48215,Texas,Hidalgo County,9.2,2000
48215,Texas,Hidalgo County,9.1,2004
48215,Texas,Hidalgo County,7.2,2008
48215,Texas,Hidalgo County,10.5,2012
48215,Texas,Hidalgo County,7.8,2016
48215,Texas,Hidalgo County,11.7,2020
48217,Texas,Hill County,4.6,2000
48217,Texas,Hill County,6.6,2004
48217,Texas,Hill County,5.0,2008
48217,Texas,Hill County,6.9,2012
48217,Texas,Hill County,4.4,2016
48217,Texas,Hill County,6.3,2020
48219,Texas,Hockley County,4.1,2000
48219,Texas,Hockley County,4.9,2004
48219,Texas,Hockley County,3.7,2008
48219,Texas,Hockley County,5.3,2012
48219,Texas,Hockley County,4.7,2016
48219,Texas,Hockley County,8.0,2020
48221,Texas,Hood County,4.0,2000
48221,Texas,Hood County,6.0,2004
48221,Texas,Hood County,4.2,2008
48221,Texas,Hood County,6.5,2012
48221,Texas,Hood County,4.7,2016
48221,Texas,Hood County,6.6,2020
48223,Texas,Hopkins County,4.1,2000
48223,Texas,Hopkins County,5.3,2004
48223,Texas,Hopkins County,4.1,2008
48223,Texas,Hopkins County,6.4,2012
48223,Texas,Hopkins County,4.0,2016
48223,Texas,Hopkins County,5.1,2020
48225,Texas,Houston County,5.2,2000
48225,Texas,Houston County,6.9,2004
48225,Texas,Houston County,6.5,2008
48225,Texas,Houston County,7.0,2012
48225,Texas,Houston County,4.6,2016
48225,Texas,Houston County,5.3,2020
48227,Texas,Howard County,5.2,2000
48227,Texas,Howard County,5.8,2004
48227,Texas,Howard County,4.6,2008
48227,Texas,Howard County,5.6,2012
48227,Texas,Howard County,5.5,2016
48227,Texas,Howard County,8.1,2020
48229,Texas,Hudspeth County,4.5,2000
48229,Texas,Hudspeth County,6.6,2004
48229,Texas,Hudspeth County,4.0,2008
48229,Texas,Hudspeth County,7.4,2012
48229,Texas,Hudspeth County,6.0,2016
48229,Texas,Hudspeth County,8.1,2020
48231,Texas,Hunt County,4.3,2000
48231,Texas,Hunt County,6.0,2004
48231,Texas,Hunt County,5.3,2008
48231,Texas,Hunt County,8.2,2012
48231,Texas,Hunt County,4.3,2016
48231,Texas,Hunt County,6.6,2020
48233,Texas,Hutchinson County,4.8,2000
48233,Texas,Hutchinson County,6.3,2004
48233,Texas,Hutchinson County,4.1,2008
48233,Texas,Hutchinson County,6.5,2012
48233,Texas,Hutchinson County,5.6,2016
48233,Texas,Hutchinson County,7.2,2020
48235,Texas,Irion County,3.2,2000
48235,Texas,Irion County,4.4,2004
48235,Texas,Irion County,3.5,2008
48235,Texas,Irion County,4.5,2012
48235,Texas,Irion County,3.2,2016
48235,Texas,Irion County,6.0,2020
48237,Texas,Jack County,4.3,2000
48237,Texas,Jack County,5.0,2004
48237,Texas,Jack County,3.2,2008
48237,Texas,Jack County,5.7,2012
48237,Texas,Jack County,5.0,2016
48237,Texas,Jack County,7.0,2020
48239,Texas,Jackson County,3.8,2000
48239,Texas,Jackson County,5.8,2004
48239,Texas,Jackson County,4.1,2008
48239,Texas,Jackson County,5.1,2012
48239,Texas,Jackson County,4.7,2016
48239,Texas,Jackson County,5.8,2020
48241,Texas,Jasper County,7.3,2000
48241,Texas,Jasper County,8.9,2004
48241,Texas,Jasper County,6.3,2008
48241,Texas,Jasper County,10.6,2012
48241,Texas,Jasper County,7.7,2016
48241,Texas,Jasper County,11.2,2020
48243,Texas,Jeff Davis County,3.9,2000
48243,Texas,Jeff Davis County,3.8,2004
48243,Texas,Jeff Davis County,3.7,2008
48243,Texas,Jeff Davis County,4.9,2012
48243,Texas,Jeff Davis County,3.0,2016
48243,Texas,Jeff Davis County,5.1,2020
48245,Texas,Jefferson County,6.6,2000
48245,Texas,Jefferson County,8.2,2004
48245,Texas,Jefferson County,6.6,2008
48245,Texas,Jefferson County,11.0,2012
48245,Texas,Jefferson County,7.0,2016
48245,Texas,Jefferson County,12.0,2020
48247,Texas,Jim Hogg County,6.1,2000
48247,Texas,Jim Hogg County,5.0,2004
48247,Texas,Jim Hogg County,3.8,2008
48247,Texas,Jim Hogg County,6.5,2012
48247,Texas,Jim Hogg County,9.6,2016
48247,Texas,Jim Hogg County,9.6,2020
48249,Texas,Jim Wells County,6.0,2000
48249,Texas,Jim Wells County,6.4,2004
48249,Texas,Jim Wells County,4.2,2008
48249,Texas,Jim Wells County,6.1,2012
48249,Texas,Jim Wells County,10.6,2016
48249,Texas,Jim Wells County,13.0,2020
48251,Texas,Johnson County,3.8,2000
48251,Texas,Johnson County,5.9,2004
48251,Texas,Johnson County,4.6,2008
48251,Texas,Johnson County,6.6,2012
48251,Texas,Johnson County,4.4,2016
48251,Texas,Johnson County,6.5,2020
48253,Texas,Jones County,5.2,2000
48253,Texas,Jones County,5.9,2004
48253,Texas,Jones County,5.0,2008
48253,Texas,Jones County,7.2,2012
48253,Texas,Jones County,5.8,2016
48253,Texas,Jones County,7.1,2020
48255,Texas,Karnes County,5.4,2000
48255,Texas,Karnes County,6.9,2004
48255,Texas,Karnes County,5.9,2008
48255,Texas,Karnes County,6.0,2012
48255,Texas,Karnes County,4.9,2016
48255,Texas,Karnes County,6.3,2020
48257,Texas,Kaufman County,4.1,2000
48257,Texas,Kaufman County,6.7,2004
48257,Texas,Kaufman County,5.3,2008
48257,Texas,Kaufman County,6.9,2012
48257,Texas,Kaufman County,3.8,2016
48257,Texas,Kaufman County,6.4,2020
48259,Texas,Kendall County,3.4,2000
48259,Texas,Kendall County,4.7,2004
48259,Texas,Kendall County,3.8,2008
48259,Texas,Kendall County,5.4,2012
48259,Texas,Kendall County,3.2,2016
48259,Texas,Kendall County,5.1,2020
48261,Texas,Kenedy County,3.4,2000
48261,Texas,Kenedy County,4.2,2004
48261,Texas,Kenedy County,3.4,2008
48261,Texas,Kenedy County,5.1,2012
48261,Texas,Kenedy County,4.6,2016
48261,Texas,Kenedy County,5.6,2020
48263,Texas,Kent County,3.8,2000
48263,Texas,Kent County,4.5,2004
48263,Texas,Kent County,4.1,2008
48263,Texas,Kent County,3.8,2012
48263,Texas,Kent County,3.0,2016
48263,Texas,Kent County,3.9,2020
48265,Texas,Kerr County,3.8,2000
48265,Texas,Kerr County,4.7,2004
48265,Texas,Kerr County,4.0,2008
48265,Texas,Kerr County,5.8,2012
48265,Texas,Kerr County,3.6,2016
48265,Texas,Kerr County,5.9,2020
48267,Texas,Kimble County,3.5,2000
48267,Texas,Kimble County,4.3,2004
48267,Texas,Kimble County,3.7,2008
48267,Texas,Kimble County,4.9,2012
48267,Texas,Kimble County,3.8,2016
48267,Texas,Kimble County,5.0,2020
48269,Texas,King County,3.3,2000
48269,Texas,King County,3.3,2004
48269,Texas,King County,4.5,2008
48269,Texas,King County,4.5,2012
48269,Texas,King County,3.9,2016
48269,Texas,King County,1.7,2020
48271,Texas,Kinney County,7.6,2000
48271,Texas,Kinney County,6.5,2004
48271,Texas,Kinney County,5.3,2008
48271,Texas,Kinney County,8.7,2012
48271,Texas,Kinney County,5.8,2016
48271,Texas,Kinney County,6.0,2020
48273,Texas,Kleberg County,5.1,2000
48273,Texas,Kleberg County,5.6,2004
48273,Texas,Kleberg County,4.3,2008
48273,Texas,Kleberg County,6.9,2012
48273,Texas,Kleberg County,6.7,2016
48273,Texas,Kleberg County,8.5,2020
48275,Texas,Knox County,4.7,2000
48275,Texas,Knox County,5.3,2004
48275,Texas,Knox County,3.8,2008
48275,Texas,Knox County,5.2,2012
48275,Texas,Knox County,4.2,2016
48275,Texas,Knox County,5.6,2020
48277,Texas,Lamar County,5.0,2000
48277,Texas,Lamar County,6.4,2004
48277,Texas,Lamar County,5.4,2008
48277,Texas,Lamar County,9.2,2012
48277,Texas,Lamar County,4.6,2016
48277,Texas,Lamar County,6.4,2020
48279,Texas,Lamb County,5.0,2000
48279,Texas,Lamb County,5.7,2004
48279,Texas,Lamb County,4.4,2008
48279,Texas,Lamb County,7.9,2012
48279,Texas,Lamb County,6.5,2016
48279,Texas,Lamb County,5.2,2020
48281,Texas,Lampasas County,3.9,2000
48281,Texas,Lampasas County,4.5,2004
48281,Texas,Lampasas County,4.1,2008
48281,Texas,Lampasas County,7.1,2012
48281,Texas,Lampasas County,4.2,2016
48281,Texas,Lampasas County,5.4,2020
48283,Texas,La Salle County,7.2,2000
48283,Texas,La Salle County,6.7,2004
48283,Texas,La Salle County,5.4,2008
48283,Texas,La Salle County,4.4,2012
48283,Texas,La Salle County,5.1,2016
48283,Texas,La Salle County,6.7,2020
48285,Texas,Lavaca County,3.2,2000
48285,Texas,Lavaca County,3.6,2004
48285,Texas,Lavaca County,3.5,2008
48285,Texas,Lavaca County,4.8,2012
48285,Texas,Lavaca County,4.2,2016
48285,Texas,Lavaca County,5.2,2020
48287,Texas,Lee County,3.6,2000
48287,Texas,Lee County,4.6,2004
48287,Texas,Lee County,3.9,2008
48287,Texas,Lee County,5.4,2012
48287,Texas,Lee County,3.8,2016
48287,Texas,Lee County,4.9,2020
48289,Texas,Leon County,5.2,2000
48289,Texas,Leon County,6.3,2004
48289,Texas,Leon County,4.3,2008
48289,Texas,Leon County,7.3,2012
48289,Texas,Leon County,6.5,2016
48289,Texas,Leon County,7.8,2020
48291,Texas,Liberty County,6.0,2000
48291,Texas,Liberty County,8.8,2004
48291,Texas,Liberty County,5.9,2008
48291,Texas,Liberty County,9.5,2012
48291,Texas,Liberty County,7.5,2016
48291,Texas,Liberty County,10.5,2020
48293,Texas,Limestone County,4.8,2000
48293,Texas,Limestone County,5.3,2004
48293,Texas,Limestone County,4.3,2008
48293,Texas,Limestone County,6.8,2012
48293,Texas,Limestone County,5.6,2016
48293,Texas,Limestone County,7.1,2020
48295,Texas,Lipscomb County,3.4,2000
48295,Texas,Lipscomb County,3.6,2004
48295,Texas,Lipscomb County,2.8,2008
48295,Texas,Lipscomb County,3.8,2012
48295,Texas,Lipscomb County,4.4,2016
48295,Texas,Lipscomb County,4.1,2020
48297,Texas,Live Oak County,4.6,2000
48297,Texas,Live Oak County,5.1,2004
48297,Texas,Live Oak County,4.3,2008
48297,Texas,Live Oak County,4.6,2012
48297,Texas,Live Oak County,5.9,2016
48297,Texas,Live Oak County,7.5,2020
48299,Texas,Llano County,4.2,2000
48299,Texas,Llano County,5.8,2004
48299,Texas,Llano County,4.3,2008
48299,Texas,Llano County,6.7,2012
48299,Texas,Llano County,4.2,2016
48299,Texas,Llano County,5.8,2020
48301,Texas,Loving County,8.2,2000
48301,Texas,Loving County,6.9,2004
48301,Texas,Loving County,7.0,2008
48301,Texas,Loving County,6.0,2012
48301,Texas,Loving County,4.7,2016
48301,Texas,Loving County,1.7,2020
48303,Texas,Lubbock County,3.6,2000
48303,Texas,Lubbock County,4.5,2004
48303,Texas,Lubbock County,3.7,2008
48303,Texas,Lubbock County,5.3,2012
48303,Texas,Lubbock County,3.4,2016
48303,Texas,Lubbock County,5.8,2020
48305,Texas,Lynn County,4.1,2000
48305,Texas,Lynn County,5.8,2004
48305,Texas,Lynn County,4.7,2008
48305,Texas,Lynn County,6.0,2012
48305,Texas,Lynn County,4.0,2016
48305,Texas,Lynn County,5.5,2020
48307,Texas,Mcculloch County,5.3,2000
48307,Texas,Mcculloch County,6.3,2004
48307,Texas,Mcculloch County,3.9,2008
48307,Texas,Mcculloch County,5.4,2012
48307,Texas,Mcculloch County,4.5,2016
48307,Texas,Mcculloch County,7.6,2020
48309,Texas,Mclennan County,4.2,2000
48309,Texas,Mclennan County,5.4,2004
48309,Texas,Mclennan County,4.5,2008
48309,Texas,Mclennan County,6.6,2012
48309,Texas,Mclennan County,4.0,2016
48309,Texas,Mclennan County,6.2,2020
48311,Texas,Mcmullen County,4.0,2000
48311,Texas,Mcmullen County,4.9,2004
48311,Texas,Mcmullen County,5.4,2008
48311,Texas,Mcmullen County,2.3,2012
48311,Texas,Mcmullen County,2.1,2016
48311,Texas,Mcmullen County,2.8,2020
48313,Texas,Madison County,4.9,2000
48313,Texas,Madison County,6.1,2004
48313,Texas,Madison County,5.2,2008
48313,Texas,Madison County,7.0,2012
48313,Texas,Madison County,5.1,2016
48313,Texas,Madison County,7.2,2020
48315,Texas,Marion County,6.5,2000
48315,Texas,Marion County,6.3,2004
48315,Texas,Marion County,5.1,2008
48315,Texas,Marion County,9.1,2012
48315,Texas,Marion County,7.0,2016
48315,Texas,Marion County,8.3,2020
48317,Texas,Martin County,4.0,2000
48317,Texas,Martin County,4.9,2004
48317,Texas,Martin County,3.5,2008
48317,Texas,Martin County,4.5,2012
48317,Texas,Martin County,4.4,2016
48317,Texas,Martin County,6.1,2020
48319,Texas,Mason County,3.0,2000
48319,Texas,Mason County,3.6,2004
48319,Texas,Mason County,3.0,2008
48319,Texas,Mason County,5.2,2012
48319,Texas,Mason County,3.6,2016
48319,Texas,Mason County,5.6,2020
48321,Texas,Matagorda County,6.7,2000
48321,Texas,Matagorda County,9.4,2004
48321,Texas,Matagorda County,6.7,2008
48321,Texas,Matagorda County,10.1,2012
48321,Texas,Matagorda County,7.3,2016
48321,Texas,Matagorda County,10.5,2020
48323,Texas,Maverick County,15.1,2000
48323,Texas,Maverick County,14.9,2004
48323,Texas,Maverick County,10.7,2008
48323,Texas,Maverick County,12.4,2012
48323,Texas,Maverick County,11.3,2016
48323,Texas,Maverick County,15.1,2020
48325,Texas,Medina County,4.0,2000
48325,Texas,Medina County,5.6,2004
48325,Texas,Medina County,5.1,2008
48325,Texas,Medina County,6.5,2012
48325,Texas,Medina County,4.4,2016
48325,Texas,Medina County,6.3,2020
48327,Texas,Menard County,3.6,2000
48327,Texas,Menard County,5.7,2004
48327,Texas,Menard County,4.3,2008
48327,Texas,Menard County,6.3,2012
48327,Texas,Menard County,4.5,2016
48327,Texas,Menard County,5.1,2020
48329,Texas,Midland County,4.2,2000
48329,Texas,Midland County,4.4,2004
48329,Texas,Midland County,2.9,2008
48329,Texas,Midland County,3.9,2012
48329,Texas,Midland County,4.4,2016
48329,Texas,Midland County,8.1,2020
48331,Texas,Milam County,3.8,2000
48331,Texas,Milam County,5.9,2004
48331,Texas,Milam County,5.4,2008
48331,Texas,Milam County,8.5,2012
48331,Texas,Milam County,5.2,2016
48331,Texas,Milam County,7.2,2020
48333,Texas,Mills County,3.6,2000
48333,Texas,Mills County,4.2,2004
48333,Texas,Mills County,3.9,2008
48333,Texas,Mills County,5.4,2012
48333,Texas,Mills County,4.2,2016
48333,Texas,Mills County,4.1,2020
48335,Texas,Mitchell County,5.6,2000
48335,Texas,Mitchell County,7.1,2004
48335,Texas,Mitchell County,5.5,2008
48335,Texas,Mitchell County,5.9,2012
48335,Texas,Mitchell County,7.0,2016
48335,Texas,Mitchell County,7.9,2020
48337,Texas,Montague County,4.8,2000
48337,Texas,Montague County,5.2,2004
48337,Texas,Montague County,3.6,2008
48337,Texas,Montague County,5.4,2012
48337,Texas,Montague County,5.0,2016
48337,Texas,Montague County,6.6,2020
48339,Texas,Montgomery County,3.7,2000
48339,Texas,Montgomery County,5.3,2004
48339,Texas,Montgomery County,4.2,2008
48339,Texas,Montgomery County,5.9,2012
48339,Texas,Montgomery County,4.9,2016
48339,Texas,Montgomery County,7.5,2020
48341,Texas,Moore County,3.3,2000
48341,Texas,Moore County,4.3,2004
48341,Texas,Moore County,3.1,2008
48341,Texas,Moore County,4.3,2012
48341,Texas,Moore County,3.0,2016
48341,Texas,Moore County,3.7,2020
48343,Texas,Morris County,6.4,2000
48343,Texas,Morris County,7.5,2004
48343,Texas,Morris County,6.0,2008
48343,Texas,Morris County,9.7,2012
48343,Texas,Morris County,10.9,2016
48343,Texas,Morris County,11.2,2020
48345,Texas,Motley County,3.5,2000
48345,Texas,Motley County,4.7,2004
48345,Texas,Motley County,4.3,2008
48345,Texas,Motley County,6.0,2012
48345,Texas,Motley County,3.5,2016
48345,Texas,Motley County,4.4,2020
48347,Texas,Nacogdoches County,4.4,2000
48347,Texas,Nacogdoches County,5.4,2004
48347,Texas,Nacogdoches County,4.3,2008
48347,Texas,Nacogdoches County,6.6,2012
48347,Texas,Nacogdoches County,4.7,2016
48347,Texas,Nacogdoches County,6.6,2020
48349,Texas,Navarro County,5.0,2000
48349,Texas,Navarro County,6.6,2004
48349,Texas,Navarro County,5.5,2008
48349,Texas,Navarro County,7.2,2012
48349,Texas,Navarro County,4.2,2016
48349,Texas,Navarro County,6.2,2020
48351,Texas,Newton County,8.0,2000
48351,Texas,Newton County,10.7,2004
48351,Texas,Newton County,7.4,2008
48351,Texas,Newton County,11.0,2012
48351,Texas,Newton County,7.9,2016
48351,Texas,Newton County,11.2,2020
48353,Texas,Nolan County,4.9,2000
48353,Texas,Nolan County,5.4,2004
48353,Texas,Nolan County,3.9,2008
48353,Texas,Nolan County,5.9,2012
48353,Texas,Nolan County,4.8,2016
48353,Texas,Nolan County,5.4,2020
48355,Texas,Nueces County,5.3,2000
48355,Texas,Nueces County,6.1,2004
48355,Texas,Nueces County,4.5,2008
48355,Texas,Nueces County,6.5,2012
48355,Texas,Nueces County,5.6,2016
48355,Texas,Nueces County,8.9,2020
48357,Texas,Ochiltree County,3.1,2000
48357,Texas,Ochiltree County,3.5,2004
48357,Texas,Ochiltree County,2.7,2008
48357,Texas,Ochiltree County,3.8,2012
48357,Texas,Ochiltree County,5.3,2016
48357,Texas,Ochiltree County,5.8,2020
48359,Texas,Oldham County,3.3,2000
48359,Texas,Oldham County,4.0,2004
48359,Texas,Oldham County,4.5,2008
48359,Texas,Oldham County,4.2,2012
48359,Texas,Oldham County,3.0,2016
48359,Texas,Oldham County,3.9,2020
48361,Texas,Orange County,7.0,2000
48361,Texas,Orange County,8.8,2004
48361,Texas,Orange County,6.4,2008
48361,Texas,Orange County,10.4,2012
48361,Texas,Orange County,6.7,2016
48361,Texas,Orange County,10.6,2020
48363,Texas,Palo Pinto County,4.2,2000
48363,Texas,Palo Pinto County,5.4,2004
48363,Texas,Palo Pinto County,4.2,2008
48363,Texas,Palo Pinto County,6.7,2012
48363,Texas,Palo Pinto County,5.5,2016
48363,Texas,Palo Pinto County,7.0,2020
48365,Texas,Panola County,5.7,2000
48365,Texas,Panola County,5.7,2004
48365,Texas,Panola County,3.9,2008
48365,Texas,Panola County,6.8,2012
48365,Texas,Panola County,7.2,2016
48365,Texas,Panola County,8.4,2020
48367,Texas,Parker County,3.6,2000
48367,Texas,Parker County,5.2,2004
48367,Texas,Parker County,4.4,2008
48367,Texas,Parker County,5.9,2012
48367,Texas,Parker County,4.1,2016
48367,Texas,Parker County,5.8,2020
48369,Texas,Parmer County,3.4,2000
48369,Texas,Parmer County,4.5,2004
48369,Texas,Parmer County,3.4,2008
48369,Texas,Parmer County,4.1,2012
48369,Texas,Parmer County,2.5,2016
48369,Texas,Parmer County,2.6,2020
48371,Texas,Pecos County,5.1,2000
48371,Texas,Pecos County,6.0,2004
48371,Texas,Pecos County,4.5,2008
48371,Texas,Pecos County,5.1,2012
48371,Texas,Pecos County,5.9,2016
48371,Texas,Pecos County,8.3,2020
48373,Texas,Polk County,5.9,2000
48373,Texas,Polk County,7.2,2004
48373,Texas,Polk County,6.2,2008
48373,Texas,Polk County,8.0,2012
48373,Texas,Polk County,6.3,2016
48373,Texas,Polk County,8.8,2020
48375,Texas,Potter County,5.4,2000
48375,Texas,Potter County,5.5,2004
48375,Texas,Potter County,4.0,2008
48375,Texas,Potter County,5.3,2012
48375,Texas,Potter County,3.4,2016
48375,Texas,Potter County,5.5,2020
48377,Texas,Presidio County,16.8,2000
48377,Texas,Presidio County,14.3,2004
48377,Texas,Presidio County,10.5,2008
48377,Texas,Presidio County,13.2,2012
48377,Texas,Presidio County,10.7,2016
48377,Texas,Presidio County,14.9,2020
48379,Texas,Rains County,4.0,2000
48379,Texas,Rains County,6.3,2004
48379,Texas,Rains County,5.1,2008
48379,Texas,Rains County,6.9,2012
48379,Texas,Rains County,4.0,2016
48379,Texas,Rains County,4.7,2020
48381,Texas,Randall County,2.5,2000
48381,Texas,Randall County,3.2,2004
48381,Texas,Randall County,3.1,2008
48381,Texas,Randall County,4.4,2012
48381,Texas,Randall County,3.0,2016
48381,Texas,Randall County,4.5,2020
48383,Texas,Reagan County,3.5,2000
48383,Texas,Reagan County,3.2,2004
48383,Texas,Reagan County,2.1,2008
48383,Texas,Reagan County,3.4,2012
48383,Texas,Reagan County,6.2,2016
48383,Texas,Reagan County,9.8,2020
48385,Texas,Real County,4.5,2000
48385,Texas,Real County,5.3,2004
48385,Texas,Real County,3.8,2008
48385,Texas,Real County,9.3,2012
48385,Texas,Real County,5.7,2016
48385,Texas,Real County,6.5,2020
48387,Texas,Red River County,4.9,2000
48387,Texas,Red River County,6.7,2004
48387,Texas,Red River County,6.5,2008
48387,Texas,Red River County,10.6,2012
48387,Texas,Red River County,5.8,2016
48387,Texas,Red River County,6.4,2020
48389,Texas,Reeves County,8.9,2000
48389,Texas,Reeves County,8.6,2004
48389,Texas,Reeves County,5.8,2008
48389,Texas,Reeves County,6.7,2012
48389,Texas,Reeves County,5.3,2016
48389,Texas,Reeves County,7.2,2020
48391,Texas,Refugio County,4.3,2000
48391,Texas,Refugio County,5.4,2004
48391,Texas,Refugio County,3.9,2008
48391,Texas,Refugio County,6.0,2012
48391,Texas,Refugio County,6.6,2016
48391,Texas,Refugio County,8.3,2020
48393,Texas,Roberts County,2.5,2000
48393,Texas,Roberts County,3.9,2004
48393,Texas,Roberts County,2.5,2008
48393,Texas,Roberts County,4.9,2012
48393,Texas,Roberts County,4.5,2016
48393,Texas,Roberts County,4.5,2020
48395,Texas,Robertson County,4.7,2000
48395,Texas,Robertson County,5.4,2004
48395,Texas,Robertson County,5.0,2008
48395,Texas,Robertson County,8.0,2012
48395,Texas,Robertson County,5.1,2016
48395,Texas,Robertson County,6.4,2020
48397,Texas,Rockwall County,3.0,2000
48397,Texas,Rockwall County,5.3,2004
48397,Texas,Rockwall County,4.5,2008
48397,Texas,Rockwall County,6.1,2012
48397,Texas,Rockwall County,3.5,2016
48397,Texas,Rockwall County,5.9,2020
48399,Texas,Runnels County,4.8,2000
48399,Texas,Runnels County,5.0,2004
48399,Texas,Runnels County,4.8,2008
48399,Texas,Runnels County,5.5,2012
48399,Texas,Runnels County,4.0,2016
48399,Texas,Runnels County,4.9,2020
48401,Texas,Rusk County,5.0,2000
48401,Texas,Rusk County,5.7,2004
48401,Texas,Rusk County,4.3,2008
48401,Texas,Rusk County,6.2,2012
48401,Texas,Rusk County,5.8,2016
48401,Texas,Rusk County,7.4,2020
48403,Texas,Sabine County,8.5,2000
48403,Texas,Sabine County,11.3,2004
48403,Texas,Sabine County,9.0,2008
48403,Texas,Sabine County,14.4,2012
48403,Texas,Sabine County,9.4,2016
48403,Texas,Sabine County,10.8,2020
48405,Texas,San Augustine County,5.3,2000
48405,Texas,San Augustine County,7.1,2004
48405,Texas,San Augustine County,6.2,2008
48405,Texas,San Augustine County,12.0,2012
48405,Texas,San Augustine County,8.9,2016
48405,Texas,San Augustine County,9.6,2020
48407,Texas,San Jacinto County,4.7,2000
48407,Texas,San Jacinto County,6.5,2004
48407,Texas,San Jacinto County,5.8,2008
48407,Texas,San Jacinto County,8.2,2012
48407,Texas,San Jacinto County,6.3,2016
48407,Texas,San Jacinto County,8.1,2020
48409,Texas,San Patricio County,6.0,2000
48409,Texas,San Patricio County,7.7,2004
48409,Texas,San Patricio County,5.3,2008
48409,Texas,San Patricio County,7.5,2012
48409,Texas,San Patricio County,7.5,2016
48409,Texas,San Patricio County,10.2,2020
48411,Texas,San Saba County,4.3,2000
48411,Texas,San Saba County,5.3,2004
48411,Texas,San Saba County,5.5,2008
48411,Texas,San Saba County,6.2,2012
48411,Texas,San Saba County,3.4,2016
48411,Texas,San Saba County,5.2,2020
48413,Texas,Schleicher County,3.8,2000
48413,Texas,Schleicher County,3.8,2004
48413,Texas,Schleicher County,3.3,2008
48413,Texas,Schleicher County,4.0,2012
48413,Texas,Schleicher County,5.2,2016
48413,Texas,Schleicher County,7.0,2020
48415,Texas,Scurry County,4.9,2000
48415,Texas,Scurry County,5.4,2004
48415,Texas,Scurry County,4.0,2008
48415,Texas,Scurry County,4.4,2012
48415,Texas,Scurry County,5.9,2016
48415,Texas,Scurry County,8.2,2020
48417,Texas,Shackelford County,3.5,2000
48417,Texas,Shackelford County,3.2,2004
48417,Texas,Shackelford County,2.6,2008
48417,Texas,Shackelford County,3.5,2012
48417,Texas,Shackelford County,3.8,2016
48417,Texas,Shackelford County,5.3,2020
48419,Texas,Shelby County,5.3,2000
48419,Texas,Shelby County,6.2,2004
48419,Texas,Shelby County,4.8,2008
48419,Texas,Shelby County,7.2,2012
48419,Texas,Shelby County,6.0,2016
48419,Texas,Shelby County,6.8,2020
48421,Texas,Sherman County,2.8,2000
48421,Texas,Sherman County,3.6,2004
48421,Texas,Sherman County,3.8,2008
48421,Texas,Sherman County,4.1,2012
48421,Texas,Sherman County,3.0,2016
48421,Texas,Sherman County,3.1,2020
48423,Texas,Smith County,4.5,2000
48423,Texas,Smith County,5.3,2004
48423,Texas,Smith County,4.9,2008
48423,Texas,Smith County,7.0,2012
48423,Texas,Smith County,4.5,2016
48423,Texas,Smith County,6.8,2020
48425,Texas,Somervell County,4.2,2000
48425,Texas,Somervell County,5.5,2004
48425,Texas,Somervell County,4.5,2008
48425,Texas,Somervell County,6.6,2012
48425,Texas,Somervell County,4.8,2016
48425,Texas,Somervell County,6.5,2020
48427,Texas,Starr County,16.9,2000
48427,Texas,Starr County,14.5,2004
48427,Texas,Starr County,11.4,2008
48427,Texas,Starr County,14.4,2012
48427,Texas,Starr County,13.4,2016
48427,Texas,Starr County,17.5,2020
48429,Texas,Stephens County,4.3,2000
48429,Texas,Stephens County,5.1,2004
48429,Texas,Stephens County,3.7,2008
48429,Texas,Stephens County,5.9,2012
48429,Texas,Stephens County,5.3,2016
48429,Texas,Stephens County,6.1,2020
48431,Texas,Sterling County,3.3,2000
48431,Texas,Sterling County,3.3,2004
48431,Texas,Sterling County,2.9,2008
48431,Texas,Sterling County,3.5,2012
48431,Texas,Sterling County,3.9,2016
48431,Texas,Sterling County,6.5,2020
48433,Texas,Stonewall County,4.4,2000
48433,Texas,Stonewall County,4.5,2004
48433,Texas,Stonewall County,3.4,2008
48433,Texas,Stonewall County,4.3,2012
48433,Texas,Stonewall County,4.4,2016
48433,Texas,Stonewall County,5.1,2020
48435,Texas,Sutton County,3.9,2000
48435,Texas,Sutton County,2.9,2004
48435,Texas,Sutton County,2.0,2008
48435,Texas,Sutton County,4.8,2012
48435,Texas,Sutton County,8.0,2016
48435,Texas,Sutton County,9.8,2020
48437,Texas,Swisher County,4.1,2000
48437,Texas,Swisher County,5.5,2004
48437,Texas,Swisher County,4.5,2008
48437,Texas,Swisher County,5.9,2012
48437,Texas,Swisher County,4.3,2016
48437,Texas,Swisher County,5.2,2020
48439,Texas,Tarrant County,3.6,2000
48439,Texas,Tarrant County,5.6,2004
48439,Texas,Tarrant County,4.8,2008
48439,Texas,Tarrant County,6.5,2012
48439,Texas,Tarrant County,4.0,2016
48439,Texas,Tarrant County,7.4,2020
48441,Texas,Taylor County,4.1,2000
48441,Texas,Taylor County,4.6,2004
48441,Texas,Taylor County,3.7,2008
48441,Texas,Taylor County,5.6,2012
48441,Texas,Taylor County,3.7,2016
48441,Texas,Taylor County,5.5,2020
48443,Texas,Terrell County,3.9,2000
48443,Texas,Terrell County,6.0,2004
48443,Texas,Terrell County,6.6,2008
48443,Texas,Terrell County,4.6,2012
48443,Texas,Terrell County,4.2,2016
48443,Texas,Terrell County,4.5,2020
48445,Texas,Terry County,5.0,2000
48445,Texas,Terry County,6.3,2004
48445,Texas,Terry County,4.2,2008
48445,Texas,Terry County,6.5,2012
48445,Texas,Terry County,4.8,2016
48445,Texas,Terry County,7.3,2020
48447,Texas,Throckmorton County,3.5,2000
48447,Texas,Throckmorton County,3.9,2004
48447,Texas,Throckmorton County,3.5,2008
48447,Texas,Throckmorton County,5.3,2012
48447,Texas,Throckmorton County,3.5,2016
48447,Texas,Throckmorton County,4.7,2020
48449,Texas,Titus County,4.5,2000
48449,Texas,Titus County,5.0,2004
48449,Texas,Titus County,4.3,2008
48449,Texas,Titus County,7.5,2012
48449,Texas,Titus County,6.2,2016
48449,Texas,Titus County,6.7,2020
48451,Texas,Tom Green County,4.0,2000
48451,Texas,Tom Green County,4.7,2004
48451,Texas,Tom Green County,4.1,2008
48451,Texas,Tom Green County,5.3,2012
48451,Texas,Tom Green County,4.5,2016
48451,Texas,Tom Green County,6.3,2020
48453,Texas,Travis County,3.1,2000
48453,Texas,Travis County,5.2,2004
48453,Texas,Travis County,4.2,2008
48453,Texas,Travis County,5.5,2012
48453,Texas,Travis County,3.2,2016
48453,Texas,Travis County,6.4,2020
48455,Texas,Trinity County,5.4,2000
48455,Texas,Trinity County,7.0,2004
48455,Texas,Trinity County,5.5,2008
48455,Texas,Trinity County,8.2,2012
48455,Texas,Trinity County,6.1,2016
48455,Texas,Trinity County,8.1,2020
48457,Texas,Tyler County,6.8,2000
48457,Texas,Tyler County,8.1,2004
48457,Texas,Tyler County,6.0,2008
48457,Texas,Tyler County,10.6,2012
48457,Texas,Tyler County,7.3,2016
48457,Texas,Tyler County,9.9,2020
48459,Texas,Upshur County,4.9,2000
48459,Texas,Upshur County,5.7,2004
48459,Texas,Upshur County,4.2,2008
48459,Texas,Upshur County,6.7,2012
48459,Texas,Upshur County,6.4,2016
48459,Texas,Upshur County,7.7,2020
48461,Texas,Upton County,4.9,2000
48461,Texas,Upton County,4.7,2004
48461,Texas,Upton County,3.1,2008
48461,Texas,Upton County,4.0,2012
48461,Texas,Upton County,5.3,2016
48461,Texas,Upton County,5.7,2020
48463,Texas,Uvalde County,5.8,2000
48463,Texas,Uvalde County,7.1,2004
48463,Texas,Uvalde County,5.7,2008
48463,Texas,Uvalde County,7.9,2012
48463,Texas,Uvalde County,5.3,2016
48463,Texas,Uvalde County,6.4,2020
48465,Texas,Val Verde County,6.4,2000
48465,Texas,Val Verde County,7.1,2004
48465,Texas,Val Verde County,5.8,2008
48465,Texas,Val Verde County,7.6,2012
48465,Texas,Val Verde County,6.3,2016
48465,Texas,Val Verde County,8.3,2020
48467,Texas,Van Zandt County,4.0,2000
48467,Texas,Van Zandt County,5.5,2004
48467,Texas,Van Zandt County,4.4,2008
48467,Texas,Van Zandt County,6.9,2012
48467,Texas,Van Zandt County,4.3,2016
48467,Texas,Van Zandt County,6.2,2020
48469,Texas,Victoria County,3.8,2000
48469,Texas,Victoria County,5.3,2004
48469,Texas,Victoria County,3.8,2008
48469,Texas,Victoria County,5.6,2012
48469,Texas,Victoria County,5.4,2016
48469,Texas,Victoria County,8.3,2020
48471,Texas,Walker County,4.7,2000
48471,Texas,Walker County,6.0,2004
48471,Texas,Walker County,5.2,2008
48471,Texas,Walker County,6.9,2012
48471,Texas,Walker County,5.3,2016
48471,Texas,Walker County,7.2,2020
48473,Texas,Waller County,4.5,2000
48473,Texas,Waller County,6.3,2004
48473,Texas,Waller County,5.0,2008
48473,Texas,Waller County,7.0,2012
48473,Texas,Waller County,5.6,2016
48473,Texas,Waller County,7.6,2020
48475,Texas,Ward County,6.3,2000
48475,Texas,Ward County,6.5,2004
48475,Texas,Ward County,3.9,2008
48475,Texas,Ward County,4.8,2012
48475,Texas,Ward County,5.7,2016
48475,Texas,Ward County,9.5,2020
48477,Texas,Washington County,3.8,2000
48477,Texas,Washington County,5.1,2004
48477,Texas,Washington County,4.0,2008
48477,Texas,Washington County,5.6,2012
48477,Texas,Washington County,5.1,2016
48477,Texas,Washington County,5.7,2020
48479,Texas,Webb County,6.2,2000
48479,Texas,Webb County,6.7,2004
48479,Texas,Webb County,5.4,2008
48479,Texas,Webb County,6.4,2012
48479,Texas,Webb County,4.9,2016
48479,Texas,Webb County,8.5,2020
48481,Texas,Wharton County,4.4,2000
48481,Texas,Wharton County,5.7,2004
48481,Texas,Wharton County,4.4,2008
48481,Texas,Wharton County,6.7,2012
48481,Texas,Wharton County,5.0,2016
48481,Texas,Wharton County,6.8,2020
48483,Texas,Wheeler County,4.0,2000
48483,Texas,Wheeler County,3.8,2004
48483,Texas,Wheeler County,2.4,2008
48483,Texas,Wheeler County,4.3,2012
48483,Texas,Wheeler County,4.8,2016
48483,Texas,Wheeler County,6.1,2020
48485,Texas,Wichita County,4.7,2000
48485,Texas,Wichita County,5.2,2004
48485,Texas,Wichita County,4.9,2008
48485,Texas,Wichita County,6.0,2012
48485,Texas,Wichita County,4.4,2016
48485,Texas,Wichita County,6.6,2020
48487,Texas,Wilbarger County,3.8,2000
48487,Texas,Wilbarger County,4.4,2004
48487,Texas,Wilbarger County,3.6,2008
48487,Texas,Wilbarger County,6.0,2012
48487,Texas,Wilbarger County,4.7,2016
48487,Texas,Wilbarger County,5.9,2020
48489,Texas,Willacy County,10.0,2000
48489,Texas,Willacy County,11.3,2004
48489,Texas,Willacy County,8.9,2008
48489,Texas,Willacy County,15.7,2012
48489,Texas,Willacy County,12.3,2016
48489,Texas,Willacy County,12.0,2020
48491,Texas,Williamson County,2.8,2000
48491,Texas,Williamson County,4.7,2004
48491,Texas,Williamson County,4.5,2008
48491,Texas,Williamson County,5.8,2012
48491,Texas,Williamson County,3.4,2016
48491,Texas,Williamson County,5.8,2020
48493,Texas,Wilson County,3.7,2000
48493,Texas,Wilson County,5.1,2004
48493,Texas,Wilson County,4.6,2008
48493,Texas,Wilson County,5.5,2012
48493,Texas,Wilson County,3.9,2016
48493,Texas,Wilson County,5.7,2020
48495,Texas,Winkler County,5.8,2000
48495,Texas,Winkler County,6.1,2004
48495,Texas,Winkler County,3.8,2008
48495,Texas,Winkler County,5.6,2012
48495,Texas,Winkler County,7.7,2016
48495,Texas,Winkler County,9.4,2020
48497,Texas,Wise County,3.5,2000
48497,Texas,Wise County,5.2,2004
48497,Texas,Wise County,4.4,2008
48497,Texas,Wise County,6.4,2012
48497,Texas,Wise County,4.7,2016
48497,Texas,Wise County,6.6,2020
48499,Texas,Wood County,5.1,2000
48499,Texas,Wood County,6.1,2004
48499,Texas,Wood County,5.1,2008
48499,Texas,Wood County,7.8,2012
48499,Texas,Wood County,5.3,2016
48499,Texas,Wood County,6.6,2020
48501,Texas,Yoakum County,5.4,2000
48501,Texas,Yoakum County,5.1,2004
48501,Texas,Yoakum County,3.1,2008
48501,Texas,Yoakum County,4.0,2012
48501,Texas,Yoakum County,4.8,2016
48501,Texas,Yoakum County,12.0,2020
48503,Texas,Young County,5.1,2000
48503,Texas,Young County,5.2,2004
48503,Texas,Young County,3.5,2008
48503,Texas,Young County,5.7,2012
48503,Texas,Young County,4.4,2016
48503,Texas,Young County,5.3,2020
48505,Texas,Zapata County,8.1,2000
48505,Texas,Zapata County,7.3,2004
48505,Texas,Zapata County,5.5,2008
48505,Texas,Zapata County,6.3,2012
48505,Texas,Zapata County,10.8,2016
48505,Texas,Zapata County,12.2,2020
48507,Texas,Zavala County,12.6,2000
48507,Texas,Zavala County,12.5,2004
48507,Texas,Zavala County,10.7,2008
48507,Texas,Zavala County,13.4,2012
48507,Texas,Zavala County,13.9,2016
48507,Texas,Zavala County,14.3,2020
49001,Utah,Beaver County,3.4,2000
49001,Utah,Beaver County,4.5,2004
49001,Utah,Beaver County,3.2,2008
49001,Utah,Beaver County,5.4,2012
49001,Utah,Beaver County,4.8,2016
49001,Utah,Beaver County,4.1,2020
49003,Utah,Box Elder County,3.7,2000
49003,Utah,Box Elder County,5.1,2004
49003,Utah,Box Elder County,3.8,2008
49003,Utah,Box Elder County,5.1,2012
49003,Utah,Box Elder County,3.4,2016
49003,Utah,Box Elder County,4.5,2020
49005,Utah,Cache County,2.8,2000
49005,Utah,Cache County,3.7,2004
49005,Utah,Cache County,2.6,2008
49005,Utah,Cache County,4.0,2012
49005,Utah,Cache County,3.0,2016
49005,Utah,Cache County,3.0,2020
49007,Utah,Carbon County,5.6,2000
49007,Utah,Carbon County,6.6,2004
49007,Utah,Carbon County,4.0,2008
49007,Utah,Carbon County,6.2,2012
49007,Utah,Carbon County,5.8,2016
49007,Utah,Carbon County,5.4,2020
49009,Utah,Daggett County,3.9,2000
49009,Utah,Daggett County,5.4,2004
49009,Utah,Daggett County,3.7,2008
49009,Utah,Daggett County,4.4,2012
49009,Utah,Daggett County,5.0,2016
49009,Utah,Daggett County,4.6,2020
49011,Utah,Davis County,3.1,2000
49011,Utah,Davis County,4.7,2004
49011,Utah,Davis County,3.2,2008
49011,Utah,Davis County,4.3,2012
49011,Utah,Davis County,3.1,2016
49011,Utah,Davis County,4.2,2020
49013,Utah,Duchesne County,4.9,2000
49013,Utah,Duchesne County,5.6,2004
49013,Utah,Duchesne County,2.5,2008
49013,Utah,Duchesne County,4.1,2012
49013,Utah,Duchesne County,8.6,2016
49013,Utah,Duchesne County,8.0,2020
49015,Utah,Emery County,4.8,2000
49015,Utah,Emery County,6.9,2004
49015,Utah,Emery County,3.5,2008
49015,Utah,Emery County,6.3,2012
49015,Utah,Emery County,6.1,2016
49015,Utah,Emery County,4.8,2020
49017,Utah,Garfield County,6.8,2000
49017,Utah,Garfield County,7.9,2004
49017,Utah,Garfield County,5.7,2008
49017,Utah,Garfield County,8.4,2012
49017,Utah,Garfield County,8.1,2016
49017,Utah,Garfield County,10.4,2020
49019,Utah,Grand County,6.6,2000
49019,Utah,Grand County,7.4,2004
49019,Utah,Grand County,5.5,2008
49019,Utah,Grand County,7.5,2012
49019,Utah,Grand County,5.7,2016
49019,Utah,Grand County,9.6,2020
49021,Utah,Iron County,3.2,2000
49021,Utah,Iron County,4.6,2004
49021,Utah,Iron County,4.1,2008
49021,Utah,Iron County,6.0,2012
49021,Utah,Iron County,4.2,2016
49021,Utah,Iron County,4.6,2020
49023,Utah,Juab County,3.5,2000
49023,Utah,Juab County,6.4,2004
49023,Utah,Juab County,5.1,2008
49023,Utah,Juab County,5.4,2012
49023,Utah,Juab County,3.5,2016
49023,Utah,Juab County,3.0,2020
49025,Utah,Kane County,3.8,2000
49025,Utah,Kane County,5.6,2004
49025,Utah,Kane County,3.9,2008
49025,Utah,Kane County,5.9,2012
49025,Utah,Kane County,3.7,2016
49025,Utah,Kane County,5.4,2020
49027,Utah,Millard County,3.4,2000
49027,Utah,Millard County,4.8,2004
49027,Utah,Millard County,3.1,2008
49027,Utah,Millard County,4.1,2012
49027,Utah,Millard County,3.2,2016
49027,Utah,Millard County,3.3,2020
49029,Utah,Morgan County,3.4,2000
49029,Utah,Morgan County,4.8,2004
49029,Utah,Morgan County,3.1,2008
49029,Utah,Morgan County,4.3,2012
49029,Utah,Morgan County,2.9,2016
49029,Utah,Morgan County,3.4,2020
49031,Utah,Piute County,4.5,2000
49031,Utah,Piute County,4.4,2004
49031,Utah,Piute County,2.7,2008
49031,Utah,Piute County,7.5,2012
49031,Utah,Piute County,5.7,2016
49031,Utah,Piute County,6.2,2020
49033,Utah,Rich County,3.0,2000
49033,Utah,Rich County,3.4,2004
49033,Utah,Rich County,2.5,2008
49033,Utah,Rich County,4.7,2012
49033,Utah,Rich County,3.1,2016
49033,Utah,Rich County,3.5,2020
49035,Utah,Salt Lake County,3.1,2000
49035,Utah,Salt Lake County,5.0,2004
49035,Utah,Salt Lake County,3.2,2008
49035,Utah,Salt Lake County,4.6,2012
49035,Utah,Salt Lake County,3.1,2016
49035,Utah,Salt Lake County,5.2,2020
49037,Utah,San Juan County,8.0,2000
49037,Utah,San Juan County,9.2,2004
49037,Utah,San Juan County,5.9,2008
49037,Utah,San Juan County,7.8,2012
49037,Utah,San Juan County,7.8,2016
49037,Utah,San Juan County,10.5,2020
49039,Utah,Sanpete County,4.4,2000
49039,Utah,Sanpete County,6.3,2004
49039,Utah,Sanpete County,3.9,2008
49039,Utah,Sanpete County,5.7,2012
49039,Utah,Sanpete County,3.9,2016
49039,Utah,Sanpete County,3.8,2020
49041,Utah,Sevier County,3.9,2000
49041,Utah,Sevier County,5.2,2004
49041,Utah,Sevier County,3.8,2008
49041,Utah,Sevier County,5.4,2012
49041,Utah,Sevier County,4.3,2016
49041,Utah,Sevier County,4.3,2020
49043,Utah,Summit County,3.5,2000
49043,Utah,Summit County,5.2,2004
49043,Utah,Summit County,3.1,2008
49043,Utah,Summit County,4.4,2012
49043,Utah,Summit County,3.0,2016
49043,Utah,Summit County,7.4,2020
49045,Utah,Tooele County,3.7,2000
49045,Utah,Tooele County,5.5,2004
49045,Utah,Tooele County,3.6,2008
49045,Utah,Tooele County,5.3,2012
49045,Utah,Tooele County,3.7,2016
49045,Utah,Tooele County,4.8,2020
49047,Utah,Uintah County,4.2,2000
49047,Utah,Uintah County,5.1,2004
49047,Utah,Uintah County,2.1,2008
49047,Utah,Uintah County,3.9,2012
49047,Utah,Uintah County,9.1,2016
49047,Utah,Uintah County,9.5,2020
49049,Utah,Utah County,2.9,2000
49049,Utah,Utah County,4.8,2004
49049,Utah,Utah County,3.3,2008
49049,Utah,Utah County,4.4,2012
49049,Utah,Utah County,3.0,2016
49049,Utah,Utah County,3.9,2020
49051,Utah,Wasatch County,3.5,2000
49051,Utah,Wasatch County,5.4,2004
49051,Utah,Wasatch County,3.4,2008
49051,Utah,Wasatch County,5.1,2012
49051,Utah,Wasatch County,3.3,2016
49051,Utah,Wasatch County,6.6,2020
49053,Utah,Washington County,3.5,2000
49053,Utah,Washington County,4.9,2004
49053,Utah,Washington County,4.4,2008
49053,Utah,Washington County,6.1,2012
49053,Utah,Washington County,3.6,2016
49053,Utah,Washington County,5.5,2020
49055,Utah,Wayne County,4.5,2000
49055,Utah,Wayne County,6.6,2004
49055,Utah,Wayne County,5.1,2008
49055,Utah,Wayne County,9.5,2012
49055,Utah,Wayne County,7.5,2016
49055,Utah,Wayne County,7.7,2020
49057,Utah,Weber County,4.2,2000
49057,Utah,Weber County,5.5,2004
49057,Utah,Weber County,3.9,2008
49057,Utah,Weber County,5.6,2012
49057,Utah,Weber County,3.7,2016
49057,Utah,Weber County,4.9,2020
50001,Vermont,Addison County,2.6,2000
50001,Vermont,Addison County,3.5,2004
50001,Vermont,Addison County,4.3,2008
50001,Vermont,Addison County,4.4,2012
50001,Vermont,Addison County,2.9,2016
50001,Vermont,Addison County,4.6,2020
50003,Vermont,Bennington County,3.0,2000
50003,Vermont,Bennington County,4.0,2004
50003,Vermont,Bennington County,4.7,2008
50003,Vermont,Bennington County,5.7,2012
50003,Vermont,Bennington County,3.6,2016
50003,Vermont,Bennington County,6.5,2020
50005,Vermont,Caledonia County,3.4,2000
50005,Vermont,Caledonia County,4.2,2004
50005,Vermont,Caledonia County,5.0,2008
50005,Vermont,Caledonia County,6.1,2012
50005,Vermont,Caledonia County,4.0,2016
50005,Vermont,Caledonia County,6.0,2020
50007,Vermont,Chittenden County,2.3,2000
50007,Vermont,Chittenden County,3.2,2004
50007,Vermont,Chittenden County,3.9,2008
50007,Vermont,Chittenden County,3.7,2012
50007,Vermont,Chittenden County,2.4,2016
50007,Vermont,Chittenden County,4.7,2020
50009,Vermont,Essex County,4.0,2000
50009,Vermont,Essex County,4.0,2004
50009,Vermont,Essex County,6.0,2008
50009,Vermont,Essex County,7.8,2012
50009,Vermont,Essex County,4.8,2016
50009,Vermont,Essex County,7.6,2020
50011,Vermont,Franklin County,3.0,2000
50011,Vermont,Franklin County,4.0,2004
50011,Vermont,Franklin County,4.8,2008
50011,Vermont,Franklin County,4.4,2012
50011,Vermont,Franklin County,3.0,2016
50011,Vermont,Franklin County,5.1,2020
50013,Vermont,Grand Isle County,3.9,2000
50013,Vermont,Grand Isle County,4.7,2004
50013,Vermont,Grand Isle County,5.8,2008
50013,Vermont,Grand Isle County,5.3,2012
50013,Vermont,Grand Isle County,3.6,2016
50013,Vermont,Grand Isle County,5.8,2020
50015,Vermont,Lamoille County,3.2,2000
50015,Vermont,Lamoille County,4.1,2004
50015,Vermont,Lamoille County,5.3,2008
50015,Vermont,Lamoille County,6.2,2012
50015,Vermont,Lamoille County,4.1,2016
50015,Vermont,Lamoille County,7.7,2020
50017,Vermont,Orange County,2.5,2000
50017,Vermont,Orange County,3.4,2004
50017,Vermont,Orange County,4.3,2008
50017,Vermont,Orange County,4.6,2012
50017,Vermont,Orange County,3.0,2016
50017,Vermont,Orange County,5.2,2020
50019,Vermont,Orleans County,4.4,2000
50019,Vermont,Orleans County,5.1,2004
50019,Vermont,Orleans County,6.7,2008
50019,Vermont,Orleans County,7.5,2012
50019,Vermont,Orleans County,5.1,2016
50019,Vermont,Orleans County,7.6,2020
50021,Vermont,Rutland County,3.2,2000
50021,Vermont,Rutland County,4.1,2004
50021,Vermont,Rutland County,5.3,2008
50021,Vermont,Rutland County,6.1,2012
50021,Vermont,Rutland County,3.6,2016
50021,Vermont,Rutland County,6.7,2020
50023,Vermont,Washington County,2.7,2000
50023,Vermont,Washington County,3.8,2004
50023,Vermont,Washington County,4.6,2008
50023,Vermont,Washington County,4.6,2012
50023,Vermont,Washington County,3.1,2016
50023,Vermont,Washington County,4.9,2020
50025,Vermont,Windham County,2.8,2000
50025,Vermont,Windham County,3.5,2004
50025,Vermont,Windham County,4.4,2008
50025,Vermont,Windham County,5.0,2012
50025,Vermont,Windham County,3.2,2016
50025,Vermont,Windham County,6.7,2020
50027,Vermont,Windsor County,2.5,2000
50027,Vermont,Windsor County,3.2,2004
50027,Vermont,Windsor County,3.7,2008
50027,Vermont,Windsor County,4.5,2012
50027,Vermont,Windsor County,2.8,2016
50027,Vermont,Windsor County,5.9,2020
51001,Virginia,Accomack County,3.0,2000
51001,Virginia,Accomack County,5.1,2004
51001,Virginia,Accomack County,5.4,2008
51001,Virginia,Accomack County,7.7,2012
51001,Virginia,Accomack County,4.8,2016
51001,Virginia,Accomack County,6.7,2020
51003,Virginia,Albemarle County,1.7,2000
51003,Virginia,Albemarle County,3.4,2004
51003,Virginia,Albemarle County,3.2,2008
51003,Virginia,Albemarle County,5.1,2012
51003,Virginia,Albemarle County,3.5,2016
51003,Virginia,Albemarle County,5.5,2020
51005,Virginia,Alleghany County,3.0,2000
51005,Virginia,Alleghany County,5.1,2004
51005,Virginia,Alleghany County,5.8,2008
51005,Virginia,Alleghany County,6.9,2012
51005,Virginia,Alleghany County,5.0,2016
51005,Virginia,Alleghany County,6.8,2020
51007,Virginia,Amelia County,2.0,2000
51007,Virginia,Amelia County,3.9,2004
51007,Virginia,Amelia County,4.8,2008
51007,Virginia,Amelia County,6.4,2012
51007,Virginia,Amelia County,4.2,2016
51007,Virginia,Amelia County,6.0,2020
51009,Virginia,Amherst County,2.1,2000
51009,Virginia,Amherst County,5.0,2004
51009,Virginia,Amherst County,4.4,2008
51009,Virginia,Amherst County,6.6,2012
51009,Virginia,Amherst County,4.3,2016
51009,Virginia,Amherst County,5.8,2020
51011,Virginia,Appomattox County,2.5,2000
51011,Virginia,Appomattox County,5.0,2004
51011,Virginia,Appomattox County,4.8,2008
51011,Virginia,Appomattox County,7.3,2012
51011,Virginia,Appomattox County,4.6,2016
51011,Virginia,Appomattox County,5.9,2020
51013,Virginia,Arlington County,1.6,2000
51013,Virginia,Arlington County,2.7,2004
51013,Virginia,Arlington County,2.7,2008
51013,Virginia,Arlington County,3.4,2012
51013,Virginia,Arlington County,2.6,2016
51013,Virginia,Arlington County,4.6,2020
51015,Virginia,Augusta County,1.9,2000
51015,Virginia,Augusta County,3.4,2004
51015,Virginia,Augusta County,3.9,2008
51015,Virginia,Augusta County,5.7,2012
51015,Virginia,Augusta County,3.6,2016
51015,Virginia,Augusta County,4.8,2020
51017,Virginia,Bath County,2.7,2000
51017,Virginia,Bath County,3.9,2004
51017,Virginia,Bath County,4.4,2008
51017,Virginia,Bath County,5.7,2012
51017,Virginia,Bath County,3.6,2016
51017,Virginia,Bath County,10.3,2020
51019,Virginia,Bedford County,2.0,2000
51019,Virginia,Bedford County,4.2,2004
51019,Virginia,Bedford County,4.0,2008
51019,Virginia,Bedford County,5.8,2012
51019,Virginia,Bedford County,4.0,2016
51019,Virginia,Bedford County,5.3,2020
51021,Virginia,Bland County,5.2,2000
51021,Virginia,Bland County,5.0,2004
51021,Virginia,Bland County,5.1,2008
51021,Virginia,Bland County,6.9,2012
51021,Virginia,Bland County,5.1,2016
51021,Virginia,Bland County,5.8,2020
51023,Virginia,Botetourt County,1.8,2000
51023,Virginia,Botetourt County,3.6,2004
51023,Virginia,Botetourt County,3.5,2008
51023,Virginia,Botetourt County,5.4,2012
51023,Virginia,Botetourt County,3.6,2016
51023,Virginia,Botetourt County,4.7,2020
51025,Virginia,Brunswick County,3.5,2000
51025,Virginia,Brunswick County,7.1,2004
51025,Virginia,Brunswick County,7.1,2008
51025,Virginia,Brunswick County,9.9,2012
51025,Virginia,Brunswick County,5.9,2016
51025,Virginia,Brunswick County,8.2,2020
51027,Virginia,Buchanan County,5.8,2000
51027,Virginia,Buchanan County,6.2,2004
51027,Virginia,Buchanan County,5.4,2008
51027,Virginia,Buchanan County,8.9,2012
51027,Virginia,Buchanan County,10.6,2016
51027,Virginia,Buchanan County,9.8,2020
51029,Virginia,Buckingham County,3.2,2000
51029,Virginia,Buckingham County,4.6,2004
51029,Virginia,Buckingham County,5.3,2008
51029,Virginia,Buckingham County,8.4,2012
51029,Virginia,Buckingham County,5.3,2016
51029,Virginia,Buckingham County,7.6,2020
51031,Virginia,Campbell County,2.3,2000
51031,Virginia,Campbell County,4.8,2004
51031,Virginia,Campbell County,4.3,2008
51031,Virginia,Campbell County,6.3,2012
51031,Virginia,Campbell County,4.4,2016
51031,Virginia,Campbell County,6.0,2020
51033,Virginia,Caroline County,2.2,2000
51033,Virginia,Caroline County,4.3,2004
51033,Virginia,Caroline County,5.2,2008
51033,Virginia,Caroline County,7.6,2012
51033,Virginia,Caroline County,4.4,2016
51033,Virginia,Caroline County,6.9,2020
51035,Virginia,Carroll County,4.0,2000
51035,Virginia,Carroll County,5.4,2004
51035,Virginia,Carroll County,7.2,2008
51035,Virginia,Carroll County,8.4,2012
51035,Virginia,Carroll County,5.1,2016
51035,Virginia,Carroll County,8.5,2020
51036,Virginia,Charles City County,2.5,2000
51036,Virginia,Charles City County,5.5,2004
51036,Virginia,Charles City County,5.4,2008
51036,Virginia,Charles City County,7.7,2012
51036,Virginia,Charles City County,4.5,2016
51036,Virginia,Charles City County,6.9,2020
51037,Virginia,Charlotte County,3.1,2000
51037,Virginia,Charlotte County,6.5,2004
51037,Virginia,Charlotte County,6.4,2008
51037,Virginia,Charlotte County,8.5,2012
51037,Virginia,Charlotte County,4.9,2016
51037,Virginia,Charlotte County,5.8,2020
51041,Virginia,Chesterfield County,1.8,2000
51041,Virginia,Chesterfield County,3.6,2004
51041,Virginia,Chesterfield County,4.0,2008
51041,Virginia,Chesterfield County,6.0,2012
51041,Virginia,Chesterfield County,3.8,2016
51041,Virginia,Chesterfield County,6.1,2020
51043,Virginia,Clarke County,1.6,2000
51043,Virginia,Clarke County,3.1,2004
51043,Virginia,Clarke County,3.7,2008
51043,Virginia,Clarke County,5.1,2012
51043,Virginia,Clarke County,3.5,2016
51043,Virginia,Clarke County,4.7,2020
51045,Virginia,Craig County,2.4,2000
51045,Virginia,Craig County,4.3,2004
51045,Virginia,Craig County,4.4,2008
51045,Virginia,Craig County,6.9,2012
51045,Virginia,Craig County,4.7,2016
51045,Virginia,Craig County,5.3,2020
51047,Virginia,Culpeper County,1.9,2000
51047,Virginia,Culpeper County,3.8,2004
51047,Virginia,Culpeper County,5.2,2008
51047,Virginia,Culpeper County,5.6,2012
51047,Virginia,Culpeper County,3.8,2016
51047,Virginia,Culpeper County,5.1,2020
51049,Virginia,Cumberland County,2.2,2000
51049,Virginia,Cumberland County,4.3,2004
51049,Virginia,Cumberland County,5.1,2008
51049,Virginia,Cumberland County,7.0,2012
51049,Virginia,Cumberland County,4.5,2016
51049,Virginia,Cumberland County,6.3,2020
51051,Virginia,Dickenson County,5.8,2000
51051,Virginia,Dickenson County,6.8,2004
51051,Virginia,Dickenson County,6.2,2008
51051,Virginia,Dickenson County,10.5,2012
51051,Virginia,Dickenson County,9.8,2016
51051,Virginia,Dickenson County,8.2,2020
51053,Virginia,Dinwiddie County,2.1,2000
51053,Virginia,Dinwiddie County,4.2,2004
51053,Virginia,Dinwiddie County,4.9,2008
51053,Virginia,Dinwiddie County,7.4,2012
51053,Virginia,Dinwiddie County,4.8,2016
51053,Virginia,Dinwiddie County,6.6,2020
51057,Virginia,Essex County,2.7,2000
51057,Virginia,Essex County,4.7,2004
51057,Virginia,Essex County,5.6,2008
51057,Virginia,Essex County,7.2,2012
51057,Virginia,Essex County,4.7,2016
51057,Virginia,Essex County,7.2,2020
51059,Virginia,Fairfax County,1.6,2000
51059,Virginia,Fairfax County,3.0,2004
51059,Virginia,Fairfax County,3.1,2008
51059,Virginia,Fairfax County,4.4,2012
51059,Virginia,Fairfax County,3.2,2016
51059,Virginia,Fairfax County,6.0,2020
51061,Virginia,Fauquier County,1.5,2000
51061,Virginia,Fauquier County,3.0,2004
51061,Virginia,Fauquier County,3.6,2008
51061,Virginia,Fauquier County,5.0,2012
51061,Virginia,Fauquier County,3.4,2016
51061,Virginia,Fauquier County,4.9,2020
51063,Virginia,Floyd County,3.7,2000
51063,Virginia,Floyd County,4.4,2004
51063,Virginia,Floyd County,4.8,2008
51063,Virginia,Floyd County,5.6,2012
51063,Virginia,Floyd County,4.0,2016
51063,Virginia,Floyd County,5.2,2020
51065,Virginia,Fluvanna County,2.0,2000
51065,Virginia,Fluvanna County,3.4,2004
51065,Virginia,Fluvanna County,3.6,2008
51065,Virginia,Fluvanna County,5.1,2012
51065,Virginia,Fluvanna County,3.3,2016
51065,Virginia,Fluvanna County,5.4,2020
51067,Virginia,Franklin County,3.0,2000
51067,Virginia,Franklin County,4.3,2004
51067,Virginia,Franklin County,5.1,2008
51067,Virginia,Franklin County,6.4,2012
51067,Virginia,Franklin County,4.2,2016
51067,Virginia,Franklin County,5.6,2020
51069,Virginia,Frederick County,2.0,2000
51069,Virginia,Frederick County,3.3,2004
51069,Virginia,Frederick County,4.5,2008
51069,Virginia,Frederick County,5.7,2012
51069,Virginia,Frederick County,3.4,2016
51069,Virginia,Frederick County,4.8,2020
51071,Virginia,Giles County,4.2,2000
51071,Virginia,Giles County,5.5,2004
51071,Virginia,Giles County,5.8,2008
51071,Virginia,Giles County,7.1,2012
51071,Virginia,Giles County,5.3,2016
51071,Virginia,Giles County,6.4,2020
51073,Virginia,Gloucester County,1.9,2000
51073,Virginia,Gloucester County,3.4,2004
51073,Virginia,Gloucester County,3.8,2008
51073,Virginia,Gloucester County,5.5,2012
51073,Virginia,Gloucester County,3.6,2016
51073,Virginia,Gloucester County,5.6,2020
51075,Virginia,Goochland County,1.7,2000
51075,Virginia,Goochland County,3.6,2004
51075,Virginia,Goochland County,3.6,2008
51075,Virginia,Goochland County,5.5,2012
51075,Virginia,Goochland County,3.7,2016
51075,Virginia,Goochland County,5.0,2020
51077,Virginia,Grayson County,5.0,2000
51077,Virginia,Grayson County,5.3,2004
51077,Virginia,Grayson County,7.0,2008
51077,Virginia,Grayson County,9.4,2012
51077,Virginia,Grayson County,5.0,2016
51077,Virginia,Grayson County,5.9,2020
51079,Virginia,Greene County,1.8,2000
51079,Virginia,Greene County,3.4,2004
51079,Virginia,Greene County,3.5,2008
51079,Virginia,Greene County,5.4,2012
51079,Virginia,Greene County,3.2,2016
51079,Virginia,Greene County,5.4,2020
51081,Virginia,Greensville County,3.3,2000
51081,Virginia,Greensville County,7.0,2004
51081,Virginia,Greensville County,5.9,2008
51081,Virginia,Greensville County,8.5,2012
51081,Virginia,Greensville County,5.0,2016
51081,Virginia,Greensville County,6.9,2020
51083,Virginia,Halifax County,5.0,2000
51083,Virginia,Halifax County,8.4,2004
51083,Virginia,Halifax County,7.4,2008
51083,Virginia,Halifax County,9.3,2012
51083,Virginia,Halifax County,5.7,2016
51083,Virginia,Halifax County,7.3,2020
51085,Virginia,Hanover County,1.6,2000
51085,Virginia,Hanover County,3.4,2004
51085,Virginia,Hanover County,3.7,2008
51085,Virginia,Hanover County,5.4,2012
51085,Virginia,Hanover County,3.4,2016
51085,Virginia,Hanover County,5.0,2020
51087,Virginia,Henrico County,1.8,2000
51087,Virginia,Henrico County,3.8,2004
51087,Virginia,Henrico County,3.9,2008
51087,Virginia,Henrico County,5.9,2012
51087,Virginia,Henrico County,3.8,2016
51087,Virginia,Henrico County,6.7,2020
51089,Virginia,Henry County,4.9,2000
51089,Virginia,Henry County,10.1,2004
51089,Virginia,Henry County,8.6,2008
51089,Virginia,Henry County,10.4,2012
51089,Virginia,Henry County,5.5,2016
51089,Virginia,Henry County,7.9,2020
51091,Virginia,Highland County,2.9,2000
51091,Virginia,Highland County,3.8,2004
51091,Virginia,Highland County,5.5,2008
51091,Virginia,Highland County,4.8,2012
51091,Virginia,Highland County,3.1,2016
51091,Virginia,Highland County,3.9,2020
51093,Virginia,Isle Of Wight County,2.2,2000
51093,Virginia,Isle Of Wight County,3.8,2004
51093,Virginia,Isle Of Wight County,4.0,2008
51093,Virginia,Isle Of Wight County,6.2,2012
51093,Virginia,Isle Of Wight County,4.2,2016
51093,Virginia,Isle Of Wight County,5.2,2020
51095,Virginia,James City County,2.0,2000
51095,Virginia,James City County,3.7,2004
51095,Virginia,James City County,3.4,2008
51095,Virginia,James City County,5.6,2012
51095,Virginia,James City County,3.8,2016
51095,Virginia,James City County,7.1,2020
51097,Virginia,King And Queen County,2.6,2000
51097,Virginia,King And Queen County,4.2,2004
51097,Virginia,King And Queen County,4.9,2008
51097,Virginia,King And Queen County,6.5,2012
51097,Virginia,King And Queen County,4.1,2016
51097,Virginia,King And Queen County,5.3,2020
51099,Virginia,King George County,1.9,2000
51099,Virginia,King George County,3.4,2004
51099,Virginia,King George County,5.5,2008
51099,Virginia,King George County,6.4,2012
51099,Virginia,King George County,4.2,2016
51099,Virginia,King George County,4.6,2020
51101,Virginia,King William County,1.9,2000
51101,Virginia,King William County,3.7,2004
51101,Virginia,King William County,4.0,2008
51101,Virginia,King William County,6.2,2012
51101,Virginia,King William County,3.7,2016
51101,Virginia,King William County,5.5,2020
51103,Virginia,Lancaster County,5.8,2000
51103,Virginia,Lancaster County,6.1,2004
51103,Virginia,Lancaster County,6.2,2008
51103,Virginia,Lancaster County,7.8,2012
51103,Virginia,Lancaster County,5.5,2016
51103,Virginia,Lancaster County,7.5,2020
51105,Virginia,Lee County,4.2,2000
51105,Virginia,Lee County,6.0,2004
51105,Virginia,Lee County,5.7,2008
51105,Virginia,Lee County,8.1,2012
51105,Virginia,Lee County,6.7,2016
51105,Virginia,Lee County,6.6,2020
51107,Virginia,Loudoun County,1.4,2000
51107,Virginia,Loudoun County,2.9,2004
51107,Virginia,Loudoun County,3.0,2008
51107,Virginia,Loudoun County,4.4,2012
51107,Virginia,Loudoun County,3.1,2016
51107,Virginia,Loudoun County,5.5,2020
51109,Virginia,Louisa County,2.4,2000
51109,Virginia,Louisa County,4.1,2004
51109,Virginia,Louisa County,4.5,2008
51109,Virginia,Louisa County,6.1,2012
51109,Virginia,Louisa County,3.8,2016
51109,Virginia,Louisa County,5.4,2020
51111,Virginia,Lunenburg County,3.4,2000
51111,Virginia,Lunenburg County,5.4,2004
51111,Virginia,Lunenburg County,6.4,2008
51111,Virginia,Lunenburg County,7.4,2012
51111,Virginia,Lunenburg County,4.5,2016
51111,Virginia,Lunenburg County,5.5,2020
51113,Virginia,Madison County,1.8,2000
51113,Virginia,Madison County,3.3,2004
51113,Virginia,Madison County,4.0,2008
51113,Virginia,Madison County,4.7,2012
51113,Virginia,Madison County,3.1,2016
51113,Virginia,Madison County,3.9,2020
51115,Virginia,Mathews County,2.2,2000
51115,Virginia,Mathews County,3.3,2004
51115,Virginia,Mathews County,3.9,2008
51115,Virginia,Mathews County,5.6,2012
51115,Virginia,Mathews County,4.0,2016
51115,Virginia,Mathews County,5.1,2020
51117,Virginia,Mecklenburg County,3.3,2000
51117,Virginia,Mecklenburg County,7.3,2004
51117,Virginia,Mecklenburg County,7.0,2008
51117,Virginia,Mecklenburg County,9.2,2012
51117,Virginia,Mecklenburg County,5.5,2016
51117,Virginia,Mecklenburg County,7.0,2020
51119,Virginia,Middlesex County,2.1,2000
51119,Virginia,Middlesex County,3.7,2004
51119,Virginia,Middlesex County,4.1,2008
51119,Virginia,Middlesex County,5.9,2012
51119,Virginia,Middlesex County,3.8,2016
51119,Virginia,Middlesex County,5.3,2020
51121,Virginia,Montgomery County,2.5,2000
51121,Virginia,Montgomery County,4.0,2004
51121,Virginia,Montgomery County,4.4,2008
51121,Virginia,Montgomery County,5.8,2012
51121,Virginia,Montgomery County,4.1,2016
51121,Virginia,Montgomery County,4.9,2020
51125,Virginia,Nelson County,2.3,2000
51125,Virginia,Nelson County,3.9,2004
51125,Virginia,Nelson County,3.9,2008
51125,Virginia,Nelson County,5.7,2012
51125,Virginia,Nelson County,3.5,2016
51125,Virginia,Nelson County,5.9,2020
51127,Virginia,New Kent County,1.8,2000
51127,Virginia,New Kent County,3.7,2004
51127,Virginia,New Kent County,3.9,2008
51127,Virginia,New Kent County,5.5,2012
51127,Virginia,New Kent County,3.3,2016
51127,Virginia,New Kent County,4.7,2020
51131,Virginia,Northampton County,2.7,2000
51131,Virginia,Northampton County,5.1,2004
51131,Virginia,Northampton County,5.9,2008
51131,Virginia,Northampton County,9.1,2012
51131,Virginia,Northampton County,5.7,2016
51131,Virginia,Northampton County,8.1,2020
51133,Virginia,Northumberland County,4.5,2000
51133,Virginia,Northumberland County,5.5,2004
51133,Virginia,Northumberland County,6.2,2008
51133,Virginia,Northumberland County,8.0,2012
51133,Virginia,Northumberland County,5.4,2016
51133,Virginia,Northumberland County,6.6,2020
51135,Virginia,Nottoway County,2.9,2000
51135,Virginia,Nottoway County,4.8,2004
51135,Virginia,Nottoway County,5.9,2008
51135,Virginia,Nottoway County,6.2,2012
51135,Virginia,Nottoway County,3.9,2016
51135,Virginia,Nottoway County,5.2,2020
51137,Virginia,Orange County,2.0,2000
51137,Virginia,Orange County,3.7,2004
51137,Virginia,Orange County,4.9,2008
51137,Virginia,Orange County,6.5,2012
51137,Virginia,Orange County,4.0,2016
51137,Virginia,Orange County,5.8,2020
51139,Virginia,Page County,2.6,2000
51139,Virginia,Page County,6.0,2004
51139,Virginia,Page County,7.4,2008
51139,Virginia,Page County,10.0,2012
51139,Virginia,Page County,5.5,2016
51139,Virginia,Page County,7.6,2020
51141,Virginia,Patrick County,3.3,2000
51141,Virginia,Patrick County,8.4,2004
51141,Virginia,Patrick County,7.0,2008
51141,Virginia,Patrick County,8.9,2012
51141,Virginia,Patrick County,4.8,2016
51141,Virginia,Patrick County,7.1,2020
51143,Virginia,Pittsylvania County,3.3,2000
51143,Virginia,Pittsylvania County,6.8,2004
51143,Virginia,Pittsylvania County,7.2,2008
51143,Virginia,Pittsylvania County,7.6,2012
51143,Virginia,Pittsylvania County,4.7,2016
51143,Virginia,Pittsylvania County,6.7,2020
51145,Virginia,Powhatan County,1.8,2000
51145,Virginia,Powhatan County,3.2,2004
51145,Virginia,Powhatan County,3.6,2008
51145,Virginia,Powhatan County,5.5,2012
51145,Virginia,Powhatan County,3.5,2016
51145,Virginia,Powhatan County,5.0,2020
51147,Virginia,Prince Edward County,3.3,2000
51147,Virginia,Prince Edward County,6.1,2004
51147,Virginia,Prince Edward County,5.9,2008
51147,Virginia,Prince Edward County,8.3,2012
51147,Virginia,Prince Edward County,5.3,2016
51147,Virginia,Prince Edward County,6.7,2020
51149,Virginia,Prince George County,2.5,2000
51149,Virginia,Prince George County,4.0,2004
51149,Virginia,Prince George County,4.6,2008
51149,Virginia,Prince George County,7.3,2012
51149,Virginia,Prince George County,4.8,2016
51149,Virginia,Prince George County,6.7,2020
51153,Virginia,Prince William County,1.8,2000
51153,Virginia,Prince William County,3.2,2004
51153,Virginia,Prince William County,3.6,2008
51153,Virginia,Prince William County,5.2,2012
51153,Virginia,Prince William County,3.6,2016
51153,Virginia,Prince William County,6.7,2020
51155,Virginia,Pulaski County,4.5,2000
51155,Virginia,Pulaski County,6.4,2004
51155,Virginia,Pulaski County,6.9,2008
51155,Virginia,Pulaski County,7.3,2012
51155,Virginia,Pulaski County,5.9,2016
51155,Virginia,Pulaski County,8.1,2020
51157,Virginia,Rappahannock County,1.8,2000
51157,Virginia,Rappahannock County,2.9,2004
51157,Virginia,Rappahannock County,3.8,2008
51157,Virginia,Rappahannock County,5.3,2012
51157,Virginia,Rappahannock County,3.5,2016
51157,Virginia,Rappahannock County,4.7,2020
51159,Virginia,Richmond County,4.3,2000
51159,Virginia,Richmond County,5.7,2004
51159,Virginia,Richmond County,5.4,2008
51159,Virginia,Richmond County,6.3,2012
51159,Virginia,Richmond County,3.6,2016
51159,Virginia,Richmond County,5.0,2020
51161,Virginia,Roanoke County,1.7,2000
51161,Virginia,Roanoke County,3.6,2004
51161,Virginia,Roanoke County,3.4,2008
51161,Virginia,Roanoke County,5.1,2012
51161,Virginia,Roanoke County,3.5,2016
51161,Virginia,Roanoke County,5.3,2020
51163,Virginia,Rockbridge County,2.1,2000
51163,Virginia,Rockbridge County,3.6,2004
51163,Virginia,Rockbridge County,4.4,2008
51163,Virginia,Rockbridge County,6.0,2012
51163,Virginia,Rockbridge County,4.3,2016
51163,Virginia,Rockbridge County,5.7,2020
51165,Virginia,Rockingham County,1.7,2000
51165,Virginia,Rockingham County,3.3,2004
51165,Virginia,Rockingham County,3.6,2008
51165,Virginia,Rockingham County,5.6,2012
51165,Virginia,Rockingham County,3.5,2016
51165,Virginia,Rockingham County,4.9,2020
51167,Virginia,Russell County,5.1,2000
51167,Virginia,Russell County,6.3,2004
51167,Virginia,Russell County,6.2,2008
51167,Virginia,Russell County,8.5,2012
51167,Virginia,Russell County,6.4,2016
51167,Virginia,Russell County,6.9,2020
51169,Virginia,Scott County,3.8,2000
51169,Virginia,Scott County,6.1,2004
51169,Virginia,Scott County,5.8,2008
51169,Virginia,Scott County,7.4,2012
51169,Virginia,Scott County,4.8,2016
51169,Virginia,Scott County,5.5,2020
51171,Virginia,Shenandoah County,1.8,2000
51171,Virginia,Shenandoah County,3.6,2004
51171,Virginia,Shenandoah County,5.0,2008
51171,Virginia,Shenandoah County,6.2,2012
51171,Virginia,Shenandoah County,3.7,2016
51171,Virginia,Shenandoah County,5.5,2020
51173,Virginia,Smyth County,4.3,2000
51173,Virginia,Smyth County,5.6,2004
51173,Virginia,Smyth County,6.6,2008
51173,Virginia,Smyth County,9.4,2012
51173,Virginia,Smyth County,5.7,2016
51173,Virginia,Smyth County,6.7,2020
51175,Virginia,Southampton County,2.7,2000
51175,Virginia,Southampton County,4.6,2004
51175,Virginia,Southampton County,5.2,2008
51175,Virginia,Southampton County,6.2,2012
51175,Virginia,Southampton County,3.9,2016
51175,Virginia,Southampton County,5.1,2020
51177,Virginia,Spotsylvania County,1.7,2000
51177,Virginia,Spotsylvania County,3.1,2004
51177,Virginia,Spotsylvania County,3.7,2008
51177,Virginia,Spotsylvania County,6.0,2012
51177,Virginia,Spotsylvania County,4.0,2016
51177,Virginia,Spotsylvania County,6.2,2020
51179,Virginia,Stafford County,1.7,2000
51179,Virginia,Stafford County,3.1,2004
51179,Virginia,Stafford County,3.7,2008
51179,Virginia,Stafford County,5.7,2012
51179,Virginia,Stafford County,3.9,2016
51179,Virginia,Stafford County,5.8,2020
51181,Virginia,Surry County,2.9,2000
51181,Virginia,Surry County,4.6,2004
51181,Virginia,Surry County,4.8,2008
51181,Virginia,Surry County,7.6,2012
51181,Virginia,Surry County,5.2,2016
51181,Virginia,Surry County,5.9,2020
51183,Virginia,Sussex County,3.6,2000
51183,Virginia,Sussex County,6.5,2004
51183,Virginia,Sussex County,6.3,2008
51183,Virginia,Sussex County,9.6,2012
51183,Virginia,Sussex County,6.2,2016
51183,Virginia,Sussex County,8.9,2020
51185,Virginia,Tazewell County,5.1,2000
51185,Virginia,Tazewell County,5.1,2004
51185,Virginia,Tazewell County,4.8,2008
51185,Virginia,Tazewell County,8.1,2012
51185,Virginia,Tazewell County,7.4,2016
51185,Virginia,Tazewell County,7.9,2020
51187,Virginia,Warren County,2.0,2000
51187,Virginia,Warren County,3.7,2004
51187,Virginia,Warren County,4.8,2008
51187,Virginia,Warren County,6.6,2012
51187,Virginia,Warren County,4.0,2016
51187,Virginia,Warren County,6.0,2020
51191,Virginia,Washington County,3.5,2000
51191,Virginia,Washington County,5.2,2004
51191,Virginia,Washington County,5.3,2008
51191,Virginia,Washington County,6.6,2012
51191,Virginia,Washington County,4.4,2016
51191,Virginia,Washington County,6.0,2020
51193,Virginia,Westmoreland County,3.5,2000
51193,Virginia,Westmoreland County,5.1,2004
51193,Virginia,Westmoreland County,5.4,2008
51193,Virginia,Westmoreland County,7.1,2012
51193,Virginia,Westmoreland County,4.5,2016
51193,Virginia,Westmoreland County,6.0,2020
51195,Virginia,Wise County,4.2,2000
51195,Virginia,Wise County,5.7,2004
51195,Virginia,Wise County,5.0,2008
51195,Virginia,Wise County,8.8,2012
51195,Virginia,Wise County,8.3,2016
51195,Virginia,Wise County,7.8,2020
51197,Virginia,Wythe County,4.3,2000
51197,Virginia,Wythe County,5.2,2004
51197,Virginia,Wythe County,5.8,2008
51197,Virginia,Wythe County,7.6,2012
51197,Virginia,Wythe County,5.6,2016
51197,Virginia,Wythe County,8.0,2020
51199,Virginia,York County,1.9,2000
51199,Virginia,York County,3.3,2004
51199,Virginia,York County,3.6,2008
51199,Virginia,York County,5.7,2012
51199,Virginia,York County,3.8,2016
51199,Virginia,York County,5.7,2020
51510,Virginia,Alexandria City,1.8,2000
51510,Virginia,Alexandria City,3.0,2004
51510,Virginia,Alexandria City,3.0,2008
51510,Virginia,Alexandria City,4.0,2012
51510,Virginia,Alexandria City,2.9,2016
51510,Virginia,Alexandria City,6.2,2020
51520,Virginia,Bristol City,3.1,2000
51520,Virginia,Bristol City,6.7,2004
51520,Virginia,Bristol City,6.2,2008
51520,Virginia,Bristol City,7.1,2012
51520,Virginia,Bristol City,5.0,2016
51520,Virginia,Bristol City,7.8,2020
51530,Virginia,Buena Vista City,2.3,2000
51530,Virginia,Buena Vista City,4.4,2004
51530,Virginia,Buena Vista City,5.5,2008
51530,Virginia,Buena Vista City,7.7,2012
51530,Virginia,Buena Vista City,5.0,2016
51530,Virginia,Buena Vista City,5.8,2020
51540,Virginia,Charlottesville City,2.9,2000
51540,Virginia,Charlottesville City,4.4,2004
51540,Virginia,Charlottesville City,4.2,2008
51540,Virginia,Charlottesville City,5.0,2012
51540,Virginia,Charlottesville City,3.3,2016
51540,Virginia,Charlottesville City,6.7,2020
51550,Virginia,Chesapeake City,2.3,2000
51550,Virginia,Chesapeake City,4.0,2004
51550,Virginia,Chesapeake City,4.2,2008
51550,Virginia,Chesapeake City,6.3,2012
51550,Virginia,Chesapeake City,4.2,2016
51550,Virginia,Chesapeake City,6.3,2020
51570,Virginia,Colonial Heights City,2.2,2000
51570,Virginia,Colonial Heights City,4.4,2004
51570,Virginia,Colonial Heights City,4.8,2008
51570,Virginia,Colonial Heights City,6.8,2012
51570,Virginia,Colonial Heights City,4.4,2016
51570,Virginia,Colonial Heights City,7.4,2020
51580,Virginia,Covington City,3.9,2000
51580,Virginia,Covington City,6.1,2004
51580,Virginia,Covington City,7.4,2008
51580,Virginia,Covington City,8.8,2012
51580,Virginia,Covington City,5.8,2016
51580,Virginia,Covington City,9.9,2020
51590,Virginia,Danville City,4.3,2000
51590,Virginia,Danville City,10.1,2004
51590,Virginia,Danville City,9.9,2008
51590,Virginia,Danville City,10.1,2012
51590,Virginia,Danville City,6.0,2016
51590,Virginia,Danville City,10.0,2020
51595,Virginia,Emporia City,3.1,2000
51595,Virginia,Emporia City,7.8,2004
51595,Virginia,Emporia City,8.0,2008
51595,Virginia,Emporia City,10.3,2012
51595,Virginia,Emporia City,6.3,2016
51595,Virginia,Emporia City,11.4,2020
51600,Virginia,Fairfax City,1.3,2000
51600,Virginia,Fairfax City,2.9,2004
51600,Virginia,Fairfax City,3.5,2008
51600,Virginia,Fairfax City,4.2,2012
51600,Virginia,Fairfax City,3.0,2016
51600,Virginia,Fairfax City,6.0,2020
51610,Virginia,Falls Church City,1.6,2000
51610,Virginia,Falls Church City,3.6,2004
51610,Virginia,Falls Church City,4.3,2008
51610,Virginia,Falls Church City,3.9,2012
51610,Virginia,Falls Church City,2.7,2016
51610,Virginia,Falls Church City,3.9,2020
51620,Virginia,Franklin City,3.1,2000
51620,Virginia,Franklin City,5.4,2004
51620,Virginia,Franklin City,6.8,2008
51620,Virginia,Franklin City,9.8,2012
51620,Virginia,Franklin City,6.0,2016
51620,Virginia,Franklin City,8.6,2020
51630,Virginia,Fredericksburg City,2.3,2000
51630,Virginia,Fredericksburg City,5.3,2004
51630,Virginia,Fredericksburg City,6.5,2008
51630,Virginia,Fredericksburg City,6.9,2012
51630,Virginia,Fredericksburg City,4.7,2016
51630,Virginia,Fredericksburg City,7.4,2020
51640,Virginia,Galax City,3.4,2000
51640,Virginia,Galax City,6.1,2004
51640,Virginia,Galax City,6.6,2008
51640,Virginia,Galax City,8.7,2012
51640,Virginia,Galax City,4.9,2016
51640,Virginia,Galax City,8.0,2020
51650,Virginia,Hampton City,2.7,2000
51650,Virginia,Hampton City,5.1,2004
51650,Virginia,Hampton City,5.1,2008
51650,Virginia,Hampton City,8.1,2012
51650,Virginia,Hampton City,5.6,2016
51650,Virginia,Hampton City,8.8,2020
51660,Virginia,Harrisonburg City,2.3,2000
51660,Virginia,Harrisonburg City,4.2,2004
51660,Virginia,Harrisonburg City,4.5,2008
51660,Virginia,Harrisonburg City,7.2,2012
51660,Virginia,Harrisonburg City,4.7,2016
51660,Virginia,Harrisonburg City,6.6,2020
51670,Virginia,Hopewell City,2.8,2000
51670,Virginia,Hopewell City,6.1,2004
51670,Virginia,Hopewell City,6.4,2008
51670,Virginia,Hopewell City,9.9,2012
51670,Virginia,Hopewell City,6.4,2016
51670,Virginia,Hopewell City,11.2,2020
51678,Virginia,Lexington City,3.5,2000
51678,Virginia,Lexington City,6.0,2004
51678,Virginia,Lexington City,6.9,2008
51678,Virginia,Lexington City,8.6,2012
51678,Virginia,Lexington City,6.0,2016
51678,Virginia,Lexington City,7.2,2020
51680,Virginia,Lynchburg City,2.4,2000
51680,Virginia,Lynchburg City,5.5,2004
51680,Virginia,Lynchburg City,5.2,2008
51680,Virginia,Lynchburg City,7.3,2012
51680,Virginia,Lynchburg City,5.1,2016
51680,Virginia,Lynchburg City,7.5,2020
51683,Virginia,Manassas City,1.7,2000
51683,Virginia,Manassas City,3.4,2004
51683,Virginia,Manassas City,4.5,2008
51683,Virginia,Manassas City,5.5,2012
51683,Virginia,Manassas City,3.6,2016
51683,Virginia,Manassas City,6.8,2020
51685,Virginia,Manassas Park City,1.4,2000
51685,Virginia,Manassas Park City,3.0,2004
51685,Virginia,Manassas Park City,4.0,2008
51685,Virginia,Manassas Park City,5.2,2012
51685,Virginia,Manassas Park City,3.6,2016
51685,Virginia,Manassas Park City,6.9,2020
51690,Virginia,Martinsville City,7.9,2000
51690,Virginia,Martinsville City,13.2,2004
51690,Virginia,Martinsville City,12.8,2008
51690,Virginia,Martinsville City,12.6,2012
51690,Virginia,Martinsville City,7.0,2016
51690,Virginia,Martinsville City,11.3,2020
51700,Virginia,Newport News City,2.6,2000
51700,Virginia,Newport News City,4.9,2004
51700,Virginia,Newport News City,5.0,2008
51700,Virginia,Newport News City,7.3,2012
51700,Virginia,Newport News City,5.0,2016
51700,Virginia,Newport News City,9.0,2020
51710,Virginia,Norfolk City,3.3,2000
51710,Virginia,Norfolk City,5.6,2004
51710,Virginia,Norfolk City,5.7,2008
51710,Virginia,Norfolk City,7.5,2012
51710,Virginia,Norfolk City,5.2,2016
51710,Virginia,Norfolk City,9.0,2020
51720,Virginia,Norton City,4.1,2000
51720,Virginia,Norton City,6.0,2004
51720,Virginia,Norton City,5.6,2008
51720,Virginia,Norton City,7.5,2012
51720,Virginia,Norton City,6.7,2016
51720,Virginia,Norton City,7.6,2020
51730,Virginia,Petersburg City,3.4,2000
51730,Virginia,Petersburg City,8.4,2004
51730,Virginia,Petersburg City,7.9,2008
51730,Virginia,Petersburg City,11.7,2012
51730,Virginia,Petersburg City,7.7,2016
51730,Virginia,Petersburg City,14.7,2020
51735,Virginia,Poquoson City,1.8,2000
51735,Virginia,Poquoson City,3.3,2004
51735,Virginia,Poquoson City,3.3,2008
51735,Virginia,Poquoson City,5.3,2012
51735,Virginia,Poquoson City,3.4,2016
51735,Virginia,Poquoson City,4.3,2020
51740,Virginia,Portsmouth City,3.4,2000
51740,Virginia,Portsmouth City,5.9,2004
51740,Virginia,Portsmouth City,5.6,2008
51740,Virginia,Portsmouth City,8.6,2012
51740,Virginia,Portsmouth City,6.0,2016
51740,Virginia,Portsmouth City,9.8,2020
51750,Virginia,Radford City,3.2,2000
51750,Virginia,Radford City,5.7,2004
51750,Virginia,Radford City,5.7,2008
51750,Virginia,Radford City,7.8,2012
51750,Virginia,Radford City,5.3,2016
51750,Virginia,Radford City,6.5,2020
51760,Virginia,Richmond City,2.6,2000
51760,Virginia,Richmond City,6.2,2004
51760,Virginia,Richmond City,6.2,2008
51760,Virginia,Richmond City,7.3,2012
51760,Virginia,Richmond City,4.6,2016
51760,Virginia,Richmond City,9.1,2020
51770,Virginia,Roanoke City,2.4,2000
51770,Virginia,Roanoke City,5.0,2004
51770,Virginia,Roanoke City,4.9,2008
51770,Virginia,Roanoke City,7.1,2012
51770,Virginia,Roanoke City,4.2,2016
51770,Virginia,Roanoke City,7.9,2020
51775,Virginia,Salem City,1.9,2000
51775,Virginia,Salem City,3.7,2004
51775,Virginia,Salem City,3.9,2008
51775,Virginia,Salem City,5.8,2012
51775,Virginia,Salem City,3.9,2016
51775,Virginia,Salem City,6.0,2020
51790,Virginia,Staunton City,2.1,2000
51790,Virginia,Staunton City,3.7,2004
51790,Virginia,Staunton City,4.6,2008
51790,Virginia,Staunton City,6.3,2012
51790,Virginia,Staunton City,3.8,2016
51790,Virginia,Staunton City,6.5,2020
51800,Virginia,Suffolk City,2.5,2000
51800,Virginia,Suffolk City,4.5,2004
51800,Virginia,Suffolk City,4.4,2008
51800,Virginia,Suffolk City,6.9,2012
51800,Virginia,Suffolk City,4.6,2016
51800,Virginia,Suffolk City,6.6,2020
51810,Virginia,Virginia Beach City,2.2,2000
51810,Virginia,Virginia Beach City,3.8,2004
51810,Virginia,Virginia Beach City,3.9,2008
51810,Virginia,Virginia Beach City,5.6,2012
51810,Virginia,Virginia Beach City,3.9,2016
51810,Virginia,Virginia Beach City,6.4,2020
51820,Virginia,Waynesboro City,2.6,2000
51820,Virginia,Waynesboro City,4.2,2004
51820,Virginia,Waynesboro City,5.3,2008
51820,Virginia,Waynesboro City,6.9,2012
51820,Virginia,Waynesboro City,4.1,2016
51820,Virginia,Waynesboro City,6.8,2020
51830,Virginia,Williamsburg City,4.4,2000
51830,Virginia,Williamsburg City,8.3,2004
51830,Virginia,Williamsburg City,9.2,2008
51830,Virginia,Williamsburg City,8.2,2012
51830,Virginia,Williamsburg City,5.4,2016
51830,Virginia,Williamsburg City,8.4,2020
51840,Virginia,Winchester City,2.2,2000
51840,Virginia,Winchester City,3.6,2004
51840,Virginia,Winchester City,4.9,2008
51840,Virginia,Winchester City,6.5,2012
51840,Virginia,Winchester City,3.9,2016
51840,Virginia,Winchester City,6.1,2020
53001,Washington,Adams County,8.1,2000
53001,Washington,Adams County,8.2,2004
53001,Washington,Adams County,6.4,2008
53001,Washington,Adams County,8.3,2012
53001,Washington,Adams County,6.3,2016
53001,Washington,Adams County,7.2,2020
53003,Washington,Asotin County,5.4,2000
53003,Washington,Asotin County,6.7,2004
53003,Washington,Asotin County,6.5,2008
53003,Washington,Asotin County,7.1,2012
53003,Washington,Asotin County,4.9,2016
53003,Washington,Asotin County,5.1,2020
53005,Washington,Benton County,5.3,2000
53005,Washington,Benton County,6.2,2004
53005,Washington,Benton County,5.3,2008
53005,Washington,Benton County,8.5,2012
53005,Washington,Benton County,6.2,2016
53005,Washington,Benton County,8.2,2020
53007,Washington,Chelan County,6.9,2000
53007,Washington,Chelan County,7.2,2004
53007,Washington,Chelan County,5.8,2008
53007,Washington,Chelan County,7.3,2012
53007,Washington,Chelan County,5.6,2016
53007,Washington,Chelan County,8.3,2020
53009,Washington,Clallam County,7.4,2000
53009,Washington,Clallam County,7.4,2004
53009,Washington,Clallam County,7.4,2008
53009,Washington,Clallam County,9.6,2012
53009,Washington,Clallam County,7.5,2016
53009,Washington,Clallam County,10.2,2020
53011,Washington,Clark County,5.1,2000
53011,Washington,Clark County,7.7,2004
53011,Washington,Clark County,7.3,2008
53011,Washington,Clark County,8.6,2012
53011,Washington,Clark County,6.0,2016
53011,Washington,Clark County,8.4,2020
53013,Washington,Columbia County,8.5,2000
53013,Washington,Columbia County,8.5,2004
53013,Washington,Columbia County,7.4,2008
53013,Washington,Columbia County,7.6,2012
53013,Washington,Columbia County,6.4,2016
53013,Washington,Columbia County,7.3,2020
53015,Washington,Cowlitz County,6.8,2000
53015,Washington,Cowlitz County,8.8,2004
53015,Washington,Cowlitz County,8.5,2008
53015,Washington,Cowlitz County,9.8,2012
53015,Washington,Cowlitz County,7.1,2016
53015,Washington,Cowlitz County,9.3,2020
53017,Washington,Douglas County,6.5,2000
53017,Washington,Douglas County,6.6,2004
53017,Washington,Douglas County,5.5,2008
53017,Washington,Douglas County,8.3,2012
53017,Washington,Douglas County,6.8,2016
53017,Washington,Douglas County,8.4,2020
53019,Washington,Ferry County,10.1,2000
53019,Washington,Ferry County,11.1,2004
53019,Washington,Ferry County,9.2,2008
53019,Washington,Ferry County,14.4,2012
53019,Washington,Ferry County,10.1,2016
53019,Washington,Ferry County,11.5,2020
53021,Washington,Franklin County,7.7,2000
53021,Washington,Franklin County,7.8,2004
53021,Washington,Franklin County,6.4,2008
53021,Washington,Franklin County,8.9,2012
53021,Washington,Franklin County,7.3,2016
53021,Washington,Franklin County,8.9,2020
53023,Washington,Garfield County,5.0,2000
53023,Washington,Garfield County,5.8,2004
53023,Washington,Garfield County,4.8,2008
53023,Washington,Garfield County,7.0,2012
53023,Washington,Garfield County,5.8,2016
53023,Washington,Garfield County,8.4,2020
53025,Washington,Grant County,8.3,2000
53025,Washington,Grant County,8.5,2004
53025,Washington,Grant County,6.7,2008
53025,Washington,Grant County,8.7,2012
53025,Washington,Grant County,7.0,2016
53025,Washington,Grant County,8.8,2020
53027,Washington,Grays Harbor County,7.8,2000
53027,Washington,Grays Harbor County,8.6,2004
53027,Washington,Grays Harbor County,8.0,2008
53027,Washington,Grays Harbor County,11.9,2012
53027,Washington,Grays Harbor County,8.2,2016
53027,Washington,Grays Harbor County,11.7,2020
53029,Washington,Island County,5.4,2000
53029,Washington,Island County,7.1,2004
53029,Washington,Island County,5.7,2008
53029,Washington,Island County,7.5,2012
53029,Washington,Island County,5.8,2016
53029,Washington,Island County,8.2,2020
53031,Washington,Jefferson County,5.8,2000
53031,Washington,Jefferson County,6.5,2004
53031,Washington,Jefferson County,5.8,2008
53031,Washington,Jefferson County,9.1,2012
53031,Washington,Jefferson County,7.0,2016
53031,Washington,Jefferson County,9.4,2020
53033,Washington,King County,3.8,2000
53033,Washington,King County,4.9,2004
53033,Washington,King County,3.8,2008
53033,Washington,King County,6.3,2012
53033,Washington,King County,3.8,2016
53033,Washington,King County,7.8,2020
53035,Washington,Kitsap County,5.4,2000
53035,Washington,Kitsap County,6.0,2004
53035,Washington,Kitsap County,5.2,2008
53035,Washington,Kitsap County,7.2,2012
53035,Washington,Kitsap County,5.5,2016
53035,Washington,Kitsap County,7.7,2020
53037,Washington,Kittitas County,5.9,2000
53037,Washington,Kittitas County,7.1,2004
53037,Washington,Kittitas County,6.1,2008
53037,Washington,Kittitas County,8.1,2012
53037,Washington,Kittitas County,5.9,2016
53037,Washington,Kittitas County,8.9,2020
53039,Washington,Klickitat County,8.1,2000
53039,Washington,Klickitat County,9.6,2004
53039,Washington,Klickitat County,7.9,2008
53039,Washington,Klickitat County,9.4,2012
53039,Washington,Klickitat County,6.7,2016
53039,Washington,Klickitat County,8.2,2020
53041,Washington,Lewis County,7.9,2000
53041,Washington,Lewis County,8.6,2004
53041,Washington,Lewis County,8.5,2008
53041,Washington,Lewis County,11.0,2012
53041,Washington,Lewis County,7.7,2016
53041,Washington,Lewis County,9.4,2020
53043,Washington,Lincoln County,5.1,2000
53043,Washington,Lincoln County,6.9,2004
53043,Washington,Lincoln County,5.7,2008
53043,Washington,Lincoln County,6.6,2012
53043,Washington,Lincoln County,5.5,2016
53043,Washington,Lincoln County,6.7,2020
53045,Washington,Mason County,6.8,2000
53045,Washington,Mason County,7.7,2004
53045,Washington,Mason County,7.3,2008
53045,Washington,Mason County,10.0,2012
53045,Washington,Mason County,7.4,2016
53045,Washington,Mason County,9.9,2020
53047,Washington,Okanogan County,8.8,2000
53047,Washington,Okanogan County,8.2,2004
53047,Washington,Okanogan County,6.7,2008
53047,Washington,Okanogan County,8.7,2012
53047,Washington,Okanogan County,6.5,2016
53047,Washington,Okanogan County,8.9,2020
53049,Washington,Pacific County,7.6,2000
53049,Washington,Pacific County,7.9,2004
53049,Washington,Pacific County,7.9,2008
53049,Washington,Pacific County,11.1,2012
53049,Washington,Pacific County,7.9,2016
53049,Washington,Pacific County,10.9,2020
53051,Washington,Pend Oreille County,8.2,2000
53051,Washington,Pend Oreille County,9.2,2004
53051,Washington,Pend Oreille County,8.9,2008
53051,Washington,Pend Oreille County,11.7,2012
53051,Washington,Pend Oreille County,8.8,2016
53051,Washington,Pend Oreille County,10.4,2020
53053,Washington,Pierce County,5.4,2000
53053,Washington,Pierce County,7.3,2004
53053,Washington,Pierce County,5.9,2008
53053,Washington,Pierce County,8.5,2012
53053,Washington,Pierce County,5.9,2016
53053,Washington,Pierce County,9.6,2020
53055,Washington,San Juan County,4.3,2000
53055,Washington,San Juan County,5.0,2004
53055,Washington,San Juan County,3.9,2008
53055,Washington,San Juan County,5.9,2012
53055,Washington,San Juan County,4.6,2016
53055,Washington,San Juan County,8.1,2020
53057,Washington,Skagit County,6.2,2000
53057,Washington,Skagit County,7.2,2004
53057,Washington,Skagit County,5.9,2008
53057,Washington,Skagit County,8.8,2012
53057,Washington,Skagit County,6.4,2016
53057,Washington,Skagit County,9.8,2020
53059,Washington,Skamania County,6.6,2000
53059,Washington,Skamania County,8.8,2004
53059,Washington,Skamania County,8.9,2008
53059,Washington,Skamania County,9.7,2012
53059,Washington,Skamania County,6.8,2016
53059,Washington,Skamania County,9.2,2020
53061,Washington,Snohomish County,4.3,2000
53061,Washington,Snohomish County,5.5,2004
53061,Washington,Snohomish County,4.4,2008
53061,Washington,Snohomish County,7.4,2012
53061,Washington,Snohomish County,4.2,2016
53061,Washington,Snohomish County,8.8,2020
53063,Washington,Spokane County,5.6,2000
53063,Washington,Spokane County,6.8,2004
53063,Washington,Spokane County,5.8,2008
53063,Washington,Spokane County,8.3,2012
53063,Washington,Spokane County,6.0,2016
53063,Washington,Spokane County,8.7,2020
53065,Washington,Stevens County,7.8,2000
53065,Washington,Stevens County,8.5,2004
53065,Washington,Stevens County,8.3,2008
53065,Washington,Stevens County,10.8,2012
53065,Washington,Stevens County,8.1,2016
53065,Washington,Stevens County,9.3,2020
53067,Washington,Thurston County,4.9,2000
53067,Washington,Thurston County,6.0,2004
53067,Washington,Thurston County,5.2,2008
53067,Washington,Thurston County,7.7,2012
53067,Washington,Thurston County,5.6,2016
53067,Washington,Thurston County,8.2,2020
53069,Washington,Wahkiakum County,7.2,2000
53069,Washington,Wahkiakum County,8.1,2004
53069,Washington,Wahkiakum County,7.5,2008
53069,Washington,Wahkiakum County,11.7,2012
53069,Washington,Wahkiakum County,8.5,2016
53069,Washington,Wahkiakum County,8.7,2020
53071,Washington,Walla Walla County,6.1,2000
53071,Washington,Walla Walla County,6.4,2004
53071,Washington,Walla Walla County,5.1,2008
53071,Washington,Walla Walla County,6.8,2012
53071,Washington,Walla Walla County,5.3,2016
53071,Washington,Walla Walla County,6.8,2020
53073,Washington,Whatcom County,5.5,2000
53073,Washington,Whatcom County,6.1,2004
53073,Washington,Whatcom County,5.2,2008
53073,Washington,Whatcom County,7.5,2012
53073,Washington,Whatcom County,5.7,2016
53073,Washington,Whatcom County,9.3,2020
53075,Washington,Whitman County,4.0,2000
53075,Washington,Whitman County,4.6,2004
53075,Washington,Whitman County,4.2,2008
53075,Washington,Whitman County,6.0,2012
53075,Washington,Whitman County,4.9,2016
53075,Washington,Whitman County,5.7,2020
53077,Washington,Yakima County,8.2,2000
53077,Washington,Yakima County,8.8,2004
53077,Washington,Yakima County,7.2,2008
53077,Washington,Yakima County,9.7,2012
53077,Washington,Yakima County,7.4,2016
53077,Washington,Yakima County,9.6,2020
54001,West Virginia,Barbour County,8.1,2000
54001,West Virginia,Barbour County,6.9,2004
54001,West Virginia,Barbour County,5.3,2008
54001,West Virginia,Barbour County,8.0,2012
54001,West Virginia,Barbour County,6.8,2016
54001,West Virginia,Barbour County,8.2,2020
54003,West Virginia,Berkeley County,3.7,2000
54003,West Virginia,Berkeley County,4.7,2004
54003,West Virginia,Berkeley County,5.2,2008
54003,West Virginia,Berkeley County,6.4,2012
54003,West Virginia,Berkeley County,4.0,2016
54003,West Virginia,Berkeley County,6.1,2020
54005,West Virginia,Boone County,6.9,2000
54005,West Virginia,Boone County,5.4,2004
54005,West Virginia,Boone County,4.2,2008
54005,West Virginia,Boone County,10.1,2012
54005,West Virginia,Boone County,9.1,2016
54005,West Virginia,Boone County,10.4,2020
54007,West Virginia,Braxton County,7.5,2000
54007,West Virginia,Braxton County,6.4,2004
54007,West Virginia,Braxton County,5.6,2008
54007,West Virginia,Braxton County,10.4,2012
54007,West Virginia,Braxton County,8.8,2016
54007,West Virginia,Braxton County,10.2,2020
54009,West Virginia,Brooke County,4.7,2000
54009,West Virginia,Brooke County,8.0,2004
54009,West Virginia,Brooke County,6.2,2008
54009,West Virginia,Brooke County,8.4,2012
54009,West Virginia,Brooke County,7.1,2016
54009,West Virginia,Brooke County,8.8,2020
54011,West Virginia,Cabell County,4.9,2000
54011,West Virginia,Cabell County,5.2,2004
54011,West Virginia,Cabell County,4.2,2008
54011,West Virginia,Cabell County,6.3,2012
54011,West Virginia,Cabell County,4.8,2016
54011,West Virginia,Cabell County,7.9,2020
54013,West Virginia,Calhoun County,10.5,2000
54013,West Virginia,Calhoun County,10.0,2004
54013,West Virginia,Calhoun County,7.4,2008
54013,West Virginia,Calhoun County,10.7,2012
54013,West Virginia,Calhoun County,12.9,2016
54013,West Virginia,Calhoun County,15.9,2020
54015,West Virginia,Clay County,8.6,2000
54015,West Virginia,Clay County,8.1,2004
54015,West Virginia,Clay County,6.8,2008
54015,West Virginia,Clay County,11.7,2012
54015,West Virginia,Clay County,10.4,2016
54015,West Virginia,Clay County,12.4,2020
54017,West Virginia,Doddridge County,5.9,2000
54017,West Virginia,Doddridge County,5.4,2004
54017,West Virginia,Doddridge County,5.3,2008
54017,West Virginia,Doddridge County,6.1,2012
54017,West Virginia,Doddridge County,5.2,2016
54017,West Virginia,Doddridge County,6.0,2020
54019,West Virginia,Fayette County,7.3,2000
54019,West Virginia,Fayette County,6.7,2004
54019,West Virginia,Fayette County,5.0,2008
54019,West Virginia,Fayette County,8.4,2012
54019,West Virginia,Fayette County,7.9,2016
54019,West Virginia,Fayette County,9.9,2020
54021,West Virginia,Gilmer County,7.4,2000
54021,West Virginia,Gilmer County,5.1,2004
54021,West Virginia,Gilmer County,4.1,2008
54021,West Virginia,Gilmer County,7.5,2012
54021,West Virginia,Gilmer County,8.2,2016
54021,West Virginia,Gilmer County,10.1,2020
54023,West Virginia,Grant County,5.4,2000
54023,West Virginia,Grant County,7.2,2004
54023,West Virginia,Grant County,5.7,2008
54023,West Virginia,Grant County,8.5,2012
54023,West Virginia,Grant County,5.9,2016
54023,West Virginia,Grant County,6.4,2020
54025,West Virginia,Greenbrier County,6.7,2000
54025,West Virginia,Greenbrier County,6.3,2004
54025,West Virginia,Greenbrier County,5.9,2008
54025,West Virginia,Greenbrier County,7.7,2012
54025,West Virginia,Greenbrier County,5.4,2016
54025,West Virginia,Greenbrier County,8.0,2020
54027,West Virginia,Hampshire County,3.3,2000
54027,West Virginia,Hampshire County,5.0,2004
54027,West Virginia,Hampshire County,4.6,2008
54027,West Virginia,Hampshire County,7.7,2012
54027,West Virginia,Hampshire County,4.4,2016
54027,West Virginia,Hampshire County,5.4,2020
54029,West Virginia,Hancock County,4.7,2000
54029,West Virginia,Hancock County,8.2,2004
54029,West Virginia,Hancock County,6.3,2008
54029,West Virginia,Hancock County,9.0,2012
54029,West Virginia,Hancock County,7.0,2016
54029,West Virginia,Hancock County,9.9,2020
54031,West Virginia,Hardy County,3.9,2000
54031,West Virginia,Hardy County,4.4,2004
54031,West Virginia,Hardy County,4.9,2008
54031,West Virginia,Hardy County,10.3,2012
54031,West Virginia,Hardy County,5.7,2016
54031,West Virginia,Hardy County,7.1,2020
54033,West Virginia,Harrison County,5.9,2000
54033,West Virginia,Harrison County,5.7,2004
54033,West Virginia,Harrison County,4.2,2008
54033,West Virginia,Harrison County,6.3,2012
54033,West Virginia,Harrison County,5.8,2016
54033,West Virginia,Harrison County,7.8,2020
54035,West Virginia,Jackson County,6.0,2000
54035,West Virginia,Jackson County,6.8,2004
54035,West Virginia,Jackson County,5.5,2008
54035,West Virginia,Jackson County,8.3,2012
54035,West Virginia,Jackson County,6.5,2016
54035,West Virginia,Jackson County,8.6,2020
54037,West Virginia,Jefferson County,3.4,2000
54037,West Virginia,Jefferson County,3.7,2004
54037,West Virginia,Jefferson County,4.1,2008
54037,West Virginia,Jefferson County,5.2,2012
54037,West Virginia,Jefferson County,3.4,2016
54037,West Virginia,Jefferson County,5.9,2020
54039,West Virginia,Kanawha County,5.0,2000
54039,West Virginia,Kanawha County,5.2,2004
54039,West Virginia,Kanawha County,3.8,2008
54039,West Virginia,Kanawha County,6.4,2012
54039,West Virginia,Kanawha County,5.5,2016
54039,West Virginia,Kanawha County,8.7,2020
54041,West Virginia,Lewis County,5.9,2000
54041,West Virginia,Lewis County,5.7,2004
54041,West Virginia,Lewis County,4.5,2008
54041,West Virginia,Lewis County,6.8,2012
54041,West Virginia,Lewis County,8.5,2016
54041,West Virginia,Lewis County,10.8,2020
54043,West Virginia,Lincoln County,7.5,2000
54043,West Virginia,Lincoln County,6.8,2004
54043,West Virginia,Lincoln County,5.1,2008
54043,West Virginia,Lincoln County,10.0,2012
54043,West Virginia,Lincoln County,8.5,2016
54043,West Virginia,Lincoln County,10.0,2020
54045,West Virginia,Logan County,7.6,2000
54045,West Virginia,Logan County,6.0,2004
54045,West Virginia,Logan County,4.5,2008
54045,West Virginia,Logan County,9.4,2012
54045,West Virginia,Logan County,10.2,2016
54045,West Virginia,Logan County,12.0,2020
54047,West Virginia,Mcdowell County,10.5,2000
54047,West Virginia,Mcdowell County,10.6,2004
54047,West Virginia,Mcdowell County,6.4,2008
54047,West Virginia,Mcdowell County,11.7,2012
54047,West Virginia,Mcdowell County,12.2,2016
54047,West Virginia,Mcdowell County,12.3,2020
54049,West Virginia,Marion County,5.9,2000
54049,West Virginia,Marion County,5.4,2004
54049,West Virginia,Marion County,3.9,2008
54049,West Virginia,Marion County,6.2,2012
54049,West Virginia,Marion County,6.5,2016
54049,West Virginia,Marion County,8.6,2020
54051,West Virginia,Marshall County,5.8,2000
54051,West Virginia,Marshall County,6.6,2004
54051,West Virginia,Marshall County,5.5,2008
54051,West Virginia,Marshall County,7.8,2012
54051,West Virginia,Marshall County,8.0,2016
54051,West Virginia,Marshall County,9.9,2020
54053,West Virginia,Mason County,8.2,2000
54053,West Virginia,Mason County,8.7,2004
54053,West Virginia,Mason County,7.6,2008
54053,West Virginia,Mason County,9.5,2012
54053,West Virginia,Mason County,7.1,2016
54053,West Virginia,Mason County,8.4,2020
54055,West Virginia,Mercer County,5.2,2000
54055,West Virginia,Mercer County,6.1,2004
54055,West Virginia,Mercer County,4.4,2008
54055,West Virginia,Mercer County,8.1,2012
54055,West Virginia,Mercer County,6.7,2016
54055,West Virginia,Mercer County,9.2,2020
54057,West Virginia,Mineral County,5.5,2000
54057,West Virginia,Mineral County,6.3,2004
54057,West Virginia,Mineral County,4.9,2008
54057,West Virginia,Mineral County,8.2,2012
54057,West Virginia,Mineral County,6.0,2016
54057,West Virginia,Mineral County,7.5,2020
54059,West Virginia,Mingo County,8.0,2000
54059,West Virginia,Mingo County,7.3,2004
54059,West Virginia,Mingo County,4.6,2008
54059,West Virginia,Mingo County,9.4,2012
54059,West Virginia,Mingo County,12.6,2016
54059,West Virginia,Mingo County,14.2,2020
54061,West Virginia,Monongalia County,4.4,2000
54061,West Virginia,Monongalia County,4.1,2004
54061,West Virginia,Monongalia County,3.0,2008
54061,West Virginia,Monongalia County,5.0,2012
54061,West Virginia,Monongalia County,4.3,2016
54061,West Virginia,Monongalia County,6.3,2020
54063,West Virginia,Monroe County,5.0,2000
54063,West Virginia,Monroe County,4.6,2004
54063,West Virginia,Monroe County,4.8,2008
54063,West Virginia,Monroe County,7.0,2012
54063,West Virginia,Monroe County,4.6,2016
54063,West Virginia,Monroe County,7.0,2020
54065,West Virginia,Morgan County,4.0,2000
54065,West Virginia,Morgan County,4.6,2004
54065,West Virginia,Morgan County,5.7,2008
54065,West Virginia,Morgan County,7.1,2012
54065,West Virginia,Morgan County,4.4,2016
54065,West Virginia,Morgan County,6.0,2020
54067,West Virginia,Nicholas County,6.9,2000
54067,West Virginia,Nicholas County,5.8,2004
54067,West Virginia,Nicholas County,5.0,2008
54067,West Virginia,Nicholas County,9.0,2012
54067,West Virginia,Nicholas County,8.8,2016
54067,West Virginia,Nicholas County,10.4,2020
54069,West Virginia,Ohio County,4.6,2000
54069,West Virginia,Ohio County,5.5,2004
54069,West Virginia,Ohio County,4.5,2008
54069,West Virginia,Ohio County,6.1,2012
54069,West Virginia,Ohio County,5.6,2016
54069,West Virginia,Ohio County,8.3,2020
54071,West Virginia,Pendleton County,8.0,2000
54071,West Virginia,Pendleton County,4.1,2004
54071,West Virginia,Pendleton County,4.7,2008
54071,West Virginia,Pendleton County,6.6,2012
54071,West Virginia,Pendleton County,3.9,2016
54071,West Virginia,Pendleton County,4.9,2020
54073,West Virginia,Pleasants County,5.9,2000
54073,West Virginia,Pleasants County,6.6,2004
54073,West Virginia,Pleasants County,6.3,2008
54073,West Virginia,Pleasants County,8.4,2012
54073,West Virginia,Pleasants County,8.2,2016
54073,West Virginia,Pleasants County,11.1,2020
54075,West Virginia,Pocahontas County,6.8,2000
54075,West Virginia,Pocahontas County,6.7,2004
54075,West Virginia,Pocahontas County,7.7,2008
54075,West Virginia,Pocahontas County,9.8,2012
54075,West Virginia,Pocahontas County,6.7,2016
54075,West Virginia,Pocahontas County,9.1,2020
54077,West Virginia,Preston County,5.7,2000
54077,West Virginia,Preston County,5.8,2004
54077,West Virginia,Preston County,4.3,2008
54077,West Virginia,Preston County,6.8,2012
54077,West Virginia,Preston County,5.7,2016
54077,West Virginia,Preston County,7.3,2020
54079,West Virginia,Putnam County,4.9,2000
54079,West Virginia,Putnam County,5.0,2004
54079,West Virginia,Putnam County,3.6,2008
54079,West Virginia,Putnam County,6.2,2012
54079,West Virginia,Putnam County,4.9,2016
54079,West Virginia,Putnam County,7.3,2020
54081,West Virginia,Raleigh County,6.2,2000
54081,West Virginia,Raleigh County,5.7,2004
54081,West Virginia,Raleigh County,4.3,2008
54081,West Virginia,Raleigh County,7.0,2012
54081,West Virginia,Raleigh County,7.0,2016
54081,West Virginia,Raleigh County,8.8,2020
54083,West Virginia,Randolph County,6.1,2000
54083,West Virginia,Randolph County,5.9,2004
54083,West Virginia,Randolph County,5.9,2008
54083,West Virginia,Randolph County,8.4,2012
54083,West Virginia,Randolph County,6.0,2016
54083,West Virginia,Randolph County,9.1,2020
54085,West Virginia,Ritchie County,6.4,2000
54085,West Virginia,Ritchie County,7.1,2004
54085,West Virginia,Ritchie County,5.9,2008
54085,West Virginia,Ritchie County,7.1,2012
54085,West Virginia,Ritchie County,6.5,2016
54085,West Virginia,Ritchie County,8.3,2020
54087,West Virginia,Roane County,9.2,2000
54087,West Virginia,Roane County,8.4,2004
54087,West Virginia,Roane County,6.9,2008
54087,West Virginia,Roane County,11.0,2012
54087,West Virginia,Roane County,10.3,2016
54087,West Virginia,Roane County,12.2,2020
54089,West Virginia,Summers County,7.5,2000
54089,West Virginia,Summers County,6.8,2004
54089,West Virginia,Summers County,5.4,2008
54089,West Virginia,Summers County,8.5,2012
54089,West Virginia,Summers County,6.1,2016
54089,West Virginia,Summers County,7.7,2020
54091,West Virginia,Taylor County,5.6,2000
54091,West Virginia,Taylor County,5.3,2004
54091,West Virginia,Taylor County,4.8,2008
54091,West Virginia,Taylor County,6.6,2012
54091,West Virginia,Taylor County,5.6,2016
54091,West Virginia,Taylor County,7.3,2020
54093,West Virginia,Tucker County,6.4,2000
54093,West Virginia,Tucker County,7.1,2004
54093,West Virginia,Tucker County,7.0,2008
54093,West Virginia,Tucker County,7.8,2012
54093,West Virginia,Tucker County,5.4,2016
54093,West Virginia,Tucker County,8.3,2020
54095,West Virginia,Tyler County,6.1,2000
54095,West Virginia,Tyler County,7.9,2004
54095,West Virginia,Tyler County,6.8,2008
54095,West Virginia,Tyler County,8.8,2012
54095,West Virginia,Tyler County,8.9,2016
54095,West Virginia,Tyler County,10.6,2020
54097,West Virginia,Upshur County,6.1,2000
54097,West Virginia,Upshur County,5.9,2004
54097,West Virginia,Upshur County,4.6,2008
54097,West Virginia,Upshur County,7.5,2012
54097,West Virginia,Upshur County,7.5,2016
54097,West Virginia,Upshur County,9.4,2020
54099,West Virginia,Wayne County,5.3,2000
54099,West Virginia,Wayne County,5.7,2004
54099,West Virginia,Wayne County,5.1,2008
54099,West Virginia,Wayne County,7.3,2012
54099,West Virginia,Wayne County,6.6,2016
54099,West Virginia,Wayne County,8.3,2020
54101,West Virginia,Webster County,7.4,2000
54101,West Virginia,Webster County,6.1,2004
54101,West Virginia,Webster County,6.0,2008
54101,West Virginia,Webster County,10.3,2012
54101,West Virginia,Webster County,8.4,2016
54101,West Virginia,Webster County,9.3,2020
54103,West Virginia,Wetzel County,8.1,2000
54103,West Virginia,Wetzel County,9.3,2004
54103,West Virginia,Wetzel County,7.7,2008
54103,West Virginia,Wetzel County,9.1,2012
54103,West Virginia,Wetzel County,9.2,2016
54103,West Virginia,Wetzel County,10.0,2020
54105,West Virginia,Wirt County,7.1,2000
54105,West Virginia,Wirt County,7.6,2004
54105,West Virginia,Wirt County,6.5,2008
54105,West Virginia,Wirt County,10.6,2012
54105,West Virginia,Wirt County,8.8,2016
54105,West Virginia,Wirt County,10.7,2020
54107,West Virginia,Wood County,4.7,2000
54107,West Virginia,Wood County,5.9,2004
54107,West Virginia,Wood County,5.1,2008
54107,West Virginia,Wood County,7.0,2012
54107,West Virginia,Wood County,5.7,2016
54107,West Virginia,Wood County,8.7,2020
54109,West Virginia,Wyoming County,7.8,2000
54109,West Virginia,Wyoming County,6.8,2004
54109,West Virginia,Wyoming County,5.1,2008
54109,West Virginia,Wyoming County,8.9,2012
54109,West Virginia,Wyoming County,10.2,2016
54109,West Virginia,Wyoming County,9.8,2020
55001,Wisconsin,Adams County,4.4,2000
55001,Wisconsin,Adams County,6.8,2004
55001,Wisconsin,Adams County,7.1,2008
55001,Wisconsin,Adams County,10.8,2012
55001,Wisconsin,Adams County,5.9,2016
55001,Wisconsin,Adams County,9.8,2020
55003,Wisconsin,Ashland County,5.3,2000
55003,Wisconsin,Ashland County,5.9,2004
55003,Wisconsin,Ashland County,6.1,2008
55003,Wisconsin,Ashland County,9.1,2012
55003,Wisconsin,Ashland County,5.3,2016
55003,Wisconsin,Ashland County,8.8,2020
55005,Wisconsin,Barron County,3.9,2000
55005,Wisconsin,Barron County,5.5,2004
55005,Wisconsin,Barron County,5.8,2008
55005,Wisconsin,Barron County,7.8,2012
55005,Wisconsin,Barron County,4.4,2016
55005,Wisconsin,Barron County,6.2,2020
55007,Wisconsin,Bayfield County,5.3,2000
55007,Wisconsin,Bayfield County,6.3,2004
55007,Wisconsin,Bayfield County,6.8,2008
55007,Wisconsin,Bayfield County,10.6,2012
55007,Wisconsin,Bayfield County,6.7,2016
55007,Wisconsin,Bayfield County,9.4,2020
55009,Wisconsin,Brown County,2.8,2000
55009,Wisconsin,Brown County,4.6,2004
55009,Wisconsin,Brown County,4.6,2008
55009,Wisconsin,Brown County,6.5,2012
55009,Wisconsin,Brown County,3.5,2016
55009,Wisconsin,Brown County,6.2,2020
55011,Wisconsin,Buffalo County,3.6,2000
55011,Wisconsin,Buffalo County,4.4,2004
55011,Wisconsin,Buffalo County,4.3,2008
55011,Wisconsin,Buffalo County,6.2,2012
55011,Wisconsin,Buffalo County,4.3,2016
55011,Wisconsin,Buffalo County,7.6,2020
55013,Wisconsin,Burnett County,3.8,2000
55013,Wisconsin,Burnett County,5.6,2004
55013,Wisconsin,Burnett County,7.2,2008
55013,Wisconsin,Burnett County,8.9,2012
55013,Wisconsin,Burnett County,5.8,2016
55013,Wisconsin,Burnett County,9.2,2020
55015,Wisconsin,Calumet County,2.7,2000
55015,Wisconsin,Calumet County,4.1,2004
55015,Wisconsin,Calumet County,4.3,2008
55015,Wisconsin,Calumet County,5.3,2012
55015,Wisconsin,Calumet County,3.1,2016
55015,Wisconsin,Calumet County,4.8,2020
55017,Wisconsin,Chippewa County,4.2,2000
55017,Wisconsin,Chippewa County,5.6,2004
55017,Wisconsin,Chippewa County,5.3,2008
55017,Wisconsin,Chippewa County,6.7,2012
55017,Wisconsin,Chippewa County,4.1,2016
55017,Wisconsin,Chippewa County,6.4,2020
55019,Wisconsin,Clark County,4.2,2000
55019,Wisconsin,Clark County,5.6,2004
55019,Wisconsin,Clark County,5.6,2008
55019,Wisconsin,Clark County,7.3,2012
55019,Wisconsin,Clark County,3.8,2016
55019,Wisconsin,Clark County,4.6,2020
55021,Wisconsin,Columbia County,3.6,2000
55021,Wisconsin,Columbia County,4.7,2004
55021,Wisconsin,Columbia County,5.1,2008
55021,Wisconsin,Columbia County,7.1,2012
55021,Wisconsin,Columbia County,3.5,2016
55021,Wisconsin,Columbia County,6.0,2020
55023,Wisconsin,Crawford County,3.6,2000
55023,Wisconsin,Crawford County,5.3,2004
55023,Wisconsin,Crawford County,6.0,2008
55023,Wisconsin,Crawford County,8.3,2012
55023,Wisconsin,Crawford County,4.8,2016
55023,Wisconsin,Crawford County,7.5,2020
55025,Wisconsin,Dane County,2.3,2000
55025,Wisconsin,Dane County,3.2,2004
55025,Wisconsin,Dane County,3.5,2008
55025,Wisconsin,Dane County,4.8,2012
55025,Wisconsin,Dane County,2.8,2016
55025,Wisconsin,Dane County,4.9,2020
55027,Wisconsin,Dodge County,3.1,2000
55027,Wisconsin,Dodge County,5.3,2004
55027,Wisconsin,Dodge County,5.1,2008
55027,Wisconsin,Dodge County,7.0,2012
55027,Wisconsin,Dodge County,3.6,2016
55027,Wisconsin,Dodge County,5.4,2020
55029,Wisconsin,Door County,3.9,2000
55029,Wisconsin,Door County,6.0,2004
55029,Wisconsin,Door County,5.5,2008
55029,Wisconsin,Door County,10.1,2012
55029,Wisconsin,Door County,4.8,2016
55029,Wisconsin,Door County,7.0,2020
55031,Wisconsin,Douglas County,4.3,2000
55031,Wisconsin,Douglas County,5.8,2004
55031,Wisconsin,Douglas County,5.3,2008
55031,Wisconsin,Douglas County,6.8,2012
55031,Wisconsin,Douglas County,5.1,2016
55031,Wisconsin,Douglas County,9.3,2020
55033,Wisconsin,Dunn County,3.4,2000
55033,Wisconsin,Dunn County,4.6,2004
55033,Wisconsin,Dunn County,4.5,2008
55033,Wisconsin,Dunn County,6.5,2012
55033,Wisconsin,Dunn County,4.0,2016
55033,Wisconsin,Dunn County,5.7,2020
55035,Wisconsin,Eau Claire County,3.2,2000
55035,Wisconsin,Eau Claire County,4.3,2004
55035,Wisconsin,Eau Claire County,4.2,2008
55035,Wisconsin,Eau Claire County,5.7,2012
55035,Wisconsin,Eau Claire County,3.3,2016
55035,Wisconsin,Eau Claire County,5.7,2020
55037,Wisconsin,Florence County,4.1,2000
55037,Wisconsin,Florence County,6.3,2004
55037,Wisconsin,Florence County,6.0,2008
55037,Wisconsin,Florence County,8.2,2012
55037,Wisconsin,Florence County,5.8,2016
55037,Wisconsin,Florence County,8.2,2020
55039,Wisconsin,Fond Du Lac County,3.0,2000
55039,Wisconsin,Fond Du Lac County,4.7,2004
55039,Wisconsin,Fond Du Lac County,4.8,2008
55039,Wisconsin,Fond Du Lac County,6.4,2012
55039,Wisconsin,Fond Du Lac County,3.4,2016
55039,Wisconsin,Fond Du Lac County,6.0,2020
55041,Wisconsin,Forest County,5.6,2000
55041,Wisconsin,Forest County,6.2,2004
55041,Wisconsin,Forest County,7.0,2008
55041,Wisconsin,Forest County,10.8,2012
55041,Wisconsin,Forest County,6.1,2016
55041,Wisconsin,Forest County,12.8,2020
55043,Wisconsin,Grant County,3.3,2000
55043,Wisconsin,Grant County,4.5,2004
55043,Wisconsin,Grant County,4.9,2008
55043,Wisconsin,Grant County,5.9,2012
55043,Wisconsin,Grant County,3.8,2016
55043,Wisconsin,Grant County,5.3,2020
55045,Wisconsin,Green County,3.1,2000
55045,Wisconsin,Green County,4.5,2004
55045,Wisconsin,Green County,4.7,2008
55045,Wisconsin,Green County,6.1,2012
55045,Wisconsin,Green County,3.2,2016
55045,Wisconsin,Green County,5.0,2020
55047,Wisconsin,Green Lake County,3.9,2000
55047,Wisconsin,Green Lake County,5.8,2004
55047,Wisconsin,Green Lake County,5.6,2008
55047,Wisconsin,Green Lake County,7.4,2012
55047,Wisconsin,Green Lake County,4.8,2016
55047,Wisconsin,Green Lake County,7.0,2020
55049,Wisconsin,Iowa County,2.8,2000
55049,Wisconsin,Iowa County,4.0,2004
55049,Wisconsin,Iowa County,4.7,2008
55049,Wisconsin,Iowa County,6.6,2012
55049,Wisconsin,Iowa County,3.4,2016
55049,Wisconsin,Iowa County,6.2,2020
55051,Wisconsin,Iron County,6.8,2000
55051,Wisconsin,Iron County,9.0,2004
55051,Wisconsin,Iron County,8.0,2008
55051,Wisconsin,Iron County,10.3,2012
55051,Wisconsin,Iron County,7.3,2016
55051,Wisconsin,Iron County,11.5,2020
55053,Wisconsin,Jackson County,4.5,2000
55053,Wisconsin,Jackson County,5.5,2004
55053,Wisconsin,Jackson County,5.8,2008
55053,Wisconsin,Jackson County,7.2,2012
55053,Wisconsin,Jackson County,4.3,2016
55053,Wisconsin,Jackson County,9.5,2020
55055,Wisconsin,Jefferson County,2.9,2000
55055,Wisconsin,Jefferson County,5.0,2004
55055,Wisconsin,Jefferson County,4.9,2008
55055,Wisconsin,Jefferson County,6.6,2012
55055,Wisconsin,Jefferson County,3.8,2016
55055,Wisconsin,Jefferson County,5.6,2020
55057,Wisconsin,Juneau County,4.9,2000
55057,Wisconsin,Juneau County,6.3,2004
55057,Wisconsin,Juneau County,6.0,2008
55057,Wisconsin,Juneau County,8.3,2012
55057,Wisconsin,Juneau County,4.3,2016
55057,Wisconsin,Juneau County,7.4,2020
55059,Wisconsin,Kenosha County,4.0,2000
55059,Wisconsin,Kenosha County,5.8,2004
55059,Wisconsin,Kenosha County,5.5,2008
55059,Wisconsin,Kenosha County,8.0,2012
55059,Wisconsin,Kenosha County,4.6,2016
55059,Wisconsin,Kenosha County,7.2,2020
55061,Wisconsin,Kewaunee County,2.6,2000
55061,Wisconsin,Kewaunee County,4.5,2004
55061,Wisconsin,Kewaunee County,4.5,2008
55061,Wisconsin,Kewaunee County,6.4,2012
55061,Wisconsin,Kewaunee County,3.6,2016
55061,Wisconsin,Kewaunee County,4.7,2020
55063,Wisconsin,La Crosse County,3.2,2000
55063,Wisconsin,La Crosse County,4.1,2004
55063,Wisconsin,La Crosse County,4.0,2008
55063,Wisconsin,La Crosse County,5.4,2012
55063,Wisconsin,La Crosse County,3.5,2016
55063,Wisconsin,La Crosse County,5.5,2020
55065,Wisconsin,Lafayette County,2.9,2000
55065,Wisconsin,Lafayette County,4.4,2004
55065,Wisconsin,Lafayette County,4.3,2008
55065,Wisconsin,Lafayette County,5.5,2012
55065,Wisconsin,Lafayette County,3.1,2016
55065,Wisconsin,Lafayette County,4.4,2020
55067,Wisconsin,Langlade County,4.6,2000
55067,Wisconsin,Langlade County,6.5,2004
55067,Wisconsin,Langlade County,6.1,2008
55067,Wisconsin,Langlade County,9.1,2012
55067,Wisconsin,Langlade County,5.1,2016
55067,Wisconsin,Langlade County,6.6,2020
55069,Wisconsin,Lincoln County,4.1,2000
55069,Wisconsin,Lincoln County,5.6,2004
55069,Wisconsin,Lincoln County,5.8,2008
55069,Wisconsin,Lincoln County,9.0,2012
55069,Wisconsin,Lincoln County,4.3,2016
55069,Wisconsin,Lincoln County,6.1,2020
55071,Wisconsin,Manitowoc County,3.2,2000
55071,Wisconsin,Manitowoc County,6.0,2004
55071,Wisconsin,Manitowoc County,5.0,2008
55071,Wisconsin,Manitowoc County,7.6,2012
55071,Wisconsin,Manitowoc County,4.2,2016
55071,Wisconsin,Manitowoc County,6.3,2020
55073,Wisconsin,Marathon County,3.3,2000
55073,Wisconsin,Marathon County,4.3,2004
55073,Wisconsin,Marathon County,4.6,2008
55073,Wisconsin,Marathon County,7.2,2012
55073,Wisconsin,Marathon County,3.5,2016
55073,Wisconsin,Marathon County,5.1,2020
55075,Wisconsin,Marinette County,4.4,2000
55075,Wisconsin,Marinette County,6.5,2004
55075,Wisconsin,Marinette County,6.2,2008
55075,Wisconsin,Marinette County,8.2,2012
55075,Wisconsin,Marinette County,5.3,2016
55075,Wisconsin,Marinette County,8.0,2020
55077,Wisconsin,Marquette County,5.2,2000
55077,Wisconsin,Marquette County,6.6,2004
55077,Wisconsin,Marquette County,6.4,2008
55077,Wisconsin,Marquette County,8.6,2012
55077,Wisconsin,Marquette County,5.0,2016
55077,Wisconsin,Marquette County,6.9,2020
55078,Wisconsin,Menominee County,8.8,2000
55078,Wisconsin,Menominee County,11.0,2004
55078,Wisconsin,Menominee County,10.7,2008
55078,Wisconsin,Menominee County,16.1,2012
55078,Wisconsin,Menominee County,7.5,2016
55078,Wisconsin,Menominee County,15.7,2020
55079,Wisconsin,Milwaukee County,4.2,2000
55079,Wisconsin,Milwaukee County,6.2,2004
55079,Wisconsin,Milwaukee County,5.7,2008
55079,Wisconsin,Milwaukee County,8.5,2012
55079,Wisconsin,Milwaukee County,4.9,2016
55079,Wisconsin,Milwaukee County,8.4,2020
55081,Wisconsin,Monroe County,3.7,2000
55081,Wisconsin,Monroe County,4.2,2004
55081,Wisconsin,Monroe County,4.7,2008
55081,Wisconsin,Monroe County,7.2,2012
55081,Wisconsin,Monroe County,3.7,2016
55081,Wisconsin,Monroe County,5.7,2020
55083,Wisconsin,Oconto County,3.5,2000
55083,Wisconsin,Oconto County,6.3,2004
55083,Wisconsin,Oconto County,6.4,2008
55083,Wisconsin,Oconto County,8.3,2012
55083,Wisconsin,Oconto County,4.3,2016
55083,Wisconsin,Oconto County,6.4,2020
55085,Wisconsin,Oneida County,4.9,2000
55085,Wisconsin,Oneida County,6.0,2004
55085,Wisconsin,Oneida County,6.2,2008
55085,Wisconsin,Oneida County,8.6,2012
55085,Wisconsin,Oneida County,4.7,2016
55085,Wisconsin,Oneida County,7.4,2020
55087,Wisconsin,Outagamie County,2.9,2000
55087,Wisconsin,Outagamie County,4.8,2004
55087,Wisconsin,Outagamie County,4.7,2008
55087,Wisconsin,Outagamie County,6.3,2012
55087,Wisconsin,Outagamie County,3.5,2016
55087,Wisconsin,Outagamie County,5.6,2020
55089,Wisconsin,Ozaukee County,2.5,2000
55089,Wisconsin,Ozaukee County,3.7,2004
55089,Wisconsin,Ozaukee County,3.9,2008
55089,Wisconsin,Ozaukee County,5.4,2012
55089,Wisconsin,Ozaukee County,3.3,2016
55089,Wisconsin,Ozaukee County,5.5,2020
55091,Wisconsin,Pepin County,3.5,2000
55091,Wisconsin,Pepin County,5.1,2004
55091,Wisconsin,Pepin County,4.8,2008
55091,Wisconsin,Pepin County,5.6,2012
55091,Wisconsin,Pepin County,3.7,2016
55091,Wisconsin,Pepin County,6.0,2020
55093,Wisconsin,Pierce County,2.5,2000
55093,Wisconsin,Pierce County,4.1,2004
55093,Wisconsin,Pierce County,4.4,2008
55093,Wisconsin,Pierce County,5.4,2012
55093,Wisconsin,Pierce County,3.9,2016
55093,Wisconsin,Pierce County,7.1,2020
55095,Wisconsin,Polk County,3.3,2000
55095,Wisconsin,Polk County,5.5,2004
55095,Wisconsin,Polk County,6.0,2008
55095,Wisconsin,Polk County,7.9,2012
55095,Wisconsin,Polk County,4.5,2016
55095,Wisconsin,Polk County,7.3,2020
55097,Wisconsin,Portage County,3.4,2000
55097,Wisconsin,Portage County,4.9,2004
55097,Wisconsin,Portage County,4.6,2008
55097,Wisconsin,Portage County,7.2,2012
55097,Wisconsin,Portage County,3.7,2016
55097,Wisconsin,Portage County,5.5,2020
55099,Wisconsin,Price County,5.0,2000
55099,Wisconsin,Price County,4.7,2004
55099,Wisconsin,Price County,5.1,2008
55099,Wisconsin,Price County,7.4,2012
55099,Wisconsin,Price County,4.2,2016
55099,Wisconsin,Price County,6.9,2020
55101,Wisconsin,Racine County,3.9,2000
55101,Wisconsin,Racine County,6.0,2004
55101,Wisconsin,Racine County,5.9,2008
55101,Wisconsin,Racine County,8.2,2012
55101,Wisconsin,Racine County,4.8,2016
55101,Wisconsin,Racine County,7.4,2020
55103,Wisconsin,Richland County,3.4,2000
55103,Wisconsin,Richland County,4.6,2004
55103,Wisconsin,Richland County,4.8,2008
55103,Wisconsin,Richland County,6.2,2012
55103,Wisconsin,Richland County,3.7,2016
55103,Wisconsin,Richland County,5.2,2020
55105,Wisconsin,Rock County,4.1,2000
55105,Wisconsin,Rock County,5.6,2004
55105,Wisconsin,Rock County,6.3,2008
55105,Wisconsin,Rock County,8.2,2012
55105,Wisconsin,Rock County,4.3,2016
55105,Wisconsin,Rock County,7.3,2020
55107,Wisconsin,Rusk County,5.1,2000
55107,Wisconsin,Rusk County,6.3,2004
55107,Wisconsin,Rusk County,7.1,2008
55107,Wisconsin,Rusk County,8.9,2012
55107,Wisconsin,Rusk County,5.0,2016
55107,Wisconsin,Rusk County,6.8,2020
55109,Wisconsin,St. Croix County,2.4,2000
55109,Wisconsin,St. Croix County,4.9,2004
55109,Wisconsin,St. Croix County,4.5,2008
55109,Wisconsin,St. Croix County,5.7,2012
55109,Wisconsin,St. Croix County,3.7,2016
55109,Wisconsin,St. Croix County,7.2,2020
55111,Wisconsin,Sauk County,2.9,2000
55111,Wisconsin,Sauk County,4.4,2004
55111,Wisconsin,Sauk County,5.0,2008
55111,Wisconsin,Sauk County,6.8,2012
55111,Wisconsin,Sauk County,3.5,2016
55111,Wisconsin,Sauk County,7.7,2020
55113,Wisconsin,Sawyer County,5.2,2000
55113,Wisconsin,Sawyer County,6.0,2004
55113,Wisconsin,Sawyer County,7.1,2008
55113,Wisconsin,Sawyer County,10.6,2012
55113,Wisconsin,Sawyer County,6.1,2016
55113,Wisconsin,Sawyer County,8.0,2020
55115,Wisconsin,Shawano County,3.6,2000
55115,Wisconsin,Shawano County,5.1,2004
55115,Wisconsin,Shawano County,5.3,2008
55115,Wisconsin,Shawano County,7.9,2012
55115,Wisconsin,Shawano County,4.0,2016
55115,Wisconsin,Shawano County,6.5,2020
55117,Wisconsin,Sheboygan County,2.5,2000
55117,Wisconsin,Sheboygan County,4.4,2004
55117,Wisconsin,Sheboygan County,4.5,2008
55117,Wisconsin,Sheboygan County,6.7,2012
55117,Wisconsin,Sheboygan County,3.3,2016
55117,Wisconsin,Sheboygan County,5.8,2020
55119,Wisconsin,Taylor County,3.7,2000
55119,Wisconsin,Taylor County,5.3,2004
55119,Wisconsin,Taylor County,6.6,2008
55119,Wisconsin,Taylor County,7.1,2012
55119,Wisconsin,Taylor County,4.0,2016
55119,Wisconsin,Taylor County,5.0,2020
55121,Wisconsin,Trempealeau County,3.9,2000
55121,Wisconsin,Trempealeau County,4.8,2004
55121,Wisconsin,Trempealeau County,4.6,2008
55121,Wisconsin,Trempealeau County,5.6,2012
55121,Wisconsin,Trempealeau County,3.6,2016
55121,Wisconsin,Trempealeau County,7.1,2020
55123,Wisconsin,Vernon County,3.7,2000
55123,Wisconsin,Vernon County,4.7,2004
55123,Wisconsin,Vernon County,4.9,2008
55123,Wisconsin,Vernon County,6.3,2012
55123,Wisconsin,Vernon County,3.6,2016
55123,Wisconsin,Vernon County,5.3,2020
55125,Wisconsin,Vilas County,4.9,2000
55125,Wisconsin,Vilas County,6.3,2004
55125,Wisconsin,Vilas County,6.5,2008
55125,Wisconsin,Vilas County,9.9,2012
55125,Wisconsin,Vilas County,5.5,2016
55125,Wisconsin,Vilas County,7.3,2020
55127,Wisconsin,Walworth County,2.9,2000
55127,Wisconsin,Walworth County,4.4,2004
55127,Wisconsin,Walworth County,4.8,2008
55127,Wisconsin,Walworth County,7.1,2012
55127,Wisconsin,Walworth County,3.9,2016
55127,Wisconsin,Walworth County,6.2,2020
55129,Wisconsin,Washburn County,5.0,2000
55129,Wisconsin,Washburn County,6.2,2004
55129,Wisconsin,Washburn County,6.7,2008
55129,Wisconsin,Washburn County,7.8,2012
55129,Wisconsin,Washburn County,4.9,2016
55129,Wisconsin,Washburn County,7.0,2020
55131,Wisconsin,Washington County,2.8,2000
55131,Wisconsin,Washington County,4.5,2004
55131,Wisconsin,Washington County,4.4,2008
55131,Wisconsin,Washington County,6.0,2012
55131,Wisconsin,Washington County,3.3,2016
55131,Wisconsin,Washington County,5.7,2020
55133,Wisconsin,Waukesha County,2.7,2000
55133,Wisconsin,Waukesha County,4.2,2004
55133,Wisconsin,Waukesha County,4.0,2008
55133,Wisconsin,Waukesha County,5.7,2012
55133,Wisconsin,Waukesha County,3.4,2016
55133,Wisconsin,Waukesha County,5.7,2020
55135,Wisconsin,Waupaca County,3.3,2000
55135,Wisconsin,Waupaca County,5.2,2004
55135,Wisconsin,Waupaca County,5.4,2008
55135,Wisconsin,Waupaca County,7.5,2012
55135,Wisconsin,Waupaca County,3.9,2016
55135,Wisconsin,Waupaca County,5.6,2020
55137,Wisconsin,Waushara County,4.1,2000
55137,Wisconsin,Waushara County,5.9,2004
55137,Wisconsin,Waushara County,5.9,2008
55137,Wisconsin,Waushara County,8.6,2012
55137,Wisconsin,Waushara County,4.9,2016
55137,Wisconsin,Waushara County,6.5,2020
55139,Wisconsin,Winnebago County,2.7,2000
55139,Wisconsin,Winnebago County,4.6,2004
55139,Wisconsin,Winnebago County,4.4,2008
55139,Wisconsin,Winnebago County,6.6,2012
55139,Wisconsin,Winnebago County,3.5,2016
55139,Wisconsin,Winnebago County,5.6,2020
55141,Wisconsin,Wood County,3.8,2000
55141,Wisconsin,Wood County,5.7,2004
55141,Wisconsin,Wood County,5.5,2008
55141,Wisconsin,Wood County,7.4,2012
55141,Wisconsin,Wood County,4.6,2016
55141,Wisconsin,Wood County,6.8,2020
56001,Wyoming,Albany County,3.3,2000
56001,Wyoming,Albany County,3.0,2004
56001,Wyoming,Albany County,2.4,2008
56001,Wyoming,Albany County,4.4,2012
56001,Wyoming,Albany County,3.2,2016
56001,Wyoming,Albany County,3.8,2020
56003,Wyoming,Big Horn County,4.9,2000
56003,Wyoming,Big Horn County,4.7,2004
56003,Wyoming,Big Horn County,3.9,2008
56003,Wyoming,Big Horn County,5.8,2012
56003,Wyoming,Big Horn County,5.0,2016
56003,Wyoming,Big Horn County,5.0,2020
56005,Wyoming,Campbell County,3.0,2000
56005,Wyoming,Campbell County,3.0,2004
56005,Wyoming,Campbell County,1.9,2008
56005,Wyoming,Campbell County,4.8,2012
56005,Wyoming,Campbell County,7.2,2016
56005,Wyoming,Campbell County,6.9,2020
56007,Wyoming,Carbon County,4.1,2000
56007,Wyoming,Carbon County,4.4,2004
56007,Wyoming,Carbon County,3.1,2008
56007,Wyoming,Carbon County,5.3,2012
56007,Wyoming,Carbon County,4.7,2016
56007,Wyoming,Carbon County,4.6,2020
56009,Wyoming,Converse County,3.9,2000
56009,Wyoming,Converse County,4.0,2004
56009,Wyoming,Converse County,2.6,2008
56009,Wyoming,Converse County,4.4,2012
56009,Wyoming,Converse County,6.3,2016
56009,Wyoming,Converse County,6.0,2020
56011,Wyoming,Crook County,3.6,2000
56011,Wyoming,Crook County,3.8,2004
56011,Wyoming,Crook County,2.8,2008
56011,Wyoming,Crook County,5.0,2012
56011,Wyoming,Crook County,4.6,2016
56011,Wyoming,Crook County,3.9,2020
56013,Wyoming,Fremont County,5.1,2000
56013,Wyoming,Fremont County,5.1,2004
56013,Wyoming,Fremont County,3.9,2008
56013,Wyoming,Fremont County,6.2,2012
56013,Wyoming,Fremont County,7.2,2016
56013,Wyoming,Fremont County,6.3,2020
56015,Wyoming,Goshen County,3.6,2000
56015,Wyoming,Goshen County,4.3,2004
56015,Wyoming,Goshen County,3.4,2008
56015,Wyoming,Goshen County,4.8,2012
56015,Wyoming,Goshen County,3.5,2016
56015,Wyoming,Goshen County,4.4,2020
56017,Wyoming,Hot Springs County,3.6,2000
56017,Wyoming,Hot Springs County,3.9,2004
56017,Wyoming,Hot Springs County,3.2,2008
56017,Wyoming,Hot Springs County,4.9,2012
56017,Wyoming,Hot Springs County,4.8,2016
56017,Wyoming,Hot Springs County,5.0,2020
56019,Wyoming,Johnson County,3.7,2000
56019,Wyoming,Johnson County,3.6,2004
56019,Wyoming,Johnson County,3.2,2008
56019,Wyoming,Johnson County,5.5,2012
56019,Wyoming,Johnson County,5.4,2016
56019,Wyoming,Johnson County,5.6,2020
56021,Wyoming,Laramie County,3.7,2000
56021,Wyoming,Laramie County,4.5,2004
56021,Wyoming,Laramie County,3.8,2008
56021,Wyoming,Laramie County,5.9,2012
56021,Wyoming,Laramie County,4.2,2016
56021,Wyoming,Laramie County,5.2,2020
56023,Wyoming,Lincoln County,3.8,2000
56023,Wyoming,Lincoln County,3.9,2004
56023,Wyoming,Lincoln County,3.4,2008
56023,Wyoming,Lincoln County,7.4,2012
56023,Wyoming,Lincoln County,4.7,2016
56023,Wyoming,Lincoln County,5.0,2020
56025,Wyoming,Natrona County,3.8,2000
56025,Wyoming,Natrona County,3.7,2004
56025,Wyoming,Natrona County,2.7,2008
56025,Wyoming,Natrona County,5.2,2012
56025,Wyoming,Natrona County,7.2,2016
56025,Wyoming,Natrona County,7.9,2020
56027,Wyoming,Niobrara County,3.6,2000
56027,Wyoming,Niobrara County,3.8,2004
56027,Wyoming,Niobrara County,3.2,2008
56027,Wyoming,Niobrara County,4.0,2012
56027,Wyoming,Niobrara County,3.3,2016
56027,Wyoming,Niobrara County,3.7,2020
56029,Wyoming,Park County,4.0,2000
56029,Wyoming,Park County,4.1,2004
56029,Wyoming,Park County,3.4,2008
56029,Wyoming,Park County,5.7,2012
56029,Wyoming,Park County,4.8,2016
56029,Wyoming,Park County,5.4,2020
56031,Wyoming,Platte County,4.0,2000
56031,Wyoming,Platte County,5.0,2004
56031,Wyoming,Platte County,3.9,2008
56031,Wyoming,Platte County,5.1,2012
56031,Wyoming,Platte County,4.8,2016
56031,Wyoming,Platte County,5.1,2020
56033,Wyoming,Sheridan County,3.9,2000
56033,Wyoming,Sheridan County,3.9,2004
56033,Wyoming,Sheridan County,3.0,2008
56033,Wyoming,Sheridan County,6.4,2012
56033,Wyoming,Sheridan County,4.7,2016
56033,Wyoming,Sheridan County,5.0,2020
56035,Wyoming,Sublette County,2.9,2000
56035,Wyoming,Sublette County,2.4,2004
56035,Wyoming,Sublette County,1.6,2008
56035,Wyoming,Sublette County,5.0,2012
56035,Wyoming,Sublette County,6.5,2016
56035,Wyoming,Sublette County,7.3,2020
56037,Wyoming,Sweetwater County,3.9,2000
56037,Wyoming,Sweetwater County,3.3,2004
56037,Wyoming,Sweetwater County,2.3,2008
56037,Wyoming,Sweetwater County,4.9,2012
56037,Wyoming,Sweetwater County,6.1,2016
56037,Wyoming,Sweetwater County,7.5,2020
56039,Wyoming,Teton County,2.4,2000
56039,Wyoming,Teton County,3.1,2004
56039,Wyoming,Teton County,2.8,2008
56039,Wyoming,Teton County,6.9,2012
56039,Wyoming,Teton County,3.5,2016
56039,Wyoming,Teton County,5.9,2020
56041,Wyoming,Uinta County,3.9,2000
56041,Wyoming,Uinta County,3.8,2004
56041,Wyoming,Uinta County,2.8,2008
56041,Wyoming,Uinta County,5.8,2012
56041,Wyoming,Uinta County,5.8,2016
56041,Wyoming,Uinta County,6.4,2020
56043,Wyoming,Washakie County,4.5,2000
56043,Wyoming,Washakie County,4.0,2004
56043,Wyoming,Washakie County,3.4,2008
56043,Wyoming,Washakie County,5.3,2012
56043,Wyoming,Washakie County,4.8,2016
56043,Wyoming,Washakie County,5.3,2020
56045,Wyoming,Weston County,4.2,2000
56045,Wyoming,Weston County,4.0,2004
56045,Wyoming,Weston County,3.1,2008
56045,Wyoming,Weston County,4.2,2012
56045,Wyoming,Weston County,5.0,2016
56045,Wyoming,Weston County,3.9,2020
